spectrogram,label
purher1_XC838662.ogg.npy,purher1
litegr_XC575541.ogg.npy,litegr
commoo3_XC358926.ogg.npy,commoo3
rocpig_XC757059.ogg.npy,rocpig
comgre_XC692939.ogg.npy,comgre
inbrob1_XC599062.ogg.npy,inbrob1
eurcoo_XC541506.ogg.npy,eurcoo
whiter2_XC770350.ogg.npy,whiter2
greegr_XC453044.ogg.npy,greegr
asikoe2_XC400193.ogg.npy,asikoe2
asbfly_XC805713.ogg.npy,asbfly
commoo3_XC565335.ogg.npy,commoo3
blhori1_XC371944.ogg.npy,blhori1
blakit1_XC131995.ogg.npy,blakit1
barswa_XC377901.ogg.npy,barswa
houspa_XC546275.ogg.npy,houspa
bkwsti_XC828544.ogg.npy,bkwsti
blrwar1_XC444687.ogg.npy,blrwar1
grywag_XC459760.ogg.npy,grywag
compea_XC402424.ogg.npy,compea
bkwsti_XC795865.ogg.npy,bkwsti
litgre1_XC389636.ogg.npy,litgre1
ashpri1_XC665299.ogg.npy,ashpri1
grnsan_XC269809.ogg.npy,grnsan
blhori1_XC529758.ogg.npy,blhori1
greegr_XC692235.ogg.npy,greegr
pabflo1_XC535681.ogg.npy,pabflo1
purher1_XC794529.ogg.npy,purher1
comgre_XC824485.ogg.npy,comgre
rewlap1_XC464047.ogg.npy,rewlap1
grecou1_XC676987.ogg.npy,grecou1
gloibi_XC712962.ogg.npy,gloibi
gyhcaf1_XC292230.ogg.npy,gyhcaf1
litegr_XC383366.ogg.npy,litegr
litegr_XC576990.ogg.npy,litegr
blakit1_XC309400.ogg.npy,blakit1
whcbar1_XC574320.ogg.npy,whcbar1
hoopoe_XC473515.ogg.npy,hoopoe
wemhar1_XC146899.ogg.npy,wemhar1
blrwar1_XC376503.ogg.npy,blrwar1
bcnher_XC732322.ogg.npy,bcnher
comros_XC731111.ogg.npy,comros
wbbfly1_XC206385.ogg.npy,wbbfly1
litgre1_XC288741.ogg.npy,litgre1
graher1_XC564753.ogg.npy,graher1
rocpig_XC169212.ogg.npy,rocpig
grywag_XC702605.ogg.npy,grywag
eucdov_XC261352.ogg.npy,eucdov
litegr_XC535540.ogg.npy,litegr
grtdro1_XC305707.ogg.npy,grtdro1
blhori1_XC346209.ogg.npy,blhori1
lirplo_XC845340.ogg.npy,lirplo
eucdov_XC637562.ogg.npy,eucdov
grnsan_XC793506.ogg.npy,grnsan
wemhar1_XC642114.ogg.npy,wemhar1
lirplo_XC790799.ogg.npy,lirplo
comsan_XC285135.ogg.npy,comsan
greegr_XC639080.ogg.npy,greegr
grbeat1_XC621032.ogg.npy,grbeat1
grnsan_XC792836.ogg.npy,grnsan
spodov_XC86990.ogg.npy,spodov
comtai1_XC116529.ogg.npy,comtai1
bcnher_XC800504.ogg.npy,bcnher
blnmon1_XC629850.ogg.npy,blnmon1
bcnher_XC184836.ogg.npy,bcnher
comkin1_XC188957.ogg.npy,comkin1
grtdro1_XC665377.ogg.npy,grtdro1
houspa_XC570604.ogg.npy,houspa
plapri1_XC401368.ogg.npy,plapri1
asikoe2_XC353944.ogg.npy,asikoe2
bcnher_XC492759.ogg.npy,bcnher
comior1_XC348103.ogg.npy,comior1
comgre_XC720843.ogg.npy,comgre
crbsun2_XC296413.ogg.npy,crbsun2
comsan_XC429319.ogg.npy,comsan
blakit1_XC418986.ogg.npy,blakit1
nutman_XC716110.ogg.npy,nutman
houcro1_XC430265.ogg.npy,houcro1
kenplo1_XC185105.ogg.npy,kenplo1
barswa_XC706615.ogg.npy,barswa
litspi1_XC178283.ogg.npy,litspi1
barswa_XC191024.ogg.npy,barswa
commyn_XC504382.ogg.npy,commyn
bcnher_XC493181.ogg.npy,bcnher
comgre_XC670134.ogg.npy,comgre
houspa_XC696160.ogg.npy,houspa
eucdov_XC464450.ogg.npy,eucdov
comgre_XC496087.ogg.npy,comgre
bcnher_XC581481.ogg.npy,bcnher
gyhcaf1_XC615935.ogg.npy,gyhcaf1
labcro1_XC787547.ogg.npy,labcro1
litspi1_XC756452.ogg.npy,litspi1
eucdov_XC655243.ogg.npy,eucdov
commoo3_XC748851.ogg.npy,commoo3
categr_XC800075.ogg.npy,categr
commyn_XC187036.ogg.npy,commyn
gryfra_XC405322.ogg.npy,gryfra
comgre_XC785497.ogg.npy,comgre
woosan_XC745588.ogg.npy,woosan
inbrob1_XC324585.ogg.npy,inbrob1
eurcoo_XC645885.ogg.npy,eurcoo
placuc3_XC422442.ogg.npy,placuc3
brcful1_XC854330.ogg.npy,brcful1
indtit1_XC497093.ogg.npy,indtit1
rorpar_XC683049.ogg.npy,rorpar
blakit1_XC341673.ogg.npy,blakit1
brodro1_XC623265.ogg.npy,brodro1
nutman_XC594282.ogg.npy,nutman
hoopoe_XC804256.ogg.npy,hoopoe
grnsan_XC507721.ogg.npy,grnsan
comkin1_XC502229.ogg.npy,comkin1
grywag_XC589771.ogg.npy,grywag
commyn_XC410023.ogg.npy,commyn
oripip1_XC143496.ogg.npy,oripip1
litgre1_XC509422.ogg.npy,litgre1
comros_XC67246.ogg.npy,comros
houspa_XC580074.ogg.npy,houspa
litswi1_XC659392.ogg.npy,litswi1
whrmun_XC406887.ogg.npy,whrmun
rerswa1_XC199570.ogg.npy,rerswa1
bkwsti_XC796482.ogg.npy,bkwsti
eucdov_XC121001.ogg.npy,eucdov
piekin1_XC515894.ogg.npy,piekin1
eaywag1_XC519587.ogg.npy,eaywag1
litswi1_XC167704.ogg.npy,litswi1
spodov_XC776519.ogg.npy,spodov
crseag1_XC295752.ogg.npy,crseag1
bkskit1_XC513401.ogg.npy,bkskit1
comgre_XC424244.ogg.npy,comgre
putbab1_XC563102.ogg.npy,putbab1
comkin1_XC765883.ogg.npy,comkin1
eucdov_XC309876.ogg.npy,eucdov
houcro1_XC552422.ogg.npy,houcro1
rerswa1_XC734722.ogg.npy,rerswa1
lblwar1_XC814096.ogg.npy,lblwar1
grywag_XC267569.ogg.npy,grywag
comgre_XC724744.ogg.npy,comgre
purher1_XC746268.ogg.npy,purher1
comros_XC481210.ogg.npy,comros
commyn_XC662734.ogg.npy,commyn
plapri1_XC841260.ogg.npy,plapri1
hoopoe_XC202566.ogg.npy,hoopoe
sohmyn1_XC615784.ogg.npy,sohmyn1
sbeowl1_XC622708.ogg.npy,sbeowl1
brnhao1_XC438467.ogg.npy,brnhao1
litegr_XC411335.ogg.npy,litegr
bkskit1_XC351398.ogg.npy,bkskit1
hoopoe_XC467855.ogg.npy,hoopoe
comgre_XC639585.ogg.npy,comgre
eaywag1_XC489391.ogg.npy,eaywag1
eurcoo_XC624824.ogg.npy,eurcoo
bkwsti_XC669689.ogg.npy,bkwsti
copbar1_XC585138.ogg.npy,copbar1
malpar1_XC197770.ogg.npy,malpar1
eaywag1_XC432116.ogg.npy,eaywag1
grnsan_XC583039.ogg.npy,grnsan
sohmyn1_XC499660.ogg.npy,sohmyn1
litegr_XC333952.ogg.npy,litegr
spepic1_XC686241.ogg.npy,spepic1
eucdov_XC726351.ogg.npy,eucdov
houspa_XC374431.ogg.npy,houspa
hoopoe_XC631581.ogg.npy,hoopoe
grecou1_XC858902.ogg.npy,grecou1
litgre1_XC825767.ogg.npy,litgre1
brnshr_XC329966.ogg.npy,brnshr
zitcis1_XC610202.ogg.npy,zitcis1
grnsan_XC666669.ogg.npy,grnsan
graher1_XC526872.ogg.npy,graher1
litspi1_XC708249.ogg.npy,litspi1
litegr_XC795966.ogg.npy,litegr
grenig1_XC348187.ogg.npy,grenig1
blhori1_XC255433.ogg.npy,blhori1
whbwoo2_XC295436.ogg.npy,whbwoo2
hoopoe_XC120517.ogg.npy,hoopoe
scamin3_XC135331.ogg.npy,scamin3
junbab2_XC789404.ogg.npy,junbab2
asikoe2_XC208773.ogg.npy,asikoe2
graher1_XC799810.ogg.npy,graher1
comkin1_XC598243.ogg.npy,comkin1
thbwar1_XC117059.ogg.npy,thbwar1
woosan_XC552623.ogg.npy,woosan
grywag_XC437039.ogg.npy,grywag
barswa_XC367332.ogg.npy,barswa
barswa_XC690503.ogg.npy,barswa
rewlap1_XC335664.ogg.npy,rewlap1
rorpar_XC857890.ogg.npy,rorpar
brnshr_XC610604.ogg.npy,brnshr
grnsan_XC665321.ogg.npy,grnsan
indtit1_XC576910.ogg.npy,indtit1
blrwar1_XC439732.ogg.npy,blrwar1
pursun4_XC713195.ogg.npy,pursun4
grtdro1_XC578797.ogg.npy,grtdro1
lblwar1_XC408326.ogg.npy,lblwar1
grywag_XC806230.ogg.npy,grywag
blrwar1_XC567838.ogg.npy,blrwar1
hoopoe_XC793077.ogg.npy,hoopoe
commoo3_XC856844.ogg.npy,commoo3
barswa_XC677139.ogg.npy,barswa
bcnher_XC682738.ogg.npy,bcnher
junbab2_XC444552.ogg.npy,junbab2
comros_XC485173.ogg.npy,comros
eucdov_XC128704.ogg.npy,eucdov
woosan_XC808858.ogg.npy,woosan
lirplo_XC184341.ogg.npy,lirplo
ashdro1_XC507992.ogg.npy,ashdro1
stbkin1_XC636704.ogg.npy,stbkin1
comtai1_XC806393.ogg.npy,comtai1
sttwoo1_XC639943.ogg.npy,sttwoo1
houspa_XC635431.ogg.npy,houspa
bkskit1_XC704241.ogg.npy,bkskit1
graher1_XC740192.ogg.npy,graher1
insowl1_XC215940.ogg.npy,insowl1
ingori1_XC143255.ogg.npy,ingori1
comsan_XC578546.ogg.npy,comsan
comros_XC25088.ogg.npy,comros
putbab1_XC829154.ogg.npy,putbab1
laudov1_XC131310.ogg.npy,laudov1
lirplo_XC651954.ogg.npy,lirplo
gloibi_XC799984.ogg.npy,gloibi
litgre1_XC638815.ogg.npy,litgre1
grywag_XC790992.ogg.npy,grywag
woosan_XC282815.ogg.npy,woosan
woosan_XC743639.ogg.npy,woosan
houspa_XC243568.ogg.npy,houspa
gyhcaf1_XC838156.ogg.npy,gyhcaf1
grnsan_XC567942.ogg.npy,grnsan
litegr_XC365090.ogg.npy,litegr
litegr_XC383745.ogg.npy,litegr
graher1_XC842809.ogg.npy,graher1
graher1_XC671502.ogg.npy,graher1
blrwar1_XC765804.ogg.npy,blrwar1
eaywag1_XC567555.ogg.npy,eaywag1
blhori1_XC396841.ogg.npy,blhori1
nutman_XC237114.ogg.npy,nutman
comros_XC477367.ogg.npy,comros
comkin1_XC712822.ogg.npy,comkin1
litgre1_XC579852.ogg.npy,litgre1
grnwar1_XC482856.ogg.npy,grnwar1
ruftre2_XC529853.ogg.npy,ruftre2
commyn_XC521180.ogg.npy,commyn
plapri1_XC722668.ogg.npy,plapri1
ashwoo2_XC424487.ogg.npy,ashwoo2
comfla1_XC637959.ogg.npy,comfla1
redspu1_XC469479.ogg.npy,redspu1
pursun4_XC375295.ogg.npy,pursun4
whiter2_XC265270.ogg.npy,whiter2
laudov1_XC587890.ogg.npy,laudov1
comsan_XC342915.ogg.npy,comsan
grywag_XC376565.ogg.npy,grywag
rerswa1_XC178392.ogg.npy,rerswa1
comsan_XC683470.ogg.npy,comsan
comkin1_XC185389.ogg.npy,comkin1
gargan_XC710075.ogg.npy,gargan
rossta2_XC652557.ogg.npy,rossta2
barswa_XC585550.ogg.npy,barswa
hoopoe_XC237753.ogg.npy,hoopoe
gargan_XC634354.ogg.npy,gargan
grnwar1_XC817781.ogg.npy,grnwar1
brnhao1_XC173508.ogg.npy,brnhao1
whbwat1_XC795996.ogg.npy,whbwat1
grejun2_XC196742.ogg.npy,grejun2
gyhcaf1_XC19711.ogg.npy,gyhcaf1
grtdro1_XC384442.ogg.npy,grtdro1
lirplo_XC582934.ogg.npy,lirplo
lirplo_XC558971.ogg.npy,lirplo
grywag_XC320625.ogg.npy,grywag
gargan_XC711125.ogg.npy,gargan
brakit1_XC32855.ogg.npy,brakit1
eaywag1_XC334154.ogg.npy,eaywag1
wemhar1_XC689515.ogg.npy,wemhar1
rocpig_XC829899.ogg.npy,rocpig
hoopoe_XC598504.ogg.npy,hoopoe
grnsan_XC677341.ogg.npy,grnsan
brodro1_XC577833.ogg.npy,brodro1
grnsan_XC835904.ogg.npy,grnsan
comtai1_XC506860.ogg.npy,comtai1
zitcis1_XC633503.ogg.npy,zitcis1
houspa_XC299783.ogg.npy,houspa
comgre_XC507426.ogg.npy,comgre
rossta2_XC135035.ogg.npy,rossta2
hoopoe_XC484332.ogg.npy,hoopoe
lirplo_XC448947.ogg.npy,lirplo
malpar1_XC215862.ogg.npy,malpar1
eurcoo_XC723518.ogg.npy,eurcoo
rewbul_XC198624.ogg.npy,rewbul
dafbab1_XC188307.ogg.npy,dafbab1
gloibi_XC358222.ogg.npy,gloibi
eucdov_XC423118.ogg.npy,eucdov
comros_XC573419.ogg.npy,comros
brnhao1_XC684827.ogg.npy,brnhao1
piebus1_XC177160.ogg.npy,piebus1
gargan_XC670102.ogg.npy,gargan
plapri1_XC829167.ogg.npy,plapri1
comkin1_XC603416.ogg.npy,comkin1
whiter2_XC265267.ogg.npy,whiter2
bkskit1_XC350267.ogg.npy,bkskit1
barswa_XC360600.ogg.npy,barswa
comkin1_XC584299.ogg.npy,comkin1
eaywag1_XC412708.ogg.npy,eaywag1
tibfly3_XC267349.ogg.npy,tibfly3
grywag_XC634606.ogg.npy,grywag
crseag1_XC471059.ogg.npy,crseag1
vefnut1_XC321608.ogg.npy,vefnut1
compea_XC725330.ogg.npy,compea
kenplo1_XC527211.ogg.npy,kenplo1
plapri1_XC383096.ogg.npy,plapri1
greegr_XC2778.ogg.npy,greegr
grywag_XC458294.ogg.npy,grywag
insbab1_XC196963.ogg.npy,insbab1
lirplo_XC378043.ogg.npy,lirplo
commoo3_XC540840.ogg.npy,commoo3
blrwar1_XC614071.ogg.npy,blrwar1
litspi1_XC296442.ogg.npy,litspi1
comkin1_XC502269.ogg.npy,comkin1
rorpar_XC522975.ogg.npy,rorpar
rossta2_XC825831.ogg.npy,rossta2
tibfly3_XC519466.ogg.npy,tibfly3
blrwar1_XC482360.ogg.npy,blrwar1
comtai1_XC143962.ogg.npy,comtai1
marsan_XC182915.ogg.npy,marsan
gyhcaf1_XC237544.ogg.npy,gyhcaf1
barswa_XC435493.ogg.npy,barswa
comsan_XC587840.ogg.npy,comsan
eaywag1_XC492498.ogg.npy,eaywag1
hoopoe_XC736463.ogg.npy,hoopoe
junbab2_XC684278.ogg.npy,junbab2
ashdro1_XC769354.ogg.npy,ashdro1
comros_XC828561.ogg.npy,comros
bcnher_XC839161.ogg.npy,bcnher
insbab1_XC178248.ogg.npy,insbab1
chbeat1_XC797013.ogg.npy,chbeat1
whiter2_XC779021.ogg.npy,whiter2
lirplo_XC558288.ogg.npy,lirplo
nutman_XC590062.ogg.npy,nutman
grtdro1_XC404419.ogg.npy,grtdro1
comkin1_XC741370.ogg.npy,comkin1
ashpri1_XC530822.ogg.npy,ashpri1
emedov2_XC777757.ogg.npy,emedov2
placuc3_XC256499.ogg.npy,placuc3
indpit1_XC572629.ogg.npy,indpit1
eaywag1_XC471743.ogg.npy,eaywag1
commyn_XC509307.ogg.npy,commyn
yebbab1_XC318440.ogg.npy,yebbab1
rerswa1_XC697560.ogg.npy,rerswa1
grnsan_XC573389.ogg.npy,grnsan
plapri1_XC637256.ogg.npy,plapri1
eurcoo_XC466446.ogg.npy,eurcoo
bkwsti_XC504501.ogg.npy,bkwsti
comtai1_XC170592.ogg.npy,comtai1
copbar1_XC308050.ogg.npy,copbar1
inbrob1_XC266069.ogg.npy,inbrob1
blnmon1_XC239352.ogg.npy,blnmon1
ashpri1_XC788070.ogg.npy,ashpri1
eucdov_XC255456.ogg.npy,eucdov
purher1_XC827207.ogg.npy,purher1
piekin1_XC211031.ogg.npy,piekin1
compea_XC688178.ogg.npy,compea
litgre1_XC714440.ogg.npy,litgre1
comtai1_XC647854.ogg.npy,comtai1
hoopoe_XC544855.ogg.npy,hoopoe
houspa_XC506886.ogg.npy,houspa
rerswa1_XC267443.ogg.npy,rerswa1
lirplo_XC371009.ogg.npy,lirplo
categr_XC414792.ogg.npy,categr
whiter2_XC720985.ogg.npy,whiter2
grenig1_XC490559.ogg.npy,grenig1
litgre1_XC642684.ogg.npy,litgre1
litspi1_XC730887.ogg.npy,litspi1
maltro1_XC775936.ogg.npy,maltro1
blhori1_XC301666.ogg.npy,blhori1
rerswa1_XC790247.ogg.npy,rerswa1
grtdro1_XC86959.ogg.npy,grtdro1
comsan_XC187104.ogg.npy,comsan
graher1_XC365518.ogg.npy,graher1
blakit1_XC337367.ogg.npy,blakit1
labcro1_XC42631.ogg.npy,labcro1
sbeowl1_XC416706.ogg.npy,sbeowl1
rocpig_XC266224.ogg.npy,rocpig
categr_XC774059.ogg.npy,categr
houspa_XC621056.ogg.npy,houspa
litgre1_XC630560.ogg.npy,litgre1
houspa_XC630629.ogg.npy,houspa
comros_XC376524.ogg.npy,comros
comsan_XC674243.ogg.npy,comsan
litgre1_XC663486.ogg.npy,litgre1
whcbar1_XC545230.ogg.npy,whcbar1
grtdro1_XC418170.ogg.npy,grtdro1
comtai1_XC709690.ogg.npy,comtai1
grecou1_XC357939.ogg.npy,grecou1
eucdov_XC522389.ogg.npy,eucdov
whbbul2_XC283657.ogg.npy,whbbul2
rewlap1_XC404493.ogg.npy,rewlap1
wemhar1_XC769191.ogg.npy,wemhar1
pomgrp2_XC201372.ogg.npy,pomgrp2
blakit1_XC442335.ogg.npy,blakit1
comgre_XC530483.ogg.npy,comgre
comgre_XC644750.ogg.npy,comgre
spodov_XC756521.ogg.npy,spodov
plapri1_XC804190.ogg.npy,plapri1
litspi1_XC126809.ogg.npy,litspi1
grnsan_XC482473.ogg.npy,grnsan
rorpar_XC267519.ogg.npy,rorpar
cregos1_XC719756.ogg.npy,cregos1
lblwar1_XC761719.ogg.npy,lblwar1
comsan_XC589962.ogg.npy,comsan
houspa_XC772998.ogg.npy,houspa
comkin1_XC428404.ogg.npy,comkin1
comsan_XC665633.ogg.npy,comsan
greegr_XC794544.ogg.npy,greegr
bkwsti_XC462028.ogg.npy,bkwsti
lirplo_XC128884.ogg.npy,lirplo
grnwar1_XC163912.ogg.npy,grnwar1
hoopoe_XC716753.ogg.npy,hoopoe
insbab1_XC548051.ogg.npy,insbab1
eucdov_XC810466.ogg.npy,eucdov
insbab1_XC315634.ogg.npy,insbab1
revbul_XC253197.ogg.npy,revbul
brcful1_XC213302.ogg.npy,brcful1
blakit1_XC740444.ogg.npy,blakit1
grewar3_XC814700.ogg.npy,grewar3
zitcis1_XC695164.ogg.npy,zitcis1
rorpar_XC857515.ogg.npy,rorpar
woosan_XC696443.ogg.npy,woosan
comgre_XC569706.ogg.npy,comgre
rorpar_XC688324.ogg.npy,rorpar
emedov2_XC666202.ogg.npy,emedov2
labcro1_XC152657.ogg.npy,labcro1
blnmon1_XC730729.ogg.npy,blnmon1
comtai1_XC325284.ogg.npy,comtai1
comros_XC826106.ogg.npy,comros
insbab1_XC366260.ogg.npy,insbab1
wemhar1_XC779772.ogg.npy,wemhar1
wemhar1_XC559668.ogg.npy,wemhar1
barswa_XC457827.ogg.npy,barswa
gargan_XC793034.ogg.npy,gargan
pursun3_XC291449.ogg.npy,pursun3
eurcoo_XC631755.ogg.npy,eurcoo
asbfly_XC267683.ogg.npy,asbfly
houspa_XC380911.ogg.npy,houspa
woosan_XC754765.ogg.npy,woosan
bcnher_XC341753.ogg.npy,bcnher
comsan_XC663987.ogg.npy,comsan
eucdov_XC726268.ogg.npy,eucdov
rerswa1_XC390263.ogg.npy,rerswa1
comtai1_XC584316.ogg.npy,comtai1
kenplo1_XC817404.ogg.npy,kenplo1
bcnher_XC548602.ogg.npy,bcnher
houspa_XC539455.ogg.npy,houspa
bkwsti_XC514031.ogg.npy,bkwsti
eaywag1_XC675354.ogg.npy,eaywag1
lirplo_XC728561.ogg.npy,lirplo
revbul_XC115441.ogg.npy,revbul
eucdov_XC267937.ogg.npy,eucdov
comkin1_XC511648.ogg.npy,comkin1
comgre_XC332531.ogg.npy,comgre
laudov1_XC196005.ogg.npy,laudov1
eurcoo_XC636840.ogg.npy,eurcoo
houspa_XC571251.ogg.npy,houspa
asikoe2_XC345305.ogg.npy,asikoe2
comros_XC458143.ogg.npy,comros
rorpar_XC202571.ogg.npy,rorpar
blrwar1_XC108661.ogg.npy,blrwar1
woosan_XC788172.ogg.npy,woosan
blnmon1_XC845975.ogg.npy,blnmon1
blakit1_XC209563.ogg.npy,blakit1
purher1_XC637275.ogg.npy,purher1
eaywag1_XC204556.ogg.npy,eaywag1
blrwar1_XC376441.ogg.npy,blrwar1
stbkin1_XC716671.ogg.npy,stbkin1
barswa_XC638092.ogg.npy,barswa
litegr_XC844752.ogg.npy,litegr
eurcoo_XC710307.ogg.npy,eurcoo
bcnher_XC561055.ogg.npy,bcnher
comtai1_XC382146.ogg.npy,comtai1
barswa_XC293856.ogg.npy,barswa
nilfly2_XC400011.ogg.npy,nilfly2
eurcoo_XC508348.ogg.npy,eurcoo
eucdov_XC700553.ogg.npy,eucdov
grewar3_XC153143.ogg.npy,grewar3
eucdov_XC548638.ogg.npy,eucdov
comgre_XC411641.ogg.npy,comgre
commoo3_XC544009.ogg.npy,commoo3
hoopoe_XC278153.ogg.npy,hoopoe
blakit1_XC419858.ogg.npy,blakit1
barswa_XC573106.ogg.npy,barswa
purher1_XC637422.ogg.npy,purher1
litegr_XC367043.ogg.npy,litegr
litgre1_XC803923.ogg.npy,litgre1
whtkin2_XC404882.ogg.npy,whtkin2
bcnher_XC539681.ogg.npy,bcnher
blrwar1_XC322360.ogg.npy,blrwar1
lirplo_XC704744.ogg.npy,lirplo
grywag_XC511573.ogg.npy,grywag
comior1_XC730187.ogg.npy,comior1
litegr_XC499178.ogg.npy,litegr
eurcoo_XC855706.ogg.npy,eurcoo
labcro1_XC359290.ogg.npy,labcro1
comior1_XC190966.ogg.npy,comior1
rewlap1_XC815135.ogg.npy,rewlap1
rewbul_XC811678.ogg.npy,rewbul
grehor1_XC190872.ogg.npy,grehor1
brnhao1_XC206372.ogg.npy,brnhao1
eaywag1_XC675510.ogg.npy,eaywag1
bcnher_XC747798.ogg.npy,bcnher
whiter2_XC246616.ogg.npy,whiter2
litgre1_XC331376.ogg.npy,litgre1
brnhao1_XC507988.ogg.npy,brnhao1
grewar3_XC266869.ogg.npy,grewar3
comkin1_XC189777.ogg.npy,comkin1
grnsan_XC596559.ogg.npy,grnsan
brwowl1_XC768381.ogg.npy,brwowl1
bcnher_XC464754.ogg.npy,bcnher
bladro1_XC580650.ogg.npy,bladro1
gybpri1_XC487517.ogg.npy,gybpri1
litgre1_XC795505.ogg.npy,litgre1
houspa_XC380687.ogg.npy,houspa
graher1_XC747516.ogg.npy,graher1
rerswa1_XC144856.ogg.npy,rerswa1
grtdro1_XC150643.ogg.npy,grtdro1
comior1_XC730796.ogg.npy,comior1
bcnher_XC209828.ogg.npy,bcnher
asikoe2_XC769757.ogg.npy,asikoe2
greegr_XC116014.ogg.npy,greegr
comkin1_XC714216.ogg.npy,comkin1
comros_XC457667.ogg.npy,comros
kenplo1_XC338269.ogg.npy,kenplo1
bkcbul1_XC302749.ogg.npy,bkcbul1
vehpar1_XC722440.ogg.npy,vehpar1
gyhcaf1_XC491050.ogg.npy,gyhcaf1
brakit1_XC208282.ogg.npy,brakit1
eaywag1_XC587270.ogg.npy,eaywag1
eaywag1_XC765492.ogg.npy,eaywag1
labcro1_XC116710.ogg.npy,labcro1
brwjac1_XC207099.ogg.npy,brwjac1
eucdov_XC788377.ogg.npy,eucdov
dafbab1_XC346186.ogg.npy,dafbab1
jerbus2_XC581419.ogg.npy,jerbus2
comgre_XC592714.ogg.npy,comgre
orihob2_XC643752.ogg.npy,orihob2
barswa_XC744925.ogg.npy,barswa
greegr_XC198104.ogg.npy,greegr
bcnher_XC555678.ogg.npy,bcnher
gyhcaf1_XC470413.ogg.npy,gyhcaf1
comros_XC116931.ogg.npy,comros
woosan_XC668548.ogg.npy,woosan
comgre_XC432273.ogg.npy,comgre
eurcoo_XC208646.ogg.npy,eurcoo
graher1_XC549779.ogg.npy,graher1
graher1_XC625963.ogg.npy,graher1
nutman_XC558256.ogg.npy,nutman
gloibi_XC773519.ogg.npy,gloibi
nutman_XC598943.ogg.npy,nutman
houspa_XC169354.ogg.npy,houspa
eaywag1_XC682380.ogg.npy,eaywag1
labcro1_XC451339.ogg.npy,labcro1
comkin1_XC155264.ogg.npy,comkin1
grewar3_XC138468.ogg.npy,grewar3
comsan_XC823822.ogg.npy,comsan
graher1_XC357552.ogg.npy,graher1
kenplo1_XC797984.ogg.npy,kenplo1
rewbul_XC463157.ogg.npy,rewbul
asikoe2_XC793876.ogg.npy,asikoe2
eucdov_XC380917.ogg.npy,eucdov
marsan_XC357930.ogg.npy,marsan
rewlap1_XC531496.ogg.npy,rewlap1
comgre_XC795128.ogg.npy,comgre
ashdro1_XC114604.ogg.npy,ashdro1
rorpar_XC761660.ogg.npy,rorpar
eaywag1_XC345951.ogg.npy,eaywag1
eurcoo_XC483692.ogg.npy,eurcoo
comgre_XC740374.ogg.npy,comgre
greegr_XC663143.ogg.npy,greegr
eurcoo_XC550266.ogg.npy,eurcoo
litegr_XC187712.ogg.npy,litegr
bcnher_XC587854.ogg.npy,bcnher
rewlap1_XC196952.ogg.npy,rewlap1
comros_XC420491.ogg.npy,comros
copbar1_XC164811.ogg.npy,copbar1
eucdov_XC570541.ogg.npy,eucdov
brnhao1_XC382468.ogg.npy,brnhao1
bkskit1_XC613475.ogg.npy,bkskit1
kenplo1_XC785265.ogg.npy,kenplo1
houcro1_XC430266.ogg.npy,houcro1
litegr_XC749604.ogg.npy,litegr
eurcoo_XC599767.ogg.npy,eurcoo
graher1_XC576088.ogg.npy,graher1
eucdov_XC745871.ogg.npy,eucdov
shikra1_XC723548.ogg.npy,shikra1
comros_XC134544.ogg.npy,comros
eurcoo_XC720887.ogg.npy,eurcoo
litegr_XC318093.ogg.npy,litegr
kenplo1_XC807007.ogg.npy,kenplo1
blrwar1_XC371878.ogg.npy,blrwar1
litegr_XC718503.ogg.npy,litegr
comgre_XC266140.ogg.npy,comgre
woosan_XC344910.ogg.npy,woosan
woosan_XC381238.ogg.npy,woosan
comros_XC492481.ogg.npy,comros
houcro1_XC438825.ogg.npy,houcro1
bcnher_XC467243.ogg.npy,bcnher
wemhar1_XC333371.ogg.npy,wemhar1
gybpri1_XC665436.ogg.npy,gybpri1
labcro1_XC115155.ogg.npy,labcro1
greegr_XC605063.ogg.npy,greegr
grefla1_XC294999.ogg.npy,grefla1
gyhcaf1_XC720380.ogg.npy,gyhcaf1
whbwoo2_XC490564.ogg.npy,whbwoo2
gargan_XC799024.ogg.npy,gargan
commoo3_XC645312.ogg.npy,commoo3
purher1_XC671202.ogg.npy,purher1
bladro1_XC823504.ogg.npy,bladro1
copbar1_XC289527.ogg.npy,copbar1
asikoe2_XC555554.ogg.npy,asikoe2
houspa_XC548522.ogg.npy,houspa
whbbul2_XC633434.ogg.npy,whbbul2
compea_XC316266.ogg.npy,compea
kenplo1_XC526232.ogg.npy,kenplo1
whbwat1_XC687887.ogg.npy,whbwat1
kenplo1_XC807005.ogg.npy,kenplo1
junbab2_XC322653.ogg.npy,junbab2
comtai1_XC809633.ogg.npy,comtai1
rorpar_XC856219.ogg.npy,rorpar
crbsun2_XC783810.ogg.npy,crbsun2
btbeat1_XC207621.ogg.npy,btbeat1
bcnher_XC707808.ogg.npy,bcnher
grecou1_XC195756.ogg.npy,grecou1
bkwsti_XC815231.ogg.npy,bkwsti
malpar1_XC568954.ogg.npy,malpar1
ashdro1_XC784861.ogg.npy,ashdro1
bkskit1_XC350261.ogg.npy,bkskit1
gargan_XC547205.ogg.npy,gargan
grnsan_XC607632.ogg.npy,grnsan
litgre1_XC780433.ogg.npy,litgre1
barswa_XC458230.ogg.npy,barswa
crseag1_XC579014.ogg.npy,crseag1
commoo3_XC630994.ogg.npy,commoo3
grywag_XC432287.ogg.npy,grywag
commoo3_XC562656.ogg.npy,commoo3
comgre_XC342904.ogg.npy,comgre
grywag_XC535952.ogg.npy,grywag
eurcoo_XC613334.ogg.npy,eurcoo
comkin1_XC596894.ogg.npy,comkin1
emedov2_XC665374.ogg.npy,emedov2
commoo3_XC637461.ogg.npy,commoo3
bkwsti_XC660956.ogg.npy,bkwsti
rorpar_XC756545.ogg.npy,rorpar
tibfly3_XC308610.ogg.npy,tibfly3
eucdov_XC139833.ogg.npy,eucdov
grtdro1_XC215621.ogg.npy,grtdro1
commoo3_XC349223.ogg.npy,commoo3
comkin1_XC331886.ogg.npy,comkin1
lirplo_XC555099.ogg.npy,lirplo
piekin1_XC515889.ogg.npy,piekin1
mawthr1_XC662505.ogg.npy,mawthr1
pabflo1_XC308276.ogg.npy,pabflo1
comros_XC183902.ogg.npy,comros
bwfshr1_XC150759.ogg.npy,bwfshr1
eurcoo_XC833392.ogg.npy,eurcoo
comsan_XC638592.ogg.npy,comsan
labcro1_XC575530.ogg.npy,labcro1
eucdov_XC556887.ogg.npy,eucdov
blrwar1_XC660158.ogg.npy,blrwar1
insbab1_XC574338.ogg.npy,insbab1
grywag_XC454833.ogg.npy,grywag
rerswa1_XC383377.ogg.npy,rerswa1
grtdro1_XC298846.ogg.npy,grtdro1
lirplo_XC425712.ogg.npy,lirplo
putbab1_XC235368.ogg.npy,putbab1
gryfra_XC406118.ogg.npy,gryfra
rorpar_XC505788.ogg.npy,rorpar
rocpig_XC682220.ogg.npy,rocpig
eaywag1_XC743046.ogg.npy,eaywag1
kenplo1_XC494525.ogg.npy,kenplo1
eaywag1_XC310618.ogg.npy,eaywag1
eucdov_XC507629.ogg.npy,eucdov
laudov1_XC405382.ogg.npy,laudov1
bkskit1_XC350262.ogg.npy,bkskit1
blakit1_XC660706.ogg.npy,blakit1
brnshr_XC387695.ogg.npy,brnshr
comkin1_XC304529.ogg.npy,comkin1
commoo3_XC608166.ogg.npy,commoo3
grecou1_XC381166.ogg.npy,grecou1
eucdov_XC562813.ogg.npy,eucdov
eaywag1_XC417145.ogg.npy,eaywag1
brnhao1_XC608655.ogg.npy,brnhao1
hoopoe_XC560366.ogg.npy,hoopoe
plaflo1_XC779883.ogg.npy,plaflo1
graher1_XC349532.ogg.npy,graher1
comsan_XC743707.ogg.npy,comsan
bkskit1_XC704553.ogg.npy,bkskit1
comgre_XC368104.ogg.npy,comgre
eurcoo_XC42555.ogg.npy,eurcoo
comgre_XC825684.ogg.npy,comgre
purher1_XC583969.ogg.npy,purher1
graher1_XC378737.ogg.npy,graher1
stbkin1_XC551672.ogg.npy,stbkin1
categr_XC328546.ogg.npy,categr
eucdov_XC778060.ogg.npy,eucdov
grywag_XC704359.ogg.npy,grywag
woosan_XC793593.ogg.npy,woosan
ashdro1_XC365150.ogg.npy,ashdro1
greegr_XC705410.ogg.npy,greegr
hoopoe_XC240516.ogg.npy,hoopoe
grywag_XC745650.ogg.npy,grywag
comros_XC828013.ogg.npy,comros
vefnut1_XC207785.ogg.npy,vefnut1
eaywag1_XC718541.ogg.npy,eaywag1
grnsan_XC641353.ogg.npy,grnsan
comros_XC571443.ogg.npy,comros
brnshr_XC591612.ogg.npy,brnshr
gyhcaf1_XC476546.ogg.npy,gyhcaf1
gyhcaf1_XC683627.ogg.npy,gyhcaf1
eurcoo_XC549349.ogg.npy,eurcoo
graher1_XC695751.ogg.npy,graher1
houcro1_XC191299.ogg.npy,houcro1
sqtbul1_XC296417.ogg.npy,sqtbul1
eaywag1_XC240708.ogg.npy,eaywag1
eucdov_XC304855.ogg.npy,eucdov
bcnher_XC195513.ogg.npy,bcnher
eaywag1_XC507665.ogg.npy,eaywag1
rewbul_XC208578.ogg.npy,rewbul
zitcis1_XC468634.ogg.npy,zitcis1
categr_XC393573.ogg.npy,categr
brnhao1_XC778559.ogg.npy,brnhao1
comior1_XC362864.ogg.npy,comior1
bwfshr1_XC303959.ogg.npy,bwfshr1
rocpig_XC840017.ogg.npy,rocpig
hoopoe_XC761313.ogg.npy,hoopoe
indpit1_XC357181.ogg.npy,indpit1
grnsan_XC460343.ogg.npy,grnsan
litgre1_XC459329.ogg.npy,litgre1
bcnher_XC669459.ogg.npy,bcnher
tibfly3_XC307919.ogg.npy,tibfly3
pursun3_XC698980.ogg.npy,pursun3
rerswa1_XC213993.ogg.npy,rerswa1
comsan_XC678535.ogg.npy,comsan
woosan_XC145327.ogg.npy,woosan
litswi1_XC253696.ogg.npy,litswi1
whbwag1_XC463790.ogg.npy,whbwag1
purher1_XC827348.ogg.npy,purher1
comsan_XC764652.ogg.npy,comsan
houspa_XC345819.ogg.npy,houspa
lewduc1_XC754768.ogg.npy,lewduc1
whtkin2_XC620793.ogg.npy,whtkin2
comkin1_XC399084.ogg.npy,comkin1
grewar3_XC572519.ogg.npy,grewar3
woosan_XC342908.ogg.npy,woosan
grywag_XC576609.ogg.npy,grywag
asbfly_XC267679.ogg.npy,asbfly
commoo3_XC634637.ogg.npy,commoo3
lirplo_XC737553.ogg.npy,lirplo
comgre_XC396618.ogg.npy,comgre
purher1_XC825841.ogg.npy,purher1
oripip1_XC802211.ogg.npy,oripip1
marsan_XC838567.ogg.npy,marsan
whiter2_XC480130.ogg.npy,whiter2
rorpar_XC170209.ogg.npy,rorpar
pursun4_XC362687.ogg.npy,pursun4
bcnher_XC621871.ogg.npy,bcnher
labcro1_XC451223.ogg.npy,labcro1
bcnher_XC559526.ogg.npy,bcnher
scamin3_XC207771.ogg.npy,scamin3
compea_XC126243.ogg.npy,compea
oripip1_XC126842.ogg.npy,oripip1
bcnher_XC436935.ogg.npy,bcnher
eurcoo_XC175428.ogg.npy,eurcoo
houspa_XC536082.ogg.npy,houspa
comtai1_XC446621.ogg.npy,comtai1
lirplo_XC394405.ogg.npy,lirplo
grywag_XC485888.ogg.npy,grywag
insbab1_XC597014.ogg.npy,insbab1
blnmon1_XC86934.ogg.npy,blnmon1
whiter2_XC697725.ogg.npy,whiter2
eaywag1_XC650574.ogg.npy,eaywag1
emedov2_XC577911.ogg.npy,emedov2
litegr_XC605411.ogg.npy,litegr
lirplo_XC552154.ogg.npy,lirplo
bkwsti_XC185109.ogg.npy,bkwsti
houspa_XC567483.ogg.npy,houspa
bladro1_XC514818.ogg.npy,bladro1
btbeat1_XC778490.ogg.npy,btbeat1
blrwar1_XC442757.ogg.npy,blrwar1
grnsan_XC768206.ogg.npy,grnsan
comkin1_XC679372.ogg.npy,comkin1
graher1_XC842543.ogg.npy,graher1
stbkin1_XC284715.ogg.npy,stbkin1
purher1_XC576564.ogg.npy,purher1
comgre_XC717064.ogg.npy,comgre
woosan_XC265186.ogg.npy,woosan
woosan_XC586827.ogg.npy,woosan
commyn_XC528928.ogg.npy,commyn
kenplo1_XC494524.ogg.npy,kenplo1
aspswi1_XC845059.ogg.npy,aspswi1
marsan_XC733175.ogg.npy,marsan
spepic1_XC787691.ogg.npy,spepic1
grewar3_XC809239.ogg.npy,grewar3
cregos1_XC575552.ogg.npy,cregos1
lirplo_XC763945.ogg.npy,lirplo
purher1_XC227072.ogg.npy,purher1
barswa_XC138332.ogg.npy,barswa
lblwar1_XC405730.ogg.npy,lblwar1
rossta2_XC484514.ogg.npy,rossta2
marsan_XC154257.ogg.npy,marsan
rocpig_XC316785.ogg.npy,rocpig
houcro1_XC632057.ogg.npy,houcro1
rerswa1_XC390262.ogg.npy,rerswa1
eaywag1_XC507676.ogg.npy,eaywag1
eucdov_XC477341.ogg.npy,eucdov
labcro1_XC424187.ogg.npy,labcro1
comkin1_XC436259.ogg.npy,comkin1
commoo3_XC637379.ogg.npy,commoo3
dafbab1_XC768997.ogg.npy,dafbab1
piekin1_XC517388.ogg.npy,piekin1
grnsan_XC635599.ogg.npy,grnsan
comgre_XC190514.ogg.npy,comgre
comkin1_XC580132.ogg.npy,comkin1
commoo3_XC534756.ogg.npy,commoo3
whiter2_XC729914.ogg.npy,whiter2
labcro1_XC340946.ogg.npy,labcro1
zitcis1_XC801475.ogg.npy,zitcis1
categr_XC332570.ogg.npy,categr
pabflo1_XC164024.ogg.npy,pabflo1
bkskit1_XC632274.ogg.npy,bkskit1
piekin1_XC326433.ogg.npy,piekin1
mawthr1_XC215863.ogg.npy,mawthr1
blhori1_XC485146.ogg.npy,blhori1
crseag1_XC417397.ogg.npy,crseag1
grnsan_XC670790.ogg.npy,grnsan
brnhao1_XC171249.ogg.npy,brnhao1
revbul_XC587446.ogg.npy,revbul
blnmon1_XC621454.ogg.npy,blnmon1
eaywag1_XC668674.ogg.npy,eaywag1
bkskit1_XC352561.ogg.npy,bkskit1
commoo3_XC555723.ogg.npy,commoo3
kenplo1_XC718501.ogg.npy,kenplo1
copbar1_XC403966.ogg.npy,copbar1
nutman_XC189597.ogg.npy,nutman
lirplo_XC803070.ogg.npy,lirplo
grewar3_XC577745.ogg.npy,grewar3
comior1_XC266954.ogg.npy,comior1
whbwat1_XC414019.ogg.npy,whbwat1
asikoe2_XC209026.ogg.npy,asikoe2
grnwar1_XC505763.ogg.npy,grnwar1
zitcis1_XC283840.ogg.npy,zitcis1
maghor2_XC314147.ogg.npy,maghor2
eurcoo_XC684549.ogg.npy,eurcoo
litgre1_XC587494.ogg.npy,litgre1
lblwar1_XC324805.ogg.npy,lblwar1
comgre_XC804743.ogg.npy,comgre
bkwsti_XC191405.ogg.npy,bkwsti
bkwsti_XC665454.ogg.npy,bkwsti
litegr_XC756374.ogg.npy,litegr
grnsan_XC808190.ogg.npy,grnsan
grtdro1_XC205342.ogg.npy,grtdro1
litswi1_XC439710.ogg.npy,litswi1
barswa_XC496522.ogg.npy,barswa
bcnher_XC665440.ogg.npy,bcnher
lirplo_XC540783.ogg.npy,lirplo
piebus1_XC165050.ogg.npy,piebus1
forwag1_XC814057.ogg.npy,forwag1
grewar3_XC490629.ogg.npy,grewar3
tibfly3_XC777440.ogg.npy,tibfly3
houspa_XC308049.ogg.npy,houspa
houcro1_XC208676.ogg.npy,houcro1
comros_XC149808.ogg.npy,comros
tibfly3_XC572664.ogg.npy,tibfly3
litgre1_XC639907.ogg.npy,litgre1
whiter2_XC725392.ogg.npy,whiter2
eurcoo_XC712124.ogg.npy,eurcoo
commyn_XC114909.ogg.npy,commyn
zitcis1_XC354451.ogg.npy,zitcis1
litegr_XC718465.ogg.npy,litegr
litegr_XC445758.ogg.npy,litegr
eurcoo_XC544207.ogg.npy,eurcoo
oripip1_XC131360.ogg.npy,oripip1
goflea1_XC653651.ogg.npy,goflea1
whiter2_XC377389.ogg.npy,whiter2
grtdro1_XC423288.ogg.npy,grtdro1
brnshr_XC790874.ogg.npy,brnshr
grenig1_XC239221.ogg.npy,grenig1
comior1_XC572556.ogg.npy,comior1
blakit1_XC495362.ogg.npy,blakit1
blrwar1_XC506494.ogg.npy,blrwar1
crseag1_XC363380.ogg.npy,crseag1
rerswa1_XC697561.ogg.npy,rerswa1
lirplo_XC309207.ogg.npy,lirplo
graher1_XC496749.ogg.npy,graher1
litgre1_XC729960.ogg.npy,litgre1
ashdro1_XC116334.ogg.npy,ashdro1
bcnher_XC550235.ogg.npy,bcnher
stbkin1_XC496184.ogg.npy,stbkin1
purher1_XC494567.ogg.npy,purher1
blrwar1_XC807194.ogg.npy,blrwar1
grywag_XC801890.ogg.npy,grywag
grnsan_XC828091.ogg.npy,grnsan
labcro1_XC581680.ogg.npy,labcro1
houspa_XC303275.ogg.npy,houspa
comkin1_XC305141.ogg.npy,comkin1
woosan_XC431019.ogg.npy,woosan
whiter2_XC714119.ogg.npy,whiter2
blakit1_XC311871.ogg.npy,blakit1
houcro1_XC197155.ogg.npy,houcro1
asikoe2_XC73023.ogg.npy,asikoe2
sohmyn1_XC207741.ogg.npy,sohmyn1
greegr_XC465582.ogg.npy,greegr
eaywag1_XC844328.ogg.npy,eaywag1
blakit1_XC129826.ogg.npy,blakit1
rorpar_XC246306.ogg.npy,rorpar
whbwat1_XC438346.ogg.npy,whbwat1
eurcoo_XC496744.ogg.npy,eurcoo
rorpar_XC688958.ogg.npy,rorpar
bkskit1_XC352552.ogg.npy,bkskit1
grewar3_XC575088.ogg.npy,grewar3
moipig1_XC236493.ogg.npy,moipig1
brnhao1_XC125355.ogg.npy,brnhao1
bladro1_XC514815.ogg.npy,bladro1
brakit1_XC204374.ogg.npy,brakit1
bcnher_XC795884.ogg.npy,bcnher
eucdov_XC343136.ogg.npy,eucdov
comsan_XC798345.ogg.npy,comsan
eurcoo_XC636717.ogg.npy,eurcoo
greegr_XC462840.ogg.npy,greegr
rewlap1_XC590070.ogg.npy,rewlap1
nutman_XC665306.ogg.npy,nutman
grecou1_XC785894.ogg.npy,grecou1
grnsan_XC799608.ogg.npy,grnsan
laudov1_XC665958.ogg.npy,laudov1
litspi1_XC29581.ogg.npy,litspi1
grtdro1_XC683625.ogg.npy,grtdro1
emedov2_XC193202.ogg.npy,emedov2
woosan_XC25136.ogg.npy,woosan
kenplo1_XC494530.ogg.npy,kenplo1
labcro1_XC126786.ogg.npy,labcro1
hoopoe_XC451529.ogg.npy,hoopoe
litgre1_XC499180.ogg.npy,litgre1
grnsan_XC642145.ogg.npy,grnsan
marsan_XC184468.ogg.npy,marsan
indpit1_XC420544.ogg.npy,indpit1
barswa_XC458636.ogg.npy,barswa
gyhcaf1_XC292229.ogg.npy,gyhcaf1
indpit1_XC648161.ogg.npy,indpit1
litgre1_XC630775.ogg.npy,litgre1
pursun4_XC124390.ogg.npy,pursun4
whtkin2_XC565732.ogg.npy,whtkin2
whrmun_XC658739.ogg.npy,whrmun
whtkin2_XC633075.ogg.npy,whtkin2
rocpig_XC323559.ogg.npy,rocpig
nutman_XC150004.ogg.npy,nutman
barswa_XC747306.ogg.npy,barswa
ruftre2_XC791634.ogg.npy,ruftre2
whcbar1_XC483864.ogg.npy,whcbar1
houspa_XC175617.ogg.npy,houspa
lirplo_XC445287.ogg.npy,lirplo
pursun4_XC183257.ogg.npy,pursun4
grtdro1_XC610725.ogg.npy,grtdro1
eurcoo_XC364923.ogg.npy,eurcoo
grywag_XC456025.ogg.npy,grywag
bcnher_XC537566.ogg.npy,bcnher
barswa_XC664993.ogg.npy,barswa
grbeat1_XC174979.ogg.npy,grbeat1
grtdro1_XC721647.ogg.npy,grtdro1
litgre1_XC783377.ogg.npy,litgre1
barswa_XC464830.ogg.npy,barswa
comsan_XC667665.ogg.npy,comsan
brnshr_XC446324.ogg.npy,brnshr
woosan_XC637085.ogg.npy,woosan
litegr_XC481452.ogg.npy,litegr
asikoe2_XC720533.ogg.npy,asikoe2
tibfly3_XC568887.ogg.npy,tibfly3
blrwar1_XC655922.ogg.npy,blrwar1
comior1_XC661284.ogg.npy,comior1
comros_XC570649.ogg.npy,comros
spodov_XC732059.ogg.npy,spodov
labcro1_XC388539.ogg.npy,labcro1
houspa_XC695473.ogg.npy,houspa
brnshr_XC441578.ogg.npy,brnshr
asikoe2_XC665233.ogg.npy,asikoe2
zitcis1_XC789754.ogg.npy,zitcis1
asikoe2_XC566244.ogg.npy,asikoe2
asbfly_XC441145.ogg.npy,asbfly
comros_XC573404.ogg.npy,comros
whbwag1_XC267085.ogg.npy,whbwag1
cregos1_XC790419.ogg.npy,cregos1
purher1_XC716025.ogg.npy,purher1
sohmyn1_XC474748.ogg.npy,sohmyn1
whtkin2_XC845719.ogg.npy,whtkin2
lirplo_XC732695.ogg.npy,lirplo
comtai1_XC780630.ogg.npy,comtai1
piekin1_XC686233.ogg.npy,piekin1
asiope1_XC194954.ogg.npy,asiope1
isbduc1_XC568941.ogg.npy,isbduc1
hoopoe_XC170884.ogg.npy,hoopoe
houspa_XC326667.ogg.npy,houspa
brnshr_XC546353.ogg.npy,brnshr
greegr_XC143579.ogg.npy,greegr
gargan_XC632095.ogg.npy,gargan
rorpar_XC453140.ogg.npy,rorpar
labcro1_XC838158.ogg.npy,labcro1
houspa_XC420852.ogg.npy,houspa
rewlap1_XC135155.ogg.npy,rewlap1
bkskit1_XC351406.ogg.npy,bkskit1
piekin1_XC515826.ogg.npy,piekin1
eucdov_XC581798.ogg.npy,eucdov
gyhcaf1_XC742685.ogg.npy,gyhcaf1
ruftre2_XC385499.ogg.npy,ruftre2
zitcis1_XC774742.ogg.npy,zitcis1
inbrob1_XC646897.ogg.npy,inbrob1
kenplo1_XC579850.ogg.npy,kenplo1
grewar3_XC375800.ogg.npy,grewar3
lirplo_XC422711.ogg.npy,lirplo
brodro1_XC776499.ogg.npy,brodro1
eurcoo_XC26788.ogg.npy,eurcoo
barswa_XC775877.ogg.npy,barswa
gargan_XC362417.ogg.npy,gargan
labcro1_XC409277.ogg.npy,labcro1
labcro1_XC842166.ogg.npy,labcro1
blakit1_XC801334.ogg.npy,blakit1
grywag_XC778279.ogg.npy,grywag
lirplo_XC571969.ogg.npy,lirplo
maghor2_XC122998.ogg.npy,maghor2
woosan_XC555107.ogg.npy,woosan
grtdro1_XC150645.ogg.npy,grtdro1
asikoe2_XC73022.ogg.npy,asikoe2
blrwar1_XC652110.ogg.npy,blrwar1
rossta2_XC184805.ogg.npy,rossta2
purher1_XC277204.ogg.npy,purher1
whbwat1_XC394872.ogg.npy,whbwat1
bcnher_XC758562.ogg.npy,bcnher
brodro1_XC577845.ogg.npy,brodro1
commyn_XC203339.ogg.npy,commyn
wemhar1_XC614718.ogg.npy,wemhar1
grywag_XC806691.ogg.npy,grywag
comros_XC209110.ogg.npy,comros
spodov_XC779583.ogg.npy,spodov
houspa_XC294491.ogg.npy,houspa
tibfly3_XC645725.ogg.npy,tibfly3
bkskit1_XC332538.ogg.npy,bkskit1
bkskit1_XC353808.ogg.npy,bkskit1
grynig2_XC574744.ogg.npy,grynig2
barswa_XC361737.ogg.npy,barswa
putbab1_XC696743.ogg.npy,putbab1
comgre_XC564171.ogg.npy,comgre
zitcis1_XC625322.ogg.npy,zitcis1
bkwsti_XC361994.ogg.npy,bkwsti
houspa_XC387938.ogg.npy,houspa
blhori1_XC73045.ogg.npy,blhori1
houcro1_XC443068.ogg.npy,houcro1
eucdov_XC791491.ogg.npy,eucdov
comsan_XC556781.ogg.npy,comsan
wemhar1_XC145121.ogg.npy,wemhar1
litspi1_XC398561.ogg.npy,litspi1
rufwoo2_XC248150.ogg.npy,rufwoo2
tibfly3_XC642747.ogg.npy,tibfly3
hoopoe_XC611594.ogg.npy,hoopoe
rorpar_XC430285.ogg.npy,rorpar
btbeat1_XC741386.ogg.npy,btbeat1
tibfly3_XC312593.ogg.npy,tibfly3
hoopoe_XC813912.ogg.npy,hoopoe
litgre1_XC207946.ogg.npy,litgre1
houspa_XC835062.ogg.npy,houspa
barfly1_XC856484.ogg.npy,barfly1
whbwoo2_XC490560.ogg.npy,whbwoo2
comkin1_XC309301.ogg.npy,comkin1
comfla1_XC856081.ogg.npy,comfla1
eucdov_XC831933.ogg.npy,eucdov
bkwsti_XC798665.ogg.npy,bkwsti
labcro1_XC355978.ogg.npy,labcro1
graher1_XC758396.ogg.npy,graher1
blrwar1_XC135408.ogg.npy,blrwar1
brnshr_XC456205.ogg.npy,brnshr
putbab1_XC663591.ogg.npy,putbab1
lirplo_XC408342.ogg.npy,lirplo
grywag_XC586663.ogg.npy,grywag
asbfly_XC856776.ogg.npy,asbfly
blakit1_XC269711.ogg.npy,blakit1
nutman_XC789684.ogg.npy,nutman
wemhar1_XC721846.ogg.npy,wemhar1
marsan_XC184900.ogg.npy,marsan
lirplo_XC649851.ogg.npy,lirplo
rocpig_XC113783.ogg.npy,rocpig
blhori1_XC798559.ogg.npy,blhori1
purher1_XC339766.ogg.npy,purher1
ashpri1_XC397017.ogg.npy,ashpri1
blnmon1_XC808533.ogg.npy,blnmon1
putbab1_XC669921.ogg.npy,putbab1
marsan_XC711577.ogg.npy,marsan
houcro1_XC578839.ogg.npy,houcro1
whiter2_XC769988.ogg.npy,whiter2
comsan_XC671723.ogg.npy,comsan
rorpar_XC209170.ogg.npy,rorpar
ashwoo2_XC125152.ogg.npy,ashwoo2
grtdro1_XC336530.ogg.npy,grtdro1
houspa_XC711790.ogg.npy,houspa
nutman_XC362812.ogg.npy,nutman
litgre1_XC649876.ogg.npy,litgre1
brwjac1_XC604402.ogg.npy,brwjac1
lirplo_XC541230.ogg.npy,lirplo
litspi1_XC701168.ogg.npy,litspi1
comsan_XC575672.ogg.npy,comsan
litegr_XC645728.ogg.npy,litegr
grecou1_XC381168.ogg.npy,grecou1
wemhar1_XC315630.ogg.npy,wemhar1
bcnher_XC601829.ogg.npy,bcnher
hoopoe_XC800789.ogg.npy,hoopoe
whbsho3_XC856463.ogg.npy,whbsho3
barswa_XC839563.ogg.npy,barswa
wemhar1_XC544680.ogg.npy,wemhar1
bcnher_XC760762.ogg.npy,bcnher
comros_XC457664.ogg.npy,comros
putbab1_XC19811.ogg.npy,putbab1
woosan_XC476067.ogg.npy,woosan
eucdov_XC792293.ogg.npy,eucdov
comsan_XC585172.ogg.npy,comsan
comkin1_XC672628.ogg.npy,comkin1
laudov1_XC185716.ogg.npy,laudov1
litgre1_XC368595.ogg.npy,litgre1
woosan_XC814690.ogg.npy,woosan
asikoe2_XC802645.ogg.npy,asikoe2
nutman_XC789683.ogg.npy,nutman
grbeat1_XC699151.ogg.npy,grbeat1
kenplo1_XC785270.ogg.npy,kenplo1
comkin1_XC498753.ogg.npy,comkin1
zitcis1_XC550604.ogg.npy,zitcis1
wemhar1_XC310817.ogg.npy,wemhar1
ashwoo2_XC318460.ogg.npy,ashwoo2
kenplo1_XC768156.ogg.npy,kenplo1
comsan_XC422060.ogg.npy,comsan
greegr_XC414789.ogg.npy,greegr
commoo3_XC763921.ogg.npy,commoo3
putbab1_XC788170.ogg.npy,putbab1
gloibi_XC430606.ogg.npy,gloibi
commoo3_XC650001.ogg.npy,commoo3
commoo3_XC792808.ogg.npy,commoo3
spodov_XC539818.ogg.npy,spodov
rewlap1_XC446884.ogg.npy,rewlap1
rorpar_XC402164.ogg.npy,rorpar
grewar3_XC181379.ogg.npy,grewar3
cohcuc1_XC140254.ogg.npy,cohcuc1
grbeat1_XC700157.ogg.npy,grbeat1
woosan_XC816207.ogg.npy,woosan
oripip1_XC346385.ogg.npy,oripip1
gyhcaf1_XC856066.ogg.npy,gyhcaf1
labcro1_XC316353.ogg.npy,labcro1
whbwat1_XC363415.ogg.npy,whbwat1
gargan_XC793037.ogg.npy,gargan
bkwsti_XC743015.ogg.npy,bkwsti
rocpig_XC511878.ogg.npy,rocpig
pursun4_XC165379.ogg.npy,pursun4
nutman_XC330117.ogg.npy,nutman
woosan_XC668481.ogg.npy,woosan
zitcis1_XC431788.ogg.npy,zitcis1
junowl1_XC778608.ogg.npy,junowl1
eurcoo_XC623874.ogg.npy,eurcoo
rewbul_XC345115.ogg.npy,rewbul
rorpar_XC161047.ogg.npy,rorpar
rorpar_XC309918.ogg.npy,rorpar
grtdro1_XC357473.ogg.npy,grtdro1
purher1_XC823036.ogg.npy,purher1
bcnher_XC361997.ogg.npy,bcnher
bkwsti_XC536442.ogg.npy,bkwsti
comior1_XC432426.ogg.npy,comior1
comgre_XC667867.ogg.npy,comgre
graher1_XC742548.ogg.npy,graher1
bcnher_XC561178.ogg.npy,bcnher
comtai1_XC324989.ogg.npy,comtai1
grecou1_XC469373.ogg.npy,grecou1
woosan_XC685750.ogg.npy,woosan
piekin1_XC190977.ogg.npy,piekin1
litgre1_XC716547.ogg.npy,litgre1
thbwar1_XC857838.ogg.npy,thbwar1
whtkin2_XC845720.ogg.npy,whtkin2
ruftre2_XC74361.ogg.npy,ruftre2
lblwar1_XC756577.ogg.npy,lblwar1
lirplo_XC631366.ogg.npy,lirplo
grywag_XC184261.ogg.npy,grywag
comior1_XC461230.ogg.npy,comior1
grtdro1_XC701968.ogg.npy,grtdro1
zitcis1_XC596858.ogg.npy,zitcis1
litgre1_XC567964.ogg.npy,litgre1
brnshr_XC591611.ogg.npy,brnshr
hoopoe_XC689716.ogg.npy,hoopoe
ruftre2_XC19832.ogg.npy,ruftre2
lblwar1_XC265868.ogg.npy,lblwar1
litgre1_XC326384.ogg.npy,litgre1
eurcoo_XC622208.ogg.npy,eurcoo
whbwag1_XC638156.ogg.npy,whbwag1
bkskit1_XC350250.ogg.npy,bkskit1
hoopoe_XC647839.ogg.npy,hoopoe
ashpri1_XC186708.ogg.npy,ashpri1
grywag_XC825602.ogg.npy,grywag
grnsan_XC542637.ogg.npy,grnsan
comtai1_XC742629.ogg.npy,comtai1
nutman_XC345316.ogg.npy,nutman
bcnher_XC542752.ogg.npy,bcnher
gybpri1_XC684740.ogg.npy,gybpri1
comsan_XC584398.ogg.npy,comsan
bwfshr1_XC735236.ogg.npy,bwfshr1
greegr_XC398626.ogg.npy,greegr
labcro1_XC824065.ogg.npy,labcro1
gloibi_XC785629.ogg.npy,gloibi
eurcoo_XC384481.ogg.npy,eurcoo
lirplo_XC339423.ogg.npy,lirplo
marsan_XC777454.ogg.npy,marsan
eurcoo_XC723826.ogg.npy,eurcoo
grywag_XC135337.ogg.npy,grywag
rewbul_XC204236.ogg.npy,rewbul
hoopoe_XC396426.ogg.npy,hoopoe
crseag1_XC775418.ogg.npy,crseag1
lblwar1_XC323990.ogg.npy,lblwar1
grenig1_XC239222.ogg.npy,grenig1
bkskit1_XC352652.ogg.npy,bkskit1
asikoe2_XC724426.ogg.npy,asikoe2
lirplo_XC482344.ogg.npy,lirplo
barswa_XC457792.ogg.npy,barswa
woosan_XC825766.ogg.npy,woosan
grewar3_XC431695.ogg.npy,grewar3
litswi1_XC634767.ogg.npy,litswi1
rerswa1_XC310405.ogg.npy,rerswa1
insbab1_XC296438.ogg.npy,insbab1
mawthr1_XC772172.ogg.npy,mawthr1
grewar3_XC206318.ogg.npy,grewar3
comkin1_XC564069.ogg.npy,comkin1
brodro1_XC477888.ogg.npy,brodro1
commyn_XC614590.ogg.npy,commyn
putbab1_XC684392.ogg.npy,putbab1
zitcis1_XC791515.ogg.npy,zitcis1
litgre1_XC198950.ogg.npy,litgre1
lirplo_XC573561.ogg.npy,lirplo
grywag_XC842700.ogg.npy,grywag
comros_XC563057.ogg.npy,comros
litspi1_XC283502.ogg.npy,litspi1
whcbar1_XC19903.ogg.npy,whcbar1
greegr_XC609186.ogg.npy,greegr
rorpar_XC208675.ogg.npy,rorpar
brnhao1_XC285173.ogg.npy,brnhao1
commyn_XC314470.ogg.npy,commyn
whbwat1_XC604177.ogg.npy,whbwat1
ashwoo2_XC503384.ogg.npy,ashwoo2
commoo3_XC717068.ogg.npy,commoo3
grewar3_XC442604.ogg.npy,grewar3
zitcis1_XC378553.ogg.npy,zitcis1
cohcuc1_XC571503.ogg.npy,cohcuc1
eaywag1_XC592529.ogg.npy,eaywag1
eurcoo_XC434599.ogg.npy,eurcoo
brodro1_XC126597.ogg.npy,brodro1
crseag1_XC266774.ogg.npy,crseag1
whbwat1_XC152652.ogg.npy,whbwat1
lirplo_XC562310.ogg.npy,lirplo
copbar1_XC469471.ogg.npy,copbar1
grnwar1_XC157973.ogg.npy,grnwar1
gybpri1_XC723993.ogg.npy,gybpri1
forwag1_XC313308.ogg.npy,forwag1
blrwar1_XC134718.ogg.npy,blrwar1
gloibi_XC497221.ogg.npy,gloibi
grywag_XC146032.ogg.npy,grywag
thbwar1_XC845334.ogg.npy,thbwar1
putbab1_XC612260.ogg.npy,putbab1
grywag_XC571068.ogg.npy,grywag
eucdov_XC553935.ogg.npy,eucdov
bladro1_XC143570.ogg.npy,bladro1
grtdro1_XC397773.ogg.npy,grtdro1
rorpar_XC581078.ogg.npy,rorpar
barswa_XC452059.ogg.npy,barswa
eaywag1_XC145148.ogg.npy,eaywag1
brwowl1_XC510520.ogg.npy,brwowl1
commyn_XC129571.ogg.npy,commyn
hoopoe_XC554671.ogg.npy,hoopoe
lirplo_XC584635.ogg.npy,lirplo
houspa_XC556947.ogg.npy,houspa
hoopoe_XC768924.ogg.npy,hoopoe
pursun4_XC430250.ogg.npy,pursun4
commyn_XC812212.ogg.npy,commyn
blrwar1_XC657259.ogg.npy,blrwar1
vehpar1_XC213917.ogg.npy,vehpar1
litgre1_XC727347.ogg.npy,litgre1
zitcis1_XC828609.ogg.npy,zitcis1
gyhcaf1_XC431740.ogg.npy,gyhcaf1
comsan_XC368316.ogg.npy,comsan
lirplo_XC634870.ogg.npy,lirplo
inbrob1_XC265859.ogg.npy,inbrob1
bcnher_XC585576.ogg.npy,bcnher
zitcis1_XC148896.ogg.npy,zitcis1
litgre1_XC648256.ogg.npy,litgre1
categr_XC379067.ogg.npy,categr
whbwat1_XC842519.ogg.npy,whbwat1
comros_XC651498.ogg.npy,comros
houcro1_XC146932.ogg.npy,houcro1
litgre1_XC796469.ogg.npy,litgre1
woosan_XC768514.ogg.npy,woosan
stbkin1_XC37603.ogg.npy,stbkin1
gyhcaf1_XC318156.ogg.npy,gyhcaf1
cohcuc1_XC492980.ogg.npy,cohcuc1
comtai1_XC440676.ogg.npy,comtai1
woosan_XC668264.ogg.npy,woosan
sohmyn1_XC651290.ogg.npy,sohmyn1
grnsan_XC581896.ogg.npy,grnsan
grewar3_XC808604.ogg.npy,grewar3
grywag_XC710674.ogg.npy,grywag
comior1_XC192030.ogg.npy,comior1
hoopoe_XC411684.ogg.npy,hoopoe
litgre1_XC552112.ogg.npy,litgre1
commyn_XC548866.ogg.npy,commyn
comgre_XC134369.ogg.npy,comgre
spodov_XC785879.ogg.npy,spodov
comior1_XC145708.ogg.npy,comior1
comgre_XC310521.ogg.npy,comgre
litgre1_XC638581.ogg.npy,litgre1
darter2_XC684289.ogg.npy,darter2
thbwar1_XC777658.ogg.npy,thbwar1
ingori1_XC289669.ogg.npy,ingori1
bcnher_XC580878.ogg.npy,bcnher
eurcoo_XC785429.ogg.npy,eurcoo
comtai1_XC388244.ogg.npy,comtai1
sbeowl1_XC505535.ogg.npy,sbeowl1
labcro1_XC312582.ogg.npy,labcro1
comtai1_XC404376.ogg.npy,comtai1
rossta2_XC368215.ogg.npy,rossta2
shikra1_XC479741.ogg.npy,shikra1
crseag1_XC213912.ogg.npy,crseag1
bkwsti_XC668741.ogg.npy,bkwsti
oripip1_XC505096.ogg.npy,oripip1
comsan_XC581041.ogg.npy,comsan
commyn_XC652903.ogg.npy,commyn
plaflo1_XC178280.ogg.npy,plaflo1
stbkin1_XC610746.ogg.npy,stbkin1
gyhcaf1_XC459664.ogg.npy,gyhcaf1
shikra1_XC689780.ogg.npy,shikra1
brnshr_XC115433.ogg.npy,brnshr
zitcis1_XC541917.ogg.npy,zitcis1
woosan_XC555605.ogg.npy,woosan
litegr_XC756201.ogg.npy,litegr
blrwar1_XC572385.ogg.npy,blrwar1
indtit1_XC529855.ogg.npy,indtit1
comros_XC729613.ogg.npy,comros
zitcis1_XC745428.ogg.npy,zitcis1
rocpig_XC486869.ogg.npy,rocpig
spepic1_XC804336.ogg.npy,spepic1
gargan_XC633634.ogg.npy,gargan
eurcoo_XC638628.ogg.npy,eurcoo
comsan_XC342917.ogg.npy,comsan
grywag_XC245821.ogg.npy,grywag
brodro1_XC772654.ogg.npy,brodro1
gyhcaf1_XC293430.ogg.npy,gyhcaf1
litegr_XC748621.ogg.npy,litegr
blrwar1_XC625411.ogg.npy,blrwar1
comsan_XC667677.ogg.npy,comsan
junbab2_XC73738.ogg.npy,junbab2
woosan_XC645730.ogg.npy,woosan
woosan_XC668879.ogg.npy,woosan
zitcis1_XC856176.ogg.npy,zitcis1
eurcoo_XC553784.ogg.npy,eurcoo
bkcbul1_XC659323.ogg.npy,bkcbul1
blakit1_XC178479.ogg.npy,blakit1
junowl1_XC454347.ogg.npy,junowl1
graher1_XC829599.ogg.npy,graher1
litspi1_XC440796.ogg.npy,litspi1
grenig1_XC151820.ogg.npy,grenig1
grywag_XC27017.ogg.npy,grywag
bkwsti_XC761924.ogg.npy,bkwsti
whrmun_XC824653.ogg.npy,whrmun
grnsan_XC829273.ogg.npy,grnsan
gargan_XC633452.ogg.npy,gargan
grecou1_XC293569.ogg.npy,grecou1
grnsan_XC734190.ogg.npy,grnsan
houspa_XC508461.ogg.npy,houspa
comros_XC264048.ogg.npy,comros
hoopoe_XC414847.ogg.npy,hoopoe
grenig1_XC152007.ogg.npy,grenig1
whbwoo2_XC123015.ogg.npy,whbwoo2
spoowl1_XC469473.ogg.npy,spoowl1
asbfly_XC778686.ogg.npy,asbfly
asikoe2_XC362848.ogg.npy,asikoe2
bkskit1_XC351391.ogg.npy,bkskit1
spepic1_XC806907.ogg.npy,spepic1
lirplo_XC184343.ogg.npy,lirplo
blrwar1_XC506489.ogg.npy,blrwar1
btbeat1_XC143836.ogg.npy,btbeat1
purher1_XC721088.ogg.npy,purher1
houcro1_XC199819.ogg.npy,houcro1
whbbul2_XC575156.ogg.npy,whbbul2
gargan_XC542667.ogg.npy,gargan
brnshr_XC364378.ogg.npy,brnshr
compea_XC215374.ogg.npy,compea
cregos1_XC804343.ogg.npy,cregos1
rerswa1_XC794724.ogg.npy,rerswa1
woosan_XC584271.ogg.npy,woosan
comtai1_XC761177.ogg.npy,comtai1
spepic1_XC23010.ogg.npy,spepic1
hoopoe_XC157536.ogg.npy,hoopoe
graher1_XC801005.ogg.npy,graher1
blnmon1_XC39380.ogg.npy,blnmon1
blrwar1_XC179663.ogg.npy,blrwar1
eaywag1_XC645112.ogg.npy,eaywag1
litegr_XC697839.ogg.npy,litegr
revbul_XC529859.ogg.npy,revbul
eucdov_XC608606.ogg.npy,eucdov
houspa_XC439378.ogg.npy,houspa
hoopoe_XC480810.ogg.npy,hoopoe
woosan_XC662168.ogg.npy,woosan
rerswa1_XC176035.ogg.npy,rerswa1
spoowl1_XC746045.ogg.npy,spoowl1
tibfly3_XC163874.ogg.npy,tibfly3
woosan_XC570750.ogg.npy,woosan
eucdov_XC814143.ogg.npy,eucdov
comgre_XC841444.ogg.npy,comgre
litgre1_XC565371.ogg.npy,litgre1
grtdro1_XC158468.ogg.npy,grtdro1
litegr_XC839167.ogg.npy,litegr
eurcoo_XC550746.ogg.npy,eurcoo
brnhao1_XC578764.ogg.npy,brnhao1
comior1_XC676795.ogg.npy,comior1
rewbul_XC304461.ogg.npy,rewbul
whiter2_XC820393.ogg.npy,whiter2
inbrob1_XC265862.ogg.npy,inbrob1
eaywag1_XC675968.ogg.npy,eaywag1
comsan_XC676427.ogg.npy,comsan
eucdov_XC702361.ogg.npy,eucdov
rorpar_XC768288.ogg.npy,rorpar
bkskit1_XC360662.ogg.npy,bkskit1
grehor1_XC304717.ogg.npy,grehor1
indrob1_XC406129.ogg.npy,indrob1
thbwar1_XC482718.ogg.npy,thbwar1
plapri1_XC834652.ogg.npy,plapri1
eaywag1_XC675986.ogg.npy,eaywag1
grywag_XC737401.ogg.npy,grywag
grecou1_XC562183.ogg.npy,grecou1
litgre1_XC799737.ogg.npy,litgre1
blrwar1_XC659075.ogg.npy,blrwar1
houspa_XC152772.ogg.npy,houspa
eurcoo_XC363900.ogg.npy,eurcoo
dafbab1_XC188309.ogg.npy,dafbab1
whtkin2_XC578792.ogg.npy,whtkin2
gloibi_XC632947.ogg.npy,gloibi
comsan_XC757333.ogg.npy,comsan
grejun2_XC776892.ogg.npy,grejun2
hoopoe_XC202567.ogg.npy,hoopoe
bkskit1_XC194609.ogg.npy,bkskit1
cohcuc1_XC424231.ogg.npy,cohcuc1
grywag_XC493974.ogg.npy,grywag
ruftre2_XC207021.ogg.npy,ruftre2
blakit1_XC485011.ogg.npy,blakit1
blrwar1_XC250297.ogg.npy,blrwar1
houspa_XC419691.ogg.npy,houspa
bcnher_XC478220.ogg.npy,bcnher
insbab1_XC786585.ogg.npy,insbab1
gybpri1_XC756584.ogg.npy,gybpri1
gybpri1_XC597948.ogg.npy,gybpri1
blrwar1_XC253989.ogg.npy,blrwar1
comgre_XC597678.ogg.npy,comgre
rorpar_XC464045.ogg.npy,rorpar
rufwoo2_XC303759.ogg.npy,rufwoo2
houspa_XC327006.ogg.npy,houspa
houspa_XC630063.ogg.npy,houspa
grywag_XC485891.ogg.npy,grywag
comros_XC806587.ogg.npy,comros
rewlap1_XC560507.ogg.npy,rewlap1
comsan_XC663899.ogg.npy,comsan
grywag_XC484302.ogg.npy,grywag
whiter2_XC611746.ogg.npy,whiter2
woosan_XC363991.ogg.npy,woosan
eaywag1_XC412711.ogg.npy,eaywag1
grecou1_XC807260.ogg.npy,grecou1
ashpri1_XC469462.ogg.npy,ashpri1
brodro1_XC178198.ogg.npy,brodro1
litgre1_XC806226.ogg.npy,litgre1
comgre_XC674487.ogg.npy,comgre
comsan_XC673477.ogg.npy,comsan
graher1_XC798168.ogg.npy,graher1
bkwsti_XC833408.ogg.npy,bkwsti
brnshr_XC780601.ogg.npy,brnshr
grtdro1_XC284612.ogg.npy,grtdro1
barswa_XC457820.ogg.npy,barswa
blnmon1_XC722905.ogg.npy,blnmon1
pursun4_XC846090.ogg.npy,pursun4
bkskit1_XC433767.ogg.npy,bkskit1
brnhao1_XC482486.ogg.npy,brnhao1
crseag1_XC19652.ogg.npy,crseag1
categr_XC304253.ogg.npy,categr
barswa_XC457802.ogg.npy,barswa
yebbab1_XC424699.ogg.npy,yebbab1
litgre1_XC631208.ogg.npy,litgre1
grefla1_XC798558.ogg.npy,grefla1
barswa_XC831701.ogg.npy,barswa
blrwar1_XC466292.ogg.npy,blrwar1
gyhcaf1_XC719996.ogg.npy,gyhcaf1
ruftre2_XC572371.ogg.npy,ruftre2
bladro1_XC425052.ogg.npy,bladro1
asiope1_XC397761.ogg.npy,asiope1
woosan_XC298161.ogg.npy,woosan
categr_XC748802.ogg.npy,categr
barswa_XC511682.ogg.npy,barswa
spoowl1_XC390368.ogg.npy,spoowl1
vehpar1_XC614180.ogg.npy,vehpar1
gryfra_XC696226.ogg.npy,gryfra
comsan_XC518442.ogg.npy,comsan
laudov1_XC700164.ogg.npy,laudov1
grtdro1_XC267365.ogg.npy,grtdro1
bkskit1_XC353813.ogg.npy,bkskit1
grewar3_XC197148.ogg.npy,grewar3
rorpar_XC656230.ogg.npy,rorpar
commoo3_XC509416.ogg.npy,commoo3
wemhar1_XC544688.ogg.npy,wemhar1
purher1_XC647778.ogg.npy,purher1
comsan_XC804670.ogg.npy,comsan
grnsan_XC678267.ogg.npy,grnsan
pursun4_XC269881.ogg.npy,pursun4
putbab1_XC256488.ogg.npy,putbab1
labcro1_XC337877.ogg.npy,labcro1
putbab1_XC551185.ogg.npy,putbab1
greegr_XC345145.ogg.npy,greegr
lirplo_XC646469.ogg.npy,lirplo
moipig1_XC190711.ogg.npy,moipig1
lewduc1_XC786918.ogg.npy,lewduc1
commyn_XC519762.ogg.npy,commyn
houcro1_XC293533.ogg.npy,houcro1
bladro1_XC572158.ogg.npy,bladro1
whbtre1_XC767245.ogg.npy,whbtre1
whtkin2_XC207665.ogg.npy,whtkin2
grefla1_XC256237.ogg.npy,grefla1
comsan_XC424759.ogg.npy,comsan
grnwar1_XC453347.ogg.npy,grnwar1
litgre1_XC439449.ogg.npy,litgre1
bladro1_XC253171.ogg.npy,bladro1
comsan_XC162556.ogg.npy,comsan
categr_XC143600.ogg.npy,categr
comtai1_XC396742.ogg.npy,comtai1
whbwoo2_XC545977.ogg.npy,whbwoo2
piekin1_XC369936.ogg.npy,piekin1
rerswa1_XC171583.ogg.npy,rerswa1
commyn_XC464285.ogg.npy,commyn
whiter2_XC723688.ogg.npy,whiter2
goflea1_XC196747.ogg.npy,goflea1
categr_XC485246.ogg.npy,categr
redspu1_XC356035.ogg.npy,redspu1
eucdov_XC254931.ogg.npy,eucdov
revbul_XC441581.ogg.npy,revbul
greegr_XC338696.ogg.npy,greegr
eurcoo_XC25892.ogg.npy,eurcoo
asikoe2_XC190308.ogg.npy,asikoe2
commoo3_XC545156.ogg.npy,commoo3
eurcoo_XC631190.ogg.npy,eurcoo
mawthr1_XC507439.ogg.npy,mawthr1
spodov_XC757224.ogg.npy,spodov
graher1_XC418491.ogg.npy,graher1
commoo3_XC611878.ogg.npy,commoo3
brfowl1_XC304563.ogg.npy,brfowl1
gyhcaf1_XC708246.ogg.npy,gyhcaf1
rorpar_XC475256.ogg.npy,rorpar
woosan_XC157571.ogg.npy,woosan
comgre_XC696671.ogg.npy,comgre
spodov_XC723482.ogg.npy,spodov
eurcoo_XC674299.ogg.npy,eurcoo
grnsan_XC840089.ogg.npy,grnsan
eucdov_XC191131.ogg.npy,eucdov
greegr_XC161279.ogg.npy,greegr
eurcoo_XC541643.ogg.npy,eurcoo
hoopoe_XC374400.ogg.npy,hoopoe
houspa_XC269825.ogg.npy,houspa
brodro1_XC619472.ogg.npy,brodro1
shikra1_XC523462.ogg.npy,shikra1
rerswa1_XC442768.ogg.npy,rerswa1
thbwar1_XC266177.ogg.npy,thbwar1
orihob2_XC269246.ogg.npy,orihob2
comros_XC455907.ogg.npy,comros
brcful1_XC214140.ogg.npy,brcful1
brnhao1_XC350927.ogg.npy,brnhao1
commyn_XC447268.ogg.npy,commyn
rufwoo2_XC459149.ogg.npy,rufwoo2
houspa_XC328156.ogg.npy,houspa
eaywag1_XC376346.ogg.npy,eaywag1
hoopoe_XC173495.ogg.npy,hoopoe
blakit1_XC268754.ogg.npy,blakit1
brcful1_XC666156.ogg.npy,brcful1
blnmon1_XC379910.ogg.npy,blnmon1
purher1_XC746212.ogg.npy,purher1
comsan_XC573393.ogg.npy,comsan
hoopoe_XC818876.ogg.npy,hoopoe
gyhcaf1_XC606221.ogg.npy,gyhcaf1
gargan_XC715150.ogg.npy,gargan
bkwsti_XC686814.ogg.npy,bkwsti
comsan_XC571109.ogg.npy,comsan
grnsan_XC753906.ogg.npy,grnsan
ashpri1_XC407620.ogg.npy,ashpri1
gloibi_XC740151.ogg.npy,gloibi
gargan_XC786449.ogg.npy,gargan
comtai1_XC493118.ogg.npy,comtai1
comgre_XC456727.ogg.npy,comgre
houcro1_XC163864.ogg.npy,houcro1
blnmon1_XC858547.ogg.npy,blnmon1
blakit1_XC825750.ogg.npy,blakit1
hoopoe_XC625440.ogg.npy,hoopoe
tibfly3_XC402090.ogg.npy,tibfly3
grnwar1_XC157471.ogg.npy,grnwar1
whtkin2_XC31551.ogg.npy,whtkin2
houspa_XC659845.ogg.npy,houspa
litgre1_XC301649.ogg.npy,litgre1
woosan_XC606815.ogg.npy,woosan
crseag1_XC807425.ogg.npy,crseag1
greegr_XC597845.ogg.npy,greegr
bcnher_XC653411.ogg.npy,bcnher
cohcuc1_XC672096.ogg.npy,cohcuc1
greegr_XC116544.ogg.npy,greegr
comsan_XC653699.ogg.npy,comsan
comtai1_XC606920.ogg.npy,comtai1
litgre1_XC639274.ogg.npy,litgre1
insbab1_XC214142.ogg.npy,insbab1
comros_XC248131.ogg.npy,comros
asikoe2_XC182810.ogg.npy,asikoe2
spepic1_XC282703.ogg.npy,spepic1
grewar3_XC181958.ogg.npy,grewar3
grbeat1_XC390736.ogg.npy,grbeat1
litegr_XC555268.ogg.npy,litegr
yebbul3_XC741610.ogg.npy,yebbul3
whtkin2_XC676929.ogg.npy,whtkin2
woosan_XC745724.ogg.npy,woosan
brnshr_XC458243.ogg.npy,brnshr
woosan_XC669862.ogg.npy,woosan
labcro1_XC195058.ogg.npy,labcro1
blakit1_XC128222.ogg.npy,blakit1
comgre_XC27066.ogg.npy,comgre
bcnher_XC725825.ogg.npy,bcnher
grewar3_XC376515.ogg.npy,grewar3
rorpar_XC264083.ogg.npy,rorpar
indrol2_XC611151.ogg.npy,indrol2
houspa_XC568488.ogg.npy,houspa
rocpig_XC796913.ogg.npy,rocpig
houspa_XC582614.ogg.npy,houspa
rerswa1_XC502701.ogg.npy,rerswa1
greegr_XC257310.ogg.npy,greegr
bcnher_XC476112.ogg.npy,bcnher
crseag1_XC406608.ogg.npy,crseag1
litspi1_XC653116.ogg.npy,litspi1
hoopoe_XC436342.ogg.npy,hoopoe
grywag_XC526736.ogg.npy,grywag
putbab1_XC189018.ogg.npy,putbab1
greegr_XC665078.ogg.npy,greegr
wemhar1_XC620299.ogg.npy,wemhar1
rocpig_XC726247.ogg.npy,rocpig
brcful1_XC319829.ogg.npy,brcful1
bkskit1_XC361618.ogg.npy,bkskit1
ruftre2_XC365027.ogg.npy,ruftre2
litegr_XC683079.ogg.npy,litegr
grtdro1_XC150640.ogg.npy,grtdro1
wemhar1_XC584437.ogg.npy,wemhar1
litegr_XC515817.ogg.npy,litegr
graher1_XC649526.ogg.npy,graher1
commoo3_XC548304.ogg.npy,commoo3
houspa_XC550544.ogg.npy,houspa
comsan_XC658626.ogg.npy,comsan
rufwoo2_XC177902.ogg.npy,rufwoo2
houspa_XC542029.ogg.npy,houspa
zitcis1_XC746992.ogg.npy,zitcis1
grtdro1_XC283303.ogg.npy,grtdro1
ashpri1_XC507722.ogg.npy,ashpri1
litswi1_XC731944.ogg.npy,litswi1
nutman_XC582730.ogg.npy,nutman
eaywag1_XC657089.ogg.npy,eaywag1
eurcoo_XC840915.ogg.npy,eurcoo
asikoe2_XC175830.ogg.npy,asikoe2
grecou1_XC154542.ogg.npy,grecou1
purher1_XC748507.ogg.npy,purher1
gargan_XC363634.ogg.npy,gargan
ashwoo2_XC783845.ogg.npy,ashwoo2
gyhcaf1_XC839237.ogg.npy,gyhcaf1
ruftre2_XC627906.ogg.npy,ruftre2
pursun3_XC268375.ogg.npy,pursun3
blrwar1_XC807191.ogg.npy,blrwar1
zitcis1_XC821860.ogg.npy,zitcis1
hoopoe_XC789274.ogg.npy,hoopoe
litgre1_XC657234.ogg.npy,litgre1
eaywag1_XC133264.ogg.npy,eaywag1
commoo3_XC783248.ogg.npy,commoo3
houspa_XC640223.ogg.npy,houspa
nutman_XC448956.ogg.npy,nutman
blrwar1_XC569430.ogg.npy,blrwar1
hoopoe_XC399124.ogg.npy,hoopoe
gargan_XC452828.ogg.npy,gargan
grywag_XC445267.ogg.npy,grywag
gloibi_XC727194.ogg.npy,gloibi
graher1_XC686508.ogg.npy,graher1
maltro1_XC192193.ogg.npy,maltro1
woosan_XC184454.ogg.npy,woosan
bladro1_XC113201.ogg.npy,bladro1
brodro1_XC519447.ogg.npy,brodro1
stbkin1_XC394871.ogg.npy,stbkin1
pursun4_XC787316.ogg.npy,pursun4
eurcoo_XC658421.ogg.npy,eurcoo
cohcuc1_XC627850.ogg.npy,cohcuc1
litswi1_XC443711.ogg.npy,litswi1
brwowl1_XC114850.ogg.npy,brwowl1
barswa_XC486209.ogg.npy,barswa
zitcis1_XC372254.ogg.npy,zitcis1
gybpri1_XC385864.ogg.npy,gybpri1
zitcis1_XC795372.ogg.npy,zitcis1
rerswa1_XC417707.ogg.npy,rerswa1
whcbar1_XC209552.ogg.npy,whcbar1
whiter2_XC755136.ogg.npy,whiter2
graher1_XC572591.ogg.npy,graher1
barswa_XC362311.ogg.npy,barswa
wemhar1_XC262853.ogg.npy,wemhar1
grecou1_XC621005.ogg.npy,grecou1
rocpig_XC606457.ogg.npy,rocpig
graher1_XC603396.ogg.npy,graher1
comkin1_XC677955.ogg.npy,comkin1
rerswa1_XC835050.ogg.npy,rerswa1
spodov_XC346126.ogg.npy,spodov
grtdro1_XC162996.ogg.npy,grtdro1
commyn_XC505883.ogg.npy,commyn
litgre1_XC650492.ogg.npy,litgre1
goflea1_XC605973.ogg.npy,goflea1
brnhao1_XC469353.ogg.npy,brnhao1
grewar3_XC417189.ogg.npy,grewar3
chbeat1_XC125428.ogg.npy,chbeat1
grnwar1_XC453487.ogg.npy,grnwar1
forwag1_XC737331.ogg.npy,forwag1
greegr_XC515945.ogg.npy,greegr
copbar1_XC581700.ogg.npy,copbar1
grewar3_XC746723.ogg.npy,grewar3
commyn_XC507717.ogg.npy,commyn
gargan_XC190015.ogg.npy,gargan
comsan_XC619377.ogg.npy,comsan
gryfra_XC371175.ogg.npy,gryfra
whiter2_XC795062.ogg.npy,whiter2
whbwat1_XC797427.ogg.npy,whbwat1
grewar3_XC431704.ogg.npy,grewar3
rocpig_XC453909.ogg.npy,rocpig
gyhcaf1_XC842967.ogg.npy,gyhcaf1
commoo3_XC651411.ogg.npy,commoo3
woosan_XC644171.ogg.npy,woosan
spodov_XC381365.ogg.npy,spodov
moipig1_XC639679.ogg.npy,moipig1
comros_XC653238.ogg.npy,comros
eucdov_XC114080.ogg.npy,eucdov
stbkin1_XC529830.ogg.npy,stbkin1
litegr_XC333938.ogg.npy,litegr
greegr_XC558126.ogg.npy,greegr
grnwar1_XC745683.ogg.npy,grnwar1
grywag_XC793706.ogg.npy,grywag
bkskit1_XC352511.ogg.npy,bkskit1
grbeat1_XC304003.ogg.npy,grbeat1
shikra1_XC282409.ogg.npy,shikra1
woosan_XC240474.ogg.npy,woosan
blakit1_XC206107.ogg.npy,blakit1
bkskit1_XC352484.ogg.npy,bkskit1
gargan_XC645665.ogg.npy,gargan
ashdro1_XC528339.ogg.npy,ashdro1
lirplo_XC539615.ogg.npy,lirplo
eaywag1_XC856567.ogg.npy,eaywag1
bkwsti_XC792964.ogg.npy,bkwsti
asikoe2_XC453708.ogg.npy,asikoe2
thbwar1_XC182157.ogg.npy,thbwar1
kenplo1_XC376950.ogg.npy,kenplo1
asbfly_XC724148.ogg.npy,asbfly
crseag1_XC338049.ogg.npy,crseag1
comgre_XC609541.ogg.npy,comgre
commoo3_XC552194.ogg.npy,commoo3
whbsho3_XC856421.ogg.npy,whbsho3
hoopoe_XC631301.ogg.npy,hoopoe
woosan_XC509675.ogg.npy,woosan
graher1_XC659606.ogg.npy,graher1
stbkin1_XC425054.ogg.npy,stbkin1
grewar3_XC137535.ogg.npy,grewar3
comkin1_XC499157.ogg.npy,comkin1
pursun4_XC514853.ogg.npy,pursun4
litgre1_XC528306.ogg.npy,litgre1
grbeat1_XC398811.ogg.npy,grbeat1
grnsan_XC471898.ogg.npy,grnsan
wemhar1_XC620335.ogg.npy,wemhar1
plapri1_XC379929.ogg.npy,plapri1
kenplo1_XC318416.ogg.npy,kenplo1
junbab2_XC188860.ogg.npy,junbab2
ashpri1_XC402041.ogg.npy,ashpri1
piebus1_XC700955.ogg.npy,piebus1
rocpig_XC504295.ogg.npy,rocpig
grewar3_XC639489.ogg.npy,grewar3
wemhar1_XC552233.ogg.npy,wemhar1
marsan_XC145753.ogg.npy,marsan
wemhar1_XC608661.ogg.npy,wemhar1
comgre_XC797188.ogg.npy,comgre
graher1_XC749205.ogg.npy,graher1
eucdov_XC660868.ogg.npy,eucdov
woosan_XC549750.ogg.npy,woosan
grywag_XC256921.ogg.npy,grywag
nutman_XC594283.ogg.npy,nutman
litspi1_XC631760.ogg.npy,litspi1
woosan_XC127465.ogg.npy,woosan
comkin1_XC623371.ogg.npy,comkin1
grywag_XC762451.ogg.npy,grywag
eurcoo_XC702522.ogg.npy,eurcoo
whiter2_XC554074.ogg.npy,whiter2
woosan_XC796552.ogg.npy,woosan
bkrfla1_XC267360.ogg.npy,bkrfla1
litegr_XC333970.ogg.npy,litegr
asbfly_XC858110.ogg.npy,asbfly
rerswa1_XC423972.ogg.npy,rerswa1
rewbul_XC196951.ogg.npy,rewbul
houspa_XC449172.ogg.npy,houspa
comtai1_XC680918.ogg.npy,comtai1
woosan_XC647845.ogg.npy,woosan
barswa_XC413887.ogg.npy,barswa
ashdro1_XC114600.ogg.npy,ashdro1
comior1_XC590311.ogg.npy,comior1
litgre1_XC567744.ogg.npy,litgre1
lblwar1_XC153018.ogg.npy,lblwar1
comior1_XC446976.ogg.npy,comior1
wynlau1_XC775948.ogg.npy,wynlau1
grewar3_XC530710.ogg.npy,grewar3
pursun3_XC346197.ogg.npy,pursun3
grecou1_XC770519.ogg.npy,grecou1
comkin1_XC202480.ogg.npy,comkin1
graher1_XC518945.ogg.npy,graher1
bladro1_XC282098.ogg.npy,bladro1
rorpar_XC506679.ogg.npy,rorpar
zitcis1_XC289349.ogg.npy,zitcis1
comkin1_XC823375.ogg.npy,comkin1
putbab1_XC197103.ogg.npy,putbab1
comtai1_XC571423.ogg.npy,comtai1
eaywag1_XC650553.ogg.npy,eaywag1
purswa3_XC857308.ogg.npy,purswa3
brwjac1_XC697573.ogg.npy,brwjac1
barswa_XC481652.ogg.npy,barswa
comros_XC477439.ogg.npy,comros
litgre1_XC715187.ogg.npy,litgre1
aspswi1_XC578478.ogg.npy,aspswi1
asikoe2_XC560109.ogg.npy,asikoe2
grewar3_XC189948.ogg.npy,grewar3
bkrfla1_XC209206.ogg.npy,bkrfla1
eurcoo_XC546322.ogg.npy,eurcoo
greegr_XC765537.ogg.npy,greegr
commoo3_XC593478.ogg.npy,commoo3
blhori1_XC628385.ogg.npy,blhori1
rocpig_XC74355.ogg.npy,rocpig
tibfly3_XC663928.ogg.npy,tibfly3
whbwoo2_XC383184.ogg.npy,whbwoo2
wemhar1_XC605997.ogg.npy,wemhar1
mawthr1_XC614948.ogg.npy,mawthr1
litegr_XC333868.ogg.npy,litegr
stbkin1_XC404473.ogg.npy,stbkin1
rocpig_XC726245.ogg.npy,rocpig
gybpri1_XC620791.ogg.npy,gybpri1
rorpar_XC572399.ogg.npy,rorpar
kenplo1_XC844779.ogg.npy,kenplo1
wemhar1_XC377179.ogg.npy,wemhar1
eurcoo_XC601605.ogg.npy,eurcoo
compea_XC343013.ogg.npy,compea
goflea1_XC433939.ogg.npy,goflea1
rocpig_XC170450.ogg.npy,rocpig
brasta1_XC334046.ogg.npy,brasta1
purher1_XC681885.ogg.npy,purher1
eurcoo_XC429784.ogg.npy,eurcoo
litgre1_XC555650.ogg.npy,litgre1
commyn_XC323378.ogg.npy,commyn
grnwar1_XC740637.ogg.npy,grnwar1
graher1_XC432231.ogg.npy,graher1
purher1_XC846061.ogg.npy,purher1
ashdro1_XC574750.ogg.npy,ashdro1
lirplo_XC523191.ogg.npy,lirplo
gyhcaf1_XC719999.ogg.npy,gyhcaf1
eurcoo_XC528500.ogg.npy,eurcoo
eaywag1_XC714459.ogg.npy,eaywag1
btbeat1_XC741387.ogg.npy,btbeat1
lblwar1_XC610339.ogg.npy,lblwar1
plapri1_XC683308.ogg.npy,plapri1
grywag_XC753778.ogg.npy,grywag
bcnher_XC681995.ogg.npy,bcnher
houspa_XC619794.ogg.npy,houspa
rerswa1_XC432571.ogg.npy,rerswa1
commyn_XC73134.ogg.npy,commyn
shikra1_XC466298.ogg.npy,shikra1
grenig1_XC130887.ogg.npy,grenig1
lesyel1_XC406135.ogg.npy,lesyel1
nutman_XC295832.ogg.npy,nutman
houspa_XC767852.ogg.npy,houspa
comior1_XC730885.ogg.npy,comior1
gargan_XC708866.ogg.npy,gargan
compea_XC487795.ogg.npy,compea
litswi1_XC443712.ogg.npy,litswi1
wemhar1_XC447442.ogg.npy,wemhar1
hoopoe_XC734268.ogg.npy,hoopoe
malwoo1_XC237600.ogg.npy,malwoo1
grefla1_XC371650.ogg.npy,grefla1
labcro1_XC409605.ogg.npy,labcro1
gybpri1_XC740171.ogg.npy,gybpri1
grewar3_XC206316.ogg.npy,grewar3
purher1_XC546670.ogg.npy,purher1
junowl1_XC741586.ogg.npy,junowl1
eaywag1_XC588471.ogg.npy,eaywag1
whtkin2_XC74827.ogg.npy,whtkin2
hoopoe_XC639406.ogg.npy,hoopoe
bcnher_XC702327.ogg.npy,bcnher
zitcis1_XC307173.ogg.npy,zitcis1
bladro1_XC287243.ogg.npy,bladro1
ruftre2_XC122847.ogg.npy,ruftre2
pursun4_XC448610.ogg.npy,pursun4
whiter2_XC266237.ogg.npy,whiter2
rorpar_XC844372.ogg.npy,rorpar
whbwat1_XC767766.ogg.npy,whbwat1
greegr_XC678001.ogg.npy,greegr
sttwoo1_XC335666.ogg.npy,sttwoo1
rorpar_XC770082.ogg.npy,rorpar
litegr_XC590347.ogg.npy,litegr
grnsan_XC175466.ogg.npy,grnsan
marsan_XC187761.ogg.npy,marsan
nutman_XC613898.ogg.npy,nutman
eurcoo_XC148767.ogg.npy,eurcoo
litgre1_XC709114.ogg.npy,litgre1
eaywag1_XC714888.ogg.npy,eaywag1
spodov_XC510573.ogg.npy,spodov
eurcoo_XC429343.ogg.npy,eurcoo
brodro1_XC150945.ogg.npy,brodro1
commyn_XC282869.ogg.npy,commyn
labcro1_XC146013.ogg.npy,labcro1
wemhar1_XC670222.ogg.npy,wemhar1
grywag_XC527597.ogg.npy,grywag
graher1_XC489441.ogg.npy,graher1
grywag_XC618175.ogg.npy,grywag
grtdro1_XC283546.ogg.npy,grtdro1
grnwar1_XC207636.ogg.npy,grnwar1
hoopoe_XC291955.ogg.npy,hoopoe
grnsan_XC798164.ogg.npy,grnsan
comsan_XC647793.ogg.npy,comsan
commyn_XC519640.ogg.npy,commyn
eurcoo_XC642226.ogg.npy,eurcoo
shikra1_XC857062.ogg.npy,shikra1
graher1_XC644263.ogg.npy,graher1
comsan_XC417694.ogg.npy,comsan
grnsan_XC581104.ogg.npy,grnsan
houcro1_XC208684.ogg.npy,houcro1
comkin1_XC829207.ogg.npy,comkin1
brnhao1_XC652978.ogg.npy,brnhao1
putbab1_XC400533.ogg.npy,putbab1
comgre_XC643771.ogg.npy,comgre
eurcoo_XC605089.ogg.npy,eurcoo
blnmon1_XC856068.ogg.npy,blnmon1
barswa_XC284630.ogg.npy,barswa
blrwar1_XC248144.ogg.npy,blrwar1
brnshr_XC458648.ogg.npy,brnshr
blakit1_XC757061.ogg.npy,blakit1
lirplo_XC716986.ogg.npy,lirplo
brnshr_XC187013.ogg.npy,brnshr
piekin1_XC615842.ogg.npy,piekin1
greegr_XC257309.ogg.npy,greegr
rerswa1_XC175388.ogg.npy,rerswa1
comkin1_XC188954.ogg.npy,comkin1
woosan_XC672984.ogg.npy,woosan
whbwat1_XC787528.ogg.npy,whbwat1
thbwar1_XC266173.ogg.npy,thbwar1
bkwsti_XC554105.ogg.npy,bkwsti
woosan_XC310586.ogg.npy,woosan
hoopoe_XC516341.ogg.npy,hoopoe
purher1_XC585747.ogg.npy,purher1
gargan_XC713459.ogg.npy,gargan
litswi1_XC440155.ogg.npy,litswi1
orihob2_XC707208.ogg.npy,orihob2
gloibi_XC263316.ogg.npy,gloibi
houspa_XC443100.ogg.npy,houspa
commyn_XC114748.ogg.npy,commyn
blrwar1_XC113371.ogg.npy,blrwar1
litgre1_XC630635.ogg.npy,litgre1
comgre_XC675956.ogg.npy,comgre
piekin1_XC514864.ogg.npy,piekin1
rewbul_XC210181.ogg.npy,rewbul
bkskit1_XC360641.ogg.npy,bkskit1
comior1_XC151304.ogg.npy,comior1
rocpig_XC217672.ogg.npy,rocpig
pabflo1_XC207881.ogg.npy,pabflo1
litegr_XC687072.ogg.npy,litegr
grnsan_XC580093.ogg.npy,grnsan
grewar3_XC423127.ogg.npy,grewar3
rorpar_XC331919.ogg.npy,rorpar
placuc3_XC181937.ogg.npy,placuc3
rufwoo2_XC725688.ogg.npy,rufwoo2
blrwar1_XC122439.ogg.npy,blrwar1
blnmon1_XC206711.ogg.npy,blnmon1
rossta2_XC565100.ogg.npy,rossta2
sohmyn1_XC469478.ogg.npy,sohmyn1
grtdro1_XC150642.ogg.npy,grtdro1
comsan_XC667807.ogg.npy,comsan
rewbul_XC414674.ogg.npy,rewbul
rorpar_XC155347.ogg.npy,rorpar
eurcoo_XC780951.ogg.npy,eurcoo
pursun4_XC362058.ogg.npy,pursun4
ruftre2_XC310803.ogg.npy,ruftre2
asbfly_XC687953.ogg.npy,asbfly
whiter2_XC770348.ogg.npy,whiter2
lirplo_XC789730.ogg.npy,lirplo
zitcis1_XC570083.ogg.npy,zitcis1
litspi1_XC126805.ogg.npy,litspi1
sttwoo1_XC615776.ogg.npy,sttwoo1
brfowl1_XC522123.ogg.npy,brfowl1
comkin1_XC217527.ogg.npy,comkin1
whiter2_XC586729.ogg.npy,whiter2
labcro1_XC344446.ogg.npy,labcro1
rerswa1_XC830658.ogg.npy,rerswa1
grewar3_XC252037.ogg.npy,grewar3
comkin1_XC465069.ogg.npy,comkin1
grnsan_XC857940.ogg.npy,grnsan
kenplo1_XC718530.ogg.npy,kenplo1
vehpar1_XC295023.ogg.npy,vehpar1
whtkin2_XC540087.ogg.npy,whtkin2
categr_XC453176.ogg.npy,categr
comsan_XC577943.ogg.npy,comsan
shikra1_XC637309.ogg.npy,shikra1
comkin1_XC835513.ogg.npy,comkin1
blrwar1_XC734269.ogg.npy,blrwar1
comkin1_XC404685.ogg.npy,comkin1
comkin1_XC462876.ogg.npy,comkin1
rorpar_XC651773.ogg.npy,rorpar
grnwar1_XC857711.ogg.npy,grnwar1
comkin1_XC282197.ogg.npy,comkin1
wynlau1_XC338441.ogg.npy,wynlau1
plapri1_XC607212.ogg.npy,plapri1
spoowl1_XC768277.ogg.npy,spoowl1
whbwat1_XC659585.ogg.npy,whbwat1
marsan_XC120423.ogg.npy,marsan
blrwar1_XC184125.ogg.npy,blrwar1
commoo3_XC225356.ogg.npy,commoo3
whbwat1_XC576723.ogg.npy,whbwat1
blnmon1_XC615164.ogg.npy,blnmon1
bkcbul1_XC209941.ogg.npy,bkcbul1
zitcis1_XC195732.ogg.npy,zitcis1
brwjac1_XC845759.ogg.npy,brwjac1
rocpig_XC149044.ogg.npy,rocpig
piebus1_XC389524.ogg.npy,piebus1
grtdro1_XC721649.ogg.npy,grtdro1
bcnher_XC554193.ogg.npy,bcnher
labcro1_XC284771.ogg.npy,labcro1
commyn_XC804370.ogg.npy,commyn
litegr_XC333913.ogg.npy,litegr
zitcis1_XC711288.ogg.npy,zitcis1
comkin1_XC185463.ogg.npy,comkin1
eurcoo_XC367463.ogg.npy,eurcoo
comtai1_XC441532.ogg.npy,comtai1
labcro1_XC350538.ogg.npy,labcro1
grewar3_XC600112.ogg.npy,grewar3
greegr_XC847143.ogg.npy,greegr
rewlap1_XC481294.ogg.npy,rewlap1
eucdov_XC822210.ogg.npy,eucdov
categr_XC124271.ogg.npy,categr
grywag_XC312317.ogg.npy,grywag
eucdov_XC672013.ogg.npy,eucdov
dafbab1_XC157972.ogg.npy,dafbab1
zitcis1_XC563066.ogg.npy,zitcis1
grecou1_XC359292.ogg.npy,grecou1
blrwar1_XC185001.ogg.npy,blrwar1
lirplo_XC714693.ogg.npy,lirplo
comgre_XC389753.ogg.npy,comgre
oripip1_XC240453.ogg.npy,oripip1
whtkin2_XC295725.ogg.npy,whtkin2
comgre_XC602468.ogg.npy,comgre
crseag1_XC635557.ogg.npy,crseag1
bkwsti_XC726189.ogg.npy,bkwsti
indrol2_XC487524.ogg.npy,indrol2
comsan_XC555208.ogg.npy,comsan
eurcoo_XC479219.ogg.npy,eurcoo
commoo3_XC748754.ogg.npy,commoo3
hoopoe_XC478800.ogg.npy,hoopoe
moipig1_XC349486.ogg.npy,moipig1
grewar3_XC809436.ogg.npy,grewar3
commoo3_XC784581.ogg.npy,commoo3
zitcis1_XC378556.ogg.npy,zitcis1
grtdro1_XC365424.ogg.npy,grtdro1
eucdov_XC555806.ogg.npy,eucdov
bkcbul1_XC777489.ogg.npy,bkcbul1
comior1_XC575676.ogg.npy,comior1
stbkin1_XC665741.ogg.npy,stbkin1
asbfly_XC821324.ogg.npy,asbfly
eurcoo_XC462663.ogg.npy,eurcoo
putbab1_XC256286.ogg.npy,putbab1
grywag_XC797914.ogg.npy,grywag
gyhcaf1_XC290284.ogg.npy,gyhcaf1
grywag_XC561790.ogg.npy,grywag
commoo3_XC750732.ogg.npy,commoo3
blakit1_XC304295.ogg.npy,blakit1
rewbul_XC400857.ogg.npy,rewbul
rerswa1_XC423984.ogg.npy,rerswa1
bkwsti_XC734228.ogg.npy,bkwsti
comros_XC184133.ogg.npy,comros
eaywag1_XC558428.ogg.npy,eaywag1
brnshr_XC288563.ogg.npy,brnshr
greegr_XC758130.ogg.npy,greegr
gargan_XC733439.ogg.npy,gargan
woosan_XC545316.ogg.npy,woosan
asikoe2_XC208590.ogg.npy,asikoe2
rorpar_XC858127.ogg.npy,rorpar
lblwar1_XC267141.ogg.npy,lblwar1
tilwar1_XC768874.ogg.npy,tilwar1
brodro1_XC112566.ogg.npy,brodro1
woosan_XC580129.ogg.npy,woosan
woosan_XC799991.ogg.npy,woosan
zitcis1_XC634274.ogg.npy,zitcis1
comsan_XC548689.ogg.npy,comsan
eaywag1_XC184873.ogg.npy,eaywag1
labcro1_XC266777.ogg.npy,labcro1
rufwoo2_XC393952.ogg.npy,rufwoo2
whiter2_XC571475.ogg.npy,whiter2
indrob1_XC647289.ogg.npy,indrob1
blakit1_XC337366.ogg.npy,blakit1
gyhcaf1_XC116706.ogg.npy,gyhcaf1
houspa_XC168479.ogg.npy,houspa
greegr_XC425957.ogg.npy,greegr
grtdro1_XC576678.ogg.npy,grtdro1
commoo3_XC701657.ogg.npy,commoo3
bcnher_XC792380.ogg.npy,bcnher
cohcuc1_XC412924.ogg.npy,cohcuc1
bkwsti_XC820409.ogg.npy,bkwsti
eurcoo_XC781994.ogg.npy,eurcoo
houspa_XC578609.ogg.npy,houspa
comros_XC766285.ogg.npy,comros
brodro1_XC794297.ogg.npy,brodro1
litegr_XC453351.ogg.npy,litegr
barswa_XC361243.ogg.npy,barswa
categr_XC734223.ogg.npy,categr
barswa_XC807259.ogg.npy,barswa
revbul_XC198407.ogg.npy,revbul
gyhcaf1_XC264972.ogg.npy,gyhcaf1
grywag_XC470711.ogg.npy,grywag
ashpri1_XC665296.ogg.npy,ashpri1
whbwat1_XC842521.ogg.npy,whbwat1
houspa_XC377232.ogg.npy,houspa
cohcuc1_XC241400.ogg.npy,cohcuc1
placuc3_XC260403.ogg.npy,placuc3
bkskit1_XC353810.ogg.npy,bkskit1
brwjac1_XC295484.ogg.npy,brwjac1
bkrfla1_XC208903.ogg.npy,bkrfla1
bkcbul1_XC178275.ogg.npy,bkcbul1
commyn_XC110876.ogg.npy,commyn
grnwar1_XC394614.ogg.npy,grnwar1
spodov_XC335665.ogg.npy,spodov
houspa_XC378162.ogg.npy,houspa
eucdov_XC303261.ogg.npy,eucdov
brnhao1_XC214645.ogg.npy,brnhao1
laudov1_XC405374.ogg.npy,laudov1
labcro1_XC350537.ogg.npy,labcro1
commoo3_XC557906.ogg.npy,commoo3
comtai1_XC665777.ogg.npy,comtai1
grtdro1_XC204128.ogg.npy,grtdro1
comgre_XC493781.ogg.npy,comgre
eucdov_XC367406.ogg.npy,eucdov
putbab1_XC428969.ogg.npy,putbab1
comros_XC736100.ogg.npy,comros
rewbul_XC365208.ogg.npy,rewbul
rufwoo2_XC584102.ogg.npy,rufwoo2
bkwsti_XC649285.ogg.npy,bkwsti
comfla1_XC151330.ogg.npy,comfla1
grewar3_XC144219.ogg.npy,grewar3
rerswa1_XC493838.ogg.npy,rerswa1
bladro1_XC336262.ogg.npy,bladro1
commyn_XC568910.ogg.npy,commyn
whiter2_XC189704.ogg.npy,whiter2
zitcis1_XC474779.ogg.npy,zitcis1
eurcoo_XC710346.ogg.npy,eurcoo
sohmyn1_XC464126.ogg.npy,sohmyn1
cohcuc1_XC649199.ogg.npy,cohcuc1
eaywag1_XC145084.ogg.npy,eaywag1
maltro1_XC613279.ogg.npy,maltro1
rewbul_XC304449.ogg.npy,rewbul
whiter2_XC840778.ogg.npy,whiter2
smamin1_XC295729.ogg.npy,smamin1
houspa_XC771710.ogg.npy,houspa
gloibi_XC788429.ogg.npy,gloibi
commyn_XC585480.ogg.npy,commyn
litegr_XC540592.ogg.npy,litegr
woosan_XC488071.ogg.npy,woosan
lblwar1_XC116278.ogg.npy,lblwar1
gargan_XC164818.ogg.npy,gargan
comgre_XC581824.ogg.npy,comgre
litgre1_XC839570.ogg.npy,litgre1
grnwar1_XC208287.ogg.npy,grnwar1
grewar3_XC415283.ogg.npy,grewar3
grewar3_XC134126.ogg.npy,grewar3
houspa_XC326655.ogg.npy,houspa
comgre_XC494033.ogg.npy,comgre
comkin1_XC591061.ogg.npy,comkin1
rerswa1_XC178391.ogg.npy,rerswa1
litgre1_XC493077.ogg.npy,litgre1
ashpri1_XC788174.ogg.npy,ashpri1
grywag_XC442717.ogg.npy,grywag
litgre1_XC637542.ogg.npy,litgre1
eaywag1_XC761635.ogg.npy,eaywag1
compea_XC644022.ogg.npy,compea
kenplo1_XC184339.ogg.npy,kenplo1
grywag_XC687398.ogg.npy,grywag
kenplo1_XC765286.ogg.npy,kenplo1
comkin1_XC289574.ogg.npy,comkin1
whtkin2_XC633074.ogg.npy,whtkin2
rerswa1_XC736964.ogg.npy,rerswa1
graher1_XC691497.ogg.npy,graher1
putbab1_XC432655.ogg.npy,putbab1
comgre_XC824434.ogg.npy,comgre
blakit1_XC115289.ogg.npy,blakit1
woosan_XC808510.ogg.npy,woosan
eurbla2_XC570919.ogg.npy,eurbla2
zitcis1_XC362759.ogg.npy,zitcis1
bkskit1_XC361610.ogg.npy,bkskit1
litgre1_XC776082.ogg.npy,litgre1
comkin1_XC436263.ogg.npy,comkin1
comsan_XC377716.ogg.npy,comsan
commoo3_XC276745.ogg.npy,commoo3
lblwar1_XC20021.ogg.npy,lblwar1
grnsan_XC741613.ogg.npy,grnsan
eaywag1_XC316740.ogg.npy,eaywag1
grewar3_XC686927.ogg.npy,grewar3
comsan_XC37488.ogg.npy,comsan
grefla1_XC598141.ogg.npy,grefla1
bcnher_XC833091.ogg.npy,bcnher
zitcis1_XC763924.ogg.npy,zitcis1
commyn_XC328236.ogg.npy,commyn
asikoe2_XC345185.ogg.npy,asikoe2
brnhao1_XC619080.ogg.npy,brnhao1
junbab2_XC454042.ogg.npy,junbab2
kenplo1_XC765773.ogg.npy,kenplo1
litegr_XC322608.ogg.npy,litegr
kenplo1_XC768154.ogg.npy,kenplo1
inbrob1_XC402422.ogg.npy,inbrob1
comsan_XC607031.ogg.npy,comsan
hoopoe_XC834416.ogg.npy,hoopoe
whbwat1_XC436128.ogg.npy,whbwat1
rocpig_XC840432.ogg.npy,rocpig
commoo3_XC569721.ogg.npy,commoo3
categr_XC774052.ogg.npy,categr
brnshr_XC844614.ogg.npy,brnshr
labcro1_XC31360.ogg.npy,labcro1
grewar3_XC319510.ogg.npy,grewar3
bcnher_XC816423.ogg.npy,bcnher
rewbul_XC571424.ogg.npy,rewbul
rerswa1_XC411312.ogg.npy,rerswa1
bcnher_XC128633.ogg.npy,bcnher
insbab1_XC410546.ogg.npy,insbab1
asikoe2_XC435845.ogg.npy,asikoe2
commoo3_XC691597.ogg.npy,commoo3
brodro1_XC798074.ogg.npy,brodro1
grewar3_XC284851.ogg.npy,grewar3
bkskit1_XC353824.ogg.npy,bkskit1
brcful1_XC256281.ogg.npy,brcful1
ashpri1_XC658723.ogg.npy,ashpri1
wemhar1_XC761859.ogg.npy,wemhar1
eurcoo_XC629624.ogg.npy,eurcoo
blrwar1_XC659098.ogg.npy,blrwar1
comkin1_XC714178.ogg.npy,comkin1
copbar1_XC192037.ogg.npy,copbar1
greegr_XC400277.ogg.npy,greegr
bcnher_XC636236.ogg.npy,bcnher
lblwar1_XC324117.ogg.npy,lblwar1
bkwsti_XC330305.ogg.npy,bkwsti
woosan_XC821351.ogg.npy,woosan
barswa_XC730443.ogg.npy,barswa
comkin1_XC288655.ogg.npy,comkin1
whtkin2_XC40046.ogg.npy,whtkin2
rerswa1_XC672468.ogg.npy,rerswa1
categr_XC687763.ogg.npy,categr
rerswa1_XC701888.ogg.npy,rerswa1
blrwar1_XC805580.ogg.npy,blrwar1
eaywag1_XC651039.ogg.npy,eaywag1
lirplo_XC146830.ogg.npy,lirplo
eucdov_XC282490.ogg.npy,eucdov
hoopoe_XC561578.ogg.npy,hoopoe
comkin1_XC826093.ogg.npy,comkin1
blhori1_XC296430.ogg.npy,blhori1
bcnher_XC670576.ogg.npy,bcnher
comros_XC184797.ogg.npy,comros
vehpar1_XC214032.ogg.npy,vehpar1
kenplo1_XC182882.ogg.npy,kenplo1
whtkin2_XC533623.ogg.npy,whtkin2
grecou1_XC133770.ogg.npy,grecou1
bcnher_XC545468.ogg.npy,bcnher
comtai1_XC684266.ogg.npy,comtai1
bkskit1_XC352580.ogg.npy,bkskit1
hoopoe_XC376682.ogg.npy,hoopoe
barswa_XC733229.ogg.npy,barswa
comsan_XC686336.ogg.npy,comsan
comsan_XC721325.ogg.npy,comsan
litegr_XC333983.ogg.npy,litegr
hoopoe_XC477326.ogg.npy,hoopoe
comkin1_XC424773.ogg.npy,comkin1
asbfly_XC209219.ogg.npy,asbfly
litegr_XC591649.ogg.npy,litegr
zitcis1_XC519920.ogg.npy,zitcis1
grtdro1_XC213914.ogg.npy,grtdro1
lirplo_XC791785.ogg.npy,lirplo
bcnher_XC810518.ogg.npy,bcnher
whiter2_XC182607.ogg.npy,whiter2
commoo3_XC554367.ogg.npy,commoo3
inbrob1_XC214231.ogg.npy,inbrob1
grewar3_XC194550.ogg.npy,grewar3
grywag_XC145210.ogg.npy,grywag
eurcoo_XC840852.ogg.npy,eurcoo
kenplo1_XC807006.ogg.npy,kenplo1
brodro1_XC504186.ogg.npy,brodro1
ashwoo2_XC546354.ogg.npy,ashwoo2
grewar3_XC120445.ogg.npy,grewar3
gargan_XC648547.ogg.npy,gargan
bcnher_XC542153.ogg.npy,bcnher
brwowl1_XC824381.ogg.npy,brwowl1
grnsan_XC645348.ogg.npy,grnsan
brfowl1_XC124214.ogg.npy,brfowl1
moipig1_XC820819.ogg.npy,moipig1
blhori1_XC293004.ogg.npy,blhori1
greegr_XC593431.ogg.npy,greegr
comros_XC458528.ogg.npy,comros
grewar3_XC321353.ogg.npy,grewar3
thbwar1_XC857839.ogg.npy,thbwar1
comros_XC755149.ogg.npy,comros
piekin1_XC680489.ogg.npy,piekin1
hoopoe_XC376683.ogg.npy,hoopoe
comkin1_XC751278.ogg.npy,comkin1
wemhar1_XC592702.ogg.npy,wemhar1
commoo3_XC701369.ogg.npy,commoo3
zitcis1_XC563799.ogg.npy,zitcis1
grewar3_XC488803.ogg.npy,grewar3
comros_XC561652.ogg.npy,comros
lewduc1_XC40037.ogg.npy,lewduc1
rewlap1_XC763923.ogg.npy,rewlap1
kenplo1_XC193588.ogg.npy,kenplo1
asiope1_XC686229.ogg.npy,asiope1
rewbul_XC724568.ogg.npy,rewbul
gyhcaf1_XC31362.ogg.npy,gyhcaf1
ashpri1_XC400635.ogg.npy,ashpri1
graher1_XC701520.ogg.npy,graher1
bladro1_XC814830.ogg.npy,bladro1
blrwar1_XC562700.ogg.npy,blrwar1
comgre_XC714777.ogg.npy,comgre
greegr_XC17012.ogg.npy,greegr
purher1_XC676276.ogg.npy,purher1
whrmun_XC151343.ogg.npy,whrmun
gargan_XC134700.ogg.npy,gargan
comros_XC457675.ogg.npy,comros
comsan_XC644655.ogg.npy,comsan
zitcis1_XC656624.ogg.npy,zitcis1
eurcoo_XC788406.ogg.npy,eurcoo
pabflo1_XC604022.ogg.npy,pabflo1
grewar3_XC183217.ogg.npy,grewar3
comkin1_XC201642.ogg.npy,comkin1
eucdov_XC488718.ogg.npy,eucdov
eaywag1_XC675587.ogg.npy,eaywag1
copbar1_XC293722.ogg.npy,copbar1
hoopoe_XC403575.ogg.npy,hoopoe
eucdov_XC317633.ogg.npy,eucdov
comtai1_XC293546.ogg.npy,comtai1
blrwar1_XC26899.ogg.npy,blrwar1
rorpar_XC809261.ogg.npy,rorpar
comior1_XC313095.ogg.npy,comior1
comkin1_XC373630.ogg.npy,comkin1
comgre_XC680203.ogg.npy,comgre
commyn_XC331569.ogg.npy,commyn
blhori1_XC426339.ogg.npy,blhori1
rerswa1_XC701892.ogg.npy,rerswa1
graher1_XC674437.ogg.npy,graher1
litgre1_XC549007.ogg.npy,litgre1
greegr_XC302352.ogg.npy,greegr
putbab1_XC464793.ogg.npy,putbab1
eaywag1_XC648997.ogg.npy,eaywag1
blrwar1_XC478485.ogg.npy,blrwar1
nutman_XC710264.ogg.npy,nutman
blnmon1_XC112595.ogg.npy,blnmon1
houspa_XC167597.ogg.npy,houspa
whbwat1_XC854698.ogg.npy,whbwat1
rorpar_XC856220.ogg.npy,rorpar
comtai1_XC116531.ogg.npy,comtai1
insowl1_XC264268.ogg.npy,insowl1
bcnher_XC603714.ogg.npy,bcnher
hoopoe_XC554669.ogg.npy,hoopoe
whiter2_XC588216.ogg.npy,whiter2
commoo3_XC184398.ogg.npy,commoo3
lirplo_XC591098.ogg.npy,lirplo
graher1_XC616769.ogg.npy,graher1
gargan_XC26963.ogg.npy,gargan
litegr_XC840869.ogg.npy,litegr
stbkin1_XC406408.ogg.npy,stbkin1
bcnher_XC833410.ogg.npy,bcnher
litgre1_XC832171.ogg.npy,litgre1
brodro1_XC844001.ogg.npy,brodro1
putbab1_XC206397.ogg.npy,putbab1
eaywag1_XC670059.ogg.npy,eaywag1
comior1_XC769798.ogg.npy,comior1
litgre1_XC724874.ogg.npy,litgre1
lobsun2_XC340542.ogg.npy,lobsun2
rorpar_XC606452.ogg.npy,rorpar
rorpar_XC522614.ogg.npy,rorpar
comgre_XC385095.ogg.npy,comgre
grewar3_XC420092.ogg.npy,grewar3
eurcoo_XC462903.ogg.npy,eurcoo
eurcoo_XC610589.ogg.npy,eurcoo
comkin1_XC763690.ogg.npy,comkin1
grnwar1_XC343018.ogg.npy,grnwar1
cregos1_XC629842.ogg.npy,cregos1
blrwar1_XC149210.ogg.npy,blrwar1
eucdov_XC553498.ogg.npy,eucdov
lirplo_XC545409.ogg.npy,lirplo
maltro1_XC213961.ogg.npy,maltro1
pursun4_XC452272.ogg.npy,pursun4
grywag_XC770484.ogg.npy,grywag
grywag_XC753513.ogg.npy,grywag
grewar3_XC342543.ogg.npy,grewar3
zitcis1_XC309299.ogg.npy,zitcis1
brnshr_XC399000.ogg.npy,brnshr
nutman_XC789686.ogg.npy,nutman
bkwsti_XC514731.ogg.npy,bkwsti
eaywag1_XC465613.ogg.npy,eaywag1
comsan_XC606345.ogg.npy,comsan
blrwar1_XC659110.ogg.npy,blrwar1
blnmon1_XC490544.ogg.npy,blnmon1
bcnher_XC393153.ogg.npy,bcnher
vehpar1_XC715630.ogg.npy,vehpar1
eaywag1_XC592475.ogg.npy,eaywag1
whiter2_XC185153.ogg.npy,whiter2
comsan_XC371996.ogg.npy,comsan
hoopoe_XC437486.ogg.npy,hoopoe
grnwar1_XC832411.ogg.npy,grnwar1
barfly1_XC856380.ogg.npy,barfly1
lirplo_XC547915.ogg.npy,lirplo
thbwar1_XC727519.ogg.npy,thbwar1
eucdov_XC550549.ogg.npy,eucdov
bcnher_XC784972.ogg.npy,bcnher
revbul_XC269715.ogg.npy,revbul
grnsan_XC750421.ogg.npy,grnsan
rocpig_XC787011.ogg.npy,rocpig
comsan_XC578511.ogg.npy,comsan
redspu1_XC312771.ogg.npy,redspu1
eurcoo_XC428629.ogg.npy,eurcoo
yebbul3_XC343912.ogg.npy,yebbul3
labcro1_XC702120.ogg.npy,labcro1
piebus1_XC240349.ogg.npy,piebus1
pursun4_XC192187.ogg.npy,pursun4
grtdro1_XC372568.ogg.npy,grtdro1
grnsan_XC132103.ogg.npy,grnsan
comior1_XC788329.ogg.npy,comior1
grywag_XC587467.ogg.npy,grywag
brwjac1_XC488675.ogg.npy,brwjac1
comros_XC729134.ogg.npy,comros
blhori1_XC820723.ogg.npy,blhori1
shikra1_XC623720.ogg.npy,shikra1
greegr_XC518944.ogg.npy,greegr
whbwoo2_XC239509.ogg.npy,whbwoo2
grecou1_XC764540.ogg.npy,grecou1
grefla1_XC682028.ogg.npy,grefla1
wemhar1_XC797665.ogg.npy,wemhar1
comsan_XC577972.ogg.npy,comsan
btbeat1_XC352353.ogg.npy,btbeat1
eaywag1_XC739004.ogg.npy,eaywag1
bkwsti_XC614703.ogg.npy,bkwsti
oripip1_XC204920.ogg.npy,oripip1
comgre_XC736359.ogg.npy,comgre
eurbla2_XC574614.ogg.npy,eurbla2
comros_XC457663.ogg.npy,comros
indpit1_XC417097.ogg.npy,indpit1
bkcbul1_XC214647.ogg.npy,bkcbul1
hoopoe_XC802070.ogg.npy,hoopoe
zitcis1_XC749223.ogg.npy,zitcis1
whbtre1_XC348378.ogg.npy,whbtre1
whbwat1_XC707487.ogg.npy,whbwat1
copbar1_XC665269.ogg.npy,copbar1
piekin1_XC127492.ogg.npy,piekin1
eaywag1_XC791712.ogg.npy,eaywag1
comsan_XC551242.ogg.npy,comsan
blakit1_XC330332.ogg.npy,blakit1
gloibi_XC702387.ogg.npy,gloibi
categr_XC194457.ogg.npy,categr
grnwar1_XC482685.ogg.npy,grnwar1
rossta2_XC417293.ogg.npy,rossta2
comgre_XC552662.ogg.npy,comgre
litgre1_XC771488.ogg.npy,litgre1
litspi1_XC115231.ogg.npy,litspi1
grejun2_XC555778.ogg.npy,grejun2
ruftre2_XC214230.ogg.npy,ruftre2
eaywag1_XC661255.ogg.npy,eaywag1
grtdro1_XC303535.ogg.npy,grtdro1
grecou1_XC764538.ogg.npy,grecou1
smamin1_XC121369.ogg.npy,smamin1
commoo3_XC811328.ogg.npy,commoo3
comgre_XC748952.ogg.npy,comgre
litspi1_XC653407.ogg.npy,litspi1
bladro1_XC209549.ogg.npy,bladro1
grtdro1_XC151470.ogg.npy,grtdro1
grewar3_XC415445.ogg.npy,grewar3
comkin1_XC305667.ogg.npy,comkin1
categr_XC838626.ogg.npy,categr
comtai1_XC309726.ogg.npy,comtai1
greegr_XC746174.ogg.npy,greegr
comsan_XC455722.ogg.npy,comsan
brcful1_XC666158.ogg.npy,brcful1
hoopoe_XC179516.ogg.npy,hoopoe
comgre_XC666314.ogg.npy,comgre
plapri1_XC721172.ogg.npy,plapri1
rufwoo2_XC255432.ogg.npy,rufwoo2
grywag_XC589097.ogg.npy,grywag
grewar3_XC563809.ogg.npy,grewar3
brodro1_XC125349.ogg.npy,brodro1
thbwar1_XC771151.ogg.npy,thbwar1
dafbab1_XC203826.ogg.npy,dafbab1
barswa_XC163458.ogg.npy,barswa
ruftre2_XC210276.ogg.npy,ruftre2
graher1_XC768379.ogg.npy,graher1
bcnher_XC419107.ogg.npy,bcnher
ruftre2_XC614489.ogg.npy,ruftre2
eaywag1_XC675509.ogg.npy,eaywag1
houcro1_XC403956.ogg.npy,houcro1
blnmon1_XC467212.ogg.npy,blnmon1
eaywag1_XC334136.ogg.npy,eaywag1
blrwar1_XC656447.ogg.npy,blrwar1
houcro1_XC116647.ogg.npy,houcro1
bkwsti_XC735087.ogg.npy,bkwsti
litegr_XC288883.ogg.npy,litegr
comsan_XC740418.ogg.npy,comsan
gloibi_XC761307.ogg.npy,gloibi
graher1_XC438368.ogg.npy,graher1
eucdov_XC507349.ogg.npy,eucdov
grywag_XC734824.ogg.npy,grywag
houspa_XC376476.ogg.npy,houspa
gyhcaf1_XC646563.ogg.npy,gyhcaf1
comgre_XC678628.ogg.npy,comgre
eurcoo_XC794611.ogg.npy,eurcoo
whrmun_XC711674.ogg.npy,whrmun
comsan_XC144768.ogg.npy,comsan
whiter2_XC403840.ogg.npy,whiter2
bcnher_XC421615.ogg.npy,bcnher
rocpig_XC528215.ogg.npy,rocpig
comgre_XC748377.ogg.npy,comgre
greegr_XC605061.ogg.npy,greegr
asikoe2_XC858894.ogg.npy,asikoe2
blrwar1_XC568129.ogg.npy,blrwar1
copbar1_XC710195.ogg.npy,copbar1
litspi1_XC307335.ogg.npy,litspi1
asikoe2_XC665231.ogg.npy,asikoe2
grywag_XC825601.ogg.npy,grywag
blakit1_XC292781.ogg.npy,blakit1
commoo3_XC597213.ogg.npy,commoo3
laudov1_XC266679.ogg.npy,laudov1
cohcuc1_XC392201.ogg.npy,cohcuc1
whbwoo2_XC336536.ogg.npy,whbwoo2
ruftre2_XC210277.ogg.npy,ruftre2
comtai1_XC754470.ogg.npy,comtai1
stbkin1_XC857063.ogg.npy,stbkin1
pursun3_XC209052.ogg.npy,pursun3
zitcis1_XC124995.ogg.npy,zitcis1
hoopoe_XC413324.ogg.npy,hoopoe
graher1_XC857972.ogg.npy,graher1
woosan_XC840776.ogg.npy,woosan
brnhao1_XC197755.ogg.npy,brnhao1
grywag_XC802631.ogg.npy,grywag
ruftre2_XC627899.ogg.npy,ruftre2
asikoe2_XC735665.ogg.npy,asikoe2
crseag1_XC816752.ogg.npy,crseag1
comkin1_XC288184.ogg.npy,comkin1
grtdro1_XC150637.ogg.npy,grtdro1
lirplo_XC659708.ogg.npy,lirplo
comfla1_XC558424.ogg.npy,comfla1
houspa_XC233324.ogg.npy,houspa
comros_XC199246.ogg.npy,comros
grnsan_XC831885.ogg.npy,grnsan
blnmon1_XC150934.ogg.npy,blnmon1
blrwar1_XC477630.ogg.npy,blrwar1
lirplo_XC639138.ogg.npy,lirplo
brodro1_XC191846.ogg.npy,brodro1
grewar3_XC568687.ogg.npy,grewar3
bkcbul1_XC741501.ogg.npy,bkcbul1
grywag_XC323342.ogg.npy,grywag
ashpri1_XC116341.ogg.npy,ashpri1
brasta1_XC573220.ogg.npy,brasta1
cohcuc1_XC331245.ogg.npy,cohcuc1
vefnut1_XC152715.ogg.npy,vefnut1
labcro1_XC802905.ogg.npy,labcro1
labcro1_XC266490.ogg.npy,labcro1
bkwsti_XC380957.ogg.npy,bkwsti
grywag_XC836264.ogg.npy,grywag
sohmyn1_XC654980.ogg.npy,sohmyn1
nutman_XC448801.ogg.npy,nutman
rossta2_XC755716.ogg.npy,rossta2
litgre1_XC780091.ogg.npy,litgre1
eurcoo_XC180129.ogg.npy,eurcoo
brnshr_XC823995.ogg.npy,brnshr
houspa_XC553553.ogg.npy,houspa
comior1_XC174985.ogg.npy,comior1
grtdro1_XC730923.ogg.npy,grtdro1
grtdro1_XC540082.ogg.npy,grtdro1
hoopoe_XC309599.ogg.npy,hoopoe
rutfly6_XC307615.ogg.npy,rutfly6
lirplo_XC371008.ogg.npy,lirplo
grnwar1_XC505336.ogg.npy,grnwar1
comsan_XC662508.ogg.npy,comsan
graher1_XC391304.ogg.npy,graher1
spodov_XC484953.ogg.npy,spodov
categr_XC422247.ogg.npy,categr
pursun4_XC687324.ogg.npy,pursun4
comsan_XC769759.ogg.npy,comsan
hoopoe_XC704170.ogg.npy,hoopoe
btbeat1_XC150621.ogg.npy,btbeat1
greegr_XC615285.ogg.npy,greegr
categr_XC304252.ogg.npy,categr
wemhar1_XC189347.ogg.npy,wemhar1
litgre1_XC557455.ogg.npy,litgre1
asikoe2_XC610602.ogg.npy,asikoe2
litegr_XC333880.ogg.npy,litegr
asikoe2_XC732534.ogg.npy,asikoe2
bladro1_XC402089.ogg.npy,bladro1
revbul_XC207653.ogg.npy,revbul
placuc3_XC380361.ogg.npy,placuc3
btbeat1_XC741391.ogg.npy,btbeat1
woosan_XC821350.ogg.npy,woosan
bkskit1_XC350259.ogg.npy,bkskit1
kenplo1_XC814069.ogg.npy,kenplo1
comgre_XC200245.ogg.npy,comgre
bncwoo3_XC197598.ogg.npy,bncwoo3
brnshr_XC858075.ogg.npy,brnshr
blhori1_XC425603.ogg.npy,blhori1
grejun2_XC206400.ogg.npy,grejun2
lirplo_XC551470.ogg.npy,lirplo
brwjac1_XC466295.ogg.npy,brwjac1
grnsan_XC580023.ogg.npy,grnsan
hoopoe_XC365028.ogg.npy,hoopoe
bkskit1_XC513399.ogg.npy,bkskit1
stbkin1_XC292541.ogg.npy,stbkin1
houspa_XC827043.ogg.npy,houspa
kenplo1_XC714953.ogg.npy,kenplo1
tibfly3_XC560464.ogg.npy,tibfly3
bwfshr1_XC628812.ogg.npy,bwfshr1
comkin1_XC742061.ogg.npy,comkin1
bkcbul1_XC214031.ogg.npy,bkcbul1
bkskit1_XC352572.ogg.npy,bkskit1
bkskit1_XC351395.ogg.npy,bkskit1
bladro1_XC507725.ogg.npy,bladro1
brwowl1_XC742655.ogg.npy,brwowl1
blakit1_XC765078.ogg.npy,blakit1
blhori1_XC684107.ogg.npy,blhori1
grnsan_XC645295.ogg.npy,grnsan
grnsan_XC666847.ogg.npy,grnsan
oripip1_XC557444.ogg.npy,oripip1
litgre1_XC567963.ogg.npy,litgre1
wemhar1_XC143954.ogg.npy,wemhar1
forwag1_XC815412.ogg.npy,forwag1
comtai1_XC540352.ogg.npy,comtai1
grywag_XC256833.ogg.npy,grywag
barswa_XC568943.ogg.npy,barswa
grywag_XC834990.ogg.npy,grywag
blnmon1_XC239749.ogg.npy,blnmon1
whiter2_XC714121.ogg.npy,whiter2
blrwar1_XC729385.ogg.npy,blrwar1
laudov1_XC155909.ogg.npy,laudov1
whrmun_XC714346.ogg.npy,whrmun
bkskit1_XC198489.ogg.npy,bkskit1
plapri1_XC842681.ogg.npy,plapri1
scamin3_XC207735.ogg.npy,scamin3
litegr_XC586203.ogg.npy,litegr
greegr_XC455629.ogg.npy,greegr
eucdov_XC657884.ogg.npy,eucdov
comros_XC199242.ogg.npy,comros
grnsan_XC586065.ogg.npy,grnsan
comtai1_XC784199.ogg.npy,comtai1
gyhcaf1_XC744697.ogg.npy,gyhcaf1
gloibi_XC744142.ogg.npy,gloibi
whbwat1_XC637240.ogg.npy,whbwat1
eurcoo_XC552035.ogg.npy,eurcoo
labcro1_XC309572.ogg.npy,labcro1
grewar3_XC431694.ogg.npy,grewar3
bcnher_XC763194.ogg.npy,bcnher
whrmun_XC839539.ogg.npy,whrmun
labcro1_XC516273.ogg.npy,labcro1
bkwsti_XC182738.ogg.npy,bkwsti
shikra1_XC302461.ogg.npy,shikra1
shikra1_XC206429.ogg.npy,shikra1
jerbus2_XC644020.ogg.npy,jerbus2
whtkin2_XC209215.ogg.npy,whtkin2
grnsan_XC843767.ogg.npy,grnsan
brnhao1_XC341569.ogg.npy,brnhao1
crseag1_XC402538.ogg.npy,crseag1
asikoe2_XC779024.ogg.npy,asikoe2
graher1_XC578263.ogg.npy,graher1
nutman_XC585396.ogg.npy,nutman
kenplo1_XC785266.ogg.npy,kenplo1
ingori1_XC185493.ogg.npy,ingori1
gargan_XC182411.ogg.npy,gargan
commoo3_XC585735.ogg.npy,commoo3
spodov_XC203404.ogg.npy,spodov
woosan_XC25111.ogg.npy,woosan
grewar3_XC150107.ogg.npy,grewar3
whbwat1_XC756508.ogg.npy,whbwat1
commoo3_XC760739.ogg.npy,commoo3
blrwar1_XC659087.ogg.npy,blrwar1
eaywag1_XC819478.ogg.npy,eaywag1
gyhcaf1_XC242486.ogg.npy,gyhcaf1
eucdov_XC745082.ogg.npy,eucdov
comros_XC318082.ogg.npy,comros
grnwar1_XC472261.ogg.npy,grnwar1
bcnher_XC592469.ogg.npy,bcnher
grnsan_XC109489.ogg.npy,grnsan
grbeat1_XC509475.ogg.npy,grbeat1
grywag_XC588734.ogg.npy,grywag
eucdov_XC842048.ogg.npy,eucdov
grewar3_XC246719.ogg.npy,grewar3
spodov_XC398668.ogg.npy,spodov
junbab2_XC442113.ogg.npy,junbab2
eaywag1_XC857267.ogg.npy,eaywag1
wemhar1_XC635625.ogg.npy,wemhar1
commyn_XC607469.ogg.npy,commyn
marsan_XC492007.ogg.npy,marsan
grewar3_XC266868.ogg.npy,grewar3
whbwat1_XC303532.ogg.npy,whbwat1
grnsan_XC587162.ogg.npy,grnsan
lblwar1_XC768620.ogg.npy,lblwar1
barswa_XC817803.ogg.npy,barswa
ashdro1_XC114606.ogg.npy,ashdro1
comkin1_XC637804.ogg.npy,comkin1
comsan_XC199227.ogg.npy,comsan
spodov_XC74457.ogg.npy,spodov
litgre1_XC380340.ogg.npy,litgre1
comgre_XC691569.ogg.npy,comgre
eurcoo_XC658163.ogg.npy,eurcoo
litgre1_XC459394.ogg.npy,litgre1
comfla1_XC785516.ogg.npy,comfla1
junbab2_XC116752.ogg.npy,junbab2
comros_XC486711.ogg.npy,comros
hoopoe_XC574180.ogg.npy,hoopoe
categr_XC713127.ogg.npy,categr
blrwar1_XC661761.ogg.npy,blrwar1
barswa_XC567728.ogg.npy,barswa
bkwsti_XC260280.ogg.npy,bkwsti
grnsan_XC788304.ogg.npy,grnsan
rerswa1_XC278139.ogg.npy,rerswa1
eurcoo_XC359034.ogg.npy,eurcoo
comkin1_XC499646.ogg.npy,comkin1
comkin1_XC586003.ogg.npy,comkin1
grywag_XC812493.ogg.npy,grywag
zitcis1_XC485272.ogg.npy,zitcis1
compea_XC412767.ogg.npy,compea
eucdov_XC431893.ogg.npy,eucdov
litspi1_XC505510.ogg.npy,litspi1
grnwar1_XC141517.ogg.npy,grnwar1
graher1_XC794325.ogg.npy,graher1
blrwar1_XC453364.ogg.npy,blrwar1
houspa_XC395228.ogg.npy,houspa
gryfra_XC337047.ogg.npy,gryfra
crseag1_XC764068.ogg.npy,crseag1
woosan_XC646008.ogg.npy,woosan
grewar3_XC448206.ogg.npy,grewar3
ingori1_XC540833.ogg.npy,ingori1
bcnher_XC712079.ogg.npy,bcnher
barswa_XC760840.ogg.npy,barswa
cohcuc1_XC552046.ogg.npy,cohcuc1
barswa_XC660532.ogg.npy,barswa
bkwsti_XC798981.ogg.npy,bkwsti
grnsan_XC743265.ogg.npy,grnsan
eurcoo_XC781873.ogg.npy,eurcoo
graher1_XC689362.ogg.npy,graher1
bkwsti_XC381753.ogg.npy,bkwsti
eurcoo_XC405584.ogg.npy,eurcoo
rewlap1_XC118196.ogg.npy,rewlap1
zitcis1_XC572648.ogg.npy,zitcis1
purher1_XC581126.ogg.npy,purher1
crseag1_XC409348.ogg.npy,crseag1
grewar3_XC599949.ogg.npy,grewar3
lirplo_XC583888.ogg.npy,lirplo
comsan_XC831318.ogg.npy,comsan
litegr_XC592648.ogg.npy,litegr
commoo3_XC549719.ogg.npy,commoo3
eucdov_XC642605.ogg.npy,eucdov
comior1_XC192032.ogg.npy,comior1
ashdro1_XC815452.ogg.npy,ashdro1
dafbab1_XC214141.ogg.npy,dafbab1
cohcuc1_XC320266.ogg.npy,cohcuc1
blrwar1_XC139033.ogg.npy,blrwar1
crbsun2_XC402206.ogg.npy,crbsun2
lesyel1_XC151548.ogg.npy,lesyel1
cregos1_XC631783.ogg.npy,cregos1
eurcoo_XC726561.ogg.npy,eurcoo
grywag_XC792790.ogg.npy,grywag
tilwar1_XC658721.ogg.npy,tilwar1
whtkin2_XC209214.ogg.npy,whtkin2
graher1_XC789438.ogg.npy,graher1
grnsan_XC712535.ogg.npy,grnsan
ruftre2_XC603708.ogg.npy,ruftre2
marsan_XC327251.ogg.npy,marsan
kenplo1_XC791972.ogg.npy,kenplo1
zitcis1_XC237241.ogg.npy,zitcis1
bcnher_XC800593.ogg.npy,bcnher
bladro1_XC646857.ogg.npy,bladro1
bcnher_XC567940.ogg.npy,bcnher
purher1_XC343737.ogg.npy,purher1
zitcis1_XC503149.ogg.npy,zitcis1
yebbul3_XC41384.ogg.npy,yebbul3
putbab1_XC581355.ogg.npy,putbab1
comgre_XC667858.ogg.npy,comgre
houspa_XC527133.ogg.npy,houspa
bcnher_XC799975.ogg.npy,bcnher
asikoe2_XC283132.ogg.npy,asikoe2
whbsho3_XC856478.ogg.npy,whbsho3
litswi1_XC803755.ogg.npy,litswi1
gloibi_XC16977.ogg.npy,gloibi
graher1_XC854607.ogg.npy,graher1
rewlap1_XC686926.ogg.npy,rewlap1
lirplo_XC828907.ogg.npy,lirplo
brnhao1_XC346539.ogg.npy,brnhao1
placuc3_XC590303.ogg.npy,placuc3
graher1_XC834502.ogg.npy,graher1
ruftre2_XC593438.ogg.npy,ruftre2
rossta2_XC576859.ogg.npy,rossta2
zitcis1_XC559943.ogg.npy,zitcis1
houspa_XC736583.ogg.npy,houspa
putbab1_XC645206.ogg.npy,putbab1
stbkin1_XC92641.ogg.npy,stbkin1
whiter2_XC570102.ogg.npy,whiter2
eurcoo_XC793187.ogg.npy,eurcoo
bladro1_XC733134.ogg.npy,bladro1
eucdov_XC704641.ogg.npy,eucdov
gargan_XC409827.ogg.npy,gargan
commoo3_XC748757.ogg.npy,commoo3
greegr_XC468531.ogg.npy,greegr
grejun2_XC431195.ogg.npy,grejun2
grywag_XC203980.ogg.npy,grywag
gargan_XC234612.ogg.npy,gargan
bcnher_XC829464.ogg.npy,bcnher
shikra1_XC156908.ogg.npy,shikra1
rorpar_XC855828.ogg.npy,rorpar
lewduc1_XC124374.ogg.npy,lewduc1
grywag_XC256601.ogg.npy,grywag
purher1_XC664764.ogg.npy,purher1
lobsun2_XC197742.ogg.npy,lobsun2
comros_XC148794.ogg.npy,comros
comgre_XC804943.ogg.npy,comgre
rewbul_XC123010.ogg.npy,rewbul
lirplo_XC701914.ogg.npy,lirplo
rocpig_XC500498.ogg.npy,rocpig
brwowl1_XC575371.ogg.npy,brwowl1
eaywag1_XC423146.ogg.npy,eaywag1
hoopoe_XC617643.ogg.npy,hoopoe
thbwar1_XC485183.ogg.npy,thbwar1
brnhao1_XC19607.ogg.npy,brnhao1
gybpri1_XC709688.ogg.npy,gybpri1
rerswa1_XC469885.ogg.npy,rerswa1
brnshr_XC485118.ogg.npy,brnshr
insbab1_XC296439.ogg.npy,insbab1
litegr_XC779145.ogg.npy,litegr
comtai1_XC442340.ogg.npy,comtai1
graher1_XC467373.ogg.npy,graher1
ruftre2_XC627915.ogg.npy,ruftre2
litgre1_XC486179.ogg.npy,litgre1
ingori1_XC786584.ogg.npy,ingori1
rewbul_XC406125.ogg.npy,rewbul
crseag1_XC295442.ogg.npy,crseag1
whiter2_XC737859.ogg.npy,whiter2
plapri1_XC406624.ogg.npy,plapri1
zitcis1_XC742836.ogg.npy,zitcis1
putbab1_XC196712.ogg.npy,putbab1
eucdov_XC557020.ogg.npy,eucdov
eurcoo_XC545603.ogg.npy,eurcoo
eaywag1_XC373759.ogg.npy,eaywag1
grnsan_XC641001.ogg.npy,grnsan
woosan_XC530492.ogg.npy,woosan
orihob2_XC557293.ogg.npy,orihob2
houspa_XC750567.ogg.npy,houspa
laudov1_XC405368.ogg.npy,laudov1
comior1_XC305930.ogg.npy,comior1
woosan_XC800972.ogg.npy,woosan
blrwar1_XC565995.ogg.npy,blrwar1
graher1_XC608173.ogg.npy,graher1
zitcis1_XC433373.ogg.npy,zitcis1
eurbla2_XC648795.ogg.npy,eurbla2
grtdro1_XC783077.ogg.npy,grtdro1
oripip1_XC700805.ogg.npy,oripip1
whbtre1_XC783991.ogg.npy,whbtre1
kenplo1_XC785272.ogg.npy,kenplo1
laudov1_XC198588.ogg.npy,laudov1
brcful1_XC789886.ogg.npy,brcful1
zitcis1_XC556969.ogg.npy,zitcis1
comtai1_XC845141.ogg.npy,comtai1
graher1_XC716508.ogg.npy,graher1
litgre1_XC824988.ogg.npy,litgre1
brnshr_XC743389.ogg.npy,brnshr
labcro1_XC118464.ogg.npy,labcro1
categr_XC800224.ogg.npy,categr
categr_XC794808.ogg.npy,categr
laudov1_XC444431.ogg.npy,laudov1
grywag_XC701894.ogg.npy,grywag
eaywag1_XC471562.ogg.npy,eaywag1
comgre_XC298405.ogg.npy,comgre
plapri1_XC789829.ogg.npy,plapri1
grtdro1_XC150852.ogg.npy,grtdro1
grnsan_XC641886.ogg.npy,grnsan
eurcoo_XC746497.ogg.npy,eurcoo
bcnher_XC697838.ogg.npy,bcnher
pabflo1_XC681129.ogg.npy,pabflo1
houspa_XC820495.ogg.npy,houspa
purher1_XC496537.ogg.npy,purher1
purher1_XC794531.ogg.npy,purher1
grnsan_XC580600.ogg.npy,grnsan
gargan_XC501881.ogg.npy,gargan
rewbul_XC767513.ogg.npy,rewbul
greegr_XC807348.ogg.npy,greegr
marsan_XC37531.ogg.npy,marsan
commyn_XC680909.ogg.npy,commyn
bkskit1_XC353807.ogg.npy,bkskit1
aspfly1_XC404472.ogg.npy,aspfly1
oripip1_XC468470.ogg.npy,oripip1
lirplo_XC555622.ogg.npy,lirplo
zitcis1_XC516372.ogg.npy,zitcis1
whbwoo2_XC629324.ogg.npy,whbwoo2
tilwar1_XC803260.ogg.npy,tilwar1
stbkin1_XC496185.ogg.npy,stbkin1
chbeat1_XC343056.ogg.npy,chbeat1
comgre_XC761997.ogg.npy,comgre
kenplo1_XC627425.ogg.npy,kenplo1
shikra1_XC74449.ogg.npy,shikra1
putbab1_XC494624.ogg.npy,putbab1
grecou1_XC736179.ogg.npy,grecou1
comtai1_XC612366.ogg.npy,comtai1
nutman_XC151096.ogg.npy,nutman
houcro1_XC681128.ogg.npy,houcro1
grtdro1_XC785381.ogg.npy,grtdro1
grnsan_XC463878.ogg.npy,grnsan
heswoo1_XC399547.ogg.npy,heswoo1
insbab1_XC608140.ogg.npy,insbab1
grewar3_XC587360.ogg.npy,grewar3
blrwar1_XC180592.ogg.npy,blrwar1
comkin1_XC839045.ogg.npy,comkin1
bkskit1_XC350395.ogg.npy,bkskit1
grewar3_XC659340.ogg.npy,grewar3
comros_XC664972.ogg.npy,comros
ruftre2_XC510590.ogg.npy,ruftre2
comgre_XC580120.ogg.npy,comgre
greegr_XC515821.ogg.npy,greegr
comtai1_XC571419.ogg.npy,comtai1
wemhar1_XC741272.ogg.npy,wemhar1
asbfly_XC600171.ogg.npy,asbfly
rewlap1_XC777643.ogg.npy,rewlap1
houspa_XC278423.ogg.npy,houspa
revbul_XC741596.ogg.npy,revbul
nutman_XC618030.ogg.npy,nutman
hoopoe_XC727065.ogg.npy,hoopoe
ashdro1_XC775938.ogg.npy,ashdro1
comgre_XC266351.ogg.npy,comgre
bcnher_XC646781.ogg.npy,bcnher
bkrfla1_XC537852.ogg.npy,bkrfla1
labcro1_XC684623.ogg.npy,labcro1
wemhar1_XC638179.ogg.npy,wemhar1
bkwsti_XC558422.ogg.npy,bkwsti
thbwar1_XC552310.ogg.npy,thbwar1
houspa_XC588855.ogg.npy,houspa
litegr_XC423133.ogg.npy,litegr
litegr_XC499545.ogg.npy,litegr
rorpar_XC545568.ogg.npy,rorpar
comtai1_XC804121.ogg.npy,comtai1
commoo3_XC282749.ogg.npy,commoo3
eurcoo_XC400948.ogg.npy,eurcoo
grewar3_XC504435.ogg.npy,grewar3
commoo3_XC758478.ogg.npy,commoo3
comgre_XC822664.ogg.npy,comgre
grywag_XC131295.ogg.npy,grywag
gargan_XC182412.ogg.npy,gargan
commyn_XC442856.ogg.npy,commyn
commoo3_XC556044.ogg.npy,commoo3
ashwoo2_XC381367.ogg.npy,ashwoo2
bcnher_XC631074.ogg.npy,bcnher
barswa_XC767255.ogg.npy,barswa
gyhcaf1_XC242479.ogg.npy,gyhcaf1
piebus1_XC497084.ogg.npy,piebus1
lirplo_XC383367.ogg.npy,lirplo
litegr_XC333895.ogg.npy,litegr
bkwsti_XC500463.ogg.npy,bkwsti
graher1_XC418735.ogg.npy,graher1
blrwar1_XC418830.ogg.npy,blrwar1
grewar3_XC494912.ogg.npy,grewar3
grywag_XC747321.ogg.npy,grywag
commyn_XC379535.ogg.npy,commyn
lirplo_XC570030.ogg.npy,lirplo
putbab1_XC462448.ogg.npy,putbab1
blakit1_XC422663.ogg.npy,blakit1
rorpar_XC351296.ogg.npy,rorpar
zitcis1_XC704584.ogg.npy,zitcis1
comkin1_XC714198.ogg.npy,comkin1
rorpar_XC855824.ogg.npy,rorpar
ruftre2_XC683048.ogg.npy,ruftre2
gyhcaf1_XC352136.ogg.npy,gyhcaf1
woosan_XC471282.ogg.npy,woosan
gyhcaf1_XC630377.ogg.npy,gyhcaf1
graher1_XC585613.ogg.npy,graher1
bkcbul1_XC362109.ogg.npy,bkcbul1
rewlap1_XC802512.ogg.npy,rewlap1
whbwat1_XC709255.ogg.npy,whbwat1
bkskit1_XC361616.ogg.npy,bkskit1
piekin1_XC615881.ogg.npy,piekin1
bcnher_XC663531.ogg.npy,bcnher
comtai1_XC163905.ogg.npy,comtai1
moipig1_XC240651.ogg.npy,moipig1
comtai1_XC459620.ogg.npy,comtai1
comgre_XC797004.ogg.npy,comgre
rocpig_XC387812.ogg.npy,rocpig
rewlap1_XC402238.ogg.npy,rewlap1
commoo3_XC570752.ogg.npy,commoo3
blrwar1_XC26902.ogg.npy,blrwar1
graher1_XC431402.ogg.npy,graher1
commoo3_XC647774.ogg.npy,commoo3
brnhao1_XC301660.ogg.npy,brnhao1
graher1_XC526870.ogg.npy,graher1
indrol2_XC37519.ogg.npy,indrol2
comros_XC138026.ogg.npy,comros
moipig1_XC204225.ogg.npy,moipig1
grnsan_XC840053.ogg.npy,grnsan
zitcis1_XC435411.ogg.npy,zitcis1
ashpri1_XC330493.ogg.npy,ashpri1
grywag_XC661261.ogg.npy,grywag
commoo3_XC548854.ogg.npy,commoo3
pursun4_XC213696.ogg.npy,pursun4
grnsan_XC488383.ogg.npy,grnsan
litswi1_XC173030.ogg.npy,litswi1
lirplo_XC548732.ogg.npy,lirplo
houspa_XC293933.ogg.npy,houspa
comkin1_XC283497.ogg.npy,comkin1
litspi1_XC165290.ogg.npy,litspi1
gyhcaf1_XC241648.ogg.npy,gyhcaf1
commoo3_XC545123.ogg.npy,commoo3
bkskit1_XC360653.ogg.npy,bkskit1
grewar3_XC639490.ogg.npy,grewar3
grewar3_XC424679.ogg.npy,grewar3
commoo3_XC496974.ogg.npy,commoo3
grnsan_XC570186.ogg.npy,grnsan
cregos1_XC284411.ogg.npy,cregos1
lblwar1_XC411576.ogg.npy,lblwar1
litgre1_XC792113.ogg.npy,litgre1
comsan_XC552592.ogg.npy,comsan
zitcis1_XC570145.ogg.npy,zitcis1
eucdov_XC578845.ogg.npy,eucdov
houcro1_XC402081.ogg.npy,houcro1
comkin1_XC598291.ogg.npy,comkin1
thbwar1_XC323743.ogg.npy,thbwar1
whbwat1_XC210170.ogg.npy,whbwat1
comros_XC579082.ogg.npy,comros
grywag_XC457883.ogg.npy,grywag
comior1_XC399922.ogg.npy,comior1
comior1_XC404057.ogg.npy,comior1
asikoe2_XC347591.ogg.npy,asikoe2
nutman_XC448957.ogg.npy,nutman
zitcis1_XC176036.ogg.npy,zitcis1
rorpar_XC116841.ogg.npy,rorpar
comgre_XC58586.ogg.npy,comgre
litegr_XC576993.ogg.npy,litegr
zitcis1_XC379642.ogg.npy,zitcis1
whrmun_XC777035.ogg.npy,whrmun
commyn_XC203356.ogg.npy,commyn
revbul_XC279623.ogg.npy,revbul
grywag_XC390266.ogg.npy,grywag
laudov1_XC326439.ogg.npy,laudov1
comtai1_XC304010.ogg.npy,comtai1
crbsun2_XC619723.ogg.npy,crbsun2
bcnher_XC551981.ogg.npy,bcnher
graher1_XC403593.ogg.npy,graher1
labcro1_XC612349.ogg.npy,labcro1
grenig1_XC124356.ogg.npy,grenig1
barswa_XC555397.ogg.npy,barswa
whbbul2_XC452271.ogg.npy,whbbul2
grywag_XC202515.ogg.npy,grywag
dafbab1_XC497291.ogg.npy,dafbab1
rorpar_XC647602.ogg.npy,rorpar
putbab1_XC371628.ogg.npy,putbab1
zitcis1_XC268232.ogg.npy,zitcis1
comros_XC324845.ogg.npy,comros
barswa_XC593399.ogg.npy,barswa
comsan_XC500457.ogg.npy,comsan
litegr_XC811945.ogg.npy,litegr
lirplo_XC380178.ogg.npy,lirplo
grywag_XC805030.ogg.npy,grywag
brnshr_XC458651.ogg.npy,brnshr
litgre1_XC782189.ogg.npy,litgre1
graher1_XC182869.ogg.npy,graher1
piekin1_XC74071.ogg.npy,piekin1
litgre1_XC777943.ogg.npy,litgre1
grewar3_XC457382.ogg.npy,grewar3
commyn_XC183810.ogg.npy,commyn
pursun3_XC306702.ogg.npy,pursun3
bkskit1_XC350263.ogg.npy,bkskit1
whbwat1_XC633084.ogg.npy,whbwat1
barfly1_XC856487.ogg.npy,barfly1
comros_XC766284.ogg.npy,comros
commyn_XC397490.ogg.npy,commyn
houspa_XC559874.ogg.npy,houspa
plhpar1_XC416144.ogg.npy,plhpar1
plaflo1_XC208893.ogg.npy,plaflo1
blrwar1_XC150008.ogg.npy,blrwar1
grewar3_XC374962.ogg.npy,grewar3
eucdov_XC774642.ogg.npy,eucdov
grehor1_XC399884.ogg.npy,grehor1
greegr_XC437423.ogg.npy,greegr
copbar1_XC308053.ogg.npy,copbar1
grewar3_XC478110.ogg.npy,grewar3
bkskit1_XC352478.ogg.npy,bkskit1
bkwsti_XC578637.ogg.npy,bkwsti
litspi1_XC407546.ogg.npy,litspi1
putbab1_XC519460.ogg.npy,putbab1
brodro1_XC530108.ogg.npy,brodro1
grtdro1_XC614160.ogg.npy,grtdro1
brnhao1_XC706116.ogg.npy,brnhao1
graher1_XC590235.ogg.npy,graher1
kenplo1_XC474370.ogg.npy,kenplo1
yebbul3_XC786597.ogg.npy,yebbul3
rewlap1_XC74222.ogg.npy,rewlap1
rerswa1_XC734720.ogg.npy,rerswa1
houspa_XC269386.ogg.npy,houspa
comtai1_XC541295.ogg.npy,comtai1
whtkin2_XC431502.ogg.npy,whtkin2
purher1_XC810037.ogg.npy,purher1
laudov1_XC640826.ogg.npy,laudov1
graher1_XC825185.ogg.npy,graher1
lirplo_XC671225.ogg.npy,lirplo
grywag_XC740474.ogg.npy,grywag
litegr_XC333928.ogg.npy,litegr
comgre_XC425080.ogg.npy,comgre
blnmon1_XC406614.ogg.npy,blnmon1
houcro1_XC443062.ogg.npy,houcro1
grewar3_XC190193.ogg.npy,grewar3
plapri1_XC787922.ogg.npy,plapri1
blakit1_XC411133.ogg.npy,blakit1
ashwoo2_XC341867.ogg.npy,ashwoo2
wemhar1_XC454603.ogg.npy,wemhar1
comkin1_XC581603.ogg.npy,comkin1
brwowl1_XC637203.ogg.npy,brwowl1
hoopoe_XC718540.ogg.npy,hoopoe
asikoe2_XC164679.ogg.npy,asikoe2
indpit1_XC141329.ogg.npy,indpit1
bkwsti_XC184419.ogg.npy,bkwsti
eucdov_XC444231.ogg.npy,eucdov
inbrob1_XC402419.ogg.npy,inbrob1
barswa_XC57672.ogg.npy,barswa
spodov_XC359363.ogg.npy,spodov
rorpar_XC832306.ogg.npy,rorpar
eaywag1_XC800546.ogg.npy,eaywag1
asbfly_XC347938.ogg.npy,asbfly
eucdov_XC747818.ogg.npy,eucdov
maghor2_XC113461.ogg.npy,maghor2
grewar3_XC264289.ogg.npy,grewar3
comgre_XC519912.ogg.npy,comgre
ruftre2_XC820806.ogg.npy,ruftre2
comkin1_XC710514.ogg.npy,comkin1
gyhcaf1_XC841099.ogg.npy,gyhcaf1
bkskit1_XC433765.ogg.npy,bkskit1
aspfly1_XC604446.ogg.npy,aspfly1
whrmun_XC654215.ogg.npy,whrmun
houspa_XC718664.ogg.npy,houspa
grewar3_XC504756.ogg.npy,grewar3
zitcis1_XC142812.ogg.npy,zitcis1
rerswa1_XC587231.ogg.npy,rerswa1
putbab1_XC637733.ogg.npy,putbab1
woosan_XC648200.ogg.npy,woosan
commyn_XC332018.ogg.npy,commyn
eaywag1_XC799917.ogg.npy,eaywag1
brodro1_XC625555.ogg.npy,brodro1
commoo3_XC787896.ogg.npy,commoo3
purher1_XC150699.ogg.npy,purher1
comgre_XC782753.ogg.npy,comgre
rorpar_XC630298.ogg.npy,rorpar
graher1_XC433006.ogg.npy,graher1
pabflo1_XC652770.ogg.npy,pabflo1
junbab2_XC19745.ogg.npy,junbab2
asikoe2_XC588843.ogg.npy,asikoe2
bladro1_XC274887.ogg.npy,bladro1
litegr_XC706847.ogg.npy,litegr
comsan_XC367395.ogg.npy,comsan
lirplo_XC812121.ogg.npy,lirplo
orihob2_XC769789.ogg.npy,orihob2
rufbab3_XC155376.ogg.npy,rufbab3
crseag1_XC315636.ogg.npy,crseag1
niwpig1_XC538454.ogg.npy,niwpig1
plaflo1_XC777210.ogg.npy,plaflo1
comkin1_XC502226.ogg.npy,comkin1
comgre_XC367640.ogg.npy,comgre
comros_XC162612.ogg.npy,comros
lirplo_XC675375.ogg.npy,lirplo
hoopoe_XC787619.ogg.npy,hoopoe
labcro1_XC840606.ogg.npy,labcro1
inbrob1_XC207769.ogg.npy,inbrob1
gargan_XC632093.ogg.npy,gargan
grtdro1_XC466799.ogg.npy,grtdro1
comtai1_XC305918.ogg.npy,comtai1
graher1_XC729652.ogg.npy,graher1
rewlap1_XC531068.ogg.npy,rewlap1
comros_XC561853.ogg.npy,comros
pursun4_XC687325.ogg.npy,pursun4
marsan_XC720078.ogg.npy,marsan
eucdov_XC760695.ogg.npy,eucdov
commyn_XC600430.ogg.npy,commyn
woosan_XC664545.ogg.npy,woosan
purher1_XC341124.ogg.npy,purher1
hoopoe_XC657763.ogg.npy,hoopoe
asikoe2_XC393239.ogg.npy,asikoe2
rewbul_XC784304.ogg.npy,rewbul
comkin1_XC785257.ogg.npy,comkin1
bkskit1_XC350399.ogg.npy,bkskit1
graher1_XC491959.ogg.npy,graher1
rorpar_XC309096.ogg.npy,rorpar
graher1_XC789426.ogg.npy,graher1
comkin1_XC185754.ogg.npy,comkin1
commoo3_XC550457.ogg.npy,commoo3
lirplo_XC576991.ogg.npy,lirplo
whtkin2_XC115903.ogg.npy,whtkin2
eucdov_XC728164.ogg.npy,eucdov
grecou1_XC534392.ogg.npy,grecou1
woosan_XC827757.ogg.npy,woosan
gybpri1_XC467426.ogg.npy,gybpri1
greegr_XC167719.ogg.npy,greegr
commyn_XC110880.ogg.npy,commyn
bcnher_XC540547.ogg.npy,bcnher
eucdov_XC668870.ogg.npy,eucdov
graher1_XC551730.ogg.npy,graher1
barswa_XC361810.ogg.npy,barswa
comior1_XC803973.ogg.npy,comior1
junbab2_XC368331.ogg.npy,junbab2
compea_XC124017.ogg.npy,compea
yebbab1_XC465497.ogg.npy,yebbab1
comtai1_XC304226.ogg.npy,comtai1
comros_XC319529.ogg.npy,comros
grtdro1_XC576679.ogg.npy,grtdro1
lirplo_XC818174.ogg.npy,lirplo
wemhar1_XC42182.ogg.npy,wemhar1
eaywag1_XC645707.ogg.npy,eaywag1
hoopoe_XC808509.ogg.npy,hoopoe
blhori1_XC31566.ogg.npy,blhori1
vefnut1_XC320231.ogg.npy,vefnut1
lirplo_XC528567.ogg.npy,lirplo
woosan_XC800595.ogg.npy,woosan
brwowl1_XC448877.ogg.npy,brwowl1
rufwoo2_XC423242.ogg.npy,rufwoo2
whiter2_XC605107.ogg.npy,whiter2
litegr_XC372947.ogg.npy,litegr
comros_XC546991.ogg.npy,comros
litgre1_XC845428.ogg.npy,litgre1
mawthr1_XC443132.ogg.npy,mawthr1
whbwoo2_XC773160.ogg.npy,whbwoo2
hoopoe_XC804255.ogg.npy,hoopoe
greegr_XC196156.ogg.npy,greegr
eurcoo_XC779934.ogg.npy,eurcoo
grbeat1_XC700156.ogg.npy,grbeat1
asbfly_XC741067.ogg.npy,asbfly
graher1_XC384463.ogg.npy,graher1
rocpig_XC348225.ogg.npy,rocpig
litgre1_XC470983.ogg.npy,litgre1
barswa_XC612870.ogg.npy,barswa
purher1_XC497283.ogg.npy,purher1
comkin1_XC824564.ogg.npy,comkin1
rorpar_XC534230.ogg.npy,rorpar
categr_XC845737.ogg.npy,categr
piebus1_XC416853.ogg.npy,piebus1
woosan_XC430418.ogg.npy,woosan
whbwat1_XC788134.ogg.npy,whbwat1
blakit1_XC468287.ogg.npy,blakit1
thbwar1_XC343307.ogg.npy,thbwar1
rufwoo2_XC147233.ogg.npy,rufwoo2
asikoe2_XC734769.ogg.npy,asikoe2
eaywag1_XC740272.ogg.npy,eaywag1
grnsan_XC738226.ogg.npy,grnsan
comsan_XC764252.ogg.npy,comsan
comkin1_XC672790.ogg.npy,comkin1
wemhar1_XC367952.ogg.npy,wemhar1
blakit1_XC467075.ogg.npy,blakit1
whiter2_XC823869.ogg.npy,whiter2
comkin1_XC571413.ogg.npy,comkin1
whbwat1_XC855538.ogg.npy,whbwat1
rewbul_XC301706.ogg.npy,rewbul
grewar3_XC431692.ogg.npy,grewar3
junowl1_XC296425.ogg.npy,junowl1
aspswi1_XC425063.ogg.npy,aspswi1
whbwat1_XC437595.ogg.npy,whbwat1
bwfshr1_XC519891.ogg.npy,bwfshr1
blakit1_XC543161.ogg.npy,blakit1
graher1_XC467834.ogg.npy,graher1
barswa_XC267430.ogg.npy,barswa
indpit1_XC263817.ogg.npy,indpit1
rerswa1_XC832398.ogg.npy,rerswa1
hoopoe_XC334321.ogg.npy,hoopoe
maltro1_XC644243.ogg.npy,maltro1
litswi1_XC383359.ogg.npy,litswi1
bkwsti_XC746422.ogg.npy,bkwsti
whbwat1_XC610776.ogg.npy,whbwat1
labcro1_XC332868.ogg.npy,labcro1
hoopoe_XC647566.ogg.npy,hoopoe
piekin1_XC562203.ogg.npy,piekin1
hoopoe_XC428895.ogg.npy,hoopoe
grywag_XC575903.ogg.npy,grywag
ashpri1_XC400392.ogg.npy,ashpri1
grywag_XC561705.ogg.npy,grywag
grnsan_XC655430.ogg.npy,grnsan
bkwsti_XC413271.ogg.npy,bkwsti
labcro1_XC115151.ogg.npy,labcro1
litgre1_XC657954.ogg.npy,litgre1
rorpar_XC633421.ogg.npy,rorpar
graher1_XC663180.ogg.npy,graher1
categr_XC826170.ogg.npy,categr
greegr_XC532749.ogg.npy,greegr
grywag_XC527587.ogg.npy,grywag
blnmon1_XC497011.ogg.npy,blnmon1
barswa_XC361230.ogg.npy,barswa
brcful1_XC349434.ogg.npy,brcful1
wemhar1_XC553264.ogg.npy,wemhar1
eaywag1_XC834510.ogg.npy,eaywag1
rocpig_XC453907.ogg.npy,rocpig
grnwar1_XC740621.ogg.npy,grnwar1
comros_XC248119.ogg.npy,comros
eaywag1_XC296195.ogg.npy,eaywag1
grtdro1_XC724566.ogg.npy,grtdro1
laudov1_XC529798.ogg.npy,laudov1
comgre_XC552078.ogg.npy,comgre
grnwar1_XC639336.ogg.npy,grnwar1
sttwoo1_XC635412.ogg.npy,sttwoo1
houcro1_XC150647.ogg.npy,houcro1
comtai1_XC577284.ogg.npy,comtai1
rorpar_XC210191.ogg.npy,rorpar
hoopoe_XC626971.ogg.npy,hoopoe
gargan_XC360815.ogg.npy,gargan
whbbul2_XC590324.ogg.npy,whbbul2
bcnher_XC689920.ogg.npy,bcnher
blrwar1_XC183829.ogg.npy,blrwar1
bkskit1_XC667096.ogg.npy,bkskit1
grnsan_XC634862.ogg.npy,grnsan
whiter2_XC568356.ogg.npy,whiter2
asikoe2_XC604704.ogg.npy,asikoe2
greegr_XC337793.ogg.npy,greegr
brakit1_XC430881.ogg.npy,brakit1
copbar1_XC304839.ogg.npy,copbar1
woosan_XC833459.ogg.npy,woosan
zitcis1_XC398540.ogg.npy,zitcis1
spodov_XC37600.ogg.npy,spodov
litgre1_XC520614.ogg.npy,litgre1
bcnher_XC115512.ogg.npy,bcnher
blhori1_XC548048.ogg.npy,blhori1
comsan_XC325200.ogg.npy,comsan
gloibi_XC395487.ogg.npy,gloibi
commoo3_XC640693.ogg.npy,commoo3
comgre_XC632334.ogg.npy,comgre
wemhar1_XC613640.ogg.npy,wemhar1
litgre1_XC552155.ogg.npy,litgre1
hoopoe_XC179798.ogg.npy,hoopoe
plapri1_XC726453.ogg.npy,plapri1
grnsan_XC183254.ogg.npy,grnsan
blrwar1_XC566732.ogg.npy,blrwar1
comgre_XC677041.ogg.npy,comgre
eurcoo_XC356175.ogg.npy,eurcoo
rocpig_XC829896.ogg.npy,rocpig
zitcis1_XC179034.ogg.npy,zitcis1
commyn_XC156759.ogg.npy,commyn
comgre_XC842857.ogg.npy,comgre
smamin1_XC295730.ogg.npy,smamin1
gybpri1_XC786977.ogg.npy,gybpri1
bkskit1_XC360657.ogg.npy,bkskit1
commoo3_XC570331.ogg.npy,commoo3
labcro1_XC115150.ogg.npy,labcro1
grewar3_XC743681.ogg.npy,grewar3
comgre_XC791616.ogg.npy,comgre
woosan_XC635332.ogg.npy,woosan
insbab1_XC188850.ogg.npy,insbab1
grejun2_XC603119.ogg.npy,grejun2
eucdov_XC555425.ogg.npy,eucdov
asikoe2_XC179229.ogg.npy,asikoe2
gloibi_XC756069.ogg.npy,gloibi
comgre_XC116932.ogg.npy,comgre
graher1_XC843037.ogg.npy,graher1
eurcoo_XC710538.ogg.npy,eurcoo
woosan_XC659864.ogg.npy,woosan
comros_XC489938.ogg.npy,comros
laudov1_XC544178.ogg.npy,laudov1
comros_XC492458.ogg.npy,comros
hoopoe_XC716240.ogg.npy,hoopoe
grywag_XC527589.ogg.npy,grywag
asikoe2_XC696208.ogg.npy,asikoe2
comsan_XC817178.ogg.npy,comsan
comgre_XC665897.ogg.npy,comgre
hoopoe_XC855076.ogg.npy,hoopoe
inbrob1_XC608137.ogg.npy,inbrob1
graher1_XC831391.ogg.npy,graher1
inbrob1_XC685572.ogg.npy,inbrob1
piebus1_XC187272.ogg.npy,piebus1
bkskit1_XC350256.ogg.npy,bkskit1
goflea1_XC209203.ogg.npy,goflea1
eucdov_XC638078.ogg.npy,eucdov
purher1_XC686791.ogg.npy,purher1
grynig2_XC404907.ogg.npy,grynig2
eaywag1_XC587265.ogg.npy,eaywag1
graher1_XC526931.ogg.npy,graher1
barswa_XC589372.ogg.npy,barswa
woosan_XC672635.ogg.npy,woosan
cohcuc1_XC359057.ogg.npy,cohcuc1
grtdro1_XC284775.ogg.npy,grtdro1
ruftre2_XC627917.ogg.npy,ruftre2
comtai1_XC393229.ogg.npy,comtai1
whbsho3_XC856457.ogg.npy,whbsho3
blrwar1_XC654475.ogg.npy,blrwar1
rorpar_XC36478.ogg.npy,rorpar
commoo3_XC632839.ogg.npy,commoo3
lirplo_XC579369.ogg.npy,lirplo
comsan_XC840213.ogg.npy,comsan
gybpri1_XC468290.ogg.npy,gybpri1
orihob2_XC19790.ogg.npy,orihob2
woosan_XC433536.ogg.npy,woosan
comgre_XC686492.ogg.npy,comgre
greegr_XC705413.ogg.npy,greegr
yebbul3_XC490884.ogg.npy,yebbul3
houcro1_XC443754.ogg.npy,houcro1
grefla1_XC351883.ogg.npy,grefla1
revbul_XC573349.ogg.npy,revbul
pabflo1_XC665955.ogg.npy,pabflo1
blrwar1_XC770034.ogg.npy,blrwar1
whiter2_XC245968.ogg.npy,whiter2
comtai1_XC723976.ogg.npy,comtai1
comkin1_XC580133.ogg.npy,comkin1
houcro1_XC601789.ogg.npy,houcro1
labcro1_XC553059.ogg.npy,labcro1
whbwat1_XC583630.ogg.npy,whbwat1
comkin1_XC436251.ogg.npy,comkin1
grnsan_XC740331.ogg.npy,grnsan
bkwsti_XC284628.ogg.npy,bkwsti
grewar3_XC203673.ogg.npy,grewar3
eucdov_XC368596.ogg.npy,eucdov
blnmon1_XC807788.ogg.npy,blnmon1
barswa_XC492284.ogg.npy,barswa
eaywag1_XC645026.ogg.npy,eaywag1
grywag_XC507311.ogg.npy,grywag
grtdro1_XC603513.ogg.npy,grtdro1
commyn_XC528929.ogg.npy,commyn
rorpar_XC200786.ogg.npy,rorpar
kenplo1_XC671824.ogg.npy,kenplo1
rewbul_XC276859.ogg.npy,rewbul
comgre_XC704153.ogg.npy,comgre
comkin1_XC678735.ogg.npy,comkin1
bladro1_XC572945.ogg.npy,bladro1
grtdro1_XC424217.ogg.npy,grtdro1
blrwar1_XC659759.ogg.npy,blrwar1
gyhcaf1_XC727165.ogg.npy,gyhcaf1
asbfly_XC716737.ogg.npy,asbfly
zitcis1_XC634275.ogg.npy,zitcis1
kerlau2_XC856385.ogg.npy,kerlau2
lirplo_XC688672.ogg.npy,lirplo
comgre_XC664519.ogg.npy,comgre
grnsan_XC697918.ogg.npy,grnsan
lobsun2_XC498569.ogg.npy,lobsun2
crseag1_XC646868.ogg.npy,crseag1
mawthr1_XC570892.ogg.npy,mawthr1
eaywag1_XC334143.ogg.npy,eaywag1
crseag1_XC793616.ogg.npy,crseag1
comkin1_XC591063.ogg.npy,comkin1
greegr_XC856599.ogg.npy,greegr
greegr_XC139959.ogg.npy,greegr
categr_XC787918.ogg.npy,categr
dafbab1_XC188308.ogg.npy,dafbab1
litegr_XC570961.ogg.npy,litegr
piekin1_XC515901.ogg.npy,piekin1
lirplo_XC341980.ogg.npy,lirplo
grewar3_XC375795.ogg.npy,grewar3
hoopoe_XC214462.ogg.npy,hoopoe
comros_XC439724.ogg.npy,comros
gargan_XC742718.ogg.npy,gargan
pabflo1_XC652764.ogg.npy,pabflo1
blrwar1_XC214083.ogg.npy,blrwar1
commoo3_XC542964.ogg.npy,commoo3
asikoe2_XC632413.ogg.npy,asikoe2
bladro1_XC572665.ogg.npy,bladro1
grnwar1_XC163913.ogg.npy,grnwar1
gyhcaf1_XC191204.ogg.npy,gyhcaf1
lirplo_XC326569.ogg.npy,lirplo
whtkin2_XC288093.ogg.npy,whtkin2
eucdov_XC380920.ogg.npy,eucdov
pursun4_XC652005.ogg.npy,pursun4
woosan_XC666052.ogg.npy,woosan
grnsan_XC814717.ogg.npy,grnsan
categr_XC451817.ogg.npy,categr
blrwar1_XC182066.ogg.npy,blrwar1
litgre1_XC689271.ogg.npy,litgre1
gyhcaf1_XC797786.ogg.npy,gyhcaf1
categr_XC458426.ogg.npy,categr
bkskit1_XC353820.ogg.npy,bkskit1
grecou1_XC770518.ogg.npy,grecou1
purswa3_XC129174.ogg.npy,purswa3
commoo3_XC563969.ogg.npy,commoo3
litgre1_XC568939.ogg.npy,litgre1
bwfshr1_XC240604.ogg.npy,bwfshr1
indpit1_XC190840.ogg.npy,indpit1
kenplo1_XC360814.ogg.npy,kenplo1
litgre1_XC552149.ogg.npy,litgre1
tibfly3_XC645860.ogg.npy,tibfly3
stbkin1_XC194143.ogg.npy,stbkin1
zitcis1_XC380678.ogg.npy,zitcis1
barswa_XC361228.ogg.npy,barswa
tibfly3_XC643748.ogg.npy,tibfly3
blakit1_XC495129.ogg.npy,blakit1
eurcoo_XC289329.ogg.npy,eurcoo
bcnher_XC844546.ogg.npy,bcnher
brnhao1_XC566238.ogg.npy,brnhao1
comsan_XC157223.ogg.npy,comsan
piekin1_XC855532.ogg.npy,piekin1
lirplo_XC631187.ogg.npy,lirplo
houspa_XC645287.ogg.npy,houspa
grywag_XC27018.ogg.npy,grywag
piekin1_XC471025.ogg.npy,piekin1
grywag_XC526460.ogg.npy,grywag
revbul_XC573350.ogg.npy,revbul
gyhcaf1_XC805701.ogg.npy,gyhcaf1
eucdov_XC586524.ogg.npy,eucdov
bcnher_XC552934.ogg.npy,bcnher
comkin1_XC293400.ogg.npy,comkin1
comgre_XC664975.ogg.npy,comgre
oripip1_XC558254.ogg.npy,oripip1
woosan_XC647846.ogg.npy,woosan
plapri1_XC829621.ogg.npy,plapri1
litegr_XC333935.ogg.npy,litegr
comsan_XC745494.ogg.npy,comsan
bkwsti_XC650922.ogg.npy,bkwsti
rewbul_XC400967.ogg.npy,rewbul
grtdro1_XC396820.ogg.npy,grtdro1
comros_XC320871.ogg.npy,comros
litegr_XC522963.ogg.npy,litegr
litegr_XC138381.ogg.npy,litegr
nutman_XC441713.ogg.npy,nutman
grtdro1_XC784261.ogg.npy,grtdro1
spepic1_XC705359.ogg.npy,spepic1
commoo3_XC595862.ogg.npy,commoo3
houspa_XC150410.ogg.npy,houspa
bcnher_XC587866.ogg.npy,bcnher
blakit1_XC538916.ogg.npy,blakit1
eucdov_XC701044.ogg.npy,eucdov
insbab1_XC324012.ogg.npy,insbab1
zitcis1_XC738158.ogg.npy,zitcis1
comgre_XC621744.ogg.npy,comgre
hoopoe_XC184745.ogg.npy,hoopoe
bcnher_XC553848.ogg.npy,bcnher
brnhao1_XC371369.ogg.npy,brnhao1
rorpar_XC716806.ogg.npy,rorpar
orihob2_XC675444.ogg.npy,orihob2
commoo3_XC554359.ogg.npy,commoo3
grbeat1_XC208808.ogg.npy,grbeat1
litegr_XC643851.ogg.npy,litegr
forwag1_XC785880.ogg.npy,forwag1
bwfshr1_XC413394.ogg.npy,bwfshr1
stbkin1_XC681278.ogg.npy,stbkin1
eucdov_XC823020.ogg.npy,eucdov
comgre_XC797771.ogg.npy,comgre
lblwar1_XC768726.ogg.npy,lblwar1
goflea1_XC196746.ogg.npy,goflea1
gargan_XC713988.ogg.npy,gargan
barswa_XC379023.ogg.npy,barswa
hoopoe_XC279094.ogg.npy,hoopoe
grywag_XC369991.ogg.npy,grywag
barswa_XC329023.ogg.npy,barswa
gryfra_XC209510.ogg.npy,gryfra
grywag_XC812499.ogg.npy,grywag
comgre_XC664805.ogg.npy,comgre
insbab1_XC214284.ogg.npy,insbab1
woosan_XC829050.ogg.npy,woosan
whbwoo2_XC150878.ogg.npy,whbwoo2
commoo3_XC554808.ogg.npy,commoo3
ashpri1_XC524458.ogg.npy,ashpri1
litgre1_XC796414.ogg.npy,litgre1
blakit1_XC381735.ogg.npy,blakit1
redspu1_XC634745.ogg.npy,redspu1
comsan_XC720726.ogg.npy,comsan
comros_XC321388.ogg.npy,comros
rewbul_XC647831.ogg.npy,rewbul
asikoe2_XC806568.ogg.npy,asikoe2
comros_XC677478.ogg.npy,comros
graher1_XC798056.ogg.npy,graher1
barswa_XC349298.ogg.npy,barswa
eurcoo_XC713504.ogg.npy,eurcoo
whrmun_XC447365.ogg.npy,whrmun
bkwsti_XC646401.ogg.npy,bkwsti
lewduc1_XC234153.ogg.npy,lewduc1
houspa_XC344330.ogg.npy,houspa
whiter2_XC265268.ogg.npy,whiter2
whbwoo2_XC665786.ogg.npy,whbwoo2
blhori1_XC116436.ogg.npy,blhori1
comkin1_XC614852.ogg.npy,comkin1
bcnher_XC829572.ogg.npy,bcnher
bkwsti_XC837604.ogg.npy,bkwsti
houspa_XC317103.ogg.npy,houspa
grtdro1_XC723006.ogg.npy,grtdro1
grnsan_XC476441.ogg.npy,grnsan
grbeat1_XC208575.ogg.npy,grbeat1
lirplo_XC795638.ogg.npy,lirplo
nutman_XC789682.ogg.npy,nutman
vefnut1_XC742488.ogg.npy,vefnut1
ingori1_XC385583.ogg.npy,ingori1
commoo3_XC253163.ogg.npy,commoo3
litegr_XC333985.ogg.npy,litegr
gyhcaf1_XC665640.ogg.npy,gyhcaf1
brodro1_XC424238.ogg.npy,brodro1
brcful1_XC714595.ogg.npy,brcful1
brodro1_XC151511.ogg.npy,brodro1
eucdov_XC481110.ogg.npy,eucdov
plapri1_XC834660.ogg.npy,plapri1
graher1_XC692941.ogg.npy,graher1
bcnher_XC499535.ogg.npy,bcnher
gyhcaf1_XC553058.ogg.npy,gyhcaf1
greegr_XC120152.ogg.npy,greegr
ashpri1_XC788229.ogg.npy,ashpri1
emedov2_XC308323.ogg.npy,emedov2
blakit1_XC485739.ogg.npy,blakit1
grnwar1_XC209557.ogg.npy,grnwar1
bkskit1_XC353818.ogg.npy,bkskit1
grywag_XC277902.ogg.npy,grywag
barswa_XC141346.ogg.npy,barswa
lirplo_XC550747.ogg.npy,lirplo
brnhao1_XC608654.ogg.npy,brnhao1
grywag_XC812608.ogg.npy,grywag
nutman_XC189438.ogg.npy,nutman
rorpar_XC309170.ogg.npy,rorpar
litgre1_XC232846.ogg.npy,litgre1
junbab2_XC529857.ogg.npy,junbab2
wbbfly1_XC178279.ogg.npy,wbbfly1
blrwar1_XC503969.ogg.npy,blrwar1
rorpar_XC691768.ogg.npy,rorpar
rocpig_XC690643.ogg.npy,rocpig
bcnher_XC798412.ogg.npy,bcnher
houspa_XC553546.ogg.npy,houspa
compea_XC31570.ogg.npy,compea
whbwoo2_XC775439.ogg.npy,whbwoo2
litegr_XC717214.ogg.npy,litegr
ashwoo2_XC319072.ogg.npy,ashwoo2
houcro1_XC662882.ogg.npy,houcro1
rufwoo2_XC779759.ogg.npy,rufwoo2
gargan_XC714871.ogg.npy,gargan
rewlap1_XC215439.ogg.npy,rewlap1
eaywag1_XC793013.ogg.npy,eaywag1
comgre_XC686495.ogg.npy,comgre
hoopoe_XC641484.ogg.npy,hoopoe
litspi1_XC390753.ogg.npy,litspi1
bkwsti_XC481399.ogg.npy,bkwsti
categr_XC783037.ogg.npy,categr
blrwar1_XC174327.ogg.npy,blrwar1
sohmyn1_XC469390.ogg.npy,sohmyn1
comros_XC564028.ogg.npy,comros
lirplo_XC642507.ogg.npy,lirplo
grewar3_XC415953.ogg.npy,grewar3
barswa_XC288338.ogg.npy,barswa
bkwsti_XC269610.ogg.npy,bkwsti
graher1_XC528566.ogg.npy,graher1
redspu1_XC668357.ogg.npy,redspu1
piekin1_XC138410.ogg.npy,piekin1
categr_XC298147.ogg.npy,categr
barswa_XC52062.ogg.npy,barswa
brnshr_XC458248.ogg.npy,brnshr
rerswa1_XC585423.ogg.npy,rerswa1
spodov_XC729544.ogg.npy,spodov
grywag_XC854585.ogg.npy,grywag
zitcis1_XC318307.ogg.npy,zitcis1
hoopoe_XC374453.ogg.npy,hoopoe
vehpar1_XC778706.ogg.npy,vehpar1
rerswa1_XC293058.ogg.npy,rerswa1
eucdov_XC424168.ogg.npy,eucdov
tilwar1_XC191454.ogg.npy,tilwar1
grywag_XC486124.ogg.npy,grywag
comior1_XC461866.ogg.npy,comior1
stbkin1_XC404134.ogg.npy,stbkin1
rewlap1_XC74224.ogg.npy,rewlap1
litspi1_XC439701.ogg.npy,litspi1
gargan_XC632957.ogg.npy,gargan
blakit1_XC794957.ogg.npy,blakit1
comkin1_XC486202.ogg.npy,comkin1
eaywag1_XC507670.ogg.npy,eaywag1
grywag_XC521927.ogg.npy,grywag
hoopoe_XC325178.ogg.npy,hoopoe
comtai1_XC210481.ogg.npy,comtai1
wemhar1_XC377180.ogg.npy,wemhar1
asikoe2_XC665234.ogg.npy,asikoe2
houspa_XC741687.ogg.npy,houspa
eucdov_XC433624.ogg.npy,eucdov
blakit1_XC480258.ogg.npy,blakit1
heswoo1_XC659317.ogg.npy,heswoo1
blakit1_XC757379.ogg.npy,blakit1
grywag_XC789624.ogg.npy,grywag
houspa_XC342565.ogg.npy,houspa
woosan_XC191239.ogg.npy,woosan
ashpri1_XC73017.ogg.npy,ashpri1
grewar3_XC574994.ogg.npy,grewar3
stbkin1_XC341295.ogg.npy,stbkin1
bcnher_XC670178.ogg.npy,bcnher
litgre1_XC665237.ogg.npy,litgre1
comgre_XC383978.ogg.npy,comgre
spoowl1_XC591485.ogg.npy,spoowl1
grewar3_XC190196.ogg.npy,grewar3
rewbul_XC859314.ogg.npy,rewbul
eucdov_XC795939.ogg.npy,eucdov
grefla1_XC500614.ogg.npy,grefla1
grnsan_XC494605.ogg.npy,grnsan
rewbul_XC546077.ogg.npy,rewbul
hoopoe_XC149053.ogg.npy,hoopoe
comsan_XC528638.ogg.npy,comsan
comkin1_XC586263.ogg.npy,comkin1
blrwar1_XC656165.ogg.npy,blrwar1
laudov1_XC444440.ogg.npy,laudov1
grehor1_XC623266.ogg.npy,grehor1
malpar1_XC499664.ogg.npy,malpar1
eurcoo_XC504885.ogg.npy,eurcoo
whbwoo2_XC123016.ogg.npy,whbwoo2
rocpig_XC460075.ogg.npy,rocpig
litgre1_XC572641.ogg.npy,litgre1
compea_XC722465.ogg.npy,compea
litegr_XC841473.ogg.npy,litegr
woosan_XC822051.ogg.npy,woosan
gloibi_XC622426.ogg.npy,gloibi
whbwat1_XC209532.ogg.npy,whbwat1
gybpri1_XC541991.ogg.npy,gybpri1
litswi1_XC810749.ogg.npy,litswi1
pursun4_XC652000.ogg.npy,pursun4
rorpar_XC499338.ogg.npy,rorpar
kenplo1_XC494531.ogg.npy,kenplo1
piekin1_XC392130.ogg.npy,piekin1
rorpar_XC167769.ogg.npy,rorpar
plapri1_XC546359.ogg.npy,plapri1
gloibi_XC310513.ogg.npy,gloibi
orihob2_XC558469.ogg.npy,orihob2
hoopoe_XC798813.ogg.npy,hoopoe
litgre1_XC643415.ogg.npy,litgre1
rorpar_XC164386.ogg.npy,rorpar
nutman_XC631467.ogg.npy,nutman
hoopoe_XC181371.ogg.npy,hoopoe
gybpri1_XC430257.ogg.npy,gybpri1
graher1_XC585078.ogg.npy,graher1
rerswa1_XC697562.ogg.npy,rerswa1
hoopoe_XC184628.ogg.npy,hoopoe
litgre1_XC734804.ogg.npy,litgre1
whbsho3_XC116281.ogg.npy,whbsho3
lirplo_XC641445.ogg.npy,lirplo
grywag_XC315730.ogg.npy,grywag
crseag1_XC404135.ogg.npy,crseag1
comtai1_XC540062.ogg.npy,comtai1
vefnut1_XC616780.ogg.npy,vefnut1
eaywag1_XC486875.ogg.npy,eaywag1
whiter2_XC714118.ogg.npy,whiter2
gargan_XC789709.ogg.npy,gargan
comkin1_XC775757.ogg.npy,comkin1
indrob1_XC540553.ogg.npy,indrob1
comros_XC181219.ogg.npy,comros
spodov_XC116924.ogg.npy,spodov
eaywag1_XC471752.ogg.npy,eaywag1
bcnher_XC614900.ogg.npy,bcnher
comsan_XC822532.ogg.npy,comsan
whiter2_XC207045.ogg.npy,whiter2
litegr_XC333916.ogg.npy,litegr
gybpri1_XC453363.ogg.npy,gybpri1
litgre1_XC664025.ogg.npy,litgre1
comsan_XC185022.ogg.npy,comsan
purher1_XC829135.ogg.npy,purher1
wemhar1_XC462558.ogg.npy,wemhar1
comtai1_XC208295.ogg.npy,comtai1
commoo3_XC625977.ogg.npy,commoo3
categr_XC311860.ogg.npy,categr
bkwsti_XC380958.ogg.npy,bkwsti
grnsan_XC643312.ogg.npy,grnsan
asikoe2_XC721360.ogg.npy,asikoe2
grnsan_XC801764.ogg.npy,grnsan
bcnher_XC428433.ogg.npy,bcnher
grtdro1_XC329482.ogg.npy,grtdro1
grywag_XC571655.ogg.npy,grywag
categr_XC57419.ogg.npy,categr
bladro1_XC699916.ogg.npy,bladro1
grewar3_XC568561.ogg.npy,grewar3
eurcoo_XC325111.ogg.npy,eurcoo
plapri1_XC749750.ogg.npy,plapri1
lirplo_XC655039.ogg.npy,lirplo
tibfly3_XC126949.ogg.npy,tibfly3
grewar3_XC809712.ogg.npy,grewar3
bcnher_XC763193.ogg.npy,bcnher
grnsan_XC819458.ogg.npy,grnsan
rorpar_XC583138.ogg.npy,rorpar
litegr_XC799679.ogg.npy,litegr
bcnher_XC653819.ogg.npy,bcnher
commoo3_XC742084.ogg.npy,commoo3
comros_XC183901.ogg.npy,comros
tibfly3_XC240379.ogg.npy,tibfly3
indpit1_XC442821.ogg.npy,indpit1
categr_XC603551.ogg.npy,categr
whiter2_XC265271.ogg.npy,whiter2
houspa_XC457157.ogg.npy,houspa
comros_XC568933.ogg.npy,comros
comtai1_XC623018.ogg.npy,comtai1
litegr_XC412253.ogg.npy,litegr
comsan_XC821518.ogg.npy,comsan
whbwat1_XC398880.ogg.npy,whbwat1
barswa_XC541443.ogg.npy,barswa
blrwar1_XC731007.ogg.npy,blrwar1
zitcis1_XC383101.ogg.npy,zitcis1
brcful1_XC446690.ogg.npy,brcful1
gyhcaf1_XC207765.ogg.npy,gyhcaf1
categr_XC371472.ogg.npy,categr
eucdov_XC114078.ogg.npy,eucdov
gyhcaf1_XC767761.ogg.npy,gyhcaf1
rorpar_XC434842.ogg.npy,rorpar
crseag1_XC240320.ogg.npy,crseag1
gyhcaf1_XC799360.ogg.npy,gyhcaf1
houspa_XC548484.ogg.npy,houspa
rocpig_XC202269.ogg.npy,rocpig
inpher1_XC391986.ogg.npy,inpher1
grecou1_XC163844.ogg.npy,grecou1
litgre1_XC67257.ogg.npy,litgre1
whbwat1_XC605227.ogg.npy,whbwat1
greegr_XC397338.ogg.npy,greegr
lirplo_XC326572.ogg.npy,lirplo
commoo3_XC626225.ogg.npy,commoo3
barswa_XC372598.ogg.npy,barswa
vehpar1_XC715629.ogg.npy,vehpar1
grnsan_XC646588.ogg.npy,grnsan
eurcoo_XC310414.ogg.npy,eurcoo
ruftre2_XC537793.ogg.npy,ruftre2
comgre_XC699622.ogg.npy,comgre
sqtbul1_XC630939.ogg.npy,sqtbul1
lirplo_XC688676.ogg.npy,lirplo
comtai1_XC432090.ogg.npy,comtai1
barswa_XC788867.ogg.npy,barswa
brcful1_XC216534.ogg.npy,brcful1
lirplo_XC773570.ogg.npy,lirplo
whbwoo2_XC769012.ogg.npy,whbwoo2
comros_XC739141.ogg.npy,comros
whrmun_XC399232.ogg.npy,whrmun
whbwat1_XC284523.ogg.npy,whbwat1
blnmon1_XC606222.ogg.npy,blnmon1
bkwsti_XC467196.ogg.npy,bkwsti
brnshr_XC386461.ogg.npy,brnshr
categr_XC418997.ogg.npy,categr
asikoe2_XC808437.ogg.npy,asikoe2
whcbar1_XC417390.ogg.npy,whcbar1
bcnher_XC557328.ogg.npy,bcnher
woosan_XC644624.ogg.npy,woosan
comkin1_XC616338.ogg.npy,comkin1
brodro1_XC477950.ogg.npy,brodro1
commoo3_XC785129.ogg.npy,commoo3
lirplo_XC655309.ogg.npy,lirplo
eurcoo_XC685209.ogg.npy,eurcoo
orihob2_XC557991.ogg.npy,orihob2
litspi1_XC287101.ogg.npy,litspi1
graher1_XC673727.ogg.npy,graher1
grywag_XC390907.ogg.npy,grywag
brodro1_XC464145.ogg.npy,brodro1
lobsun2_XC268366.ogg.npy,lobsun2
kenplo1_XC768155.ogg.npy,kenplo1
comtai1_XC318990.ogg.npy,comtai1
gyhcaf1_XC382822.ogg.npy,gyhcaf1
grtdro1_XC208787.ogg.npy,grtdro1
lirplo_XC569049.ogg.npy,lirplo
graher1_XC497253.ogg.npy,graher1
eaywag1_XC692230.ogg.npy,eaywag1
wemhar1_XC627643.ogg.npy,wemhar1
rocpig_XC453908.ogg.npy,rocpig
zitcis1_XC303737.ogg.npy,zitcis1
grefla1_XC365117.ogg.npy,grefla1
ashdro1_XC371163.ogg.npy,ashdro1
hoopoe_XC298305.ogg.npy,hoopoe
commoo3_XC776225.ogg.npy,commoo3
eucdov_XC242071.ogg.npy,eucdov
eaywag1_XC828664.ogg.npy,eaywag1
copbar1_XC356320.ogg.npy,copbar1
commoo3_XC628521.ogg.npy,commoo3
hoopoe_XC732046.ogg.npy,hoopoe
bcnher_XC684781.ogg.npy,bcnher
blrwar1_XC826057.ogg.npy,blrwar1
litgre1_XC804879.ogg.npy,litgre1
comgre_XC841445.ogg.npy,comgre
purher1_XC826506.ogg.npy,purher1
zitcis1_XC626814.ogg.npy,zitcis1
putbab1_XC559893.ogg.npy,putbab1
rorpar_XC315871.ogg.npy,rorpar
comsan_XC743065.ogg.npy,comsan
commoo3_XC641754.ogg.npy,commoo3
houcro1_XC344137.ogg.npy,houcro1
eurcoo_XC793464.ogg.npy,eurcoo
bcnher_XC85247.ogg.npy,bcnher
putbab1_XC816604.ogg.npy,putbab1
lirplo_XC469506.ogg.npy,lirplo
rerswa1_XC423901.ogg.npy,rerswa1
putbab1_XC637728.ogg.npy,putbab1
bkskit1_XC350248.ogg.npy,bkskit1
comros_XC787824.ogg.npy,comros
graher1_XC826762.ogg.npy,graher1
stbkin1_XC757848.ogg.npy,stbkin1
commoo3_XC676707.ogg.npy,commoo3
comsan_XC636691.ogg.npy,comsan
comgre_XC390392.ogg.npy,comgre
grecou1_XC528883.ogg.npy,grecou1
rerswa1_XC430742.ogg.npy,rerswa1
oripip1_XC116492.ogg.npy,oripip1
gyhcaf1_XC766713.ogg.npy,gyhcaf1
zitcis1_XC603522.ogg.npy,zitcis1
litgre1_XC726197.ogg.npy,litgre1
pursun4_XC408430.ogg.npy,pursun4
kenplo1_XC836446.ogg.npy,kenplo1
bcnher_XC829187.ogg.npy,bcnher
rorpar_XC361722.ogg.npy,rorpar
commoo3_XC747059.ogg.npy,commoo3
comgre_XC199349.ogg.npy,comgre
houspa_XC304656.ogg.npy,houspa
tibfly3_XC163871.ogg.npy,tibfly3
crseag1_XC451160.ogg.npy,crseag1
comkin1_XC252339.ogg.npy,comkin1
houspa_XC410910.ogg.npy,houspa
grnsan_XC466201.ogg.npy,grnsan
grnsan_XC665118.ogg.npy,grnsan
piebus1_XC826966.ogg.npy,piebus1
grewar3_XC603640.ogg.npy,grewar3
eucdov_XC654879.ogg.npy,eucdov
eucdov_XC817421.ogg.npy,eucdov
comior1_XC297711.ogg.npy,comior1
ruftre2_XC368336.ogg.npy,ruftre2
zitcis1_XC550601.ogg.npy,zitcis1
graher1_XC256373.ogg.npy,graher1
rufwoo2_XC416945.ogg.npy,rufwoo2
piebus1_XC783620.ogg.npy,piebus1
labcro1_XC308929.ogg.npy,labcro1
comros_XC803013.ogg.npy,comros
bkskit1_XC785504.ogg.npy,bkskit1
hoopoe_XC377580.ogg.npy,hoopoe
graher1_XC569458.ogg.npy,graher1
blhori1_XC537503.ogg.npy,blhori1
houspa_XC481091.ogg.npy,houspa
ashdro1_XC575537.ogg.npy,ashdro1
bcnher_XC376311.ogg.npy,bcnher
pursun3_XC208680.ogg.npy,pursun3
piekin1_XC778357.ogg.npy,piekin1
comkin1_XC686762.ogg.npy,comkin1
gargan_XC800604.ogg.npy,gargan
bkwsti_XC175410.ogg.npy,bkwsti
blrwar1_XC656266.ogg.npy,blrwar1
rorpar_XC267023.ogg.npy,rorpar
rufwoo2_XC239509.ogg.npy,rufwoo2
labcro1_XC37773.ogg.npy,labcro1
litspi1_XC614428.ogg.npy,litspi1
rufwoo2_XC815454.ogg.npy,rufwoo2
hoopoe_XC585632.ogg.npy,hoopoe
barswa_XC457811.ogg.npy,barswa
ingori1_XC494923.ogg.npy,ingori1
piekin1_XC515827.ogg.npy,piekin1
woosan_XC795449.ogg.npy,woosan
asikoe2_XC565559.ogg.npy,asikoe2
woosan_XC643769.ogg.npy,woosan
copbar1_XC443314.ogg.npy,copbar1
grefla1_XC240632.ogg.npy,grefla1
litspi1_XC653406.ogg.npy,litspi1
whbwoo2_XC209939.ogg.npy,whbwoo2
ingori1_XC755735.ogg.npy,ingori1
laudov1_XC547174.ogg.npy,laudov1
bcnher_XC564846.ogg.npy,bcnher
woosan_XC544803.ogg.npy,woosan
emedov2_XC304553.ogg.npy,emedov2
thbwar1_XC485018.ogg.npy,thbwar1
asikoe2_XC444228.ogg.npy,asikoe2
whiter2_XC347480.ogg.npy,whiter2
piekin1_XC397808.ogg.npy,piekin1
barswa_XC493016.ogg.npy,barswa
nutman_XC382152.ogg.npy,nutman
houspa_XC631368.ogg.npy,houspa
blrwar1_XC148506.ogg.npy,blrwar1
comros_XC586526.ogg.npy,comros
whtkin2_XC771457.ogg.npy,whtkin2
shikra1_XC396740.ogg.npy,shikra1
copbar1_XC777503.ogg.npy,copbar1
gryfra_XC575657.ogg.npy,gryfra
asbfly_XC305518.ogg.npy,asbfly
graher1_XC113936.ogg.npy,graher1
eucdov_XC788267.ogg.npy,eucdov
commoo3_XC296278.ogg.npy,commoo3
bkwsti_XC660957.ogg.npy,bkwsti
blrwar1_XC657846.ogg.npy,blrwar1
grbeat1_XC437483.ogg.npy,grbeat1
graher1_XC267329.ogg.npy,graher1
grywag_XC493349.ogg.npy,grywag
eaywag1_XC524524.ogg.npy,eaywag1
bkwsti_XC346210.ogg.npy,bkwsti
comsan_XC429320.ogg.npy,comsan
brcful1_XC605962.ogg.npy,brcful1
marsan_XC240494.ogg.npy,marsan
bkskit1_XC361617.ogg.npy,bkskit1
litgre1_XC788295.ogg.npy,litgre1
litgre1_XC558037.ogg.npy,litgre1
crseag1_XC422784.ogg.npy,crseag1
goflea1_XC296436.ogg.npy,goflea1
grtdro1_XC336528.ogg.npy,grtdro1
aspfly1_XC544184.ogg.npy,aspfly1
grtdro1_XC612966.ogg.npy,grtdro1
ashwoo2_XC657952.ogg.npy,ashwoo2
woosan_XC608282.ogg.npy,woosan
comtai1_XC803077.ogg.npy,comtai1
grtdro1_XC799116.ogg.npy,grtdro1
bkwsti_XC690160.ogg.npy,bkwsti
comsan_XC735661.ogg.npy,comsan
commyn_XC703337.ogg.npy,commyn
comros_XC446039.ogg.npy,comros
hoopoe_XC308876.ogg.npy,hoopoe
bkwsti_XC338799.ogg.npy,bkwsti
grnsan_XC725708.ogg.npy,grnsan
rewbul_XC454891.ogg.npy,rewbul
purswa3_XC713024.ogg.npy,purswa3
asikoe2_XC805207.ogg.npy,asikoe2
grnsan_XC668013.ogg.npy,grnsan
houspa_XC642794.ogg.npy,houspa
eurcoo_XC783534.ogg.npy,eurcoo
comsan_XC528637.ogg.npy,comsan
whtkin2_XC447355.ogg.npy,whtkin2
insbab1_XC632974.ogg.npy,insbab1
grywag_XC535935.ogg.npy,grywag
houspa_XC506636.ogg.npy,houspa
kenplo1_XC826302.ogg.npy,kenplo1
litegr_XC724761.ogg.npy,litegr
hoopoe_XC728249.ogg.npy,hoopoe
comkin1_XC404682.ogg.npy,comkin1
putbab1_XC793724.ogg.npy,putbab1
litgre1_XC483193.ogg.npy,litgre1
houcro1_XC293534.ogg.npy,houcro1
barswa_XC327392.ogg.npy,barswa
whtkin2_XC575206.ogg.npy,whtkin2
comkin1_XC595517.ogg.npy,comkin1
categr_XC803079.ogg.npy,categr
ashpri1_XC19566.ogg.npy,ashpri1
houspa_XC553795.ogg.npy,houspa
grnsan_XC577783.ogg.npy,grnsan
hoopoe_XC521891.ogg.npy,hoopoe
indpit1_XC320460.ogg.npy,indpit1
grehor1_XC423285.ogg.npy,grehor1
whiter2_XC568347.ogg.npy,whiter2
commoo3_XC486753.ogg.npy,commoo3
grewar3_XC375797.ogg.npy,grewar3
comsan_XC586340.ogg.npy,comsan
copbar1_XC321157.ogg.npy,copbar1
rutfly6_XC475910.ogg.npy,rutfly6
grtdro1_XC296428.ogg.npy,grtdro1
asbfly_XC712207.ogg.npy,asbfly
putbab1_XC163000.ogg.npy,putbab1
commoo3_XC636051.ogg.npy,commoo3
bkwsti_XC269383.ogg.npy,bkwsti
rossta2_XC184804.ogg.npy,rossta2
commoo3_XC282748.ogg.npy,commoo3
ashdro1_XC265675.ogg.npy,ashdro1
brodro1_XC116461.ogg.npy,brodro1
emedov2_XC255061.ogg.npy,emedov2
commoo3_XC549758.ogg.npy,commoo3
brakit1_XC651717.ogg.npy,brakit1
asikoe2_XC791733.ogg.npy,asikoe2
comgre_XC818250.ogg.npy,comgre
purher1_XC740516.ogg.npy,purher1
grnwar1_XC639657.ogg.npy,grnwar1
grtdro1_XC606823.ogg.npy,grtdro1
eucdov_XC552813.ogg.npy,eucdov
grywag_XC704360.ogg.npy,grywag
hoopoe_XC306289.ogg.npy,hoopoe
crfbar1_XC220733.ogg.npy,crfbar1
plhpar1_XC74075.ogg.npy,plhpar1
zitcis1_XC732361.ogg.npy,zitcis1
brodro1_XC625552.ogg.npy,brodro1
kenplo1_XC808294.ogg.npy,kenplo1
graher1_XC672622.ogg.npy,graher1
eaywag1_XC589278.ogg.npy,eaywag1
graher1_XC571484.ogg.npy,graher1
blrwar1_XC158484.ogg.npy,blrwar1
kenplo1_XC718554.ogg.npy,kenplo1
rewlap1_XC178464.ogg.npy,rewlap1
ashdro1_XC838155.ogg.npy,ashdro1
grewar3_XC579331.ogg.npy,grewar3
houspa_XC387366.ogg.npy,houspa
whbbul2_XC778578.ogg.npy,whbbul2
comtai1_XC559887.ogg.npy,comtai1
thbwar1_XC485178.ogg.npy,thbwar1
wemhar1_XC538564.ogg.npy,wemhar1
comkin1_XC700053.ogg.npy,comkin1
whiter2_XC383743.ogg.npy,whiter2
rewlap1_XC405306.ogg.npy,rewlap1
comtai1_XC469358.ogg.npy,comtai1
indrob1_XC73391.ogg.npy,indrob1
lirplo_XC597279.ogg.npy,lirplo
niwpig1_XC123012.ogg.npy,niwpig1
comtai1_XC723978.ogg.npy,comtai1
blnmon1_XC215270.ogg.npy,blnmon1
zitcis1_XC768498.ogg.npy,zitcis1
whiter2_XC586741.ogg.npy,whiter2
blakit1_XC304838.ogg.npy,blakit1
categr_XC143598.ogg.npy,categr
litegr_XC567598.ogg.npy,litegr
houspa_XC541445.ogg.npy,houspa
gyhcaf1_XC370108.ogg.npy,gyhcaf1
barswa_XC829393.ogg.npy,barswa
kenplo1_XC718535.ogg.npy,kenplo1
rerswa1_XC713333.ogg.npy,rerswa1
ashpri1_XC788177.ogg.npy,ashpri1
houspa_XC705605.ogg.npy,houspa
compea_XC453354.ogg.npy,compea
comtai1_XC627846.ogg.npy,comtai1
whbwat1_XC764945.ogg.npy,whbwat1
grnwar1_XC193345.ogg.npy,grnwar1
asbfly_XC508268.ogg.npy,asbfly
comgre_XC237220.ogg.npy,comgre
houspa_XC641220.ogg.npy,houspa
junowl1_XC155374.ogg.npy,junowl1
eurcoo_XC168651.ogg.npy,eurcoo
tilwar1_XC823772.ogg.npy,tilwar1
grywag_XC406310.ogg.npy,grywag
comgre_XC638589.ogg.npy,comgre
purher1_XC784183.ogg.npy,purher1
commoo3_XC631483.ogg.npy,commoo3
brodro1_XC214139.ogg.npy,brodro1
bkwsti_XC578107.ogg.npy,bkwsti
whcbar1_XC342688.ogg.npy,whcbar1
heswoo1_XC206612.ogg.npy,heswoo1
gargan_XC769829.ogg.npy,gargan
kenplo1_XC333817.ogg.npy,kenplo1
compea_XC470555.ogg.npy,compea
thbwar1_XC840612.ogg.npy,thbwar1
purher1_XC670191.ogg.npy,purher1
litegr_XC697846.ogg.npy,litegr
comsan_XC800183.ogg.npy,comsan
whrmun_XC790478.ogg.npy,whrmun
litegr_XC785237.ogg.npy,litegr
grewar3_XC484454.ogg.npy,grewar3
nutman_XC307473.ogg.npy,nutman
categr_XC26215.ogg.npy,categr
sohmyn1_XC614947.ogg.npy,sohmyn1
houspa_XC830552.ogg.npy,houspa
whbsho3_XC856488.ogg.npy,whbsho3
grewar3_XC183218.ogg.npy,grewar3
whiter2_XC263344.ogg.npy,whiter2
wemhar1_XC608666.ogg.npy,wemhar1
marsan_XC474422.ogg.npy,marsan
litswi1_XC430826.ogg.npy,litswi1
rorpar_XC322411.ogg.npy,rorpar
comgre_XC646300.ogg.npy,comgre
litspi1_XC57648.ogg.npy,litspi1
barswa_XC253349.ogg.npy,barswa
rewbul_XC585174.ogg.npy,rewbul
barswa_XC457813.ogg.npy,barswa
grywag_XC485890.ogg.npy,grywag
eaywag1_XC591875.ogg.npy,eaywag1
copbar1_XC530844.ogg.npy,copbar1
wemhar1_XC552445.ogg.npy,wemhar1
comros_XC367336.ogg.npy,comros
comior1_XC428614.ogg.npy,comior1
litgre1_XC721819.ogg.npy,litgre1
whbbul2_XC514067.ogg.npy,whbbul2
comsan_XC467216.ogg.npy,comsan
graher1_XC683486.ogg.npy,graher1
greegr_XC58491.ogg.npy,greegr
grenig1_XC164810.ogg.npy,grenig1
gargan_XC547329.ogg.npy,gargan
gyhcaf1_XC782951.ogg.npy,gyhcaf1
blrwar1_XC572563.ogg.npy,blrwar1
commyn_XC500615.ogg.npy,commyn
comkin1_XC713514.ogg.npy,comkin1
brnshr_XC288279.ogg.npy,brnshr
eaywag1_XC677591.ogg.npy,eaywag1
bladro1_XC152449.ogg.npy,bladro1
zitcis1_XC633693.ogg.npy,zitcis1
asikoe2_XC633429.ogg.npy,asikoe2
gybpri1_XC747121.ogg.npy,gybpri1
labcro1_XC790936.ogg.npy,labcro1
eurcoo_XC363179.ogg.npy,eurcoo
eurcoo_XC645579.ogg.npy,eurcoo
comgre_XC367974.ogg.npy,comgre
commoo3_XC548460.ogg.npy,commoo3
grecou1_XC724415.ogg.npy,grecou1
whiter2_XC545262.ogg.npy,whiter2
labcro1_XC195576.ogg.npy,labcro1
grejun2_XC469389.ogg.npy,grejun2
litgre1_XC502952.ogg.npy,litgre1
rerswa1_XC310524.ogg.npy,rerswa1
comgre_XC663214.ogg.npy,comgre
labcro1_XC811532.ogg.npy,labcro1
gybpri1_XC362110.ogg.npy,gybpri1
grywag_XC312552.ogg.npy,grywag
eurcoo_XC798165.ogg.npy,eurcoo
greegr_XC580865.ogg.npy,greegr
vehpar1_XC721943.ogg.npy,vehpar1
categr_XC304258.ogg.npy,categr
greegr_XC490733.ogg.npy,greegr
greegr_XC665088.ogg.npy,greegr
comtai1_XC241382.ogg.npy,comtai1
houspa_XC653075.ogg.npy,houspa
litspi1_XC296441.ogg.npy,litspi1
hoopoe_XC560362.ogg.npy,hoopoe
blnmon1_XC781820.ogg.npy,blnmon1
rocpig_XC626505.ogg.npy,rocpig
putbab1_XC595424.ogg.npy,putbab1
comsan_XC204537.ogg.npy,comsan
grewar3_XC574996.ogg.npy,grewar3
gybpri1_XC260257.ogg.npy,gybpri1
rewbul_XC630189.ogg.npy,rewbul
woosan_XC647847.ogg.npy,woosan
purher1_XC665729.ogg.npy,purher1
cohcuc1_XC423422.ogg.npy,cohcuc1
commoo3_XC283842.ogg.npy,commoo3
wemhar1_XC584486.ogg.npy,wemhar1
bkskit1_XC360667.ogg.npy,bkskit1
bkskit1_XC350249.ogg.npy,bkskit1
wemhar1_XC858750.ogg.npy,wemhar1
eucdov_XC669200.ogg.npy,eucdov
whbwat1_XC461247.ogg.npy,whbwat1
zitcis1_XC268680.ogg.npy,zitcis1
eucdov_XC145644.ogg.npy,eucdov
blaeag1_XC509708.ogg.npy,blaeag1
commyn_XC400123.ogg.npy,commyn
rerswa1_XC423973.ogg.npy,rerswa1
whbwat1_XC462432.ogg.npy,whbwat1
grywag_XC831470.ogg.npy,grywag
whcbar1_XC354627.ogg.npy,whcbar1
woosan_XC471902.ogg.npy,woosan
revbul_XC331546.ogg.npy,revbul
woosan_XC800969.ogg.npy,woosan
commoo3_XC624814.ogg.npy,commoo3
comkin1_XC681279.ogg.npy,comkin1
revbul_XC321618.ogg.npy,revbul
comior1_XC397592.ogg.npy,comior1
crseag1_XC388510.ogg.npy,crseag1
graher1_XC432919.ogg.npy,graher1
eucdov_XC310548.ogg.npy,eucdov
comtai1_XC726458.ogg.npy,comtai1
lirplo_XC419862.ogg.npy,lirplo
laudov1_XC511040.ogg.npy,laudov1
blrwar1_XC480406.ogg.npy,blrwar1
litegr_XC333977.ogg.npy,litegr
litegr_XC841128.ogg.npy,litegr
whtkin2_XC742998.ogg.npy,whtkin2
labcro1_XC133742.ogg.npy,labcro1
pursun4_XC116821.ogg.npy,pursun4
blnmon1_XC215857.ogg.npy,blnmon1
graher1_XC764302.ogg.npy,graher1
whiter2_XC312144.ogg.npy,whiter2
litgre1_XC217382.ogg.npy,litgre1
graher1_XC496570.ogg.npy,graher1
barswa_XC337981.ogg.npy,barswa
litgre1_XC310515.ogg.npy,litgre1
compea_XC208327.ogg.npy,compea
inbrob1_XC608139.ogg.npy,inbrob1
grtdro1_XC336529.ogg.npy,grtdro1
grywag_XC663456.ogg.npy,grywag
comior1_XC631472.ogg.npy,comior1
rufwoo2_XC150674.ogg.npy,rufwoo2
revbul_XC738296.ogg.npy,revbul
blrwar1_XC252742.ogg.npy,blrwar1
comkin1_XC310867.ogg.npy,comkin1
lirplo_XC572089.ogg.npy,lirplo
houspa_XC151123.ogg.npy,houspa
bkwsti_XC360518.ogg.npy,bkwsti
eaywag1_XC610497.ogg.npy,eaywag1
bkskit1_XC513400.ogg.npy,bkskit1
comros_XC696149.ogg.npy,comros
litegr_XC822833.ogg.npy,litegr
commyn_XC446211.ogg.npy,commyn
kenplo1_XC716289.ogg.npy,kenplo1
tibfly3_XC645204.ogg.npy,tibfly3
grnsan_XC644601.ogg.npy,grnsan
greegr_XC669249.ogg.npy,greegr
zitcis1_XC768441.ogg.npy,zitcis1
graher1_XC675228.ogg.npy,graher1
hoopoe_XC657760.ogg.npy,hoopoe
rewbul_XC207909.ogg.npy,rewbul
comtai1_XC747062.ogg.npy,comtai1
eucdov_XC478385.ogg.npy,eucdov
putbab1_XC772493.ogg.npy,putbab1
comsan_XC650276.ogg.npy,comsan
indpit1_XC442822.ogg.npy,indpit1
bkskit1_XC762276.ogg.npy,bkskit1
junowl1_XC582539.ogg.npy,junowl1
houspa_XC557928.ogg.npy,houspa
wemhar1_XC262850.ogg.npy,wemhar1
bcnher_XC675460.ogg.npy,bcnher
inbrob1_XC594291.ogg.npy,inbrob1
houspa_XC621251.ogg.npy,houspa
comkin1_XC505719.ogg.npy,comkin1
eaywag1_XC765231.ogg.npy,eaywag1
comsan_XC129378.ogg.npy,comsan
rocpig_XC163851.ogg.npy,rocpig
spodov_XC233699.ogg.npy,spodov
comtai1_XC723901.ogg.npy,comtai1
comgre_XC497332.ogg.npy,comgre
lewduc1_XC37524.ogg.npy,lewduc1
hoopoe_XC527811.ogg.npy,hoopoe
bcnher_XC656877.ogg.npy,bcnher
sohmyn1_XC756623.ogg.npy,sohmyn1
eurcoo_XC722398.ogg.npy,eurcoo
comgre_XC599482.ogg.npy,comgre
commyn_XC663070.ogg.npy,commyn
categr_XC274824.ogg.npy,categr
rewbul_XC304448.ogg.npy,rewbul
inbrob1_XC688014.ogg.npy,inbrob1
rewbul_XC116838.ogg.npy,rewbul
bcnher_XC780488.ogg.npy,bcnher
woosan_XC581779.ogg.npy,woosan
eucdov_XC441879.ogg.npy,eucdov
grewar3_XC150182.ogg.npy,grewar3
commoo3_XC154509.ogg.npy,commoo3
ruftre2_XC576605.ogg.npy,ruftre2
grtdro1_XC158762.ogg.npy,grtdro1
hoopoe_XC371170.ogg.npy,hoopoe
comsan_XC550675.ogg.npy,comsan
brnhao1_XC550452.ogg.npy,brnhao1
bkwsti_XC206253.ogg.npy,bkwsti
comgre_XC801582.ogg.npy,comgre
comgre_XC432271.ogg.npy,comgre
bcnher_XC572833.ogg.npy,bcnher
hoopoe_XC560960.ogg.npy,hoopoe
grewar3_XC507436.ogg.npy,grewar3
comsan_XC685628.ogg.npy,comsan
whbbul2_XC514065.ogg.npy,whbbul2
litegr_XC790717.ogg.npy,litegr
houspa_XC591496.ogg.npy,houspa
lirplo_XC128203.ogg.npy,lirplo
comros_XC185476.ogg.npy,comros
spodov_XC116923.ogg.npy,spodov
bkwsti_XC182737.ogg.npy,bkwsti
crbsun2_XC168284.ogg.npy,crbsun2
blnmon1_XC730807.ogg.npy,blnmon1
inbrob1_XC356097.ogg.npy,inbrob1
rorpar_XC619126.ogg.npy,rorpar
labcro1_XC403961.ogg.npy,labcro1
nutman_XC359368.ogg.npy,nutman
grefla1_XC170565.ogg.npy,grefla1
commyn_XC442857.ogg.npy,commyn
blakit1_XC163903.ogg.npy,blakit1
asbfly_XC464609.ogg.npy,asbfly
barswa_XC133802.ogg.npy,barswa
commoo3_XC586135.ogg.npy,commoo3
labcro1_XC803820.ogg.npy,labcro1
rorpar_XC516404.ogg.npy,rorpar
shikra1_XC664412.ogg.npy,shikra1
nutman_XC386736.ogg.npy,nutman
crseag1_XC730880.ogg.npy,crseag1
grnwar1_XC207635.ogg.npy,grnwar1
brnshr_XC833231.ogg.npy,brnshr
woosan_XC436740.ogg.npy,woosan
purher1_XC643121.ogg.npy,purher1
purher1_XC832119.ogg.npy,purher1
blrwar1_XC659126.ogg.npy,blrwar1
greegr_XC826474.ogg.npy,greegr
comros_XC67247.ogg.npy,comros
shikra1_XC196562.ogg.npy,shikra1
gyhcaf1_XC304711.ogg.npy,gyhcaf1
eaywag1_XC148830.ogg.npy,eaywag1
insbab1_XC307923.ogg.npy,insbab1
zitcis1_XC773615.ogg.npy,zitcis1
woosan_XC840872.ogg.npy,woosan
grywag_XC263131.ogg.npy,grywag
barswa_XC560073.ogg.npy,barswa
whbwat1_XC208276.ogg.npy,whbwat1
zitcis1_XC142726.ogg.npy,zitcis1
whtkin2_XC430267.ogg.npy,whtkin2
lirplo_XC475550.ogg.npy,lirplo
greegr_XC575428.ogg.npy,greegr
hoopoe_XC146484.ogg.npy,hoopoe
blrwar1_XC814045.ogg.npy,blrwar1
woosan_XC551337.ogg.npy,woosan
commoo3_XC263702.ogg.npy,commoo3
bkwsti_XC738335.ogg.npy,bkwsti
comkin1_XC825771.ogg.npy,comkin1
piekin1_XC698198.ogg.npy,piekin1
barswa_XC674253.ogg.npy,barswa
comsan_XC686341.ogg.npy,comsan
putbab1_XC528864.ogg.npy,putbab1
whiter2_XC305350.ogg.npy,whiter2
comgre_XC795634.ogg.npy,comgre
labcro1_XC266876.ogg.npy,labcro1
kenplo1_XC718498.ogg.npy,kenplo1
yebbul3_XC214034.ogg.npy,yebbul3
hoopoe_XC800830.ogg.npy,hoopoe
eaywag1_XC648175.ogg.npy,eaywag1
bcnher_XC724375.ogg.npy,bcnher
lblwar1_XC687962.ogg.npy,lblwar1
gargan_XC787188.ogg.npy,gargan
crseag1_XC529199.ogg.npy,crseag1
inbrob1_XC20191.ogg.npy,inbrob1
insbab1_XC202648.ogg.npy,insbab1
spoowl1_XC517678.ogg.npy,spoowl1
litgre1_XC631702.ogg.npy,litgre1
grnsan_XC740533.ogg.npy,grnsan
eurcoo_XC217614.ogg.npy,eurcoo
zitcis1_XC756606.ogg.npy,zitcis1
indrol2_XC345158.ogg.npy,indrol2
woosan_XC145338.ogg.npy,woosan
whtkin2_XC430256.ogg.npy,whtkin2
whtkin2_XC621463.ogg.npy,whtkin2
grnwar1_XC457181.ogg.npy,grnwar1
piebus1_XC710200.ogg.npy,piebus1
woosan_XC545085.ogg.npy,woosan
commoo3_XC796572.ogg.npy,commoo3
eaywag1_XC718146.ogg.npy,eaywag1
labcro1_XC489763.ogg.npy,labcro1
litegr_XC665915.ogg.npy,litegr
eaywag1_XC765755.ogg.npy,eaywag1
rorpar_XC116839.ogg.npy,rorpar
grewar3_XC421446.ogg.npy,grewar3
spodov_XC736038.ogg.npy,spodov
rewlap1_XC190846.ogg.npy,rewlap1
labcro1_XC761181.ogg.npy,labcro1
indpit1_XC256280.ogg.npy,indpit1
litegr_XC678109.ogg.npy,litegr
shikra1_XC184128.ogg.npy,shikra1
brnhao1_XC469356.ogg.npy,brnhao1
barswa_XC193690.ogg.npy,barswa
comros_XC324846.ogg.npy,comros
inbrob1_XC583991.ogg.npy,inbrob1
btbeat1_XC683300.ogg.npy,btbeat1
greegr_XC598700.ogg.npy,greegr
woosan_XC204559.ogg.npy,woosan
brwowl1_XC470445.ogg.npy,brwowl1
emedov2_XC666201.ogg.npy,emedov2
hoopoe_XC325170.ogg.npy,hoopoe
brnhao1_XC608650.ogg.npy,brnhao1
blrwar1_XC655096.ogg.npy,blrwar1
litgre1_XC710791.ogg.npy,litgre1
barswa_XC485373.ogg.npy,barswa
gybpri1_XC41378.ogg.npy,gybpri1
houspa_XC424177.ogg.npy,houspa
comior1_XC268434.ogg.npy,comior1
junowl1_XC124718.ogg.npy,junowl1
eurcoo_XC636191.ogg.npy,eurcoo
comros_XC575827.ogg.npy,comros
vefnut1_XC490882.ogg.npy,vefnut1
houspa_XC541827.ogg.npy,houspa
comgre_XC671300.ogg.npy,comgre
comgre_XC748953.ogg.npy,comgre
putbab1_XC423293.ogg.npy,putbab1
zitcis1_XC840941.ogg.npy,zitcis1
litegr_XC576959.ogg.npy,litegr
litegr_XC432219.ogg.npy,litegr
litegr_XC680678.ogg.npy,litegr
whtkin2_XC784521.ogg.npy,whtkin2
whiter2_XC688426.ogg.npy,whiter2
houspa_XC167743.ogg.npy,houspa
eaywag1_XC675723.ogg.npy,eaywag1
bladro1_XC737482.ogg.npy,bladro1
hoopoe_XC707604.ogg.npy,hoopoe
asikoe2_XC812737.ogg.npy,asikoe2
whbsho3_XC856465.ogg.npy,whbsho3
bcnher_XC601229.ogg.npy,bcnher
commoo3_XC477359.ogg.npy,commoo3
comsan_XC666712.ogg.npy,comsan
insbab1_XC206390.ogg.npy,insbab1
barswa_XC339819.ogg.npy,barswa
grywag_XC845120.ogg.npy,grywag
woosan_XC549280.ogg.npy,woosan
rocpig_XC615049.ogg.npy,rocpig
grnsan_XC668915.ogg.npy,grnsan
crseag1_XC150734.ogg.npy,crseag1
grywag_XC507370.ogg.npy,grywag
purher1_XC568360.ogg.npy,purher1
gybpri1_XC423740.ogg.npy,gybpri1
categr_XC339758.ogg.npy,categr
rocpig_XC550346.ogg.npy,rocpig
piebus1_XC143254.ogg.npy,piebus1
indpit1_XC137108.ogg.npy,indpit1
commoo3_XC554617.ogg.npy,commoo3
rorpar_XC522616.ogg.npy,rorpar
putbab1_XC573334.ogg.npy,putbab1
goflea1_XC684245.ogg.npy,goflea1
litswi1_XC379679.ogg.npy,litswi1
pursun4_XC182625.ogg.npy,pursun4
litspi1_XC618632.ogg.npy,litspi1
ashdro1_XC492732.ogg.npy,ashdro1
labcro1_XC191641.ogg.npy,labcro1
bkwsti_XC193723.ogg.npy,bkwsti
gyhcaf1_XC356186.ogg.npy,gyhcaf1
comsan_XC588799.ogg.npy,comsan
blakit1_XC270446.ogg.npy,blakit1
wemhar1_XC790621.ogg.npy,wemhar1
commoo3_XC650111.ogg.npy,commoo3
grnsan_XC578544.ogg.npy,grnsan
junbab2_XC390355.ogg.npy,junbab2
grewar3_XC424015.ogg.npy,grewar3
barswa_XC320267.ogg.npy,barswa
zitcis1_XC148897.ogg.npy,zitcis1
litspi1_XC840214.ogg.npy,litspi1
btbeat1_XC239914.ogg.npy,btbeat1
putbab1_XC607034.ogg.npy,putbab1
zitcis1_XC712557.ogg.npy,zitcis1
whbwat1_XC266605.ogg.npy,whbwat1
lirplo_XC645399.ogg.npy,lirplo
whiter2_XC318421.ogg.npy,whiter2
blaeag1_XC112826.ogg.npy,blaeag1
vefnut1_XC327427.ogg.npy,vefnut1
grywag_XC767796.ogg.npy,grywag
grnwar1_XC299234.ogg.npy,grnwar1
rerswa1_XC445700.ogg.npy,rerswa1
brodro1_XC207264.ogg.npy,brodro1
lirplo_XC655854.ogg.npy,lirplo
comior1_XC297269.ogg.npy,comior1
commoo3_XC818187.ogg.npy,commoo3
greegr_XC582622.ogg.npy,greegr
grnsan_XC557398.ogg.npy,grnsan
houspa_XC124181.ogg.npy,houspa
putbab1_XC343911.ogg.npy,putbab1
gyhcaf1_XC497007.ogg.npy,gyhcaf1
rorpar_XC116840.ogg.npy,rorpar
bcnher_XC550542.ogg.npy,bcnher
kenplo1_XC718534.ogg.npy,kenplo1
eaywag1_XC770713.ogg.npy,eaywag1
comgre_XC723197.ogg.npy,comgre
blakit1_XC764320.ogg.npy,blakit1
bkskit1_XC350356.ogg.npy,bkskit1
grewar3_XC428984.ogg.npy,grewar3
grewar3_XC187079.ogg.npy,grewar3
zitcis1_XC711695.ogg.npy,zitcis1
eurcoo_XC625245.ogg.npy,eurcoo
purher1_XC844150.ogg.npy,purher1
grnwar1_XC600356.ogg.npy,grnwar1
plapri1_XC596984.ogg.npy,plapri1
eucdov_XC344259.ogg.npy,eucdov
grtdro1_XC756616.ogg.npy,grtdro1
graher1_XC569913.ogg.npy,graher1
grnsan_XC746691.ogg.npy,grnsan
whrmun_XC614541.ogg.npy,whrmun
houspa_XC565682.ogg.npy,houspa
blrwar1_XC666076.ogg.npy,blrwar1
grnwar1_XC317644.ogg.npy,grnwar1
litspi1_XC244319.ogg.npy,litspi1
grewar3_XC180135.ogg.npy,grewar3
barswa_XC361747.ogg.npy,barswa
brnhao1_XC321083.ogg.npy,brnhao1
lirplo_XC384350.ogg.npy,lirplo
rerswa1_XC471957.ogg.npy,rerswa1
placuc3_XC181302.ogg.npy,placuc3
yebbul3_XC574859.ogg.npy,yebbul3
barswa_XC575747.ogg.npy,barswa
comgre_XC666308.ogg.npy,comgre
eucdov_XC806668.ogg.npy,eucdov
brnshr_XC456208.ogg.npy,brnshr
eurcoo_XC697400.ogg.npy,eurcoo
eurcoo_XC567414.ogg.npy,eurcoo
eurcoo_XC714721.ogg.npy,eurcoo
barswa_XC306047.ogg.npy,barswa
gyhcaf1_XC653835.ogg.npy,gyhcaf1
woosan_XC265263.ogg.npy,woosan
insowl1_XC304586.ogg.npy,insowl1
houspa_XC628359.ogg.npy,houspa
woosan_XC742926.ogg.npy,woosan
grewar3_XC216105.ogg.npy,grewar3
hoopoe_XC666153.ogg.npy,hoopoe
bcnher_XC567599.ogg.npy,bcnher
litegr_XC642416.ogg.npy,litegr
copbar1_XC459293.ogg.npy,copbar1
woosan_XC145349.ogg.npy,woosan
thbwar1_XC439766.ogg.npy,thbwar1
houspa_XC807199.ogg.npy,houspa
pursun3_XC208781.ogg.npy,pursun3
blakit1_XC660615.ogg.npy,blakit1
purher1_XC665466.ogg.npy,purher1
eurcoo_XC380513.ogg.npy,eurcoo
insbab1_XC393951.ogg.npy,insbab1
litgre1_XC716638.ogg.npy,litgre1
grecou1_XC574984.ogg.npy,grecou1
commoo3_XC831044.ogg.npy,commoo3
grewar3_XC422507.ogg.npy,grewar3
emedov2_XC31543.ogg.npy,emedov2
spodov_XC74458.ogg.npy,spodov
woosan_XC64712.ogg.npy,woosan
comgre_XC666573.ogg.npy,comgre
junbab2_XC796048.ogg.npy,junbab2
gybpri1_XC302000.ogg.npy,gybpri1
tibfly3_XC684400.ogg.npy,tibfly3
copbar1_XC783719.ogg.npy,copbar1
litegr_XC333911.ogg.npy,litegr
litgre1_XC687082.ogg.npy,litgre1
bladro1_XC857000.ogg.npy,bladro1
purher1_XC673961.ogg.npy,purher1
paisto1_XC769894.ogg.npy,paisto1
vehpar1_XC497097.ogg.npy,vehpar1
lirplo_XC835675.ogg.npy,lirplo
cohcuc1_XC214006.ogg.npy,cohcuc1
woosan_XC554792.ogg.npy,woosan
blrwar1_XC492504.ogg.npy,blrwar1
nutman_XC829156.ogg.npy,nutman
blnmon1_XC445639.ogg.npy,blnmon1
maghor2_XC754676.ogg.npy,maghor2
commyn_XC110877.ogg.npy,commyn
commoo3_XC537954.ogg.npy,commoo3
grywag_XC575901.ogg.npy,grywag
plapri1_XC116817.ogg.npy,plapri1
blakit1_XC719785.ogg.npy,blakit1
shikra1_XC145284.ogg.npy,shikra1
comgre_XC646975.ogg.npy,comgre
grewar3_XC570205.ogg.npy,grewar3
commoo3_XC645433.ogg.npy,commoo3
woosan_XC599390.ogg.npy,woosan
whiter2_XC293454.ogg.npy,whiter2
blrwar1_XC183813.ogg.npy,blrwar1
houspa_XC622183.ogg.npy,houspa
lirplo_XC263304.ogg.npy,lirplo
whbwag1_XC423766.ogg.npy,whbwag1
litegr_XC333872.ogg.npy,litegr
hoopoe_XC685941.ogg.npy,hoopoe
smamin1_XC633052.ogg.npy,smamin1
eurcoo_XC747843.ogg.npy,eurcoo
comgre_XC685778.ogg.npy,comgre
graher1_XC673322.ogg.npy,graher1
categr_XC682210.ogg.npy,categr
cohcuc1_XC284522.ogg.npy,cohcuc1
blhori1_XC572654.ogg.npy,blhori1
comior1_XC303821.ogg.npy,comior1
barswa_XC405617.ogg.npy,barswa
kerlau2_XC856429.ogg.npy,kerlau2
yebbul3_XC207749.ogg.npy,yebbul3
vefnut1_XC31587.ogg.npy,vefnut1
comros_XC481393.ogg.npy,comros
grefla1_XC192028.ogg.npy,grefla1
comros_XC458150.ogg.npy,comros
graher1_XC497259.ogg.npy,graher1
grtdro1_XC490550.ogg.npy,grtdro1
eaywag1_XC138886.ogg.npy,eaywag1
comkin1_XC761561.ogg.npy,comkin1
bkskit1_XC352577.ogg.npy,bkskit1
comros_XC458146.ogg.npy,comros
compea_XC196656.ogg.npy,compea
junbab2_XC744712.ogg.npy,junbab2
blrwar1_XC659065.ogg.npy,blrwar1
jerbus2_XC567159.ogg.npy,jerbus2
gloibi_XC800219.ogg.npy,gloibi
grecou1_XC442341.ogg.npy,grecou1
rerswa1_XC423982.ogg.npy,rerswa1
rorpar_XC642479.ogg.npy,rorpar
thbwar1_XC607434.ogg.npy,thbwar1
placuc3_XC379545.ogg.npy,placuc3
grewar3_XC575392.ogg.npy,grewar3
woosan_XC387540.ogg.npy,woosan
houspa_XC772619.ogg.npy,houspa
bcnher_XC298152.ogg.npy,bcnher
eurcoo_XC400521.ogg.npy,eurcoo
grewar3_XC483338.ogg.npy,grewar3
comkin1_XC211675.ogg.npy,comkin1
niwpig1_XC122770.ogg.npy,niwpig1
yebbab1_XC536074.ogg.npy,yebbab1
hoopoe_XC685943.ogg.npy,hoopoe
comgre_XC827908.ogg.npy,comgre
barswa_XC770375.ogg.npy,barswa
indpit1_XC343023.ogg.npy,indpit1
litgre1_XC307354.ogg.npy,litgre1
blrwar1_XC199698.ogg.npy,blrwar1
grywag_XC754455.ogg.npy,grywag
comsan_XC489268.ogg.npy,comsan
grewar3_XC191632.ogg.npy,grewar3
pursun4_XC74149.ogg.npy,pursun4
grywag_XC456026.ogg.npy,grywag
woosan_XC146451.ogg.npy,woosan
rerswa1_XC330925.ogg.npy,rerswa1
litgre1_XC735405.ogg.npy,litgre1
bkskit1_XC360634.ogg.npy,bkskit1
eurcoo_XC433121.ogg.npy,eurcoo
whbbul2_XC163927.ogg.npy,whbbul2
comkin1_XC467794.ogg.npy,comkin1
blrwar1_XC313296.ogg.npy,blrwar1
commoo3_XC360808.ogg.npy,commoo3
spodov_XC205837.ogg.npy,spodov
rewbul_XC723000.ogg.npy,rewbul
rufbab3_XC665708.ogg.npy,rufbab3
graher1_XC673317.ogg.npy,graher1
blrwar1_XC345787.ogg.npy,blrwar1
eucdov_XC474772.ogg.npy,eucdov
litegr_XC829577.ogg.npy,litegr
whcbar1_XC313631.ogg.npy,whcbar1
emedov2_XC666200.ogg.npy,emedov2
blnmon1_XC503741.ogg.npy,blnmon1
blrwar1_XC420786.ogg.npy,blrwar1
sbeowl1_XC255682.ogg.npy,sbeowl1
brcful1_XC666046.ogg.npy,brcful1
grnsan_XC579395.ogg.npy,grnsan
indpit1_XC423306.ogg.npy,indpit1
grewar3_XC494854.ogg.npy,grewar3
piebus1_XC240347.ogg.npy,piebus1
whtkin2_XC858394.ogg.npy,whtkin2
spodov_XC31443.ogg.npy,spodov
tibfly3_XC163870.ogg.npy,tibfly3
marsan_XC138817.ogg.npy,marsan
zitcis1_XC374758.ogg.npy,zitcis1
grywag_XC263097.ogg.npy,grywag
rewbul_XC738791.ogg.npy,rewbul
hoopoe_XC308069.ogg.npy,hoopoe
comsan_XC666039.ogg.npy,comsan
blrwar1_XC566128.ogg.npy,blrwar1
nutman_XC441706.ogg.npy,nutman
litegr_XC333945.ogg.npy,litegr
bkwsti_XC632158.ogg.npy,bkwsti
barswa_XC584277.ogg.npy,barswa
houspa_XC682959.ogg.npy,houspa
laudov1_XC665553.ogg.npy,laudov1
litspi1_XC446977.ogg.npy,litspi1
maghor2_XC157978.ogg.npy,maghor2
litswi1_XC495325.ogg.npy,litswi1
litgre1_XC797801.ogg.npy,litgre1
eaywag1_XC416183.ogg.npy,eaywag1
rutfly6_XC817986.ogg.npy,rutfly6
blhori1_XC42612.ogg.npy,blhori1
eurcoo_XC673087.ogg.npy,eurcoo
ingori1_XC733455.ogg.npy,ingori1
barswa_XC804226.ogg.npy,barswa
comsan_XC789568.ogg.npy,comsan
greegr_XC390822.ogg.npy,greegr
grewar3_XC569297.ogg.npy,grewar3
grtdro1_XC57643.ogg.npy,grtdro1
barswa_XC416955.ogg.npy,barswa
eaywag1_XC588173.ogg.npy,eaywag1
laudov1_XC462901.ogg.npy,laudov1
comros_XC809744.ogg.npy,comros
bkwsti_XC835992.ogg.npy,bkwsti
comgre_XC433123.ogg.npy,comgre
eucdov_XC548527.ogg.npy,eucdov
comior1_XC658745.ogg.npy,comior1
gyhcaf1_XC503743.ogg.npy,gyhcaf1
wemhar1_XC608629.ogg.npy,wemhar1
crseag1_XC665380.ogg.npy,crseag1
maghor2_XC140250.ogg.npy,maghor2
blrwar1_XC659109.ogg.npy,blrwar1
grnsan_XC743778.ogg.npy,grnsan
commyn_XC494124.ogg.npy,commyn
ingori1_XC185494.ogg.npy,ingori1
comkin1_XC790230.ogg.npy,comkin1
hoopoe_XC562063.ogg.npy,hoopoe
cohcuc1_XC754344.ogg.npy,cohcuc1
whiter2_XC476924.ogg.npy,whiter2
indrol2_XC398456.ogg.npy,indrol2
eucdov_XC743743.ogg.npy,eucdov
bkwsti_XC363454.ogg.npy,bkwsti
blhori1_XC214004.ogg.npy,blhori1
houspa_XC641193.ogg.npy,houspa
commyn_XC183811.ogg.npy,commyn
dafbab1_XC775627.ogg.npy,dafbab1
hoopoe_XC308068.ogg.npy,hoopoe
bladro1_XC814823.ogg.npy,bladro1
comros_XC834432.ogg.npy,comros
comgre_XC568852.ogg.npy,comgre
comior1_XC297709.ogg.npy,comior1
grtdro1_XC450268.ogg.npy,grtdro1
brnhao1_XC766805.ogg.npy,brnhao1
oripip1_XC772641.ogg.npy,oripip1
asbfly_XC313835.ogg.npy,asbfly
barswa_XC764315.ogg.npy,barswa
ruftre2_XC568896.ogg.npy,ruftre2
rorpar_XC592951.ogg.npy,rorpar
grecou1_XC150949.ogg.npy,grecou1
rewlap1_XC357929.ogg.npy,rewlap1
grenig1_XC612084.ogg.npy,grenig1
eucdov_XC284421.ogg.npy,eucdov
grywag_XC297152.ogg.npy,grywag
piebus1_XC176169.ogg.npy,piebus1
bcnher_XC670491.ogg.npy,bcnher
zitcis1_XC499547.ogg.npy,zitcis1
hoopoe_XC838414.ogg.npy,hoopoe
woosan_XC801607.ogg.npy,woosan
woosan_XC215036.ogg.npy,woosan
blrwar1_XC630499.ogg.npy,blrwar1
smamin1_XC842524.ogg.npy,smamin1
whbbul2_XC164018.ogg.npy,whbbul2
zitcis1_XC734272.ogg.npy,zitcis1
comkin1_XC511572.ogg.npy,comkin1
marsan_XC120424.ogg.npy,marsan
revbul_XC74214.ogg.npy,revbul
comros_XC560114.ogg.npy,comros
litgre1_XC714373.ogg.npy,litgre1
eucdov_XC726671.ogg.npy,eucdov
plapri1_XC642745.ogg.npy,plapri1
grywag_XC235139.ogg.npy,grywag
putbab1_XC214183.ogg.npy,putbab1
graher1_XC686199.ogg.npy,graher1
grewar3_XC761666.ogg.npy,grewar3
comsan_XC646786.ogg.npy,comsan
comsan_XC318810.ogg.npy,comsan
junbab2_XC116754.ogg.npy,junbab2
grnsan_XC638424.ogg.npy,grnsan
bkskit1_XC350188.ogg.npy,bkskit1
bkskit1_XC433764.ogg.npy,bkskit1
whbtre1_XC278926.ogg.npy,whbtre1
eaywag1_XC796073.ogg.npy,eaywag1
whcbar1_XC761425.ogg.npy,whcbar1
rewlap1_XC573515.ogg.npy,rewlap1
hoopoe_XC492192.ogg.npy,hoopoe
litegr_XC605112.ogg.npy,litegr
crseag1_XC572671.ogg.npy,crseag1
grenig1_XC151818.ogg.npy,grenig1
eaywag1_XC766990.ogg.npy,eaywag1
bcnher_XC808257.ogg.npy,bcnher
kenplo1_XC376956.ogg.npy,kenplo1
cohcuc1_XC433065.ogg.npy,cohcuc1
eaywag1_XC417147.ogg.npy,eaywag1
brnshr_XC330917.ogg.npy,brnshr
asikoe2_XC73024.ogg.npy,asikoe2
piekin1_XC515834.ogg.npy,piekin1
rerswa1_XC471955.ogg.npy,rerswa1
sttwoo1_XC124420.ogg.npy,sttwoo1
comkin1_XC188958.ogg.npy,comkin1
brwowl1_XC761264.ogg.npy,brwowl1
eaywag1_XC812214.ogg.npy,eaywag1
gybpri1_XC722783.ogg.npy,gybpri1
houspa_XC459343.ogg.npy,houspa
asbfly_XC834959.ogg.npy,asbfly
houspa_XC345810.ogg.npy,houspa
crseag1_XC350206.ogg.npy,crseag1
pursun4_XC405330.ogg.npy,pursun4
commoo3_XC792813.ogg.npy,commoo3
ingori1_XC116741.ogg.npy,ingori1
greegr_XC143578.ogg.npy,greegr
grywag_XC855698.ogg.npy,grywag
gybpri1_XC326853.ogg.npy,gybpri1
brodro1_XC353800.ogg.npy,brodro1
comtai1_XC616973.ogg.npy,comtai1
eaywag1_XC587683.ogg.npy,eaywag1
barswa_XC630247.ogg.npy,barswa
commoo3_XC287570.ogg.npy,commoo3
commoo3_XC488467.ogg.npy,commoo3
litgre1_XC715799.ogg.npy,litgre1
bkskit1_XC350257.ogg.npy,bkskit1
rewbul_XC758757.ogg.npy,rewbul
litegr_XC500678.ogg.npy,litegr
barswa_XC741699.ogg.npy,barswa
junmyn1_XC110491.ogg.npy,junmyn1
litgre1_XC773540.ogg.npy,litgre1
whbwat1_XC304319.ogg.npy,whbwat1
putbab1_XC465682.ogg.npy,putbab1
bkskit1_XC353839.ogg.npy,bkskit1
comkin1_XC474270.ogg.npy,comkin1
tibfly3_XC158463.ogg.npy,tibfly3
eaywag1_XC675535.ogg.npy,eaywag1
asbfly_XC610733.ogg.npy,asbfly
inbrob1_XC316833.ogg.npy,inbrob1
bkwsti_XC338805.ogg.npy,bkwsti
houcro1_XC163863.ogg.npy,houcro1
piebus1_XC836933.ogg.npy,piebus1
spodov_XC773797.ogg.npy,spodov
litegr_XC333883.ogg.npy,litegr
rerswa1_XC611239.ogg.npy,rerswa1
eaywag1_XC826308.ogg.npy,eaywag1
greegr_XC317155.ogg.npy,greegr
grewar3_XC266546.ogg.npy,grewar3
eucdov_XC530697.ogg.npy,eucdov
gyhcaf1_XC503742.ogg.npy,gyhcaf1
commyn_XC528946.ogg.npy,commyn
bkskit1_XC352489.ogg.npy,bkskit1
gyhcaf1_XC290283.ogg.npy,gyhcaf1
grewar3_XC318068.ogg.npy,grewar3
purher1_XC770875.ogg.npy,purher1
litgre1_XC716708.ogg.npy,litgre1
rorpar_XC534454.ogg.npy,rorpar
grynig2_XC131945.ogg.npy,grynig2
aspfly1_XC687957.ogg.npy,aspfly1
grehor1_XC169937.ogg.npy,grehor1
barswa_XC648527.ogg.npy,barswa
bkskit1_XC583759.ogg.npy,bkskit1
zitcis1_XC710535.ogg.npy,zitcis1
brfowl1_XC138098.ogg.npy,brfowl1
comgre_XC381325.ogg.npy,comgre
blrwar1_XC826790.ogg.npy,blrwar1
bkrfla1_XC323802.ogg.npy,bkrfla1
bcnher_XC562646.ogg.npy,bcnher
whiter2_XC601208.ogg.npy,whiter2
zitcis1_XC310412.ogg.npy,zitcis1
ashdro1_XC365149.ogg.npy,ashdro1
compea_XC452046.ogg.npy,compea
ruftre2_XC469369.ogg.npy,ruftre2
bladro1_XC394042.ogg.npy,bladro1
zitcis1_XC800696.ogg.npy,zitcis1
grywag_XC170966.ogg.npy,grywag
comkin1_XC118166.ogg.npy,comkin1
gloibi_XC310509.ogg.npy,gloibi
litegr_XC333876.ogg.npy,litegr
houspa_XC197830.ogg.npy,houspa
comgre_XC670934.ogg.npy,comgre
kenplo1_XC338272.ogg.npy,kenplo1
goflea1_XC208794.ogg.npy,goflea1
whbwat1_XC769469.ogg.npy,whbwat1
barswa_XC484700.ogg.npy,barswa
litegr_XC720154.ogg.npy,litegr
whbwat1_XC432691.ogg.npy,whbwat1
commoo3_XC553548.ogg.npy,commoo3
grewar3_XC494691.ogg.npy,grewar3
woosan_XC184464.ogg.npy,woosan
blrwar1_XC371867.ogg.npy,blrwar1
comgre_XC540762.ogg.npy,comgre
nutman_XC366272.ogg.npy,nutman
grywag_XC124685.ogg.npy,grywag
litgre1_XC645934.ogg.npy,litgre1
asikoe2_XC169914.ogg.npy,asikoe2
bkwsti_XC698405.ogg.npy,bkwsti
litspi1_XC619549.ogg.npy,litspi1
commyn_XC40087.ogg.npy,commyn
blrwar1_XC659092.ogg.npy,blrwar1
litspi1_XC319390.ogg.npy,litspi1
ruftre2_XC359160.ogg.npy,ruftre2
greegr_XC787910.ogg.npy,greegr
cohcuc1_XC554297.ogg.npy,cohcuc1
woosan_XC652326.ogg.npy,woosan
woosan_XC664809.ogg.npy,woosan
wemhar1_XC821964.ogg.npy,wemhar1
comsan_XC648450.ogg.npy,comsan
blnmon1_XC741218.ogg.npy,blnmon1
greegr_XC786296.ogg.npy,greegr
hoopoe_XC577029.ogg.npy,hoopoe
comkin1_XC778305.ogg.npy,comkin1
bcnher_XC585654.ogg.npy,bcnher
comgre_XC827794.ogg.npy,comgre
graher1_XC267063.ogg.npy,graher1
hoopoe_XC803800.ogg.npy,hoopoe
purher1_XC338300.ogg.npy,purher1
comros_XC199318.ogg.npy,comros
plhpar1_XC210845.ogg.npy,plhpar1
blakit1_XC793214.ogg.npy,blakit1
barswa_XC560260.ogg.npy,barswa
brcful1_XC779406.ogg.npy,brcful1
bcnher_XC714745.ogg.npy,bcnher
comtai1_XC713029.ogg.npy,comtai1
purswa3_XC537106.ogg.npy,purswa3
commoo3_XC540997.ogg.npy,commoo3
emedov2_XC248147.ogg.npy,emedov2
asbfly_XC775904.ogg.npy,asbfly
blrwar1_XC183818.ogg.npy,blrwar1
bkwsti_XC558954.ogg.npy,bkwsti
crseag1_XC775617.ogg.npy,crseag1
junbab2_XC282586.ogg.npy,junbab2
stbkin1_XC659332.ogg.npy,stbkin1
grywag_XC556052.ogg.npy,grywag
lirplo_XC633875.ogg.npy,lirplo
litegr_XC333968.ogg.npy,litegr
bcnher_XC282624.ogg.npy,bcnher
grtdro1_XC603872.ogg.npy,grtdro1
comior1_XC402326.ogg.npy,comior1
grnwar1_XC208997.ogg.npy,grnwar1
bcnher_XC661217.ogg.npy,bcnher
grewar3_XC630521.ogg.npy,grewar3
asbfly_XC267682.ogg.npy,asbfly
comior1_XC754354.ogg.npy,comior1
comkin1_XC616099.ogg.npy,comkin1
comkin1_XC714218.ogg.npy,comkin1
eucdov_XC558467.ogg.npy,eucdov
categr_XC756290.ogg.npy,categr
blrwar1_XC120633.ogg.npy,blrwar1
litegr_XC346523.ogg.npy,litegr
blrwar1_XC565811.ogg.npy,blrwar1
gyhcaf1_XC489219.ogg.npy,gyhcaf1
laudov1_XC405380.ogg.npy,laudov1
rewlap1_XC507724.ogg.npy,rewlap1
gloibi_XC464845.ogg.npy,gloibi
barswa_XC798895.ogg.npy,barswa
houspa_XC564822.ogg.npy,houspa
grnwar1_XC441657.ogg.npy,grnwar1
grnsan_XC828624.ogg.npy,grnsan
laudov1_XC444432.ogg.npy,laudov1
grewar3_XC684275.ogg.npy,grewar3
rewbul_XC203256.ogg.npy,rewbul
comtai1_XC210478.ogg.npy,comtai1
smamin1_XC37783.ogg.npy,smamin1
bcnher_XC547393.ogg.npy,bcnher
comsan_XC587850.ogg.npy,comsan
grywag_XC726568.ogg.npy,grywag
comgre_XC206721.ogg.npy,comgre
bcnher_XC373688.ogg.npy,bcnher
whbwoo2_XC319054.ogg.npy,whbwoo2
ashpri1_XC401869.ogg.npy,ashpri1
purher1_XC187385.ogg.npy,purher1
grecou1_XC209944.ogg.npy,grecou1
comtai1_XC834667.ogg.npy,comtai1
ruftre2_XC348713.ogg.npy,ruftre2
ingori1_XC421642.ogg.npy,ingori1
bkwsti_XC774270.ogg.npy,bkwsti
bkwsti_XC189489.ogg.npy,bkwsti
wemhar1_XC131532.ogg.npy,wemhar1
grywag_XC806690.ogg.npy,grywag
plapri1_XC465268.ogg.npy,plapri1
wemhar1_XC410924.ogg.npy,wemhar1
graher1_XC496050.ogg.npy,graher1
bkwsti_XC804971.ogg.npy,bkwsti
eaywag1_XC317369.ogg.npy,eaywag1
grnsan_XC817738.ogg.npy,grnsan
comros_XC833972.ogg.npy,comros
grewar3_XC507658.ogg.npy,grewar3
comtai1_XC393237.ogg.npy,comtai1
purher1_XC824689.ogg.npy,purher1
marsan_XC648415.ogg.npy,marsan
comior1_XC796963.ogg.npy,comior1
litgre1_XC462272.ogg.npy,litgre1
comior1_XC150690.ogg.npy,comior1
woosan_XC770215.ogg.npy,woosan
stbkin1_XC177251.ogg.npy,stbkin1
cohcuc1_XC483085.ogg.npy,cohcuc1
indpit1_XC442328.ogg.npy,indpit1
pursun4_XC687326.ogg.npy,pursun4
ashdro1_XC335024.ogg.npy,ashdro1
graher1_XC837510.ogg.npy,graher1
grtdro1_XC528892.ogg.npy,grtdro1
wemhar1_XC781892.ogg.npy,wemhar1
litswi1_XC424696.ogg.npy,litswi1
rorpar_XC759751.ogg.npy,rorpar
grecou1_XC289199.ogg.npy,grecou1
blhori1_XC777453.ogg.npy,blhori1
litswi1_XC443070.ogg.npy,litswi1
rossta2_XC574447.ogg.npy,rossta2
woosan_XC670441.ogg.npy,woosan
purher1_XC828042.ogg.npy,purher1
categr_XC613482.ogg.npy,categr
bkcbul1_XC448142.ogg.npy,bkcbul1
grecou1_XC839263.ogg.npy,grecou1
junmyn1_XC110496.ogg.npy,junmyn1
laudov1_XC390807.ogg.npy,laudov1
grtdro1_XC184817.ogg.npy,grtdro1
inbrob1_XC393128.ogg.npy,inbrob1
comgre_XC717088.ogg.npy,comgre
brnshr_XC458247.ogg.npy,brnshr
brnhao1_XC542268.ogg.npy,brnhao1
grtdro1_XC441223.ogg.npy,grtdro1
rewbul_XC74347.ogg.npy,rewbul
barfly1_XC856388.ogg.npy,barfly1
copbar1_XC321770.ogg.npy,copbar1
comior1_XC631470.ogg.npy,comior1
barswa_XC580557.ogg.npy,barswa
ashdro1_XC463832.ogg.npy,ashdro1
bcnher_XC277475.ogg.npy,bcnher
eucdov_XC663906.ogg.npy,eucdov
eaywag1_XC452721.ogg.npy,eaywag1
eaywag1_XC818885.ogg.npy,eaywag1
eaywag1_XC687210.ogg.npy,eaywag1
grecou1_XC431491.ogg.npy,grecou1
paisto1_XC268752.ogg.npy,paisto1
comros_XC580323.ogg.npy,comros
whbwoo2_XC196555.ogg.npy,whbwoo2
eucdov_XC539178.ogg.npy,eucdov
grewar3_XC420106.ogg.npy,grewar3
eucdov_XC337620.ogg.npy,eucdov
grbeat1_XC665311.ogg.npy,grbeat1
houspa_XC701056.ogg.npy,houspa
eucdov_XC522042.ogg.npy,eucdov
comkin1_XC460319.ogg.npy,comkin1
zitcis1_XC845457.ogg.npy,zitcis1
whbwat1_XC541285.ogg.npy,whbwat1
eucdov_XC491007.ogg.npy,eucdov
aspswi1_XC592948.ogg.npy,aspswi1
comkin1_XC202482.ogg.npy,comkin1
vehpar1_XC126951.ogg.npy,vehpar1
btbeat1_XC400298.ogg.npy,btbeat1
grtdro1_XC184816.ogg.npy,grtdro1
brcful1_XC715957.ogg.npy,brcful1
litspi1_XC57249.ogg.npy,litspi1
eucdov_XC490220.ogg.npy,eucdov
brodro1_XC114815.ogg.npy,brodro1
whiter2_XC146006.ogg.npy,whiter2
rewbul_XC585176.ogg.npy,rewbul
crseag1_XC559099.ogg.npy,crseag1
grewar3_XC254828.ogg.npy,grewar3
comgre_XC824411.ogg.npy,comgre
bkskit1_XC858895.ogg.npy,bkskit1
rewbul_XC803474.ogg.npy,rewbul
kenplo1_XC494537.ogg.npy,kenplo1
kenplo1_XC765539.ogg.npy,kenplo1
revbul_XC577870.ogg.npy,revbul
commoo3_XC539199.ogg.npy,commoo3
eaywag1_XC768587.ogg.npy,eaywag1
houcro1_XC779258.ogg.npy,houcro1
gybpri1_XC823527.ogg.npy,gybpri1
grnsan_XC584393.ogg.npy,grnsan
barswa_XC457799.ogg.npy,barswa
gloibi_XC310511.ogg.npy,gloibi
stbkin1_XC122388.ogg.npy,stbkin1
comtai1_XC643391.ogg.npy,comtai1
lirplo_XC326570.ogg.npy,lirplo
copbar1_XC666450.ogg.npy,copbar1
nutman_XC689440.ogg.npy,nutman
brwowl1_XC613168.ogg.npy,brwowl1
copbar1_XC442206.ogg.npy,copbar1
bkskit1_XC763925.ogg.npy,bkskit1
whbwat1_XC822437.ogg.npy,whbwat1
grewar3_XC580303.ogg.npy,grewar3
whbwat1_XC756505.ogg.npy,whbwat1
comtai1_XC788042.ogg.npy,comtai1
litegr_XC585272.ogg.npy,litegr
bkwsti_XC544378.ogg.npy,bkwsti
blakit1_XC262835.ogg.npy,blakit1
zitcis1_XC558797.ogg.npy,zitcis1
emedov2_XC722955.ogg.npy,emedov2
rocpig_XC263180.ogg.npy,rocpig
greegr_XC630526.ogg.npy,greegr
comior1_XC376572.ogg.npy,comior1
grywag_XC683321.ogg.npy,grywag
whrmun_XC711543.ogg.npy,whrmun
comros_XC484731.ogg.npy,comros
hoopoe_XC701405.ogg.npy,hoopoe
hoopoe_XC789270.ogg.npy,hoopoe
rocpig_XC486871.ogg.npy,rocpig
stbkin1_XC522750.ogg.npy,stbkin1
rorpar_XC764464.ogg.npy,rorpar
btbeat1_XC444462.ogg.npy,btbeat1
forwag1_XC720532.ogg.npy,forwag1
btbeat1_XC142747.ogg.npy,btbeat1
commoo3_XC253281.ogg.npy,commoo3
commyn_XC577886.ogg.npy,commyn
asikoe2_XC347587.ogg.npy,asikoe2
copbar1_XC576598.ogg.npy,copbar1
marsan_XC838758.ogg.npy,marsan
houspa_XC677906.ogg.npy,houspa
grewar3_XC380660.ogg.npy,grewar3
commoo3_XC288672.ogg.npy,commoo3
eaywag1_XC672892.ogg.npy,eaywag1
brnhao1_XC608651.ogg.npy,brnhao1
commyn_XC110873.ogg.npy,commyn
woosan_XC478806.ogg.npy,woosan
putbab1_XC239783.ogg.npy,putbab1
sttwoo1_XC349693.ogg.npy,sttwoo1
nutman_XC792175.ogg.npy,nutman
rewbul_XC306398.ogg.npy,rewbul
blrwar1_XC569635.ogg.npy,blrwar1
labcro1_XC841049.ogg.npy,labcro1
whiter2_XC584672.ogg.npy,whiter2
hoopoe_XC398490.ogg.npy,hoopoe
graher1_XC521617.ogg.npy,graher1
comsan_XC361764.ogg.npy,comsan
lirplo_XC720515.ogg.npy,lirplo
whiter2_XC770346.ogg.npy,whiter2
gloibi_XC740152.ogg.npy,gloibi
greegr_XC528049.ogg.npy,greegr
commoo3_XC639486.ogg.npy,commoo3
brnhao1_XC647840.ogg.npy,brnhao1
whrmun_XC176319.ogg.npy,whrmun
rewbul_XC207898.ogg.npy,rewbul
stbkin1_XC236336.ogg.npy,stbkin1
comgre_XC767691.ogg.npy,comgre
hoopoe_XC369629.ogg.npy,hoopoe
grywag_XC636678.ogg.npy,grywag
rewlap1_XC733008.ogg.npy,rewlap1
graher1_XC48828.ogg.npy,graher1
grtdro1_XC306987.ogg.npy,grtdro1
whiter2_XC446878.ogg.npy,whiter2
grnwar1_XC482447.ogg.npy,grnwar1
brcful1_XC318995.ogg.npy,brcful1
comsan_XC338208.ogg.npy,comsan
brakit1_XC827537.ogg.npy,brakit1
whrmun_XC853726.ogg.npy,whrmun
purher1_XC827227.ogg.npy,purher1
cohcuc1_XC348575.ogg.npy,cohcuc1
asikoe2_XC540848.ogg.npy,asikoe2
labcro1_XC455250.ogg.npy,labcro1
spoowl1_XC517680.ogg.npy,spoowl1
asikoe2_XC332745.ogg.npy,asikoe2
rossta2_XC652561.ogg.npy,rossta2
houcro1_XC787550.ogg.npy,houcro1
zitcis1_XC724749.ogg.npy,zitcis1
gyhcaf1_XC701624.ogg.npy,gyhcaf1
litgre1_XC180116.ogg.npy,litgre1
aspswi1_XC283409.ogg.npy,aspswi1
zitcis1_XC451178.ogg.npy,zitcis1
gyhcaf1_XC408730.ogg.npy,gyhcaf1
whbwoo2_XC397769.ogg.npy,whbwoo2
grnsan_XC471573.ogg.npy,grnsan
grecou1_XC126408.ogg.npy,grecou1
oripip1_XC124380.ogg.npy,oripip1
houspa_XC260100.ogg.npy,houspa
bkcbul1_XC786581.ogg.npy,bkcbul1
thbwar1_XC681117.ogg.npy,thbwar1
whiter2_XC412706.ogg.npy,whiter2
bcnher_XC676277.ogg.npy,bcnher
wemhar1_XC702373.ogg.npy,wemhar1
brwowl1_XC637207.ogg.npy,brwowl1
kenplo1_XC485349.ogg.npy,kenplo1
grewar3_XC420087.ogg.npy,grewar3
bkwsti_XC269609.ogg.npy,bkwsti
comsan_XC838141.ogg.npy,comsan
comros_XC457676.ogg.npy,comros
graher1_XC590234.ogg.npy,graher1
asikoe2_XC807619.ogg.npy,asikoe2
grtdro1_XC150638.ogg.npy,grtdro1
emedov2_XC692667.ogg.npy,emedov2
rorpar_XC442500.ogg.npy,rorpar
comgre_XC355296.ogg.npy,comgre
rorpar_XC340755.ogg.npy,rorpar
grnsan_XC301655.ogg.npy,grnsan
comtai1_XC537772.ogg.npy,comtai1
brwowl1_XC824375.ogg.npy,brwowl1
litgre1_XC546375.ogg.npy,litgre1
junmyn1_XC209051.ogg.npy,junmyn1
grnsan_XC301654.ogg.npy,grnsan
cohcuc1_XC316409.ogg.npy,cohcuc1
gyhcaf1_XC116631.ogg.npy,gyhcaf1
kenplo1_XC645958.ogg.npy,kenplo1
comkin1_XC324928.ogg.npy,comkin1
pursun4_XC73048.ogg.npy,pursun4
lblwar1_XC777382.ogg.npy,lblwar1
copbar1_XC293720.ogg.npy,copbar1
comtai1_XC402973.ogg.npy,comtai1
lblwar1_XC453491.ogg.npy,lblwar1
lirplo_XC465801.ogg.npy,lirplo
gargan_XC650339.ogg.npy,gargan
bkwsti_XC496380.ogg.npy,bkwsti
comgre_XC820709.ogg.npy,comgre
piekin1_XC515895.ogg.npy,piekin1
comtai1_XC683304.ogg.npy,comtai1
comtai1_XC723472.ogg.npy,comtai1
lirplo_XC804754.ogg.npy,lirplo
comkin1_XC511664.ogg.npy,comkin1
blrwar1_XC654568.ogg.npy,blrwar1
commoo3_XC729065.ogg.npy,commoo3
commoo3_XC403957.ogg.npy,commoo3
grnsan_XC497064.ogg.npy,grnsan
orihob2_XC538846.ogg.npy,orihob2
comgre_XC580617.ogg.npy,comgre
houspa_XC739675.ogg.npy,houspa
crseag1_XC523490.ogg.npy,crseag1
bkskit1_XC352575.ogg.npy,bkskit1
graher1_XC587822.ogg.npy,graher1
whtkin2_XC362808.ogg.npy,whtkin2
rewlap1_XC362840.ogg.npy,rewlap1
copbar1_XC702460.ogg.npy,copbar1
bkwsti_XC428707.ogg.npy,bkwsti
stbkin1_XC294062.ogg.npy,stbkin1
houspa_XC641213.ogg.npy,houspa
rorpar_XC626055.ogg.npy,rorpar
thbwar1_XC786973.ogg.npy,thbwar1
graher1_XC665146.ogg.npy,graher1
grewar3_XC533876.ogg.npy,grewar3
comsan_XC699302.ogg.npy,comsan
bkskit1_XC805217.ogg.npy,bkskit1
grnsan_XC723431.ogg.npy,grnsan
rossta2_XC728313.ogg.npy,rossta2
grtdro1_XC336531.ogg.npy,grtdro1
pursun4_XC195584.ogg.npy,pursun4
blrwar1_XC249229.ogg.npy,blrwar1
indrol2_XC116750.ogg.npy,indrol2
gryfra_XC775466.ogg.npy,gryfra
eaywag1_XC593637.ogg.npy,eaywag1
comior1_XC266920.ogg.npy,comior1
grtdro1_XC578796.ogg.npy,grtdro1
zitcis1_XC568236.ogg.npy,zitcis1
grnsan_XC581820.ogg.npy,grnsan
copbar1_XC197611.ogg.npy,copbar1
graher1_XC706695.ogg.npy,graher1
asikoe2_XC476378.ogg.npy,asikoe2
lblwar1_XC483584.ogg.npy,lblwar1
grnsan_XC743688.ogg.npy,grnsan
whbwat1_XC232832.ogg.npy,whbwat1
grewar3_XC756008.ogg.npy,grewar3
mawthr1_XC362115.ogg.npy,mawthr1
rewbul_XC406126.ogg.npy,rewbul
vefnut1_XC781049.ogg.npy,vefnut1
grnsan_XC585075.ogg.npy,grnsan
comtai1_XC245904.ogg.npy,comtai1
blrwar1_XC656128.ogg.npy,blrwar1
maghor2_XC189231.ogg.npy,maghor2
bcnher_XC811976.ogg.npy,bcnher
comkin1_XC618166.ogg.npy,comkin1
grtdro1_XC610727.ogg.npy,grtdro1
purher1_XC588208.ogg.npy,purher1
litegr_XC282918.ogg.npy,litegr
barswa_XC312064.ogg.npy,barswa
grewar3_XC484203.ogg.npy,grewar3
eucdov_XC787689.ogg.npy,eucdov
comsan_XC663708.ogg.npy,comsan
comkin1_XC845634.ogg.npy,comkin1
eurcoo_XC687009.ogg.npy,eurcoo
tibfly3_XC152872.ogg.npy,tibfly3
grywag_XC356662.ogg.npy,grywag
graher1_XC684243.ogg.npy,graher1
litegr_XC757555.ogg.npy,litegr
brasta1_XC443646.ogg.npy,brasta1
hoopoe_XC317080.ogg.npy,hoopoe
eucdov_XC669823.ogg.npy,eucdov
blhori1_XC499018.ogg.npy,blhori1
pomgrp2_XC214020.ogg.npy,pomgrp2
blrwar1_XC234437.ogg.npy,blrwar1
bkwsti_XC727558.ogg.npy,bkwsti
woosan_XC739348.ogg.npy,woosan
blrwar1_XC731602.ogg.npy,blrwar1
commoo3_XC645062.ogg.npy,commoo3
shikra1_XC343014.ogg.npy,shikra1
greegr_XC456479.ogg.npy,greegr
houspa_XC650362.ogg.npy,houspa
whiter2_XC770351.ogg.npy,whiter2
stbkin1_XC637354.ogg.npy,stbkin1
eucdov_XC627301.ogg.npy,eucdov
gargan_XC793033.ogg.npy,gargan
brcful1_XC816790.ogg.npy,brcful1
houspa_XC463029.ogg.npy,houspa
comkin1_XC499089.ogg.npy,comkin1
eurcoo_XC641446.ogg.npy,eurcoo
blrwar1_XC733119.ogg.npy,blrwar1
grewar3_XC652513.ogg.npy,grewar3
crseag1_XC797749.ogg.npy,crseag1
comgre_XC383371.ogg.npy,comgre
eurcoo_XC773385.ogg.npy,eurcoo
blrwar1_XC563159.ogg.npy,blrwar1
pursun4_XC541653.ogg.npy,pursun4
comior1_XC425924.ogg.npy,comior1
houspa_XC432106.ogg.npy,houspa
comgre_XC432354.ogg.npy,comgre
comros_XC324398.ogg.npy,comros
rufbab3_XC123007.ogg.npy,rufbab3
spoowl1_XC395029.ogg.npy,spoowl1
bcnher_XC541223.ogg.npy,bcnher
bcnher_XC128632.ogg.npy,bcnher
rorpar_XC535800.ogg.npy,rorpar
blakit1_XC323761.ogg.npy,blakit1
bkwsti_XC338795.ogg.npy,bkwsti
grnwar1_XC736630.ogg.npy,grnwar1
blrwar1_XC659135.ogg.npy,blrwar1
greegr_XC202074.ogg.npy,greegr
comsan_XC802492.ogg.npy,comsan
comsan_XC465566.ogg.npy,comsan
kenplo1_XC338265.ogg.npy,kenplo1
darter2_XC684290.ogg.npy,darter2
ashdro1_XC771306.ogg.npy,ashdro1
gybpri1_XC709698.ogg.npy,gybpri1
grnwar1_XC207762.ogg.npy,grnwar1
lirplo_XC796558.ogg.npy,lirplo
lirplo_XC784842.ogg.npy,lirplo
lirplo_XC652339.ogg.npy,lirplo
comior1_XC503389.ogg.npy,comior1
comkin1_XC714185.ogg.npy,comkin1
comgre_XC484266.ogg.npy,comgre
woosan_XC582100.ogg.npy,woosan
lirplo_XC795907.ogg.npy,lirplo
bcnher_XC654331.ogg.npy,bcnher
rewbul_XC469086.ogg.npy,rewbul
comfla1_XC410648.ogg.npy,comfla1
thbwar1_XC667277.ogg.npy,thbwar1
yebbab1_XC346138.ogg.npy,yebbab1
commoo3_XC341737.ogg.npy,commoo3
rewbul_XC490874.ogg.npy,rewbul
sbeowl1_XC383577.ogg.npy,sbeowl1
bladro1_XC442337.ogg.npy,bladro1
compea_XC189336.ogg.npy,compea
ashdro1_XC769472.ogg.npy,ashdro1
litegr_XC843447.ogg.npy,litegr
hoopoe_XC724975.ogg.npy,hoopoe
houspa_XC628366.ogg.npy,houspa
lirplo_XC827050.ogg.npy,lirplo
litgre1_XC341035.ogg.npy,litgre1
houspa_XC635443.ogg.npy,houspa
grnsan_XC828089.ogg.npy,grnsan
rewbul_XC210183.ogg.npy,rewbul
grywag_XC668145.ogg.npy,grywag
marsan_XC153904.ogg.npy,marsan
bkrfla1_XC255437.ogg.npy,bkrfla1
grnsan_XC547921.ogg.npy,grnsan
blnmon1_XC562606.ogg.npy,blnmon1
bcnher_XC472190.ogg.npy,bcnher
zitcis1_XC789619.ogg.npy,zitcis1
rorpar_XC713926.ogg.npy,rorpar
grecou1_XC450275.ogg.npy,grecou1
stbkin1_XC608670.ogg.npy,stbkin1
grbeat1_XC509474.ogg.npy,grbeat1
rorpar_XC459291.ogg.npy,rorpar
bkwsti_XC809164.ogg.npy,bkwsti
labcro1_XC787757.ogg.npy,labcro1
grywag_XC614147.ogg.npy,grywag
orihob2_XC756487.ogg.npy,orihob2
purswa3_XC278753.ogg.npy,purswa3
copbar1_XC792671.ogg.npy,copbar1
zitcis1_XC236928.ogg.npy,zitcis1
brakit1_XC246760.ogg.npy,brakit1
graher1_XC667505.ogg.npy,graher1
crseag1_XC713655.ogg.npy,crseag1
grewar3_XC135405.ogg.npy,grewar3
houspa_XC571250.ogg.npy,houspa
eucdov_XC820074.ogg.npy,eucdov
lblwar1_XC639661.ogg.npy,lblwar1
yebbab1_XC267098.ogg.npy,yebbab1
grewar3_XC573196.ogg.npy,grewar3
graher1_XC356090.ogg.npy,graher1
comkin1_XC690633.ogg.npy,comkin1
commyn_XC713913.ogg.npy,commyn
barswa_XC178403.ogg.npy,barswa
hoopoe_XC173847.ogg.npy,hoopoe
bcnher_XC309051.ogg.npy,bcnher
orihob2_XC690489.ogg.npy,orihob2
mawthr1_XC318812.ogg.npy,mawthr1
malpar1_XC604530.ogg.npy,malpar1
grewar3_XC189947.ogg.npy,grewar3
grewar3_XC342321.ogg.npy,grewar3
emedov2_XC328135.ogg.npy,emedov2
comior1_XC608941.ogg.npy,comior1
brnshr_XC611408.ogg.npy,brnshr
comtai1_XC621219.ogg.npy,comtai1
rocpig_XC842780.ogg.npy,rocpig
comsan_XC856294.ogg.npy,comsan
houspa_XC786618.ogg.npy,houspa
tibfly3_XC189109.ogg.npy,tibfly3
comkin1_XC450292.ogg.npy,comkin1
comros_XC376485.ogg.npy,comros
grnwar1_XC347399.ogg.npy,grnwar1
lirplo_XC734400.ogg.npy,lirplo
gyhcaf1_XC779854.ogg.npy,gyhcaf1
comsan_XC142393.ogg.npy,comsan
grtdro1_XC440389.ogg.npy,grtdro1
comsan_XC558727.ogg.npy,comsan
comgre_XC687397.ogg.npy,comgre
commyn_XC116527.ogg.npy,commyn
marsan_XC304118.ogg.npy,marsan
eaywag1_XC361316.ogg.npy,eaywag1
purher1_XC432223.ogg.npy,purher1
rerswa1_XC178396.ogg.npy,rerswa1
greegr_XC497808.ogg.npy,greegr
grywag_XC458289.ogg.npy,grywag
commoo3_XC370952.ogg.npy,commoo3
zitcis1_XC808223.ogg.npy,zitcis1
bcnher_XC452567.ogg.npy,bcnher
piebus1_XC856054.ogg.npy,piebus1
plapri1_XC304085.ogg.npy,plapri1
revbul_XC788997.ogg.npy,revbul
indtit1_XC576909.ogg.npy,indtit1
gargan_XC807089.ogg.npy,gargan
asbfly_XC578909.ogg.npy,asbfly
zitcis1_XC557791.ogg.npy,zitcis1
comkin1_XC743756.ogg.npy,comkin1
grnsan_XC663557.ogg.npy,grnsan
whiter2_XC414721.ogg.npy,whiter2
zitcis1_XC337545.ogg.npy,zitcis1
rerswa1_XC423977.ogg.npy,rerswa1
stbkin1_XC665896.ogg.npy,stbkin1
piebus1_XC185033.ogg.npy,piebus1
rocpig_XC129886.ogg.npy,rocpig
purher1_XC631681.ogg.npy,purher1
hoopoe_XC820519.ogg.npy,hoopoe
woosan_XC488072.ogg.npy,woosan
comkin1_XC714220.ogg.npy,comkin1
heswoo1_XC357155.ogg.npy,heswoo1
bkwsti_XC188713.ogg.npy,bkwsti
eurcoo_XC621931.ogg.npy,eurcoo
piebus1_XC571389.ogg.npy,piebus1
greegr_XC435966.ogg.npy,greegr
gryfra_XC308571.ogg.npy,gryfra
labcro1_XC285048.ogg.npy,labcro1
rocpig_XC844858.ogg.npy,rocpig
dafbab1_XC187069.ogg.npy,dafbab1
laudov1_XC234881.ogg.npy,laudov1
comros_XC289948.ogg.npy,comros
gybpri1_XC362824.ogg.npy,gybpri1
rorpar_XC352676.ogg.npy,rorpar
blrwar1_XC178690.ogg.npy,blrwar1
tibfly3_XC207659.ogg.npy,tibfly3
tibfly3_XC645727.ogg.npy,tibfly3
eucdov_XC662830.ogg.npy,eucdov
graher1_XC559528.ogg.npy,graher1
labcro1_XC115152.ogg.npy,labcro1
eurcoo_XC772766.ogg.npy,eurcoo
lirplo_XC418882.ogg.npy,lirplo
chbeat1_XC178285.ogg.npy,chbeat1
piebus1_XC204769.ogg.npy,piebus1
woosan_XC378704.ogg.npy,woosan
comsan_XC659279.ogg.npy,comsan
wemhar1_XC666373.ogg.npy,wemhar1
bkwsti_XC417021.ogg.npy,bkwsti
gyhcaf1_XC73270.ogg.npy,gyhcaf1
revbul_XC116832.ogg.npy,revbul
plapri1_XC362826.ogg.npy,plapri1
bkwsti_XC663368.ogg.npy,bkwsti
graher1_XC603671.ogg.npy,graher1
sttwoo1_XC615774.ogg.npy,sttwoo1
comsan_XC829389.ogg.npy,comsan
whtkin2_XC377406.ogg.npy,whtkin2
lirplo_XC745652.ogg.npy,lirplo
bkskit1_XC352554.ogg.npy,bkskit1
grywag_XC672536.ogg.npy,grywag
grnwar1_XC193501.ogg.npy,grnwar1
hoopoe_XC316863.ogg.npy,hoopoe
purher1_XC471545.ogg.npy,purher1
rocpig_XC829900.ogg.npy,rocpig
houspa_XC638082.ogg.npy,houspa
whbwag1_XC267083.ogg.npy,whbwag1
brwowl1_XC179946.ogg.npy,brwowl1
brodro1_XC284391.ogg.npy,brodro1
gybpri1_XC382148.ogg.npy,gybpri1
whtkin2_XC477294.ogg.npy,whtkin2
rewlap1_XC563965.ogg.npy,rewlap1
spodov_XC684741.ogg.npy,spodov
gyhcaf1_XC720382.ogg.npy,gyhcaf1
comior1_XC481330.ogg.npy,comior1
commoo3_XC538973.ogg.npy,commoo3
brodro1_XC197613.ogg.npy,brodro1
zitcis1_XC821791.ogg.npy,zitcis1
grywag_XC456027.ogg.npy,grywag
putbab1_XC697558.ogg.npy,putbab1
maghor2_XC386044.ogg.npy,maghor2
hoopoe_XC789269.ogg.npy,hoopoe
shikra1_XC401593.ogg.npy,shikra1
eaywag1_XC796070.ogg.npy,eaywag1
zitcis1_XC527576.ogg.npy,zitcis1
barswa_XC820271.ogg.npy,barswa
piekin1_XC304000.ogg.npy,piekin1
grefla1_XC284839.ogg.npy,grefla1
rufwoo2_XC562984.ogg.npy,rufwoo2
zitcis1_XC583639.ogg.npy,zitcis1
comsan_XC741572.ogg.npy,comsan
litegr_XC188332.ogg.npy,litegr
kenplo1_XC376955.ogg.npy,kenplo1
commoo3_XC559153.ogg.npy,commoo3
ashdro1_XC404676.ogg.npy,ashdro1
bcnher_XC673963.ogg.npy,bcnher
commyn_XC116526.ogg.npy,commyn
brodro1_XC240624.ogg.npy,brodro1
comkin1_XC543518.ogg.npy,comkin1
laudov1_XC371358.ogg.npy,laudov1
gargan_XC833727.ogg.npy,gargan
houspa_XC168476.ogg.npy,houspa
insbab1_XC574853.ogg.npy,insbab1
grtdro1_XC537855.ogg.npy,grtdro1
litgre1_XC472066.ogg.npy,litgre1
barswa_XC578053.ogg.npy,barswa
blnmon1_XC406615.ogg.npy,blnmon1
labcro1_XC490161.ogg.npy,labcro1
sbeowl1_XC172340.ogg.npy,sbeowl1
grewar3_XC162677.ogg.npy,grewar3
litegr_XC842219.ogg.npy,litegr
rocpig_XC169211.ogg.npy,rocpig
bkwsti_XC726579.ogg.npy,bkwsti
comtai1_XC118078.ogg.npy,comtai1
bladro1_XC596818.ogg.npy,bladro1
gyhcaf1_XC580675.ogg.npy,gyhcaf1
woosan_XC740796.ogg.npy,woosan
bkskit1_XC353838.ogg.npy,bkskit1
kenplo1_XC182877.ogg.npy,kenplo1
comsan_XC266359.ogg.npy,comsan
grehor1_XC747011.ogg.npy,grehor1
comior1_XC444463.ogg.npy,comior1
insowl1_XC233804.ogg.npy,insowl1
comtai1_XC209010.ogg.npy,comtai1
rorpar_XC844371.ogg.npy,rorpar
aspfly1_XC458411.ogg.npy,aspfly1
zitcis1_XC565038.ogg.npy,zitcis1
lirplo_XC630125.ogg.npy,lirplo
rocpig_XC361753.ogg.npy,rocpig
eucdov_XC710809.ogg.npy,eucdov
houspa_XC234401.ogg.npy,houspa
bcnher_XC819188.ogg.npy,bcnher
woosan_XC606814.ogg.npy,woosan
grefla1_XC760942.ogg.npy,grefla1
hoopoe_XC252584.ogg.npy,hoopoe
grywag_XC812495.ogg.npy,grywag
woosan_XC747221.ogg.npy,woosan
grejun2_XC574335.ogg.npy,grejun2
blrwar1_XC564640.ogg.npy,blrwar1
comgre_XC436348.ogg.npy,comgre
litegr_XC718490.ogg.npy,litegr
bkwsti_XC338278.ogg.npy,bkwsti
brnshr_XC815433.ogg.npy,brnshr
commoo3_XC545680.ogg.npy,commoo3
grtdro1_XC336526.ogg.npy,grtdro1
comros_XC324399.ogg.npy,comros
piekin1_XC341770.ogg.npy,piekin1
hoopoe_XC312066.ogg.npy,hoopoe
kenplo1_XC638362.ogg.npy,kenplo1
blrwar1_XC199244.ogg.npy,blrwar1
malpar1_XC753447.ogg.npy,malpar1
comsan_XC552414.ogg.npy,comsan
graher1_XC497432.ogg.npy,graher1
comsan_XC744944.ogg.npy,comsan
lewduc1_XC169762.ogg.npy,lewduc1
blrwar1_XC611500.ogg.npy,blrwar1
comkin1_XC586275.ogg.npy,comkin1
eurcoo_XC572645.ogg.npy,eurcoo
eaywag1_XC642038.ogg.npy,eaywag1
lirplo_XC554998.ogg.npy,lirplo
blhori1_XC163084.ogg.npy,blhori1
piebus1_XC430286.ogg.npy,piebus1
comgre_XC562805.ogg.npy,comgre
categr_XC361553.ogg.npy,categr
commoo3_XC637536.ogg.npy,commoo3
blrwar1_XC661059.ogg.npy,blrwar1
houcro1_XC116648.ogg.npy,houcro1
houspa_XC326996.ogg.npy,houspa
bladro1_XC209203.ogg.npy,bladro1
gyhcaf1_XC204131.ogg.npy,gyhcaf1
comsan_XC385916.ogg.npy,comsan
hoopoe_XC137661.ogg.npy,hoopoe
eurbla2_XC189333.ogg.npy,eurbla2
comtai1_XC321614.ogg.npy,comtai1
comtai1_XC468801.ogg.npy,comtai1
laudov1_XC374007.ogg.npy,laudov1
purher1_XC157379.ogg.npy,purher1
eaywag1_XC370080.ogg.npy,eaywag1
grnsan_XC392805.ogg.npy,grnsan
wemhar1_XC187174.ogg.npy,wemhar1
lirplo_XC674290.ogg.npy,lirplo
labcro1_XC115154.ogg.npy,labcro1
crseag1_XC636291.ogg.npy,crseag1
litegr_XC795968.ogg.npy,litegr
commoo3_XC626604.ogg.npy,commoo3
blakit1_XC269713.ogg.npy,blakit1
comros_XC486682.ogg.npy,comros
comior1_XC613678.ogg.npy,comior1
maghor2_XC498561.ogg.npy,maghor2
comros_XC729744.ogg.npy,comros
bcnher_XC665421.ogg.npy,bcnher
insowl1_XC673780.ogg.npy,insowl1
btbeat1_XC757871.ogg.npy,btbeat1
placuc3_XC682031.ogg.npy,placuc3
forwag1_XC810384.ogg.npy,forwag1
eaywag1_XC584625.ogg.npy,eaywag1
comkin1_XC287560.ogg.npy,comkin1
blrwar1_XC659071.ogg.npy,blrwar1
crseag1_XC719834.ogg.npy,crseag1
comkin1_XC598240.ogg.npy,comkin1
plapri1_XC859313.ogg.npy,plapri1
purher1_XC276851.ogg.npy,purher1
lirplo_XC839895.ogg.npy,lirplo
comsan_XC858210.ogg.npy,comsan
asikoe2_XC840485.ogg.npy,asikoe2
brnshr_XC837100.ogg.npy,brnshr
zitcis1_XC633694.ogg.npy,zitcis1
ashwoo2_XC685139.ogg.npy,ashwoo2
maltro1_XC397144.ogg.npy,maltro1
rocpig_XC536370.ogg.npy,rocpig
grywag_XC432285.ogg.npy,grywag
bladro1_XC796221.ogg.npy,bladro1
asikoe2_XC461634.ogg.npy,asikoe2
rerswa1_XC383401.ogg.npy,rerswa1
graher1_XC306076.ogg.npy,graher1
revbul_XC205814.ogg.npy,revbul
eurcoo_XC201684.ogg.npy,eurcoo
asikoe2_XC735666.ogg.npy,asikoe2
bcnher_XC304259.ogg.npy,bcnher
commoo3_XC701368.ogg.npy,commoo3
inbrob1_XC360927.ogg.npy,inbrob1
rerswa1_XC464439.ogg.npy,rerswa1
hoopoe_XC722698.ogg.npy,hoopoe
comros_XC385585.ogg.npy,comros
categr_XC297698.ogg.npy,categr
grewar3_XC729562.ogg.npy,grewar3
litegr_XC495928.ogg.npy,litegr
goflea1_XC206408.ogg.npy,goflea1
woosan_XC664543.ogg.npy,woosan
comsan_XC621618.ogg.npy,comsan
pursun4_XC514814.ogg.npy,pursun4
grehor1_XC304554.ogg.npy,grehor1
greegr_XC109029.ogg.npy,greegr
marsan_XC360710.ogg.npy,marsan
rerswa1_XC384434.ogg.npy,rerswa1
commyn_XC294605.ogg.npy,commyn
pursun4_XC357594.ogg.npy,pursun4
brnhao1_XC839962.ogg.npy,brnhao1
grnwar1_XC804254.ogg.npy,grnwar1
nutman_XC305700.ogg.npy,nutman
grnsan_XC667687.ogg.npy,grnsan
litspi1_XC653115.ogg.npy,litspi1
compea_XC251875.ogg.npy,compea
comgre_XC793742.ogg.npy,comgre
comgre_XC634242.ogg.npy,comgre
bkcbul1_XC306398.ogg.npy,bkcbul1
comkin1_XC632932.ogg.npy,comkin1
comior1_XC737727.ogg.npy,comior1
houspa_XC326670.ogg.npy,houspa
comsan_XC716975.ogg.npy,comsan
lirplo_XC745292.ogg.npy,lirplo
wemhar1_XC189882.ogg.npy,wemhar1
grtdro1_XC786224.ogg.npy,grtdro1
hoopoe_XC401686.ogg.npy,hoopoe
categr_XC787338.ogg.npy,categr
lirplo_XC733124.ogg.npy,lirplo
putbab1_XC210535.ogg.npy,putbab1
zitcis1_XC301756.ogg.npy,zitcis1
barswa_XC361216.ogg.npy,barswa
grecou1_XC584332.ogg.npy,grecou1
commoo3_XC407159.ogg.npy,commoo3
barswa_XC764145.ogg.npy,barswa
houspa_XC856956.ogg.npy,houspa
bcnher_XC601227.ogg.npy,bcnher
blakit1_XC618418.ogg.npy,blakit1
whtkin2_XC120919.ogg.npy,whtkin2
rocpig_XC568146.ogg.npy,rocpig
hoopoe_XC710302.ogg.npy,hoopoe
greegr_XC523477.ogg.npy,greegr
comkin1_XC368881.ogg.npy,comkin1
whbwat1_XC638315.ogg.npy,whbwat1
zitcis1_XC746456.ogg.npy,zitcis1
lblwar1_XC152812.ogg.npy,lblwar1
comros_XC563477.ogg.npy,comros
rerswa1_XC558233.ogg.npy,rerswa1
grnsan_XC806045.ogg.npy,grnsan
purswa3_XC857310.ogg.npy,purswa3
comkin1_XC857229.ogg.npy,comkin1
plapri1_XC834650.ogg.npy,plapri1
blhori1_XC209870.ogg.npy,blhori1
eucdov_XC129508.ogg.npy,eucdov
labcro1_XC73387.ogg.npy,labcro1
grnsan_XC795344.ogg.npy,grnsan
lirplo_XC643120.ogg.npy,lirplo
barswa_XC457832.ogg.npy,barswa
rerswa1_XC390259.ogg.npy,rerswa1
grynig2_XC190742.ogg.npy,grynig2
brnhao1_XC531877.ogg.npy,brnhao1
bcnher_XC640517.ogg.npy,bcnher
comgre_XC613836.ogg.npy,comgre
brnhao1_XC566237.ogg.npy,brnhao1
greegr_XC240330.ogg.npy,greegr
revbul_XC53988.ogg.npy,revbul
blnmon1_XC216893.ogg.npy,blnmon1
grywag_XC768276.ogg.npy,grywag
forwag1_XC684517.ogg.npy,forwag1
gloibi_XC383291.ogg.npy,gloibi
woosan_XC824740.ogg.npy,woosan
eaywag1_XC765504.ogg.npy,eaywag1
spodov_XC789075.ogg.npy,spodov
ashpri1_XC276715.ogg.npy,ashpri1
lirplo_XC728567.ogg.npy,lirplo
woosan_XC324627.ogg.npy,woosan
litegr_XC632961.ogg.npy,litegr
putbab1_XC400195.ogg.npy,putbab1
lirplo_XC381757.ogg.npy,lirplo
graher1_XC712491.ogg.npy,graher1
woosan_XC472029.ogg.npy,woosan
asbfly_XC629847.ogg.npy,asbfly
inbrob1_XC312345.ogg.npy,inbrob1
graher1_XC678962.ogg.npy,graher1
eaywag1_XC679400.ogg.npy,eaywag1
eurcoo_XC539041.ogg.npy,eurcoo
hoopoe_XC823520.ogg.npy,hoopoe
comkin1_XC313961.ogg.npy,comkin1
lblwar1_XC20223.ogg.npy,lblwar1
comros_XC656501.ogg.npy,comros
whbwat1_XC788578.ogg.npy,whbwat1
asikoe2_XC786218.ogg.npy,asikoe2
commyn_XC142706.ogg.npy,commyn
woosan_XC642799.ogg.npy,woosan
bcnher_XC293904.ogg.npy,bcnher
graher1_XC738120.ogg.npy,graher1
litgre1_XC636237.ogg.npy,litgre1
comgre_XC667429.ogg.npy,comgre
isbduc1_XC574746.ogg.npy,isbduc1
rewlap1_XC74219.ogg.npy,rewlap1
blrwar1_XC138815.ogg.npy,blrwar1
rerswa1_XC381917.ogg.npy,rerswa1
rorpar_XC359425.ogg.npy,rorpar
eurcoo_XC784966.ogg.npy,eurcoo
barswa_XC457807.ogg.npy,barswa
labcro1_XC783511.ogg.npy,labcro1
lesyel1_XC214458.ogg.npy,lesyel1
comros_XC318859.ogg.npy,comros
asikoe2_XC646896.ogg.npy,asikoe2
grywag_XC496726.ogg.npy,grywag
comior1_XC350564.ogg.npy,comior1
litegr_XC743010.ogg.npy,litegr
litspi1_XC292609.ogg.npy,litspi1
graher1_XC261369.ogg.npy,graher1
blrwar1_XC478393.ogg.npy,blrwar1
ruftre2_XC603703.ogg.npy,ruftre2
gloibi_XC530553.ogg.npy,gloibi
insbab1_XC170833.ogg.npy,insbab1
houcro1_XC793460.ogg.npy,houcro1
whiter2_XC761899.ogg.npy,whiter2
rorpar_XC237579.ogg.npy,rorpar
pursun4_XC444467.ogg.npy,pursun4
blakit1_XC739794.ogg.npy,blakit1
commoo3_XC570321.ogg.npy,commoo3
junbab2_XC208583.ogg.npy,junbab2
comtai1_XC293587.ogg.npy,comtai1
rocpig_XC387814.ogg.npy,rocpig
gyhcaf1_XC304908.ogg.npy,gyhcaf1
comkin1_XC581598.ogg.npy,comkin1
graher1_XC673312.ogg.npy,graher1
categr_XC452088.ogg.npy,categr
brnshr_XC546613.ogg.npy,brnshr
grejun2_XC190748.ogg.npy,grejun2
grnwar1_XC778602.ogg.npy,grnwar1
vehpar1_XC276824.ogg.npy,vehpar1
eaywag1_XC839399.ogg.npy,eaywag1
comros_XC650349.ogg.npy,comros
greegr_XC829673.ogg.npy,greegr
bcnher_XC725849.ogg.npy,bcnher
brnshr_XC491993.ogg.npy,brnshr
grnwar1_XC548637.ogg.npy,grnwar1
gybpri1_XC718047.ogg.npy,gybpri1
comior1_XC125847.ogg.npy,comior1
comtai1_XC211612.ogg.npy,comtai1
hoopoe_XC719855.ogg.npy,hoopoe
brodro1_XC290015.ogg.npy,brodro1
rerswa1_XC436339.ogg.npy,rerswa1
grnsan_XC623577.ogg.npy,grnsan
woosan_XC642689.ogg.npy,woosan
whbwat1_XC346154.ogg.npy,whbwat1
junbab2_XC282587.ogg.npy,junbab2
bcnher_XC800071.ogg.npy,bcnher
graher1_XC356092.ogg.npy,graher1
whbwoo2_XC725681.ogg.npy,whbwoo2
grywag_XC526735.ogg.npy,grywag
junowl1_XC403057.ogg.npy,junowl1
lirplo_XC265007.ogg.npy,lirplo
woosan_XC505896.ogg.npy,woosan
bkwsti_XC338810.ogg.npy,bkwsti
bkskit1_XC198487.ogg.npy,bkskit1
thbwar1_XC683283.ogg.npy,thbwar1
whtkin2_XC705888.ogg.npy,whtkin2
grnsan_XC817341.ogg.npy,grnsan
brakit1_XC537471.ogg.npy,brakit1
lirplo_XC768188.ogg.npy,lirplo
rewbul_XC608372.ogg.npy,rewbul
comgre_XC432272.ogg.npy,comgre
grywag_XC189400.ogg.npy,grywag
kenplo1_XC432232.ogg.npy,kenplo1
bladro1_XC729067.ogg.npy,bladro1
rewbul_XC365206.ogg.npy,rewbul
whbwat1_XC730886.ogg.npy,whbwat1
forwag1_XC267576.ogg.npy,forwag1
grejun2_XC469387.ogg.npy,grejun2
labcro1_XC345836.ogg.npy,labcro1
hoopoe_XC368031.ogg.npy,hoopoe
lirplo_XC405110.ogg.npy,lirplo
zitcis1_XC789766.ogg.npy,zitcis1
whcbar1_XC777661.ogg.npy,whcbar1
bcnher_XC288326.ogg.npy,bcnher
blrwar1_XC568723.ogg.npy,blrwar1
bkwsti_XC588211.ogg.npy,bkwsti
grynig2_XC575191.ogg.npy,grynig2
piekin1_XC616456.ogg.npy,piekin1
grejun2_XC644232.ogg.npy,grejun2
litegr_XC606694.ogg.npy,litegr
categr_XC838330.ogg.npy,categr
rorpar_XC354582.ogg.npy,rorpar
zitcis1_XC756609.ogg.npy,zitcis1
plapri1_XC574562.ogg.npy,plapri1
lirplo_XC508663.ogg.npy,lirplo
blrwar1_XC571560.ogg.npy,blrwar1
commoo3_XC749807.ogg.npy,commoo3
grnsan_XC549266.ogg.npy,grnsan
kenplo1_XC672042.ogg.npy,kenplo1
blakit1_XC482649.ogg.npy,blakit1
barswa_XC457824.ogg.npy,barswa
wemhar1_XC544686.ogg.npy,wemhar1
hoopoe_XC357489.ogg.npy,hoopoe
eurcoo_XC289324.ogg.npy,eurcoo
barswa_XC306046.ogg.npy,barswa
plapri1_XC659836.ogg.npy,plapri1
gargan_XC542669.ogg.npy,gargan
putbab1_XC480928.ogg.npy,putbab1
woosan_XC754763.ogg.npy,woosan
comior1_XC461231.ogg.npy,comior1
eaywag1_XC533906.ogg.npy,eaywag1
bkskit1_XC583278.ogg.npy,bkskit1
litegr_XC667840.ogg.npy,litegr
whtkin2_XC213367.ogg.npy,whtkin2
placuc3_XC214136.ogg.npy,placuc3
comior1_XC362847.ogg.npy,comior1
eurcoo_XC428624.ogg.npy,eurcoo
comros_XC484119.ogg.npy,comros
whiter2_XC670573.ogg.npy,whiter2
whbwat1_XC377407.ogg.npy,whbwat1
blnmon1_XC630449.ogg.npy,blnmon1
categr_XC776968.ogg.npy,categr
rorpar_XC208999.ogg.npy,rorpar
comior1_XC197128.ogg.npy,comior1
junowl1_XC552874.ogg.npy,junowl1
eurcoo_XC624812.ogg.npy,eurcoo
junbab2_XC507728.ogg.npy,junbab2
eucdov_XC391109.ogg.npy,eucdov
whiter2_XC201852.ogg.npy,whiter2
grewar3_XC488576.ogg.npy,grewar3
rocpig_XC488174.ogg.npy,rocpig
laudov1_XC610909.ogg.npy,laudov1
bkwsti_XC283845.ogg.npy,bkwsti
eurcoo_XC711572.ogg.npy,eurcoo
piekin1_XC517410.ogg.npy,piekin1
greegr_XC149108.ogg.npy,greegr
piekin1_XC834484.ogg.npy,piekin1
comros_XC834428.ogg.npy,comros
labcro1_XC375236.ogg.npy,labcro1
rorpar_XC812113.ogg.npy,rorpar
brodro1_XC717124.ogg.npy,brodro1
blrwar1_XC571715.ogg.npy,blrwar1
rewbul_XC627420.ogg.npy,rewbul
eaywag1_XC481363.ogg.npy,eaywag1
rewlap1_XC330916.ogg.npy,rewlap1
whbwoo2_XC124426.ogg.npy,whbwoo2
grnsan_XC798486.ogg.npy,grnsan
pursun4_XC690232.ogg.npy,pursun4
woosan_XC664811.ogg.npy,woosan
bkwsti_XC750563.ogg.npy,bkwsti
grehor1_XC295012.ogg.npy,grehor1
grnsan_XC771154.ogg.npy,grnsan
bcnher_XC665323.ogg.npy,bcnher
brnhao1_XC279203.ogg.npy,brnhao1
crseag1_XC623714.ogg.npy,crseag1
grbeat1_XC336767.ogg.npy,grbeat1
commyn_XC595360.ogg.npy,commyn
purher1_XC503425.ogg.npy,purher1
bkskit1_XC310527.ogg.npy,bkskit1
blnmon1_XC841199.ogg.npy,blnmon1
eaywag1_XC741363.ogg.npy,eaywag1
litgre1_XC655187.ogg.npy,litgre1
brodro1_XC464143.ogg.npy,brodro1
lirplo_XC318419.ogg.npy,lirplo
comkin1_XC412190.ogg.npy,comkin1
brnshr_XC415624.ogg.npy,brnshr
comros_XC573403.ogg.npy,comros
barswa_XC669886.ogg.npy,barswa
grnsan_XC747583.ogg.npy,grnsan
comgre_XC595376.ogg.npy,comgre
rerswa1_XC379520.ogg.npy,rerswa1
kenplo1_XC812535.ogg.npy,kenplo1
bladro1_XC578826.ogg.npy,bladro1
brnhao1_XC237595.ogg.npy,brnhao1
comros_XC653133.ogg.npy,comros
ruftre2_XC446105.ogg.npy,ruftre2
grnsan_XC794114.ogg.npy,grnsan
houspa_XC807213.ogg.npy,houspa
kenplo1_XC338275.ogg.npy,kenplo1
hoopoe_XC815179.ogg.npy,hoopoe
gryfra_XC637788.ogg.npy,gryfra
jerbus2_XC453361.ogg.npy,jerbus2
hoopoe_XC367873.ogg.npy,hoopoe
graher1_XC786462.ogg.npy,graher1
plapri1_XC711506.ogg.npy,plapri1
copbar1_XC213778.ogg.npy,copbar1
bkrfla1_XC116440.ogg.npy,bkrfla1
litegr_XC574140.ogg.npy,litegr
nutman_XC660244.ogg.npy,nutman
purher1_XC668802.ogg.npy,purher1
lirplo_XC551781.ogg.npy,lirplo
bkwsti_XC324310.ogg.npy,bkwsti
comior1_XC362858.ogg.npy,comior1
stbkin1_XC332705.ogg.npy,stbkin1
litegr_XC581128.ogg.npy,litegr
houspa_XC282810.ogg.npy,houspa
comior1_XC813888.ogg.npy,comior1
eucdov_XC490913.ogg.npy,eucdov
wemhar1_XC773346.ogg.npy,wemhar1
houspa_XC780910.ogg.npy,houspa
comior1_XC710198.ogg.npy,comior1
piekin1_XC515909.ogg.npy,piekin1
commoo3_XC652498.ogg.npy,commoo3
piekin1_XC156887.ogg.npy,piekin1
bcnher_XC256939.ogg.npy,bcnher
compea_XC665320.ogg.npy,compea
indrol2_XC540973.ogg.npy,indrol2
litspi1_XC413781.ogg.npy,litspi1
brnshr_XC484133.ogg.npy,brnshr
grywag_XC293410.ogg.npy,grywag
comkin1_XC462870.ogg.npy,comkin1
whbbul2_XC459286.ogg.npy,whbbul2
comior1_XC404492.ogg.npy,comior1
grewar3_XC191260.ogg.npy,grewar3
brcful1_XC682362.ogg.npy,brcful1
woosan_XC347605.ogg.npy,woosan
tibfly3_XC519465.ogg.npy,tibfly3
whbwat1_XC781779.ogg.npy,whbwat1
putbab1_XC574864.ogg.npy,putbab1
insowl1_XC754675.ogg.npy,insowl1
grnwar1_XC193502.ogg.npy,grnwar1
houspa_XC358005.ogg.npy,houspa
gybpri1_XC858985.ogg.npy,gybpri1
litgre1_XC555750.ogg.npy,litgre1
zitcis1_XC743720.ogg.npy,zitcis1
grewar3_XC567991.ogg.npy,grewar3
grtdro1_XC767524.ogg.npy,grtdro1
copbar1_XC574974.ogg.npy,copbar1
purher1_XC318091.ogg.npy,purher1
piekin1_XC322195.ogg.npy,piekin1
spoowl1_XC517682.ogg.npy,spoowl1
lirplo_XC139047.ogg.npy,lirplo
grnsan_XC432596.ogg.npy,grnsan
comgre_XC587033.ogg.npy,comgre
compea_XC452045.ogg.npy,compea
bkwsti_XC796005.ogg.npy,bkwsti
bkwsti_XC413305.ogg.npy,bkwsti
brcful1_XC667200.ogg.npy,brcful1
whbwoo2_XC397014.ogg.npy,whbwoo2
hoopoe_XC464325.ogg.npy,hoopoe
comsan_XC735660.ogg.npy,comsan
grewar3_XC112486.ogg.npy,grewar3
rerswa1_XC857585.ogg.npy,rerswa1
litgre1_XC676253.ogg.npy,litgre1
barswa_XC452060.ogg.npy,barswa
bcnher_XC562653.ogg.npy,bcnher
pursun3_XC795207.ogg.npy,pursun3
houspa_XC741709.ogg.npy,houspa
eaywag1_XC588581.ogg.npy,eaywag1
crseag1_XC762275.ogg.npy,crseag1
indpit1_XC190841.ogg.npy,indpit1
comgre_XC789297.ogg.npy,comgre
purher1_XC747303.ogg.npy,purher1
purher1_XC380535.ogg.npy,purher1
rewlap1_XC407852.ogg.npy,rewlap1
comgre_XC237218.ogg.npy,comgre
comkin1_XC331039.ogg.npy,comkin1
commoo3_XC618161.ogg.npy,commoo3
rerswa1_XC330425.ogg.npy,rerswa1
comtai1_XC116533.ogg.npy,comtai1
grejun2_XC465728.ogg.npy,grejun2
comros_XC806447.ogg.npy,comros
houspa_XC243554.ogg.npy,houspa
asikoe2_XC665213.ogg.npy,asikoe2
whbwag1_XC442771.ogg.npy,whbwag1
plapri1_XC713028.ogg.npy,plapri1
lirplo_XC659495.ogg.npy,lirplo
grewar3_XC319647.ogg.npy,grewar3
grecou1_XC442845.ogg.npy,grecou1
litspi1_XC721637.ogg.npy,litspi1
blakit1_XC420672.ogg.npy,blakit1
grnsan_XC465505.ogg.npy,grnsan
grywag_XC633120.ogg.npy,grywag
barswa_XC239627.ogg.npy,barswa
graher1_XC534081.ogg.npy,graher1
bcnher_XC808965.ogg.npy,bcnher
comtai1_XC713871.ogg.npy,comtai1
barswa_XC476498.ogg.npy,barswa
whtkin2_XC615044.ogg.npy,whtkin2
grnsan_XC338757.ogg.npy,grnsan
indrob1_XC779036.ogg.npy,indrob1
grewar3_XC574997.ogg.npy,grewar3
graher1_XC831394.ogg.npy,graher1
bcnher_XC476511.ogg.npy,bcnher
comkin1_XC304530.ogg.npy,comkin1
brodro1_XC796296.ogg.npy,brodro1
eucdov_XC528213.ogg.npy,eucdov
asikoe2_XC359129.ogg.npy,asikoe2
comsan_XC514732.ogg.npy,comsan
grnsan_XC671057.ogg.npy,grnsan
grtdro1_XC621177.ogg.npy,grtdro1
spodov_XC592454.ogg.npy,spodov
eaywag1_XC367967.ogg.npy,eaywag1
gargan_XC466025.ogg.npy,gargan
comros_XC807652.ogg.npy,comros
lirplo_XC717311.ogg.npy,lirplo
emedov2_XC666199.ogg.npy,emedov2
rorpar_XC680459.ogg.npy,rorpar
blrwar1_XC656255.ogg.npy,blrwar1
grnsan_XC359075.ogg.npy,grnsan
bkwsti_XC312572.ogg.npy,bkwsti
rewbul_XC713450.ogg.npy,rewbul
graher1_XC357948.ogg.npy,graher1
hoopoe_XC560353.ogg.npy,hoopoe
asbfly_XC741066.ogg.npy,asbfly
grewar3_XC342323.ogg.npy,grewar3
laudov1_XC377582.ogg.npy,laudov1
jerbus2_XC266691.ogg.npy,jerbus2
comsan_XC424348.ogg.npy,comsan
whbwat1_XC625039.ogg.npy,whbwat1
grnsan_XC586063.ogg.npy,grnsan
eurcoo_XC528134.ogg.npy,eurcoo
blrwar1_XC713193.ogg.npy,blrwar1
lesyel1_XC406134.ogg.npy,lesyel1
putbab1_XC256183.ogg.npy,putbab1
revbul_XC333682.ogg.npy,revbul
grewar3_XC478728.ogg.npy,grewar3
malpar1_XC157976.ogg.npy,malpar1
whbwat1_XC610775.ogg.npy,whbwat1
blhori1_XC123017.ogg.npy,blhori1
eurcoo_XC625416.ogg.npy,eurcoo
whiter2_XC480124.ogg.npy,whiter2
comsan_XC663898.ogg.npy,comsan
litgre1_XC565674.ogg.npy,litgre1
commyn_XC812210.ogg.npy,commyn
rewlap1_XC783722.ogg.npy,rewlap1
graher1_XC504888.ogg.npy,graher1
houspa_XC441866.ogg.npy,houspa
commyn_XC528933.ogg.npy,commyn
revbul_XC657073.ogg.npy,revbul
comgre_XC523096.ogg.npy,comgre
grnsan_XC734046.ogg.npy,grnsan
spepic1_XC804431.ogg.npy,spepic1
houspa_XC232946.ogg.npy,houspa
spodov_XC729643.ogg.npy,spodov
whcbar1_XC548366.ogg.npy,whcbar1
bkwsti_XC647392.ogg.npy,bkwsti
blnmon1_XC665062.ogg.npy,blnmon1
houspa_XC163294.ogg.npy,houspa
ashdro1_XC681472.ogg.npy,ashdro1
piekin1_XC665952.ogg.npy,piekin1
grewar3_XC191631.ogg.npy,grewar3
wemhar1_XC539180.ogg.npy,wemhar1
grnsan_XC686475.ogg.npy,grnsan
grywag_XC421778.ogg.npy,grywag
comsan_XC184130.ogg.npy,comsan
commoo3_XC435567.ogg.npy,commoo3
bkwsti_XC820396.ogg.npy,bkwsti
lewduc1_XC425093.ogg.npy,lewduc1
smamin1_XC212573.ogg.npy,smamin1
graher1_XC571480.ogg.npy,graher1
crseag1_XC390341.ogg.npy,crseag1
tibfly3_XC163866.ogg.npy,tibfly3
maghor2_XC524577.ogg.npy,maghor2
zitcis1_XC138208.ogg.npy,zitcis1
smamin1_XC531810.ogg.npy,smamin1
greegr_XC345092.ogg.npy,greegr
blrwar1_XC611648.ogg.npy,blrwar1
whtkin2_XC312292.ogg.npy,whtkin2
asikoe2_XC672602.ogg.npy,asikoe2
blrwar1_XC418545.ogg.npy,blrwar1
whbwat1_XC442850.ogg.npy,whbwat1
whbwat1_XC147285.ogg.npy,whbwat1
litgre1_XC690154.ogg.npy,litgre1
comros_XC807491.ogg.npy,comros
grywag_XC367730.ogg.npy,grywag
whbwat1_XC843764.ogg.npy,whbwat1
gyhcaf1_XC548367.ogg.npy,gyhcaf1
comkin1_XC588742.ogg.npy,comkin1
grnsan_XC288249.ogg.npy,grnsan
rorpar_XC496599.ogg.npy,rorpar
graher1_XC590144.ogg.npy,graher1
eaywag1_XC768501.ogg.npy,eaywag1
indpit1_XC453356.ogg.npy,indpit1
grnwar1_XC135003.ogg.npy,grnwar1
blrwar1_XC659661.ogg.npy,blrwar1
bkwsti_XC652566.ogg.npy,bkwsti
commoo3_XC737297.ogg.npy,commoo3
grywag_XC605978.ogg.npy,grywag
insbab1_XC638515.ogg.npy,insbab1
emedov2_XC730892.ogg.npy,emedov2
hoopoe_XC567146.ogg.npy,hoopoe
bkwsti_XC728324.ogg.npy,bkwsti
graher1_XC746566.ogg.npy,graher1
zitcis1_XC572732.ogg.npy,zitcis1
inbrob1_XC768716.ogg.npy,inbrob1
greegr_XC109030.ogg.npy,greegr
bcnher_XC276735.ogg.npy,bcnher
labcro1_XC133780.ogg.npy,labcro1
commoo3_XC792810.ogg.npy,commoo3
mawthr1_XC490500.ogg.npy,mawthr1
grnsan_XC746007.ogg.npy,grnsan
commyn_XC175519.ogg.npy,commyn
litgre1_XC637547.ogg.npy,litgre1
comior1_XC207723.ogg.npy,comior1
grynig2_XC130406.ogg.npy,grynig2
greegr_XC776689.ogg.npy,greegr
litgre1_XC579373.ogg.npy,litgre1
barswa_XC267929.ogg.npy,barswa
blrwar1_XC158483.ogg.npy,blrwar1
rocpig_XC306692.ogg.npy,rocpig
oripip1_XC665762.ogg.npy,oripip1
rerswa1_XC827223.ogg.npy,rerswa1
grtdro1_XC244338.ogg.npy,grtdro1
grewar3_XC666537.ogg.npy,grewar3
woosan_XC761927.ogg.npy,woosan
litegr_XC540083.ogg.npy,litegr
barswa_XC269633.ogg.npy,barswa
houspa_XC554478.ogg.npy,houspa
lirplo_XC234556.ogg.npy,lirplo
grecou1_XC266802.ogg.npy,grecou1
wbbfly1_XC574741.ogg.npy,wbbfly1
whbwag1_XC74647.ogg.npy,whbwag1
blrwar1_XC570277.ogg.npy,blrwar1
grefla1_XC312668.ogg.npy,grefla1
asikoe2_XC504850.ogg.npy,asikoe2
graher1_XC288078.ogg.npy,graher1
ashwoo2_XC624612.ogg.npy,ashwoo2
grehor1_XC819734.ogg.npy,grehor1
asbfly_XC760532.ogg.npy,asbfly
purher1_XC667751.ogg.npy,purher1
ruftre2_XC653112.ogg.npy,ruftre2
comros_XC328078.ogg.npy,comros
brnshr_XC458257.ogg.npy,brnshr
wemhar1_XC614610.ogg.npy,wemhar1
moipig1_XC215864.ogg.npy,moipig1
ashdro1_XC242077.ogg.npy,ashdro1
whbbul2_XC215849.ogg.npy,whbbul2
zitcis1_XC611167.ogg.npy,zitcis1
sbeowl1_XC390587.ogg.npy,sbeowl1
rorpar_XC368584.ogg.npy,rorpar
comkin1_XC714324.ogg.npy,comkin1
commyn_XC596983.ogg.npy,commyn
comkin1_XC292137.ogg.npy,comkin1
eurbla2_XC574602.ogg.npy,eurbla2
comkin1_XC292122.ogg.npy,comkin1
lirplo_XC382197.ogg.npy,lirplo
spepic1_XC783773.ogg.npy,spepic1
woosan_XC687192.ogg.npy,woosan
pomgrp2_XC574858.ogg.npy,pomgrp2
whiter2_XC610703.ogg.npy,whiter2
hoopoe_XC804457.ogg.npy,hoopoe
labcro1_XC143395.ogg.npy,labcro1
comkin1_XC699494.ogg.npy,comkin1
whrmun_XC711560.ogg.npy,whrmun
bladro1_XC719762.ogg.npy,bladro1
comros_XC458153.ogg.npy,comros
comgre_XC161793.ogg.npy,comgre
bkskit1_XC353826.ogg.npy,bkskit1
zitcis1_XC337543.ogg.npy,zitcis1
eurcoo_XC267219.ogg.npy,eurcoo
barswa_XC477005.ogg.npy,barswa
comtai1_XC720008.ogg.npy,comtai1
zitcis1_XC386459.ogg.npy,zitcis1
bcnher_XC588333.ogg.npy,bcnher
lirplo_XC797740.ogg.npy,lirplo
bkwsti_XC537638.ogg.npy,bkwsti
lirplo_XC797739.ogg.npy,lirplo
bkwsti_XC790084.ogg.npy,bkwsti
categr_XC669289.ogg.npy,categr
grejun2_XC315635.ogg.npy,grejun2
whbsho3_XC404469.ogg.npy,whbsho3
lirplo_XC287734.ogg.npy,lirplo
whbwat1_XC783708.ogg.npy,whbwat1
gryfra_XC667224.ogg.npy,gryfra
junmyn1_XC208873.ogg.npy,junmyn1
litegr_XC411012.ogg.npy,litegr
spodov_XC157874.ogg.npy,spodov
spodov_XC153022.ogg.npy,spodov
commoo3_XC584028.ogg.npy,commoo3
woosan_XC25907.ogg.npy,woosan
rewbul_XC677469.ogg.npy,rewbul
chbeat1_XC125373.ogg.npy,chbeat1
eucdov_XC725375.ogg.npy,eucdov
barswa_XC559870.ogg.npy,barswa
comtai1_XC573521.ogg.npy,comtai1
spodov_XC477307.ogg.npy,spodov
rewbul_XC573345.ogg.npy,rewbul
plapri1_XC498840.ogg.npy,plapri1
wemhar1_XC620292.ogg.npy,wemhar1
marsan_XC787875.ogg.npy,marsan
rorpar_XC202572.ogg.npy,rorpar
putbab1_XC173178.ogg.npy,putbab1
piebus1_XC308721.ogg.npy,piebus1
rorpar_XC209721.ogg.npy,rorpar
grewar3_XC148825.ogg.npy,grewar3
grejun2_XC574318.ogg.npy,grejun2
eaywag1_XC554126.ogg.npy,eaywag1
litgre1_XC538575.ogg.npy,litgre1
blrwar1_XC654515.ogg.npy,blrwar1
eucdov_XC697893.ogg.npy,eucdov
rerswa1_XC471959.ogg.npy,rerswa1
brnshr_XC756451.ogg.npy,brnshr
eurcoo_XC730134.ogg.npy,eurcoo
grewar3_XC477610.ogg.npy,grewar3
bcnher_XC268818.ogg.npy,bcnher
eaywag1_XC149678.ogg.npy,eaywag1
whiter2_XC736981.ogg.npy,whiter2
gloibi_XC108824.ogg.npy,gloibi
blakit1_XC495361.ogg.npy,blakit1
wemhar1_XC246614.ogg.npy,wemhar1
commoo3_XC639676.ogg.npy,commoo3
blrwar1_XC453300.ogg.npy,blrwar1
bkwsti_XC856240.ogg.npy,bkwsti
purher1_XC724023.ogg.npy,purher1
comior1_XC214035.ogg.npy,comior1
comtai1_XC423655.ogg.npy,comtai1
brnshr_XC779924.ogg.npy,brnshr
eurcoo_XC358928.ogg.npy,eurcoo
rerswa1_XC390257.ogg.npy,rerswa1
gyhcaf1_XC652575.ogg.npy,gyhcaf1
junbab2_XC138488.ogg.npy,junbab2
barswa_XC387456.ogg.npy,barswa
comsan_XC643995.ogg.npy,comsan
bkwsti_XC731348.ogg.npy,bkwsti
bkwsti_XC712439.ogg.npy,bkwsti
bkwsti_XC845745.ogg.npy,bkwsti
copbar1_XC421927.ogg.npy,copbar1
graher1_XC581421.ogg.npy,graher1
insowl1_XC662252.ogg.npy,insowl1
asikoe2_XC416848.ogg.npy,asikoe2
comgre_XC668890.ogg.npy,comgre
rerswa1_XC325218.ogg.npy,rerswa1
cohcuc1_XC696706.ogg.npy,cohcuc1
tibfly3_XC304550.ogg.npy,tibfly3
eurcoo_XC482710.ogg.npy,eurcoo
hoopoe_XC306215.ogg.npy,hoopoe
woosan_XC792155.ogg.npy,woosan
gyhcaf1_XC720383.ogg.npy,gyhcaf1
grywag_XC527272.ogg.npy,grywag
comsan_XC528121.ogg.npy,comsan
bladro1_XC209564.ogg.npy,bladro1
eurcoo_XC715227.ogg.npy,eurcoo
litegr_XC333976.ogg.npy,litegr
lirplo_XC642220.ogg.npy,lirplo
graher1_XC624449.ogg.npy,graher1
bkwsti_XC338286.ogg.npy,bkwsti
rorpar_XC398972.ogg.npy,rorpar
stbkin1_XC151338.ogg.npy,stbkin1
grewar3_XC266732.ogg.npy,grewar3
gybpri1_XC802192.ogg.npy,gybpri1
comros_XC486710.ogg.npy,comros
comsan_XC668468.ogg.npy,comsan
barswa_XC432092.ogg.npy,barswa
eurcoo_XC592150.ogg.npy,eurcoo
grywag_XC646859.ogg.npy,grywag
labcro1_XC550177.ogg.npy,labcro1
zitcis1_XC315402.ogg.npy,zitcis1
houspa_XC544308.ogg.npy,houspa
houspa_XC167782.ogg.npy,houspa
grewar3_XC537475.ogg.npy,grewar3
eaywag1_XC471810.ogg.npy,eaywag1
whiter2_XC845843.ogg.npy,whiter2
wemhar1_XC620269.ogg.npy,wemhar1
piekin1_XC601791.ogg.npy,piekin1
revbul_XC207142.ogg.npy,revbul
litgre1_XC737864.ogg.npy,litgre1
tibfly3_XC420898.ogg.npy,tibfly3
commoo3_XC708918.ogg.npy,commoo3
wemhar1_XC341264.ogg.npy,wemhar1
comtai1_XC208667.ogg.npy,comtai1
grtdro1_XC440138.ogg.npy,grtdro1
lesyel1_XC210581.ogg.npy,lesyel1
asikoe2_XC440991.ogg.npy,asikoe2
lirplo_XC809036.ogg.npy,lirplo
hoopoe_XC469812.ogg.npy,hoopoe
bkwsti_XC277589.ogg.npy,bkwsti
comkin1_XC587763.ogg.npy,comkin1
houspa_XC326675.ogg.npy,houspa
crseag1_XC346181.ogg.npy,crseag1
labcro1_XC741585.ogg.npy,labcro1
eurcoo_XC536267.ogg.npy,eurcoo
purher1_XC746047.ogg.npy,purher1
eaywag1_XC464877.ogg.npy,eaywag1
woosan_XC639767.ogg.npy,woosan
gargan_XC131243.ogg.npy,gargan
comsan_XC736404.ogg.npy,comsan
grecou1_XC73174.ogg.npy,grecou1
eurcoo_XC774675.ogg.npy,eurcoo
grewar3_XC182382.ogg.npy,grewar3
houspa_XC137666.ogg.npy,houspa
grywag_XC527590.ogg.npy,grywag
grtdro1_XC730922.ogg.npy,grtdro1
comsan_XC686324.ogg.npy,comsan
grnsan_XC829060.ogg.npy,grnsan
blrwar1_XC566126.ogg.npy,blrwar1
comros_XC458524.ogg.npy,comros
woosan_XC846041.ogg.npy,woosan
putbab1_XC593998.ogg.npy,putbab1
junmyn1_XC151336.ogg.npy,junmyn1
placuc3_XC805770.ogg.npy,placuc3
grnsan_XC396622.ogg.npy,grnsan
grewar3_XC334275.ogg.npy,grewar3
comgre_XC397306.ogg.npy,comgre
eaywag1_XC765752.ogg.npy,eaywag1
woosan_XC278160.ogg.npy,woosan
asikoe2_XC29594.ogg.npy,asikoe2
barswa_XC375583.ogg.npy,barswa
grewar3_XC818490.ogg.npy,grewar3
eaywag1_XC675592.ogg.npy,eaywag1
barswa_XC361218.ogg.npy,barswa
houcro1_XC721596.ogg.npy,houcro1
eucdov_XC507343.ogg.npy,eucdov
eurcoo_XC545391.ogg.npy,eurcoo
litgre1_XC462742.ogg.npy,litgre1
copbar1_XC534568.ogg.npy,copbar1
grecou1_XC621006.ogg.npy,grecou1
eaywag1_XC145240.ogg.npy,eaywag1
crbsun2_XC125497.ogg.npy,crbsun2
putbab1_XC358403.ogg.npy,putbab1
nutman_XC377639.ogg.npy,nutman
putbab1_XC641531.ogg.npy,putbab1
grywag_XC759220.ogg.npy,grywag
comsan_XC668902.ogg.npy,comsan
graher1_XC696820.ogg.npy,graher1
eucdov_XC138535.ogg.npy,eucdov
brnshr_XC319059.ogg.npy,brnshr
gargan_XC545850.ogg.npy,gargan
compea_XC531014.ogg.npy,compea
zitcis1_XC720708.ogg.npy,zitcis1
graher1_XC839021.ogg.npy,graher1
brnhao1_XC730732.ogg.npy,brnhao1
spodov_XC627819.ogg.npy,spodov
asikoe2_XC812735.ogg.npy,asikoe2
rorpar_XC35091.ogg.npy,rorpar
brnshr_XC723583.ogg.npy,brnshr
rorpar_XC855830.ogg.npy,rorpar
whtkin2_XC345161.ogg.npy,whtkin2
nutman_XC236335.ogg.npy,nutman
houspa_XC499100.ogg.npy,houspa
comgre_XC579223.ogg.npy,comgre
zitcis1_XC282894.ogg.npy,zitcis1
eurcoo_XC596853.ogg.npy,eurcoo
litgre1_XC712562.ogg.npy,litgre1
eurcoo_XC554640.ogg.npy,eurcoo
asikoe2_XC268368.ogg.npy,asikoe2
sqtbul1_XC630941.ogg.npy,sqtbul1
zitcis1_XC666249.ogg.npy,zitcis1
rewlap1_XC577353.ogg.npy,rewlap1
grnsan_XC778291.ogg.npy,grnsan
eucdov_XC412791.ogg.npy,eucdov
comgre_XC777817.ogg.npy,comgre
laudov1_XC793660.ogg.npy,laudov1
maltro1_XC353685.ogg.npy,maltro1
wemhar1_XC795641.ogg.npy,wemhar1
categr_XC713124.ogg.npy,categr
btbeat1_XC743619.ogg.npy,btbeat1
comkin1_XC130664.ogg.npy,comkin1
ruftre2_XC300930.ogg.npy,ruftre2
barswa_XC185479.ogg.npy,barswa
bkcbul1_XC196564.ogg.npy,bkcbul1
laudov1_XC403965.ogg.npy,laudov1
comros_XC365771.ogg.npy,comros
houspa_XC617108.ogg.npy,houspa
zitcis1_XC333703.ogg.npy,zitcis1
eaywag1_XC204549.ogg.npy,eaywag1
zitcis1_XC633801.ogg.npy,zitcis1
comros_XC727915.ogg.npy,comros
commoo3_XC528506.ogg.npy,commoo3
commyn_XC110879.ogg.npy,commyn
wemhar1_XC691046.ogg.npy,wemhar1
rorpar_XC421505.ogg.npy,rorpar
copbar1_XC388230.ogg.npy,copbar1
purher1_XC386786.ogg.npy,purher1
zitcis1_XC534124.ogg.npy,zitcis1
houspa_XC326674.ogg.npy,houspa
whtkin2_XC507746.ogg.npy,whtkin2
comsan_XC27064.ogg.npy,comsan
brnhao1_XC295774.ogg.npy,brnhao1
purher1_XC830800.ogg.npy,purher1
grewar3_XC808216.ogg.npy,grewar3
crseag1_XC701748.ogg.npy,crseag1
blakit1_XC585190.ogg.npy,blakit1
gyhcaf1_XC732354.ogg.npy,gyhcaf1
barswa_XC472345.ogg.npy,barswa
grywag_XC610779.ogg.npy,grywag
barswa_XC208317.ogg.npy,barswa
blrwar1_XC660691.ogg.npy,blrwar1
grywag_XC134897.ogg.npy,grywag
comgre_XC741384.ogg.npy,comgre
grewar3_XC185504.ogg.npy,grewar3
compea_XC316084.ogg.npy,compea
grejun2_XC574339.ogg.npy,grejun2
graher1_XC855157.ogg.npy,graher1
grywag_XC677029.ogg.npy,grywag
rorpar_XC475343.ogg.npy,rorpar
junowl1_XC397778.ogg.npy,junowl1
junbab2_XC423657.ogg.npy,junbab2
blrwar1_XC659103.ogg.npy,blrwar1
houspa_XC569867.ogg.npy,houspa
bkwsti_XC480210.ogg.npy,bkwsti
graher1_XC692940.ogg.npy,graher1
eaywag1_XC317407.ogg.npy,eaywag1
blhori1_XC390348.ogg.npy,blhori1
eucdov_XC587345.ogg.npy,eucdov
blrwar1_XC480609.ogg.npy,blrwar1
blnmon1_XC797708.ogg.npy,blnmon1
rorpar_XC167779.ogg.npy,rorpar
litspi1_XC811558.ogg.npy,litspi1
hoopoe_XC279736.ogg.npy,hoopoe
eucdov_XC748534.ogg.npy,eucdov
putbab1_XC338219.ogg.npy,putbab1
placuc3_XC722892.ogg.npy,placuc3
eaywag1_XC718505.ogg.npy,eaywag1
grbeat1_XC713215.ogg.npy,grbeat1
kenplo1_XC456725.ogg.npy,kenplo1
tibfly3_XC163873.ogg.npy,tibfly3
labcro1_XC603876.ogg.npy,labcro1
graher1_XC338308.ogg.npy,graher1
pursun4_XC511045.ogg.npy,pursun4
bkwsti_XC559843.ogg.npy,bkwsti
comkin1_XC477453.ogg.npy,comkin1
comgre_XC777030.ogg.npy,comgre
comros_XC53809.ogg.npy,comros
labcro1_XC267644.ogg.npy,labcro1
ashwoo2_XC531532.ogg.npy,ashwoo2
blrwar1_XC658348.ogg.npy,blrwar1
comros_XC814372.ogg.npy,comros
grewar3_XC183687.ogg.npy,grewar3
comros_XC416898.ogg.npy,comros
woosan_XC331279.ogg.npy,woosan
comkin1_XC188956.ogg.npy,comkin1
woosan_XC798524.ogg.npy,woosan
comsan_XC821436.ogg.npy,comsan
piebus1_XC122395.ogg.npy,piebus1
bkskit1_XC350379.ogg.npy,bkskit1
brcful1_XC829837.ogg.npy,brcful1
rorpar_XC640062.ogg.npy,rorpar
bkwsti_XC718493.ogg.npy,bkwsti
chbeat1_XC784981.ogg.npy,chbeat1
commyn_XC184793.ogg.npy,commyn
kenplo1_XC371003.ogg.npy,kenplo1
labcro1_XC724413.ogg.npy,labcro1
eurcoo_XC643232.ogg.npy,eurcoo
commoo3_XC543508.ogg.npy,commoo3
blhori1_XC390347.ogg.npy,blhori1
bkwsti_XC308180.ogg.npy,bkwsti
zitcis1_XC570134.ogg.npy,zitcis1
blnmon1_XC691486.ogg.npy,blnmon1
rewbul_XC19826.ogg.npy,rewbul
zitcis1_XC625321.ogg.npy,zitcis1
grewar3_XC191262.ogg.npy,grewar3
isbduc1_XC424143.ogg.npy,isbduc1
insowl1_XC412561.ogg.npy,insowl1
blrwar1_XC732176.ogg.npy,blrwar1
grtdro1_XC336355.ogg.npy,grtdro1
putbab1_XC327426.ogg.npy,putbab1
grnsan_XC240530.ogg.npy,grnsan
categr_XC811818.ogg.npy,categr
hoopoe_XC472506.ogg.npy,hoopoe
grewar3_XC673702.ogg.npy,grewar3
kenplo1_XC376960.ogg.npy,kenplo1
kenplo1_XC185268.ogg.npy,kenplo1
lirplo_XC583657.ogg.npy,lirplo
grywag_XC461743.ogg.npy,grywag
brwowl1_XC203823.ogg.npy,brwowl1
barswa_XC645088.ogg.npy,barswa
comsan_XC825732.ogg.npy,comsan
ruftre2_XC469370.ogg.npy,ruftre2
grnsan_XC670795.ogg.npy,grnsan
wemhar1_XC543990.ogg.npy,wemhar1
grecou1_XC575528.ogg.npy,grecou1
barswa_XC254488.ogg.npy,barswa
laudov1_XC538795.ogg.npy,laudov1
comros_XC779453.ogg.npy,comros
pabflo1_XC652777.ogg.npy,pabflo1
cregos1_XC578800.ogg.npy,cregos1
grnsan_XC791686.ogg.npy,grnsan
blrwar1_XC562320.ogg.npy,blrwar1
forwag1_XC704660.ogg.npy,forwag1
asbfly_XC530877.ogg.npy,asbfly
asikoe2_XC195758.ogg.npy,asikoe2
barswa_XC556809.ogg.npy,barswa
blnmon1_XC398796.ogg.npy,blnmon1
bwfshr1_XC754304.ogg.npy,bwfshr1
putbab1_XC687978.ogg.npy,putbab1
spodov_XC190962.ogg.npy,spodov
graher1_XC299323.ogg.npy,graher1
hoopoe_XC208453.ogg.npy,hoopoe
eaywag1_XC464876.ogg.npy,eaywag1
hoopoe_XC471593.ogg.npy,hoopoe
eaywag1_XC317925.ogg.npy,eaywag1
grnwar1_XC858980.ogg.npy,grnwar1
comior1_XC793206.ogg.npy,comior1
grewar3_XC418549.ogg.npy,grewar3
blhori1_XC308274.ogg.npy,blhori1
litspi1_XC162999.ogg.npy,litspi1
putbab1_XC781167.ogg.npy,putbab1
laudov1_XC537456.ogg.npy,laudov1
barswa_XC790309.ogg.npy,barswa
graher1_XC265250.ogg.npy,graher1
houcro1_XC756610.ogg.npy,houcro1
commyn_XC714217.ogg.npy,commyn
comsan_XC429318.ogg.npy,comsan
comsan_XC835769.ogg.npy,comsan
rocpig_XC600881.ogg.npy,rocpig
piebus1_XC42636.ogg.npy,piebus1
cregos1_XC575551.ogg.npy,cregos1
comros_XC481450.ogg.npy,comros
graher1_XC710423.ogg.npy,graher1
gargan_XC650914.ogg.npy,gargan
grewar3_XC181832.ogg.npy,grewar3
grnsan_XC110342.ogg.npy,grnsan
wemhar1_XC614523.ogg.npy,wemhar1
comgre_XC733167.ogg.npy,comgre
eaywag1_XC667857.ogg.npy,eaywag1
comros_XC458145.ogg.npy,comros
lirplo_XC539075.ogg.npy,lirplo
eurcoo_XC639495.ogg.npy,eurcoo
pursun4_XC240352.ogg.npy,pursun4
hoopoe_XC799492.ogg.npy,hoopoe
brnhao1_XC73064.ogg.npy,brnhao1
asikoe2_XC476817.ogg.npy,asikoe2
comkin1_XC763943.ogg.npy,comkin1
comsan_XC552513.ogg.npy,comsan
blakit1_XC162604.ogg.npy,blakit1
blnmon1_XC792979.ogg.npy,blnmon1
comros_XC826646.ogg.npy,comros
grewar3_XC321911.ogg.npy,grewar3
rorpar_XC167771.ogg.npy,rorpar
spepic1_XC705651.ogg.npy,spepic1
vehpar1_XC614181.ogg.npy,vehpar1
kerlau2_XC856451.ogg.npy,kerlau2
houspa_XC562066.ogg.npy,houspa
ingori1_XC183795.ogg.npy,ingori1
grywag_XC294503.ogg.npy,grywag
grywag_XC608325.ogg.npy,grywag
eucdov_XC358849.ogg.npy,eucdov
eaywag1_XC282377.ogg.npy,eaywag1
lobsun2_XC198352.ogg.npy,lobsun2
bcnher_XC731044.ogg.npy,bcnher
grnsan_XC579538.ogg.npy,grnsan
comgre_XC616056.ogg.npy,comgre
comkin1_XC303381.ogg.npy,comkin1
blrwar1_XC569633.ogg.npy,blrwar1
brakit1_XC578793.ogg.npy,brakit1
bkwsti_XC503215.ogg.npy,bkwsti
eaywag1_XC433384.ogg.npy,eaywag1
woosan_XC820545.ogg.npy,woosan
purswa3_XC283188.ogg.npy,purswa3
litegr_XC283444.ogg.npy,litegr
graher1_XC758780.ogg.npy,graher1
litgre1_XC703363.ogg.npy,litgre1
brwowl1_XC269604.ogg.npy,brwowl1
graher1_XC673318.ogg.npy,graher1
comsan_XC823117.ogg.npy,comsan
wemhar1_XC858751.ogg.npy,wemhar1
rorpar_XC283186.ogg.npy,rorpar
lirplo_XC757374.ogg.npy,lirplo
categr_XC274826.ogg.npy,categr
pursun4_XC778603.ogg.npy,pursun4
rewbul_XC131477.ogg.npy,rewbul
revbul_XC845230.ogg.npy,revbul
blakit1_XC262836.ogg.npy,blakit1
grywag_XC466792.ogg.npy,grywag
comkin1_XC786075.ogg.npy,comkin1
whtkin2_XC705892.ogg.npy,whtkin2
brakit1_XC663573.ogg.npy,brakit1
brnhao1_XC540144.ogg.npy,brnhao1
bcnher_XC840916.ogg.npy,bcnher
crseag1_XC150851.ogg.npy,crseag1
litegr_XC606161.ogg.npy,litegr
categr_XC162141.ogg.npy,categr
oripip1_XC644738.ogg.npy,oripip1
junowl1_XC346525.ogg.npy,junowl1
grnsan_XC477872.ogg.npy,grnsan
greegr_XC290048.ogg.npy,greegr
bkwsti_XC454995.ogg.npy,bkwsti
comsan_XC766579.ogg.npy,comsan
bkskit1_XC198488.ogg.npy,bkskit1
plapri1_XC783898.ogg.npy,plapri1
zitcis1_XC175399.ogg.npy,zitcis1
putbab1_XC214228.ogg.npy,putbab1
gloibi_XC793079.ogg.npy,gloibi
comkin1_XC834683.ogg.npy,comkin1
brwowl1_XC768382.ogg.npy,brwowl1
goflea1_XC684263.ogg.npy,goflea1
purher1_XC585921.ogg.npy,purher1
putbab1_XC786454.ogg.npy,putbab1
oripip1_XC644735.ogg.npy,oripip1
commoo3_XC540116.ogg.npy,commoo3
zitcis1_XC126357.ogg.npy,zitcis1
zitcis1_XC180971.ogg.npy,zitcis1
blrwar1_XC654591.ogg.npy,blrwar1
tibfly3_XC487523.ogg.npy,tibfly3
litgre1_XC827747.ogg.npy,litgre1
grywag_XC673583.ogg.npy,grywag
litspi1_XC578945.ogg.npy,litspi1
insbab1_XC454330.ogg.npy,insbab1
categr_XC288325.ogg.npy,categr
grewar3_XC420040.ogg.npy,grewar3
btbeat1_XC453712.ogg.npy,btbeat1
aspswi1_XC796289.ogg.npy,aspswi1
comgre_XC781645.ogg.npy,comgre
comgre_XC559533.ogg.npy,comgre
eucdov_XC185432.ogg.npy,eucdov
graher1_XC607949.ogg.npy,graher1
grtdro1_XC151394.ogg.npy,grtdro1
zitcis1_XC385069.ogg.npy,zitcis1
indrol2_XC614431.ogg.npy,indrol2
blhori1_XC594966.ogg.npy,blhori1
bcnher_XC746434.ogg.npy,bcnher
comsan_XC621615.ogg.npy,comsan
grywag_XC588759.ogg.npy,grywag
litgre1_XC554844.ogg.npy,litgre1
yebbab1_XC399020.ogg.npy,yebbab1
blrwar1_XC692991.ogg.npy,blrwar1
putbab1_XC373327.ogg.npy,putbab1
blakit1_XC495128.ogg.npy,blakit1
pursun4_XC74150.ogg.npy,pursun4
eucdov_XC668875.ogg.npy,eucdov
rorpar_XC796890.ogg.npy,rorpar
eurcoo_XC833022.ogg.npy,eurcoo
pursun3_XC664674.ogg.npy,pursun3
hoopoe_XC399123.ogg.npy,hoopoe
comkin1_XC486204.ogg.npy,comkin1
rewlap1_XC368211.ogg.npy,rewlap1
ingori1_XC183195.ogg.npy,ingori1
grnsan_XC665422.ogg.npy,grnsan
blrwar1_XC659088.ogg.npy,blrwar1
bkwsti_XC743061.ogg.npy,bkwsti
whtkin2_XC614710.ogg.npy,whtkin2
eurcoo_XC423484.ogg.npy,eurcoo
comsan_XC589069.ogg.npy,comsan
rocpig_XC502200.ogg.npy,rocpig
inbrob1_XC402420.ogg.npy,inbrob1
stbkin1_XC297726.ogg.npy,stbkin1
gloibi_XC749098.ogg.npy,gloibi
orihob2_XC484998.ogg.npy,orihob2
blrwar1_XC183626.ogg.npy,blrwar1
litegr_XC403160.ogg.npy,litegr
purher1_XC824691.ogg.npy,purher1
grtdro1_XC184815.ogg.npy,grtdro1
ruftre2_XC844336.ogg.npy,ruftre2
rerswa1_XC423974.ogg.npy,rerswa1
copbar1_XC143315.ogg.npy,copbar1
malwoo1_XC134748.ogg.npy,malwoo1
comsan_XC754445.ogg.npy,comsan
comros_XC182872.ogg.npy,comros
bkwsti_XC788138.ogg.npy,bkwsti
whtkin2_XC841665.ogg.npy,whtkin2
graher1_XC723780.ogg.npy,graher1
piebus1_XC544038.ogg.npy,piebus1
gyhcaf1_XC204130.ogg.npy,gyhcaf1
comros_XC486708.ogg.npy,comros
gryfra_XC129278.ogg.npy,gryfra
grnsan_XC366312.ogg.npy,grnsan
rorpar_XC346163.ogg.npy,rorpar
bkwsti_XC660960.ogg.npy,bkwsti
labcro1_XC572087.ogg.npy,labcro1
grewar3_XC653521.ogg.npy,grewar3
brnhao1_XC210683.ogg.npy,brnhao1
inbrob1_XC138674.ogg.npy,inbrob1
yebbab1_XC741609.ogg.npy,yebbab1
woosan_XC384800.ogg.npy,woosan
labcro1_XC49775.ogg.npy,labcro1
zitcis1_XC736832.ogg.npy,zitcis1
brwowl1_XC338700.ogg.npy,brwowl1
blhori1_XC795218.ogg.npy,blhori1
zitcis1_XC277479.ogg.npy,zitcis1
brnshr_XC837098.ogg.npy,brnshr
eucdov_XC553211.ogg.npy,eucdov
whcbar1_XC659326.ogg.npy,whcbar1
comros_XC145111.ogg.npy,comros
junbab2_XC352144.ogg.npy,junbab2
bcnher_XC800073.ogg.npy,bcnher
shikra1_XC575199.ogg.npy,shikra1
junbab2_XC578190.ogg.npy,junbab2
asikoe2_XC686817.ogg.npy,asikoe2
grywag_XC723684.ogg.npy,grywag
commyn_XC110878.ogg.npy,commyn
grnsan_XC692343.ogg.npy,grnsan
gyhcaf1_XC293442.ogg.npy,gyhcaf1
comros_XC456222.ogg.npy,comros
brnshr_XC457010.ogg.npy,brnshr
litgre1_XC448205.ogg.npy,litgre1
grnsan_XC655775.ogg.npy,grnsan
lirplo_XC422712.ogg.npy,lirplo
houspa_XC556841.ogg.npy,houspa
bkwsti_XC745227.ogg.npy,bkwsti
whbbul2_XC320268.ogg.npy,whbbul2
grywag_XC839378.ogg.npy,grywag
sbeowl1_XC433832.ogg.npy,sbeowl1
bkwsti_XC632159.ogg.npy,bkwsti
whtkin2_XC775464.ogg.npy,whtkin2
grenig1_XC698854.ogg.npy,grenig1
lirplo_XC826563.ogg.npy,lirplo
brnhao1_XC608653.ogg.npy,brnhao1
piekin1_XC616046.ogg.npy,piekin1
bcnher_XC543137.ogg.npy,bcnher
grywag_XC566559.ogg.npy,grywag
comros_XC373015.ogg.npy,comros
woosan_XC821352.ogg.npy,woosan
aspfly1_XC400498.ogg.npy,aspfly1
litegr_XC507944.ogg.npy,litegr
purher1_XC639132.ogg.npy,purher1
comgre_XC841150.ogg.npy,comgre
blhori1_XC571478.ogg.npy,blhori1
comkin1_XC217368.ogg.npy,comkin1
pursun4_XC541655.ogg.npy,pursun4
comtai1_XC209047.ogg.npy,comtai1
eurcoo_XC432676.ogg.npy,eurcoo
barswa_XC331494.ogg.npy,barswa
litegr_XC748836.ogg.npy,litegr
greegr_XC303739.ogg.npy,greegr
comkin1_XC560714.ogg.npy,comkin1
grejun2_XC362117.ogg.npy,grejun2
oripip1_XC550174.ogg.npy,oripip1
putbab1_XC196954.ogg.npy,putbab1
comros_XC806053.ogg.npy,comros
graher1_XC434601.ogg.npy,graher1
litgre1_XC746251.ogg.npy,litgre1
eaywag1_XC148919.ogg.npy,eaywag1
comros_XC481692.ogg.npy,comros
eucdov_XC446524.ogg.npy,eucdov
graher1_XC362547.ogg.npy,graher1
litswi1_XC443713.ogg.npy,litswi1
comtai1_XC779116.ogg.npy,comtai1
comros_XC673850.ogg.npy,comros
goflea1_XC190755.ogg.npy,goflea1
eaywag1_XC597284.ogg.npy,eaywag1
labcro1_XC663927.ogg.npy,labcro1
oripip1_XC362803.ogg.npy,oripip1
laudov1_XC155910.ogg.npy,laudov1
rorpar_XC534457.ogg.npy,rorpar
ashdro1_XC289070.ogg.npy,ashdro1
chbeat1_XC295048.ogg.npy,chbeat1
litspi1_XC764195.ogg.npy,litspi1
whiter2_XC554073.ogg.npy,whiter2
rewlap1_XC386793.ogg.npy,rewlap1
heswoo1_XC19722.ogg.npy,heswoo1
zitcis1_XC663868.ogg.npy,zitcis1
spodov_XC291105.ogg.npy,spodov
zitcis1_XC745113.ogg.npy,zitcis1
blakit1_XC811136.ogg.npy,blakit1
ashdro1_XC858390.ogg.npy,ashdro1
barswa_XC723163.ogg.npy,barswa
comsan_XC584750.ogg.npy,comsan
eurbla2_XC177124.ogg.npy,eurbla2
houspa_XC509702.ogg.npy,houspa
emedov2_XC743683.ogg.npy,emedov2
comgre_XC425077.ogg.npy,comgre
bkwsti_XC385622.ogg.npy,bkwsti
eaywag1_XC317463.ogg.npy,eaywag1
spodov_XC714151.ogg.npy,spodov
hoopoe_XC184630.ogg.npy,hoopoe
lirplo_XC636690.ogg.npy,lirplo
lirplo_XC549310.ogg.npy,lirplo
houcro1_XC207638.ogg.npy,houcro1
rorpar_XC571461.ogg.npy,rorpar
litgre1_XC715551.ogg.npy,litgre1
whbwat1_XC844113.ogg.npy,whbwat1
eucdov_XC703152.ogg.npy,eucdov
rocpig_XC257593.ogg.npy,rocpig
copbar1_XC73161.ogg.npy,copbar1
zitcis1_XC563715.ogg.npy,zitcis1
woosan_XC573243.ogg.npy,woosan
eucdov_XC769683.ogg.npy,eucdov
eaywag1_XC624106.ogg.npy,eaywag1
grnsan_XC312487.ogg.npy,grnsan
woosan_XC309655.ogg.npy,woosan
zitcis1_XC289346.ogg.npy,zitcis1
heswoo1_XC295170.ogg.npy,heswoo1
barswa_XC324471.ogg.npy,barswa
eucdov_XC631398.ogg.npy,eucdov
comkin1_XC526238.ogg.npy,comkin1
wemhar1_XC694721.ogg.npy,wemhar1
comkin1_XC149672.ogg.npy,comkin1
bkwsti_XC338281.ogg.npy,bkwsti
rocpig_XC269761.ogg.npy,rocpig
grecou1_XC612691.ogg.npy,grecou1
graher1_XC807590.ogg.npy,graher1
bkskit1_XC350189.ogg.npy,bkskit1
eaywag1_XC672547.ogg.npy,eaywag1
bkwsti_XC269611.ogg.npy,bkwsti
crseag1_XC530270.ogg.npy,crseag1
purher1_XC665728.ogg.npy,purher1
lirplo_XC662823.ogg.npy,lirplo
commoo3_XC477749.ogg.npy,commoo3
indpit1_XC373402.ogg.npy,indpit1
yebbul3_XC632654.ogg.npy,yebbul3
comsan_XC736199.ogg.npy,comsan
lirplo_XC553532.ogg.npy,lirplo
whbwoo2_XC775169.ogg.npy,whbwoo2
comros_XC483574.ogg.npy,comros
ashwoo2_XC447333.ogg.npy,ashwoo2
lirplo_XC545374.ogg.npy,lirplo
shikra1_XC681358.ogg.npy,shikra1
rorpar_XC375258.ogg.npy,rorpar
brwjac1_XC318463.ogg.npy,brwjac1
comsan_XC833512.ogg.npy,comsan
pursun4_XC779919.ogg.npy,pursun4
grnsan_XC586839.ogg.npy,grnsan
houspa_XC741808.ogg.npy,houspa
rorpar_XC209169.ogg.npy,rorpar
crseag1_XC529892.ogg.npy,crseag1
moipig1_XC722658.ogg.npy,moipig1
commyn_XC623016.ogg.npy,commyn
ruftre2_XC741599.ogg.npy,ruftre2
gyhcaf1_XC773524.ogg.npy,gyhcaf1
commyn_XC110968.ogg.npy,commyn
blrwar1_XC808108.ogg.npy,blrwar1
woosan_XC738798.ogg.npy,woosan
grnsan_XC712533.ogg.npy,grnsan
lirplo_XC831321.ogg.npy,lirplo
grnwar1_XC193342.ogg.npy,grnwar1
emedov2_XC307394.ogg.npy,emedov2
shikra1_XC209606.ogg.npy,shikra1
blhori1_XC207620.ogg.npy,blhori1
grywag_XC267572.ogg.npy,grywag
kenplo1_XC765775.ogg.npy,kenplo1
houspa_XC474956.ogg.npy,houspa
houspa_XC546206.ogg.npy,houspa
crseag1_XC478036.ogg.npy,crseag1
barswa_XC428863.ogg.npy,barswa
commoo3_XC776228.ogg.npy,commoo3
rewbul_XC786295.ogg.npy,rewbul
zitcis1_XC570139.ogg.npy,zitcis1
bladro1_XC488833.ogg.npy,bladro1
lblwar1_XC328279.ogg.npy,lblwar1
crseag1_XC781787.ogg.npy,crseag1
blakit1_XC493736.ogg.npy,blakit1
grefla1_XC42621.ogg.npy,grefla1
ashdro1_XC410375.ogg.npy,ashdro1
pursun4_XC118191.ogg.npy,pursun4
whtkin2_XC762510.ogg.npy,whtkin2
barswa_XC672598.ogg.npy,barswa
blhori1_XC390346.ogg.npy,blhori1
putbab1_XC86928.ogg.npy,putbab1
eucdov_XC607054.ogg.npy,eucdov
bkwsti_XC269381.ogg.npy,bkwsti
greegr_XC610379.ogg.npy,greegr
zitcis1_XC337541.ogg.npy,zitcis1
woosan_XC799366.ogg.npy,woosan
houspa_XC484382.ogg.npy,houspa
houspa_XC663188.ogg.npy,houspa
grnsan_XC480234.ogg.npy,grnsan
eucdov_XC711433.ogg.npy,eucdov
grywag_XC486555.ogg.npy,grywag
houspa_XC443452.ogg.npy,houspa
blrwar1_XC563156.ogg.npy,blrwar1
categr_XC45476.ogg.npy,categr
brnshr_XC397771.ogg.npy,brnshr
lirplo_XC649853.ogg.npy,lirplo
plhpar1_XC617637.ogg.npy,plhpar1
plhpar1_XC574854.ogg.npy,plhpar1
woosan_XC803143.ogg.npy,woosan
emedov2_XC358935.ogg.npy,emedov2
yebbul3_XC153288.ogg.npy,yebbul3
comros_XC330345.ogg.npy,comros
litgre1_XC788294.ogg.npy,litgre1
grywag_XC357922.ogg.npy,grywag
comgre_XC692933.ogg.npy,comgre
stbkin1_XC667576.ogg.npy,stbkin1
ashdro1_XC335978.ogg.npy,ashdro1
vehpar1_XC318986.ogg.npy,vehpar1
litgre1_XC553461.ogg.npy,litgre1
comkin1_XC744015.ogg.npy,comkin1
litgre1_XC665314.ogg.npy,litgre1
comsan_XC774651.ogg.npy,comsan
bkskit1_XC360647.ogg.npy,bkskit1
greegr_XC321346.ogg.npy,greegr
gryfra_XC696227.ogg.npy,gryfra
eaywag1_XC286395.ogg.npy,eaywag1
whiter2_XC714120.ogg.npy,whiter2
vefnut1_XC736202.ogg.npy,vefnut1
comior1_XC207243.ogg.npy,comior1
bkwsti_XC718478.ogg.npy,bkwsti
grewar3_XC808911.ogg.npy,grewar3
litswi1_XC443706.ogg.npy,litswi1
whiter2_XC839832.ogg.npy,whiter2
comgre_XC592029.ogg.npy,comgre
grnsan_XC834733.ogg.npy,grnsan
stbkin1_XC397002.ogg.npy,stbkin1
barswa_XC553565.ogg.npy,barswa
kenplo1_XC544846.ogg.npy,kenplo1
whiter2_XC803253.ogg.npy,whiter2
grecou1_XC784195.ogg.npy,grecou1
blnmon1_XC179439.ogg.npy,blnmon1
kenplo1_XC718553.ogg.npy,kenplo1
plapri1_XC841196.ogg.npy,plapri1
grywag_XC120467.ogg.npy,grywag
heswoo1_XC400759.ogg.npy,heswoo1
woosan_XC821353.ogg.npy,woosan
eurcoo_XC406278.ogg.npy,eurcoo
eucdov_XC377927.ogg.npy,eucdov
blhori1_XC816812.ogg.npy,blhori1
litegr_XC372946.ogg.npy,litegr
plhpar1_XC486584.ogg.npy,plhpar1
hoopoe_XC469243.ogg.npy,hoopoe
comros_XC576362.ogg.npy,comros
rorpar_XC856690.ogg.npy,rorpar
graher1_XC632923.ogg.npy,graher1
maltro1_XC786590.ogg.npy,maltro1
comfla1_XC620865.ogg.npy,comfla1
indtit1_XC497091.ogg.npy,indtit1
bcnher_XC546448.ogg.npy,bcnher
comros_XC323449.ogg.npy,comros
rorpar_XC464252.ogg.npy,rorpar
blrwar1_XC650739.ogg.npy,blrwar1
grewar3_XC374674.ogg.npy,grewar3
blakit1_XC73033.ogg.npy,blakit1
eucdov_XC571438.ogg.npy,eucdov
brakit1_XC32856.ogg.npy,brakit1
shikra1_XC413074.ogg.npy,shikra1
blrwar1_XC322632.ogg.npy,blrwar1
grtdro1_XC551678.ogg.npy,grtdro1
whiter2_XC180968.ogg.npy,whiter2
whiter2_XC720987.ogg.npy,whiter2
bcnher_XC579688.ogg.npy,bcnher
rocpig_XC408823.ogg.npy,rocpig
inbrob1_XC401204.ogg.npy,inbrob1
indtit1_XC209050.ogg.npy,indtit1
blnmon1_XC470517.ogg.npy,blnmon1
whbwat1_XC633083.ogg.npy,whbwat1
blrwar1_XC659066.ogg.npy,blrwar1
zitcis1_XC726388.ogg.npy,zitcis1
nutman_XC789685.ogg.npy,nutman
purher1_XC676735.ogg.npy,purher1
nutman_XC816754.ogg.npy,nutman
gloibi_XC139958.ogg.npy,gloibi
grtdro1_XC86961.ogg.npy,grtdro1
labcro1_XC824067.ogg.npy,labcro1
ruftre2_XC603707.ogg.npy,ruftre2
commyn_XC183496.ogg.npy,commyn
asikoe2_XC575567.ogg.npy,asikoe2
brnhao1_XC779882.ogg.npy,brnhao1
eurcoo_XC643890.ogg.npy,eurcoo
spodov_XC352026.ogg.npy,spodov
comgre_XC840130.ogg.npy,comgre
gyhcaf1_XC599182.ogg.npy,gyhcaf1
barswa_XC667845.ogg.npy,barswa
woosan_XC823255.ogg.npy,woosan
greegr_XC422107.ogg.npy,greegr
whiter2_XC193639.ogg.npy,whiter2
bkwsti_XC422016.ogg.npy,bkwsti
blrwar1_XC659063.ogg.npy,blrwar1
eurcoo_XC710820.ogg.npy,eurcoo
grbeat1_XC699154.ogg.npy,grbeat1
grywag_XC523196.ogg.npy,grywag
rufwoo2_XC779758.ogg.npy,rufwoo2
lirplo_XC376634.ogg.npy,lirplo
gyhcaf1_XC116629.ogg.npy,gyhcaf1
comtai1_XC293544.ogg.npy,comtai1
brnshr_XC832730.ogg.npy,brnshr
grnwar1_XC163916.ogg.npy,grnwar1
whcbar1_XC464137.ogg.npy,whcbar1
brnshr_XC267581.ogg.npy,brnshr
grnsan_XC37505.ogg.npy,grnsan
kenplo1_XC333813.ogg.npy,kenplo1
commyn_XC659210.ogg.npy,commyn
litgre1_XC666192.ogg.npy,litgre1
brwjac1_XC449769.ogg.npy,brwjac1
eucdov_XC588874.ogg.npy,eucdov
gyhcaf1_XC440109.ogg.npy,gyhcaf1
commoo3_XC739282.ogg.npy,commoo3
blakit1_XC365863.ogg.npy,blakit1
greegr_XC84914.ogg.npy,greegr
pursun4_XC528979.ogg.npy,pursun4
barswa_XC640578.ogg.npy,barswa
stbkin1_XC856752.ogg.npy,stbkin1
rocpig_XC121680.ogg.npy,rocpig
tibfly3_XC643742.ogg.npy,tibfly3
spodov_XC495643.ogg.npy,spodov
labcro1_XC37775.ogg.npy,labcro1
grnsan_XC547054.ogg.npy,grnsan
comior1_XC857058.ogg.npy,comior1
comgre_XC647782.ogg.npy,comgre
grewar3_XC574820.ogg.npy,grewar3
eurcoo_XC659907.ogg.npy,eurcoo
houspa_XC480909.ogg.npy,houspa
grewar3_XC775623.ogg.npy,grewar3
piebus1_XC138362.ogg.npy,piebus1
grywag_XC636308.ogg.npy,grywag
yebbul3_XC490504.ogg.npy,yebbul3
comkin1_XC453358.ogg.npy,comkin1
blrwar1_XC659073.ogg.npy,blrwar1
grnsan_XC702006.ogg.npy,grnsan
copbar1_XC456318.ogg.npy,copbar1
lirplo_XC813186.ogg.npy,lirplo
lirplo_XC642219.ogg.npy,lirplo
ashpri1_XC309696.ogg.npy,ashpri1
grnsan_XC579408.ogg.npy,grnsan
litgre1_XC554874.ogg.npy,litgre1
eurcoo_XC554180.ogg.npy,eurcoo
wemhar1_XC623539.ogg.npy,wemhar1
pabflo1_XC741595.ogg.npy,pabflo1
commyn_XC652901.ogg.npy,commyn
bcnher_XC800052.ogg.npy,bcnher
eurcoo_XC702523.ogg.npy,eurcoo
categr_XC704006.ogg.npy,categr
kenplo1_XC494536.ogg.npy,kenplo1
nutman_XC377638.ogg.npy,nutman
kenplo1_XC808296.ogg.npy,kenplo1
grnwar1_XC360499.ogg.npy,grnwar1
comros_XC185706.ogg.npy,comros
comgre_XC696669.ogg.npy,comgre
comsan_XC698224.ogg.npy,comsan
grywag_XC750827.ogg.npy,grywag
rocpig_XC606456.ogg.npy,rocpig
gyhcaf1_XC216923.ogg.npy,gyhcaf1
marsan_XC146460.ogg.npy,marsan
comkin1_XC596985.ogg.npy,comkin1
piekin1_XC397811.ogg.npy,piekin1
yebbul3_XC207750.ogg.npy,yebbul3
eurcoo_XC580131.ogg.npy,eurcoo
eurcoo_XC544395.ogg.npy,eurcoo
comsan_XC190288.ogg.npy,comsan
bkrfla1_XC572365.ogg.npy,bkrfla1
woosan_XC587077.ogg.npy,woosan
lirplo_XC654632.ogg.npy,lirplo
spepic1_XC239928.ogg.npy,spepic1
houspa_XC501187.ogg.npy,houspa
cregos1_XC649142.ogg.npy,cregos1
zitcis1_XC682432.ogg.npy,zitcis1
rocpig_XC683586.ogg.npy,rocpig
graher1_XC522583.ogg.npy,graher1
houspa_XC842414.ogg.npy,houspa
brodro1_XC504782.ogg.npy,brodro1
asikoe2_XC309568.ogg.npy,asikoe2
comtai1_XC732592.ogg.npy,comtai1
comtai1_XC643664.ogg.npy,comtai1
comgre_XC686485.ogg.npy,comgre
comkin1_XC529947.ogg.npy,comkin1
bcnher_XC601150.ogg.npy,bcnher
rufwoo2_XC418132.ogg.npy,rufwoo2
zitcis1_XC784863.ogg.npy,zitcis1
brcful1_XC519461.ogg.npy,brcful1
eucdov_XC190490.ogg.npy,eucdov
eucdov_XC366772.ogg.npy,eucdov
hoopoe_XC741847.ogg.npy,hoopoe
eucdov_XC433623.ogg.npy,eucdov
comkin1_XC474277.ogg.npy,comkin1
barswa_XC361222.ogg.npy,barswa
bkrfla1_XC240264.ogg.npy,bkrfla1
bkwsti_XC338797.ogg.npy,bkwsti
comsan_XC443741.ogg.npy,comsan
junowl1_XC217782.ogg.npy,junowl1
purher1_XC670949.ogg.npy,purher1
pursun3_XC795211.ogg.npy,pursun3
gybpri1_XC276855.ogg.npy,gybpri1
bkskit1_XC433771.ogg.npy,bkskit1
crseag1_XC612195.ogg.npy,crseag1
greegr_XC452101.ogg.npy,greegr
comtai1_XC133731.ogg.npy,comtai1
bkwsti_XC558420.ogg.npy,bkwsti
barswa_XC142794.ogg.npy,barswa
brcful1_XC743677.ogg.npy,brcful1
gybpri1_XC362825.ogg.npy,gybpri1
ashpri1_XC754295.ogg.npy,ashpri1
comros_XC579075.ogg.npy,comros
wemhar1_XC512132.ogg.npy,wemhar1
gloibi_XC145799.ogg.npy,gloibi
graher1_XC601173.ogg.npy,graher1
blnmon1_XC843208.ogg.npy,blnmon1
houcro1_XC366729.ogg.npy,houcro1
labcro1_XC502439.ogg.npy,labcro1
grbeat1_XC304004.ogg.npy,grbeat1
eurcoo_XC549301.ogg.npy,eurcoo
eucdov_XC436242.ogg.npy,eucdov
comros_XC480779.ogg.npy,comros
plaflo1_XC208895.ogg.npy,plaflo1
nutman_XC217350.ogg.npy,nutman
crseag1_XC215378.ogg.npy,crseag1
eucdov_XC196133.ogg.npy,eucdov
aspfly1_XC288095.ogg.npy,aspfly1
comsan_XC422063.ogg.npy,comsan
grenig1_XC153284.ogg.npy,grenig1
rorpar_XC561018.ogg.npy,rorpar
hoopoe_XC815170.ogg.npy,hoopoe
whcbar1_XC260252.ogg.npy,whcbar1
barswa_XC672572.ogg.npy,barswa
grnsan_XC557399.ogg.npy,grnsan
marsan_XC134892.ogg.npy,marsan
zitcis1_XC565064.ogg.npy,zitcis1
grnwar1_XC723991.ogg.npy,grnwar1
grnwar1_XC744746.ogg.npy,grnwar1
eurcoo_XC459718.ogg.npy,eurcoo
rewlap1_XC391987.ogg.npy,rewlap1
litegr_XC632950.ogg.npy,litegr
gloibi_XC744035.ogg.npy,gloibi
brnshr_XC234059.ogg.npy,brnshr
blrwar1_XC655525.ogg.npy,blrwar1
bkwsti_XC436974.ogg.npy,bkwsti
cohcuc1_XC404486.ogg.npy,cohcuc1
comgre_XC746360.ogg.npy,comgre
comgre_XC785529.ogg.npy,comgre
bkwsti_XC328055.ogg.npy,bkwsti
revbul_XC756560.ogg.npy,revbul
grnsan_XC583085.ogg.npy,grnsan
grewar3_XC568878.ogg.npy,grewar3
kenplo1_XC333823.ogg.npy,kenplo1
blhori1_XC784264.ogg.npy,blhori1
asikoe2_XC601847.ogg.npy,asikoe2
houspa_XC499109.ogg.npy,houspa
eurcoo_XC635736.ogg.npy,eurcoo
comkin1_XC591059.ogg.npy,comkin1
kenplo1_XC338273.ogg.npy,kenplo1
comkin1_XC714215.ogg.npy,comkin1
putbab1_XC667199.ogg.npy,putbab1
barswa_XC737129.ogg.npy,barswa
hoopoe_XC737257.ogg.npy,hoopoe
comtai1_XC122978.ogg.npy,comtai1
whrmun_XC702176.ogg.npy,whrmun
eucdov_XC410909.ogg.npy,eucdov
ashdro1_XC706101.ogg.npy,ashdro1
grnsan_XC736729.ogg.npy,grnsan
plapri1_XC331900.ogg.npy,plapri1
whbwat1_XC357708.ogg.npy,whbwat1
grywag_XC564806.ogg.npy,grywag
crseag1_XC548362.ogg.npy,crseag1
houspa_XC553556.ogg.npy,houspa
comgre_XC733715.ogg.npy,comgre
eucdov_XC730827.ogg.npy,eucdov
whrmun_XC307304.ogg.npy,whrmun
gargan_XC643885.ogg.npy,gargan
litgre1_XC549145.ogg.npy,litgre1
brcful1_XC296412.ogg.npy,brcful1
litspi1_XC402334.ogg.npy,litspi1
plapri1_XC788231.ogg.npy,plapri1
bcnher_XC798409.ogg.npy,bcnher
grywag_XC806672.ogg.npy,grywag
eurcoo_XC436379.ogg.npy,eurcoo
comior1_XC145707.ogg.npy,comior1
woosan_XC814696.ogg.npy,woosan
compea_XC723218.ogg.npy,compea
woosan_XC337590.ogg.npy,woosan
plapri1_XC575212.ogg.npy,plapri1
ashpri1_XC788227.ogg.npy,ashpri1
brwowl1_XC355113.ogg.npy,brwowl1
blnmon1_XC343315.ogg.npy,blnmon1
barswa_XC142977.ogg.npy,barswa
revbul_XC115438.ogg.npy,revbul
asikoe2_XC362851.ogg.npy,asikoe2
brcful1_XC605318.ogg.npy,brcful1
comsan_XC588935.ogg.npy,comsan
comgre_XC555088.ogg.npy,comgre
eucdov_XC553569.ogg.npy,eucdov
commyn_XC281918.ogg.npy,commyn
whbwat1_XC137916.ogg.npy,whbwat1
grewar3_XC393056.ogg.npy,grewar3
blakit1_XC414699.ogg.npy,blakit1
rorpar_XC712827.ogg.npy,rorpar
grnsan_XC419869.ogg.npy,grnsan
indrol2_XC116751.ogg.npy,indrol2
lirplo_XC555838.ogg.npy,lirplo
comkin1_XC820440.ogg.npy,comkin1
barswa_XC526924.ogg.npy,barswa
hoopoe_XC246029.ogg.npy,hoopoe
commyn_XC110969.ogg.npy,commyn
stbkin1_XC194141.ogg.npy,stbkin1
comsan_XC824136.ogg.npy,comsan
labcro1_XC162389.ogg.npy,labcro1
lblwar1_XC735994.ogg.npy,lblwar1
rocpig_XC622218.ogg.npy,rocpig
grnwar1_XC807159.ogg.npy,grnwar1
indpit1_XC215412.ogg.npy,indpit1
eucdov_XC567365.ogg.npy,eucdov
zitcis1_XC583638.ogg.npy,zitcis1
indrob1_XC207640.ogg.npy,indrob1
chbeat1_XC598637.ogg.npy,chbeat1
hoopoe_XC162588.ogg.npy,hoopoe
grnsan_XC452280.ogg.npy,grnsan
ashdro1_XC120586.ogg.npy,ashdro1
orihob2_XC747313.ogg.npy,orihob2
aspfly1_XC217785.ogg.npy,aspfly1
crseag1_XC730740.ogg.npy,crseag1
whiter2_XC383744.ogg.npy,whiter2
litgre1_XC718641.ogg.npy,litgre1
copbar1_XC442031.ogg.npy,copbar1
revbul_XC352142.ogg.npy,revbul
comtai1_XC161721.ogg.npy,comtai1
nutman_XC742429.ogg.npy,nutman
blrwar1_XC568295.ogg.npy,blrwar1
graher1_XC580273.ogg.npy,graher1
comkin1_XC502938.ogg.npy,comkin1
hoopoe_XC312070.ogg.npy,hoopoe
grewar3_XC432346.ogg.npy,grewar3
whbwoo2_XC296640.ogg.npy,whbwoo2
pabflo1_XC632645.ogg.npy,pabflo1
eucdov_XC709217.ogg.npy,eucdov
grnsan_XC821286.ogg.npy,grnsan
grewar3_XC455695.ogg.npy,grewar3
houspa_XC179164.ogg.npy,houspa
ashwoo2_XC823422.ogg.npy,ashwoo2
commoo3_XC716855.ogg.npy,commoo3
barswa_XC730688.ogg.npy,barswa
purswa3_XC784018.ogg.npy,purswa3
insowl1_XC469472.ogg.npy,insowl1
comsan_XC548720.ogg.npy,comsan
revbul_XC209546.ogg.npy,revbul
comtai1_XC116532.ogg.npy,comtai1
rewbul_XC207895.ogg.npy,rewbul
blnmon1_XC528927.ogg.npy,blnmon1
eucdov_XC552812.ogg.npy,eucdov
eurcoo_XC709526.ogg.npy,eurcoo
jerbus2_XC362855.ogg.npy,jerbus2
gyhcaf1_XC684589.ogg.npy,gyhcaf1
comros_XC445908.ogg.npy,comros
brnhao1_XC356429.ogg.npy,brnhao1
litgre1_XC731322.ogg.npy,litgre1
spodov_XC124409.ogg.npy,spodov
comgre_XC675805.ogg.npy,comgre
cohcuc1_XC743750.ogg.npy,cohcuc1
emedov2_XC494611.ogg.npy,emedov2
grywag_XC527595.ogg.npy,grywag
bladro1_XC489908.ogg.npy,bladro1
eucdov_XC583067.ogg.npy,eucdov
lirplo_XC744323.ogg.npy,lirplo
grecou1_XC665312.ogg.npy,grecou1
comtai1_XC116528.ogg.npy,comtai1
kenplo1_XC718518.ogg.npy,kenplo1
litswi1_XC659389.ogg.npy,litswi1
piebus1_XC116719.ogg.npy,piebus1
commoo3_XC537702.ogg.npy,commoo3
eurcoo_XC658160.ogg.npy,eurcoo
grnsan_XC644029.ogg.npy,grnsan
piebus1_XC776374.ogg.npy,piebus1
orihob2_XC267812.ogg.npy,orihob2
cohcuc1_XC696708.ogg.npy,cohcuc1
grewar3_XC190194.ogg.npy,grewar3
grnsan_XC301656.ogg.npy,grnsan
houspa_XC279680.ogg.npy,houspa
bkskit1_XC361613.ogg.npy,bkskit1
putbab1_XC673276.ogg.npy,putbab1
comgre_XC146065.ogg.npy,comgre
blhori1_XC798560.ogg.npy,blhori1
rorpar_XC665601.ogg.npy,rorpar
plapri1_XC855536.ogg.npy,plapri1
litegr_XC795969.ogg.npy,litegr
eaywag1_XC471561.ogg.npy,eaywag1
spodov_XC203405.ogg.npy,spodov
woosan_XC375837.ogg.npy,woosan
blrwar1_XC199300.ogg.npy,blrwar1
rorpar_XC423100.ogg.npy,rorpar
blrwar1_XC660157.ogg.npy,blrwar1
bcnher_XC679800.ogg.npy,bcnher
whrmun_XC768407.ogg.npy,whrmun
grywag_XC670218.ogg.npy,grywag
cohcuc1_XC651575.ogg.npy,cohcuc1
redspu1_XC775566.ogg.npy,redspu1
gryfra_XC514845.ogg.npy,gryfra
barswa_XC177243.ogg.npy,barswa
gybpri1_XC42624.ogg.npy,gybpri1
commoo3_XC635719.ogg.npy,commoo3
blhori1_XC761268.ogg.npy,blhori1
bkskit1_XC361604.ogg.npy,bkskit1
whiter2_XC543212.ogg.npy,whiter2
eucdov_XC617347.ogg.npy,eucdov
comtai1_XC164382.ogg.npy,comtai1
pursun3_XC335053.ogg.npy,pursun3
grtdro1_XC197118.ogg.npy,grtdro1
rufwoo2_XC192502.ogg.npy,rufwoo2
grtdro1_XC191929.ogg.npy,grtdro1
hoopoe_XC560369.ogg.npy,hoopoe
gryfra_XC639517.ogg.npy,gryfra
barswa_XC452058.ogg.npy,barswa
pabflo1_XC19798.ogg.npy,pabflo1
graher1_XC540134.ogg.npy,graher1
lirplo_XC631948.ogg.npy,lirplo
litgre1_XC714557.ogg.npy,litgre1
plapri1_XC359369.ogg.npy,plapri1
barswa_XC54516.ogg.npy,barswa
litgre1_XC370797.ogg.npy,litgre1
wemhar1_XC696873.ogg.npy,wemhar1
eurcoo_XC802139.ogg.npy,eurcoo
btbeat1_XC295155.ogg.npy,btbeat1
grecou1_XC169975.ogg.npy,grecou1
houcro1_XC357593.ogg.npy,houcro1
rorpar_XC794156.ogg.npy,rorpar
tibfly3_XC196575.ogg.npy,tibfly3
eucdov_XC380919.ogg.npy,eucdov
grywag_XC443185.ogg.npy,grywag
zitcis1_XC722493.ogg.npy,zitcis1
bkwsti_XC541491.ogg.npy,bkwsti
litspi1_XC279169.ogg.npy,litspi1
brwowl1_XC723722.ogg.npy,brwowl1
eucdov_XC364870.ogg.npy,eucdov
commoo3_XC800598.ogg.npy,commoo3
spodov_XC31444.ogg.npy,spodov
commoo3_XC738831.ogg.npy,commoo3
commoo3_XC710893.ogg.npy,commoo3
hoopoe_XC802096.ogg.npy,hoopoe
junowl1_XC403058.ogg.npy,junowl1
eaywag1_XC675957.ogg.npy,eaywag1
brnhao1_XC790590.ogg.npy,brnhao1
grtdro1_XC603528.ogg.npy,grtdro1
lirplo_XC433002.ogg.npy,lirplo
bkwsti_XC845841.ogg.npy,bkwsti
thbwar1_XC612414.ogg.npy,thbwar1
grnsan_XC830450.ogg.npy,grnsan
comgre_XC580689.ogg.npy,comgre
copbar1_XC451368.ogg.npy,copbar1
eaywag1_XC469613.ogg.npy,eaywag1
rewbul_XC582598.ogg.npy,rewbul
grywag_XC673686.ogg.npy,grywag
comtai1_XC580105.ogg.npy,comtai1
crseag1_XC797747.ogg.npy,crseag1
litgre1_XC625695.ogg.npy,litgre1
whtkin2_XC244136.ogg.npy,whtkin2
ruftre2_XC857047.ogg.npy,ruftre2
grbeat1_XC208806.ogg.npy,grbeat1
zitcis1_XC142651.ogg.npy,zitcis1
ashwoo2_XC531531.ogg.npy,ashwoo2
whbwat1_XC605226.ogg.npy,whbwat1
oripip1_XC682529.ogg.npy,oripip1
litgre1_XC429766.ogg.npy,litgre1
barswa_XC607346.ogg.npy,barswa
grewar3_XC289522.ogg.npy,grewar3
rorpar_XC36899.ogg.npy,rorpar
hoopoe_XC554183.ogg.npy,hoopoe
whiter2_XC134078.ogg.npy,whiter2
comkin1_XC672217.ogg.npy,comkin1
bcnher_XC595628.ogg.npy,bcnher
putbab1_XC210538.ogg.npy,putbab1
rorpar_XC568868.ogg.npy,rorpar
grnsan_XC825765.ogg.npy,grnsan
forwag1_XC779887.ogg.npy,forwag1
gargan_XC716421.ogg.npy,gargan
litegr_XC333877.ogg.npy,litegr
grenig1_XC612083.ogg.npy,grenig1
litegr_XC711517.ogg.npy,litegr
houspa_XC292029.ogg.npy,houspa
comkin1_XC460945.ogg.npy,comkin1
categr_XC787914.ogg.npy,categr
eurcoo_XC631343.ogg.npy,eurcoo
blrwar1_XC657142.ogg.npy,blrwar1
litgre1_XC579854.ogg.npy,litgre1
graher1_XC768106.ogg.npy,graher1
piebus1_XC185431.ogg.npy,piebus1
gybpri1_XC558710.ogg.npy,gybpri1
houspa_XC631407.ogg.npy,houspa
comros_XC566759.ogg.npy,comros
cregos1_XC841650.ogg.npy,cregos1
rorpar_XC518999.ogg.npy,rorpar
grnwar1_XC299236.ogg.npy,grnwar1
rocpig_XC500496.ogg.npy,rocpig
pursun4_XC448623.ogg.npy,pursun4
zitcis1_XC268234.ogg.npy,zitcis1
woosan_XC857970.ogg.npy,woosan
commyn_XC855625.ogg.npy,commyn
grnsan_XC597777.ogg.npy,grnsan
bcnher_XC577785.ogg.npy,bcnher
comtai1_XC726459.ogg.npy,comtai1
chbeat1_XC702175.ogg.npy,chbeat1
comros_XC777771.ogg.npy,comros
rorpar_XC37588.ogg.npy,rorpar
marsan_XC182912.ogg.npy,marsan
inbrob1_XC312278.ogg.npy,inbrob1
eucdov_XC134642.ogg.npy,eucdov
laudov1_XC157542.ogg.npy,laudov1
kenplo1_XC185102.ogg.npy,kenplo1
junmyn1_XC157858.ogg.npy,junmyn1
bkwsti_XC808277.ogg.npy,bkwsti
woosan_XC497658.ogg.npy,woosan
eucdov_XC701037.ogg.npy,eucdov
spodov_XC116499.ogg.npy,spodov
houspa_XC587149.ogg.npy,houspa
grecou1_XC355968.ogg.npy,grecou1
comgre_XC799956.ogg.npy,comgre
comkin1_XC356116.ogg.npy,comkin1
grnsan_XC266348.ogg.npy,grnsan
grnwar1_XC639552.ogg.npy,grnwar1
nutman_XC450765.ogg.npy,nutman
comros_XC740810.ogg.npy,comros
bkskit1_XC350367.ogg.npy,bkskit1
bkwsti_XC810394.ogg.npy,bkwsti
ashdro1_XC53987.ogg.npy,ashdro1
blakit1_XC620590.ogg.npy,blakit1
comsan_XC395281.ogg.npy,comsan
gyhcaf1_XC388631.ogg.npy,gyhcaf1
thbwar1_XC485177.ogg.npy,thbwar1
comros_XC350472.ogg.npy,comros
eurcoo_XC646948.ogg.npy,eurcoo
barswa_XC664979.ogg.npy,barswa
gyhcaf1_XC399094.ogg.npy,gyhcaf1
purher1_XC643268.ogg.npy,purher1
zitcis1_XC580079.ogg.npy,zitcis1
grewar3_XC507249.ogg.npy,grewar3
mawthr1_XC565302.ogg.npy,mawthr1
crfbar1_XC615778.ogg.npy,crfbar1
orihob2_XC678427.ogg.npy,orihob2
bkrfla1_XC754340.ogg.npy,bkrfla1
hoopoe_XC560376.ogg.npy,hoopoe
bcnher_XC605735.ogg.npy,bcnher
asikoe2_XC568948.ogg.npy,asikoe2
comtai1_XC809184.ogg.npy,comtai1
putbab1_XC210539.ogg.npy,putbab1
sohmyn1_XC433017.ogg.npy,sohmyn1
rorpar_XC602169.ogg.npy,rorpar
bkwsti_XC820412.ogg.npy,bkwsti
bkrfla1_XC196734.ogg.npy,bkrfla1
indrol2_XC116749.ogg.npy,indrol2
graher1_XC835125.ogg.npy,graher1
dafbab1_XC187068.ogg.npy,dafbab1
houspa_XC86749.ogg.npy,houspa
comros_XC498719.ogg.npy,comros
lirplo_XC824241.ogg.npy,lirplo
bkskit1_XC433769.ogg.npy,bkskit1
bcnher_XC370847.ogg.npy,bcnher
rorpar_XC750191.ogg.npy,rorpar
sttwoo1_XC509720.ogg.npy,sttwoo1
eucdov_XC740410.ogg.npy,eucdov
brcful1_XC197746.ogg.npy,brcful1
blakit1_XC163902.ogg.npy,blakit1
wemhar1_XC632468.ogg.npy,wemhar1
indpit1_XC251871.ogg.npy,indpit1
eaywag1_XC490465.ogg.npy,eaywag1
brwowl1_XC482240.ogg.npy,brwowl1
goflea1_XC49769.ogg.npy,goflea1
commyn_XC651854.ogg.npy,commyn
comior1_XC284766.ogg.npy,comior1
grewar3_XC378539.ogg.npy,grewar3
labcro1_XC692668.ogg.npy,labcro1
comros_XC180045.ogg.npy,comros
asikoe2_XC653834.ogg.npy,asikoe2
grewar3_XC593681.ogg.npy,grewar3
plapri1_XC606958.ogg.npy,plapri1
gyhcaf1_XC73269.ogg.npy,gyhcaf1
gargan_XC630371.ogg.npy,gargan
eucdov_XC316794.ogg.npy,eucdov
wemhar1_XC709822.ogg.npy,wemhar1
graher1_XC686512.ogg.npy,graher1
plhpar1_XC571784.ogg.npy,plhpar1
eucdov_XC722058.ogg.npy,eucdov
blrwar1_XC659104.ogg.npy,blrwar1
blakit1_XC744737.ogg.npy,blakit1
integr_XC842970.ogg.npy,integr
copbar1_XC348719.ogg.npy,copbar1
spepic1_XC589301.ogg.npy,spepic1
pursun4_XC124391.ogg.npy,pursun4
whbwoo2_XC531721.ogg.npy,whbwoo2
grecou1_XC529843.ogg.npy,grecou1
commoo3_XC588227.ogg.npy,commoo3
laudov1_XC405381.ogg.npy,laudov1
whbwat1_XC318468.ogg.npy,whbwat1
btbeat1_XC741383.ogg.npy,btbeat1
purher1_XC546357.ogg.npy,purher1
putbab1_XC252150.ogg.npy,putbab1
commoo3_XC463602.ogg.npy,commoo3
ruftre2_XC777645.ogg.npy,ruftre2
gyhcaf1_XC857683.ogg.npy,gyhcaf1
litgre1_XC668340.ogg.npy,litgre1
eurcoo_XC629412.ogg.npy,eurcoo
wemhar1_XC670223.ogg.npy,wemhar1
comkin1_XC337444.ogg.npy,comkin1
bkskit1_XC513397.ogg.npy,bkskit1
shikra1_XC545721.ogg.npy,shikra1
lirplo_XC796157.ogg.npy,lirplo
brnshr_XC458245.ogg.npy,brnshr
rewlap1_XC416117.ogg.npy,rewlap1
blrwar1_XC659094.ogg.npy,blrwar1
yebbul3_XC178274.ogg.npy,yebbul3
revbul_XC756601.ogg.npy,revbul
lirplo_XC148668.ogg.npy,lirplo
bcnher_XC655270.ogg.npy,bcnher
gryfra_XC444759.ogg.npy,gryfra
grywag_XC186703.ogg.npy,grywag
bladro1_XC240298.ogg.npy,bladro1
comtai1_XC133733.ogg.npy,comtai1
bkwsti_XC845758.ogg.npy,bkwsti
grewar3_XC684256.ogg.npy,grewar3
crseag1_XC393380.ogg.npy,crseag1
shikra1_XC215626.ogg.npy,shikra1
goflea1_XC684236.ogg.npy,goflea1
copbar1_XC364385.ogg.npy,copbar1
whiter2_XC761892.ogg.npy,whiter2
grefla1_XC819728.ogg.npy,grefla1
hoopoe_XC787274.ogg.npy,hoopoe
bkwsti_XC577643.ogg.npy,bkwsti
bkwsti_XC464866.ogg.npy,bkwsti
lirplo_XC732782.ogg.npy,lirplo
comtai1_XC241798.ogg.npy,comtai1
eaywag1_XC527600.ogg.npy,eaywag1
barswa_XC376569.ogg.npy,barswa
pursun4_XC513477.ogg.npy,pursun4
labcro1_XC692669.ogg.npy,labcro1
putbab1_XC295468.ogg.npy,putbab1
comkin1_XC611884.ogg.npy,comkin1
comkin1_XC522821.ogg.npy,comkin1
maghor2_XC216656.ogg.npy,maghor2
rocpig_XC486870.ogg.npy,rocpig
stbkin1_XC194187.ogg.npy,stbkin1
woosan_XC492495.ogg.npy,woosan
wemhar1_XC134843.ogg.npy,wemhar1
bcnher_XC661218.ogg.npy,bcnher
jerbus2_XC423235.ogg.npy,jerbus2
grtdro1_XC150646.ogg.npy,grtdro1
rerswa1_XC801776.ogg.npy,rerswa1
copbar1_XC192035.ogg.npy,copbar1
bladro1_XC446167.ogg.npy,bladro1
bkwsti_XC682437.ogg.npy,bkwsti
rocpig_XC154259.ogg.npy,rocpig
woosan_XC835012.ogg.npy,woosan
thbwar1_XC519687.ogg.npy,thbwar1
barswa_XC269815.ogg.npy,barswa
comros_XC248039.ogg.npy,comros
hoopoe_XC471862.ogg.npy,hoopoe
comkin1_XC267325.ogg.npy,comkin1
woosan_XC184455.ogg.npy,woosan
graher1_XC667492.ogg.npy,graher1
whiter2_XC632074.ogg.npy,whiter2
whbwag1_XC407456.ogg.npy,whbwag1
hoopoe_XC504497.ogg.npy,hoopoe
graher1_XC594498.ogg.npy,graher1
eurcoo_XC508406.ogg.npy,eurcoo
insbab1_XC653061.ogg.npy,insbab1
kenplo1_XC765540.ogg.npy,kenplo1
brnhao1_XC630514.ogg.npy,brnhao1
whbwat1_XC764943.ogg.npy,whbwat1
rossta2_XC834520.ogg.npy,rossta2
woosan_XC830506.ogg.npy,woosan
litegr_XC718567.ogg.npy,litegr
pursun4_XC651994.ogg.npy,pursun4
grywag_XC678269.ogg.npy,grywag
gyhcaf1_XC116632.ogg.npy,gyhcaf1
commoo3_XC682617.ogg.npy,commoo3
eucdov_XC781839.ogg.npy,eucdov
blakit1_XC330331.ogg.npy,blakit1
grbeat1_XC408101.ogg.npy,grbeat1
graher1_XC794326.ogg.npy,graher1
houspa_XC544166.ogg.npy,houspa
grywag_XC407146.ogg.npy,grywag
whtkin2_XC469474.ogg.npy,whtkin2
bkrfla1_XC552421.ogg.npy,bkrfla1
litgre1_XC629807.ogg.npy,litgre1
zitcis1_XC500829.ogg.npy,zitcis1
tibfly3_XC209013.ogg.npy,tibfly3
grywag_XC432042.ogg.npy,grywag
gloibi_XC379771.ogg.npy,gloibi
comros_XC130242.ogg.npy,comros
blrwar1_XC807847.ogg.npy,blrwar1
grewar3_XC420086.ogg.npy,grewar3
brodro1_XC446291.ogg.npy,brodro1
graher1_XC663036.ogg.npy,graher1
bkwsti_XC794551.ogg.npy,bkwsti
stbkin1_XC613526.ogg.npy,stbkin1
vefnut1_XC743684.ogg.npy,vefnut1
zitcis1_XC559427.ogg.npy,zitcis1
litegr_XC333993.ogg.npy,litegr
barswa_XC164546.ogg.npy,barswa
wemhar1_XC667204.ogg.npy,wemhar1
grewar3_XC769348.ogg.npy,grewar3
chbeat1_XC784526.ogg.npy,chbeat1
ashpri1_XC267073.ogg.npy,ashpri1
bladro1_XC546081.ogg.npy,bladro1
comgre_XC823582.ogg.npy,comgre
spodov_XC186558.ogg.npy,spodov
hoopoe_XC853703.ogg.npy,hoopoe
whbwag1_XC343860.ogg.npy,whbwag1
gloibi_XC845778.ogg.npy,gloibi
comgre_XC667784.ogg.npy,comgre
graher1_XC618688.ogg.npy,graher1
rewbul_XC713451.ogg.npy,rewbul
goflea1_XC537761.ogg.npy,goflea1
grywag_XC348224.ogg.npy,grywag
greegr_XC331744.ogg.npy,greegr
comgre_XC552419.ogg.npy,comgre
whbwag1_XC633431.ogg.npy,whbwag1
comros_XC429310.ogg.npy,comros
eurcoo_XC783967.ogg.npy,eurcoo
wemhar1_XC727227.ogg.npy,wemhar1
rewbul_XC775145.ogg.npy,rewbul
zitcis1_XC235417.ogg.npy,zitcis1
indrob1_XC328066.ogg.npy,indrob1
graher1_XC488584.ogg.npy,graher1
copbar1_XC664633.ogg.npy,copbar1
comior1_XC343936.ogg.npy,comior1
greegr_XC598767.ogg.npy,greegr
tibfly3_XC655491.ogg.npy,tibfly3
shikra1_XC575200.ogg.npy,shikra1
oripip1_XC240466.ogg.npy,oripip1
grywag_XC754284.ogg.npy,grywag
eucdov_XC858291.ogg.npy,eucdov
comtai1_XC195263.ogg.npy,comtai1
brodro1_XC647803.ogg.npy,brodro1
commoo3_XC637366.ogg.npy,commoo3
comgre_XC401769.ogg.npy,comgre
houcro1_XC735671.ogg.npy,houcro1
graher1_XC461052.ogg.npy,graher1
pabflo1_XC652765.ogg.npy,pabflo1
comros_XC214063.ogg.npy,comros
commyn_XC294325.ogg.npy,commyn
zitcis1_XC204630.ogg.npy,zitcis1
lewduc1_XC261506.ogg.npy,lewduc1
grejun2_XC196962.ogg.npy,grejun2
rerswa1_XC463164.ogg.npy,rerswa1
blakit1_XC764286.ogg.npy,blakit1
comgre_XC362843.ogg.npy,comgre
laudov1_XC322533.ogg.npy,laudov1
brakit1_XC163895.ogg.npy,brakit1
comgre_XC573988.ogg.npy,comgre
asikoe2_XC330496.ogg.npy,asikoe2
grnsan_XC470479.ogg.npy,grnsan
comtai1_XC663565.ogg.npy,comtai1
eurcoo_XC441929.ogg.npy,eurcoo
grywag_XC235138.ogg.npy,grywag
rorpar_XC209724.ogg.npy,rorpar
graher1_XC608171.ogg.npy,graher1
brodro1_XC778266.ogg.npy,brodro1
asbfly_XC785503.ogg.npy,asbfly
blakit1_XC408738.ogg.npy,blakit1
barswa_XC361234.ogg.npy,barswa
vehpar1_XC117060.ogg.npy,vehpar1
comsan_XC513698.ogg.npy,comsan
greegr_XC605977.ogg.npy,greegr
graher1_XC553780.ogg.npy,graher1
whtkin2_XC209212.ogg.npy,whtkin2
ashdro1_XC312667.ogg.npy,ashdro1
litegr_XC333865.ogg.npy,litegr
rufwoo2_XC839064.ogg.npy,rufwoo2
graher1_XC658333.ogg.npy,graher1
bkskit1_XC351394.ogg.npy,bkskit1
lewduc1_XC190865.ogg.npy,lewduc1
cregos1_XC841653.ogg.npy,cregos1
houcro1_XC520666.ogg.npy,houcro1
eucdov_XC735062.ogg.npy,eucdov
lirplo_XC786976.ogg.npy,lirplo
wemhar1_XC721002.ogg.npy,wemhar1
grnsan_XC666165.ogg.npy,grnsan
inbrob1_XC744708.ogg.npy,inbrob1
blrwar1_XC309524.ogg.npy,blrwar1
cohcuc1_XC316917.ogg.npy,cohcuc1
eaywag1_XC334140.ogg.npy,eaywag1
commoo3_XC793154.ogg.npy,commoo3
blakit1_XC253432.ogg.npy,blakit1
comros_XC416787.ogg.npy,comros
grywag_XC162614.ogg.npy,grywag
wemhar1_XC467932.ogg.npy,wemhar1
woosan_XC745768.ogg.npy,woosan
bcnher_XC537575.ogg.npy,bcnher
litspi1_XC168288.ogg.npy,litspi1
eucdov_XC815552.ogg.npy,eucdov
asikoe2_XC707490.ogg.npy,asikoe2
commoo3_XC486755.ogg.npy,commoo3
houspa_XC139770.ogg.npy,houspa
emedov2_XC577913.ogg.npy,emedov2
woosan_XC573989.ogg.npy,woosan
graher1_XC840620.ogg.npy,graher1
bwfshr1_XC267352.ogg.npy,bwfshr1
lblwar1_XC771733.ogg.npy,lblwar1
inbrob1_XC555892.ogg.npy,inbrob1
grtdro1_XC329484.ogg.npy,grtdro1
lblwar1_XC265870.ogg.npy,lblwar1
stbkin1_XC197616.ogg.npy,stbkin1
forwag1_XC523458.ogg.npy,forwag1
labcro1_XC659331.ogg.npy,labcro1
eucdov_XC671655.ogg.npy,eucdov
grywag_XC282588.ogg.npy,grywag
plapri1_XC834661.ogg.npy,plapri1
gryfra_XC523562.ogg.npy,gryfra
grewar3_XC483792.ogg.npy,grewar3
bkwsti_XC822852.ogg.npy,bkwsti
rufwoo2_XC417193.ogg.npy,rufwoo2
comkin1_XC576289.ogg.npy,comkin1
greegr_XC135970.ogg.npy,greegr
comkin1_XC188963.ogg.npy,comkin1
barswa_XC826622.ogg.npy,barswa
brnshr_XC237395.ogg.npy,brnshr
litegr_XC840789.ogg.npy,litegr
comsan_XC699920.ogg.npy,comsan
rorpar_XC209717.ogg.npy,rorpar
cohcuc1_XC492981.ogg.npy,cohcuc1
zitcis1_XC727229.ogg.npy,zitcis1
rorpar_XC157417.ogg.npy,rorpar
comior1_XC284767.ogg.npy,comior1
eurcoo_XC663409.ogg.npy,eurcoo
eurcoo_XC671670.ogg.npy,eurcoo
houspa_XC806717.ogg.npy,houspa
chbeat1_XC269244.ogg.npy,chbeat1
purher1_XC150697.ogg.npy,purher1
ruftre2_XC798637.ogg.npy,ruftre2
dafbab1_XC187059.ogg.npy,dafbab1
blnmon1_XC733041.ogg.npy,blnmon1
comsan_XC493565.ogg.npy,comsan
eurcoo_XC576283.ogg.npy,eurcoo
grbeat1_XC240449.ogg.npy,grbeat1
kenplo1_XC765903.ogg.npy,kenplo1
litegr_XC778662.ogg.npy,litegr
plapri1_XC487518.ogg.npy,plapri1
comgre_XC759403.ogg.npy,comgre
indrob1_XC325246.ogg.npy,indrob1
barswa_XC433031.ogg.npy,barswa
comtai1_XC723910.ogg.npy,comtai1
grywag_XC617969.ogg.npy,grywag
marsan_XC493336.ogg.npy,marsan
bcnher_XC800686.ogg.npy,bcnher
grehor1_XC618913.ogg.npy,grehor1
brnhao1_XC155373.ogg.npy,brnhao1
comros_XC651275.ogg.npy,comros
comros_XC727112.ogg.npy,comros
purher1_XC591650.ogg.npy,purher1
brnhao1_XC730733.ogg.npy,brnhao1
grewar3_XC519939.ogg.npy,grewar3
heswoo1_XC206701.ogg.npy,heswoo1
whbbul2_XC276713.ogg.npy,whbbul2
comsan_XC794485.ogg.npy,comsan
barswa_XC828617.ogg.npy,barswa
eaywag1_XC237776.ogg.npy,eaywag1
woosan_XC197615.ogg.npy,woosan
zitcis1_XC499748.ogg.npy,zitcis1
houcro1_XC443063.ogg.npy,houcro1
bkwsti_XC814039.ogg.npy,bkwsti
graher1_XC439789.ogg.npy,graher1
bkwsti_XC474020.ogg.npy,bkwsti
bkwsti_XC820416.ogg.npy,bkwsti
purher1_XC855173.ogg.npy,purher1
categr_XC478435.ogg.npy,categr
comros_XC457671.ogg.npy,comros
rewlap1_XC570429.ogg.npy,rewlap1
labcro1_XC579454.ogg.npy,labcro1
whtkin2_XC391990.ogg.npy,whtkin2
bkwsti_XC579834.ogg.npy,bkwsti
bkwsti_XC731861.ogg.npy,bkwsti
putbab1_XC659345.ogg.npy,putbab1
greegr_XC508657.ogg.npy,greegr
comros_XC328076.ogg.npy,comros
stbkin1_XC199815.ogg.npy,stbkin1
asikoe2_XC712414.ogg.npy,asikoe2
gargan_XC405991.ogg.npy,gargan
graher1_XC726244.ogg.npy,graher1
hoopoe_XC752875.ogg.npy,hoopoe
zitcis1_XC142652.ogg.npy,zitcis1
eucdov_XC668304.ogg.npy,eucdov
comros_XC319190.ogg.npy,comros
barswa_XC769696.ogg.npy,barswa
sohmyn1_XC651302.ogg.npy,sohmyn1
grewar3_XC573376.ogg.npy,grewar3
rocpig_XC194176.ogg.npy,rocpig
grywag_XC367828.ogg.npy,grywag
comros_XC568180.ogg.npy,comros
bladro1_XC580647.ogg.npy,bladro1
rerswa1_XC485355.ogg.npy,rerswa1
stbkin1_XC306329.ogg.npy,stbkin1
comsan_XC750313.ogg.npy,comsan
blhori1_XC216527.ogg.npy,blhori1
comtai1_XC442396.ogg.npy,comtai1
houcro1_XC681127.ogg.npy,houcro1
comtai1_XC666037.ogg.npy,comtai1
barswa_XC669743.ogg.npy,barswa
litgre1_XC503221.ogg.npy,litgre1
grewar3_XC282723.ogg.npy,grewar3
grywag_XC507368.ogg.npy,grywag
blrwar1_XC807464.ogg.npy,blrwar1
lirplo_XC418879.ogg.npy,lirplo
eaywag1_XC494675.ogg.npy,eaywag1
cohcuc1_XC627843.ogg.npy,cohcuc1
zitcis1_XC756114.ogg.npy,zitcis1
lirplo_XC162646.ogg.npy,lirplo
greegr_XC605062.ogg.npy,greegr
vehpar1_XC497099.ogg.npy,vehpar1
rorpar_XC855825.ogg.npy,rorpar
bkwsti_XC463296.ogg.npy,bkwsti
grewar3_XC758031.ogg.npy,grewar3
hoopoe_XC157534.ogg.npy,hoopoe
eucdov_XC360303.ogg.npy,eucdov
thbwar1_XC750433.ogg.npy,thbwar1
lirplo_XC722276.ogg.npy,lirplo
woosan_XC725070.ogg.npy,woosan
inbrob1_XC453475.ogg.npy,inbrob1
shikra1_XC637306.ogg.npy,shikra1
shikra1_XC697077.ogg.npy,shikra1
blnmon1_XC684265.ogg.npy,blnmon1
blakit1_XC577174.ogg.npy,blakit1
bkwsti_XC667474.ogg.npy,bkwsti
bcnher_XC544765.ogg.npy,bcnher
ashdro1_XC362141.ogg.npy,ashdro1
eurcoo_XC620664.ogg.npy,eurcoo
whbwag1_XC575105.ogg.npy,whbwag1
ashwoo2_XC178326.ogg.npy,ashwoo2
grecou1_XC330924.ogg.npy,grecou1
grewar3_XC768624.ogg.npy,grewar3
litegr_XC507307.ogg.npy,litegr
blrwar1_XC190758.ogg.npy,blrwar1
commyn_XC116525.ogg.npy,commyn
comsan_XC822668.ogg.npy,comsan
eucdov_XC743183.ogg.npy,eucdov
rossta2_XC566754.ogg.npy,rossta2
asikoe2_XC727348.ogg.npy,asikoe2
comkin1_XC528534.ogg.npy,comkin1
barswa_XC667927.ogg.npy,barswa
categr_XC143597.ogg.npy,categr
rorpar_XC474381.ogg.npy,rorpar
grnwar1_XC296448.ogg.npy,grnwar1
barswa_XC317816.ogg.npy,barswa
gargan_XC545714.ogg.npy,gargan
blrwar1_XC564175.ogg.npy,blrwar1
grywag_XC792789.ogg.npy,grywag
placuc3_XC214137.ogg.npy,placuc3
whtkin2_XC477297.ogg.npy,whtkin2
kenplo1_XC812532.ogg.npy,kenplo1
ingori1_XC571748.ogg.npy,ingori1
bkcbul1_XC216650.ogg.npy,bkcbul1
gloibi_XC292205.ogg.npy,gloibi
whbwoo2_XC197606.ogg.npy,whbwoo2
zitcis1_XC768496.ogg.npy,zitcis1
houspa_XC701541.ogg.npy,houspa
graher1_XC748901.ogg.npy,graher1
wemhar1_XC528682.ogg.npy,wemhar1
blnmon1_XC730808.ogg.npy,blnmon1
rorpar_XC348243.ogg.npy,rorpar
blrwar1_XC568657.ogg.npy,blrwar1
placuc3_XC313104.ogg.npy,placuc3
whbwat1_XC607927.ogg.npy,whbwat1
spodov_XC365451.ogg.npy,spodov
eurcoo_XC190770.ogg.npy,eurcoo
litgre1_XC301652.ogg.npy,litgre1
barswa_XC737674.ogg.npy,barswa
grywag_XC456036.ogg.npy,grywag
rewbul_XC627421.ogg.npy,rewbul
tilwar1_XC191455.ogg.npy,tilwar1
houcro1_XC116649.ogg.npy,houcro1
emedov2_XC756424.ogg.npy,emedov2
kenplo1_XC371004.ogg.npy,kenplo1
blrwar1_XC184111.ogg.npy,blrwar1
eaywag1_XC624100.ogg.npy,eaywag1
shikra1_XC145283.ogg.npy,shikra1
bcnher_XC441839.ogg.npy,bcnher
litswi1_XC309587.ogg.npy,litswi1
rewbul_XC400969.ogg.npy,rewbul
hoopoe_XC627441.ogg.npy,hoopoe
whbwoo2_XC490563.ogg.npy,whbwoo2
houspa_XC25678.ogg.npy,houspa
junbab2_XC208586.ogg.npy,junbab2
sohmyn1_XC302751.ogg.npy,sohmyn1
eucdov_XC459021.ogg.npy,eucdov
grewar3_XC138775.ogg.npy,grewar3
zitcis1_XC633867.ogg.npy,zitcis1
litspi1_XC177917.ogg.npy,litspi1
categr_XC451681.ogg.npy,categr
blnmon1_XC779859.ogg.npy,blnmon1
grywag_XC686514.ogg.npy,grywag
blnmon1_XC402879.ogg.npy,blnmon1
comfla1_XC205308.ogg.npy,comfla1
eaywag1_XC647651.ogg.npy,eaywag1
barswa_XC604917.ogg.npy,barswa
compea_XC676578.ogg.npy,compea
rerswa1_XC390265.ogg.npy,rerswa1
bcnher_XC324391.ogg.npy,bcnher
thbwar1_XC478622.ogg.npy,thbwar1
blnmon1_XC340956.ogg.npy,blnmon1
hoopoe_XC768390.ogg.npy,hoopoe
comgre_XC768135.ogg.npy,comgre
comkin1_XC511674.ogg.npy,comkin1
zitcis1_XC573083.ogg.npy,zitcis1
gloibi_XC453051.ogg.npy,gloibi
commyn_XC606861.ogg.npy,commyn
grnsan_XC368995.ogg.npy,grnsan
commoo3_XC539311.ogg.npy,commoo3
graher1_XC544365.ogg.npy,graher1
grtdro1_XC404417.ogg.npy,grtdro1
comsan_XC727049.ogg.npy,comsan
laudov1_XC185291.ogg.npy,laudov1
comkin1_XC596986.ogg.npy,comkin1
eurcoo_XC392798.ogg.npy,eurcoo
purher1_XC665218.ogg.npy,purher1
marsan_XC474421.ogg.npy,marsan
ingori1_XC142539.ogg.npy,ingori1
houspa_XC192304.ogg.npy,houspa
ruftre2_XC295435.ogg.npy,ruftre2
kenplo1_XC359026.ogg.npy,kenplo1
commoo3_XC528116.ogg.npy,commoo3
zitcis1_XC459485.ogg.npy,zitcis1
purher1_XC640610.ogg.npy,purher1
zitcis1_XC347209.ogg.npy,zitcis1
comros_XC182519.ogg.npy,comros
blrwar1_XC564525.ogg.npy,blrwar1
rocpig_XC663912.ogg.npy,rocpig
comkin1_XC785261.ogg.npy,comkin1
greegr_XC304770.ogg.npy,greegr
grehor1_XC302245.ogg.npy,grehor1
gargan_XC791924.ogg.npy,gargan
whtkin2_XC779863.ogg.npy,whtkin2
labcro1_XC685710.ogg.npy,labcro1
blrwar1_XC650738.ogg.npy,blrwar1
brfowl1_XC124213.ogg.npy,brfowl1
comros_XC134545.ogg.npy,comros
kenplo1_XC718485.ogg.npy,kenplo1
rocpig_XC302293.ogg.npy,rocpig
brnshr_XC267579.ogg.npy,brnshr
rewbul_XC207896.ogg.npy,rewbul
kerlau2_XC386970.ogg.npy,kerlau2
ruftre2_XC346247.ogg.npy,ruftre2
piekin1_XC303852.ogg.npy,piekin1
gloibi_XC732680.ogg.npy,gloibi
comgre_XC815667.ogg.npy,comgre
blhori1_XC428553.ogg.npy,blhori1
houspa_XC367473.ogg.npy,houspa
eucdov_XC724070.ogg.npy,eucdov
commoo3_XC631062.ogg.npy,commoo3
bkwsti_XC775792.ogg.npy,bkwsti
barfly1_XC825806.ogg.npy,barfly1
oripip1_XC395095.ogg.npy,oripip1
whiter2_XC421212.ogg.npy,whiter2
ashwoo2_XC803330.ogg.npy,ashwoo2
hoopoe_XC783714.ogg.npy,hoopoe
lirplo_XC807765.ogg.npy,lirplo
comkin1_XC614987.ogg.npy,comkin1
comgre_XC801902.ogg.npy,comgre
grnwar1_XC141516.ogg.npy,grnwar1
commoo3_XC620168.ogg.npy,commoo3
graher1_XC586235.ogg.npy,graher1
gyhcaf1_XC683286.ogg.npy,gyhcaf1
grtdro1_XC601419.ogg.npy,grtdro1
rossta2_XC116615.ogg.npy,rossta2
comgre_XC366334.ogg.npy,comgre
litegr_XC465765.ogg.npy,litegr
lirplo_XC566228.ogg.npy,lirplo
commyn_XC669699.ogg.npy,commyn
grtdro1_XC197117.ogg.npy,grtdro1
crseag1_XC49766.ogg.npy,crseag1
ruftre2_XC253498.ogg.npy,ruftre2
litspi1_XC192483.ogg.npy,litspi1
comkin1_XC185467.ogg.npy,comkin1
gyhcaf1_XC293599.ogg.npy,gyhcaf1
lblwar1_XC265874.ogg.npy,lblwar1
eaywag1_XC672859.ogg.npy,eaywag1
purher1_XC824986.ogg.npy,purher1
rerswa1_XC800474.ogg.npy,rerswa1
comkin1_XC712821.ogg.npy,comkin1
graher1_XC807035.ogg.npy,graher1
bkskit1_XC351387.ogg.npy,bkskit1
bcnher_XC172927.ogg.npy,bcnher
bkwsti_XC721601.ogg.npy,bkwsti
grnsan_XC699301.ogg.npy,grnsan
spodov_XC727577.ogg.npy,spodov
piekin1_XC303855.ogg.npy,piekin1
blnmon1_XC197614.ogg.npy,blnmon1
crseag1_XC338728.ogg.npy,crseag1
woosan_XC765769.ogg.npy,woosan
labcro1_XC790895.ogg.npy,labcro1
comros_XC505445.ogg.npy,comros
asbfly_XC749597.ogg.npy,asbfly
plaflo1_XC481336.ogg.npy,plaflo1
barswa_XC185774.ogg.npy,barswa
commyn_XC358067.ogg.npy,commyn
wemhar1_XC145352.ogg.npy,wemhar1
mawthr1_XC442079.ogg.npy,mawthr1
grnsan_XC666288.ogg.npy,grnsan
comros_XC274741.ogg.npy,comros
lirplo_XC635191.ogg.npy,lirplo
commoo3_XC542501.ogg.npy,commoo3
indrob1_XC404496.ogg.npy,indrob1
bcnher_XC371129.ogg.npy,bcnher
putbab1_XC528865.ogg.npy,putbab1
comkin1_XC598201.ogg.npy,comkin1
litegr_XC333964.ogg.npy,litegr
eaywag1_XC181781.ogg.npy,eaywag1
brakit1_XC197756.ogg.npy,brakit1
categr_XC713117.ogg.npy,categr
whcbar1_XC540676.ogg.npy,whcbar1
plapri1_XC534225.ogg.npy,plapri1
grywag_XC823982.ogg.npy,grywag
tilwar1_XC266033.ogg.npy,tilwar1
nutman_XC591615.ogg.npy,nutman
litswi1_XC443705.ogg.npy,litswi1
grtdro1_XC295448.ogg.npy,grtdro1
houspa_XC642792.ogg.npy,houspa
lobsun2_XC157975.ogg.npy,lobsun2
comros_XC378860.ogg.npy,comros
crseag1_XC213913.ogg.npy,crseag1
grecou1_XC364304.ogg.npy,grecou1
commyn_XC651026.ogg.npy,commyn
asikoe2_XC604453.ogg.npy,asikoe2
barswa_XC248033.ogg.npy,barswa
ruftre2_XC322112.ogg.npy,ruftre2
comkin1_XC827045.ogg.npy,comkin1
tibfly3_XC428966.ogg.npy,tibfly3
malpar1_XC499663.ogg.npy,malpar1
whiter2_XC568345.ogg.npy,whiter2
whbwat1_XC487522.ogg.npy,whbwat1
forwag1_XC680806.ogg.npy,forwag1
gyhcaf1_XC769361.ogg.npy,gyhcaf1
bkwsti_XC312848.ogg.npy,bkwsti
piebus1_XC204612.ogg.npy,piebus1
rewbul_XC767767.ogg.npy,rewbul
purher1_XC745376.ogg.npy,purher1
eucdov_XC526029.ogg.npy,eucdov
litegr_XC718466.ogg.npy,litegr
houspa_XC564092.ogg.npy,houspa
comgre_XC597776.ogg.npy,comgre
categr_XC838629.ogg.npy,categr
gloibi_XC399928.ogg.npy,gloibi
brasta1_XC308264.ogg.npy,brasta1
insowl1_XC233805.ogg.npy,insowl1
comkin1_XC757945.ogg.npy,comkin1
grnwar1_XC266924.ogg.npy,grnwar1
zitcis1_XC746994.ogg.npy,zitcis1
asbfly_XC412227.ogg.npy,asbfly
lirplo_XC828912.ogg.npy,lirplo
cregos1_XC719972.ogg.npy,cregos1
comgre_XC705193.ogg.npy,comgre
hoopoe_XC555386.ogg.npy,hoopoe
comros_XC120458.ogg.npy,comros
spodov_XC464795.ogg.npy,spodov
comior1_XC284765.ogg.npy,comior1
wemhar1_XC262854.ogg.npy,wemhar1
houspa_XC324458.ogg.npy,houspa
piekin1_XC515912.ogg.npy,piekin1
comtai1_XC643392.ogg.npy,comtai1
insowl1_XC209495.ogg.npy,insowl1
eaywag1_XC324343.ogg.npy,eaywag1
bladro1_XC483889.ogg.npy,bladro1
whbwat1_XC318819.ogg.npy,whbwat1
comgre_XC623924.ogg.npy,comgre
comfla1_XC620867.ogg.npy,comfla1
blnmon1_XC503588.ogg.npy,blnmon1
kenplo1_XC488745.ogg.npy,kenplo1
blrwar1_XC659125.ogg.npy,blrwar1
compea_XC723236.ogg.npy,compea
rocpig_XC448944.ogg.npy,rocpig
lirplo_XC360571.ogg.npy,lirplo
plhpar1_XC197104.ogg.npy,plhpar1
eucdov_XC665959.ogg.npy,eucdov
ruftre2_XC400122.ogg.npy,ruftre2
blakit1_XC493733.ogg.npy,blakit1
comgre_XC621745.ogg.npy,comgre
litegr_XC518525.ogg.npy,litegr
eaywag1_XC675596.ogg.npy,eaywag1
blrwar1_XC180070.ogg.npy,blrwar1
comsan_XC642258.ogg.npy,comsan
zitcis1_XC146955.ogg.npy,zitcis1
purher1_XC798925.ogg.npy,purher1
asikoe2_XC367710.ogg.npy,asikoe2
grywag_XC527592.ogg.npy,grywag
commyn_XC530827.ogg.npy,commyn
asbfly_XC610734.ogg.npy,asbfly
commoo3_XC720132.ogg.npy,commoo3
gargan_XC501880.ogg.npy,gargan
wemhar1_XC673527.ogg.npy,wemhar1
comros_XC560567.ogg.npy,comros
grywag_XC695870.ogg.npy,grywag
comkin1_XC529942.ogg.npy,comkin1
rufwoo2_XC292713.ogg.npy,rufwoo2
grewar3_XC416852.ogg.npy,grewar3
lirplo_XC565102.ogg.npy,lirplo
wemhar1_XC539731.ogg.npy,wemhar1
barswa_XC147393.ogg.npy,barswa
indrob1_XC303714.ogg.npy,indrob1
grywag_XC800036.ogg.npy,grywag
rorpar_XC292141.ogg.npy,rorpar
houspa_XC479870.ogg.npy,houspa
grnwar1_XC346211.ogg.npy,grnwar1
graher1_XC553783.ogg.npy,graher1
bkwsti_XC338285.ogg.npy,bkwsti
comgre_XC745854.ogg.npy,comgre
commoo3_XC791770.ogg.npy,commoo3
grtdro1_XC152815.ogg.npy,grtdro1
grnwar1_XC741919.ogg.npy,grnwar1
barswa_XC194688.ogg.npy,barswa
grnwar1_XC568009.ogg.npy,grnwar1
indrob1_XC355573.ogg.npy,indrob1
whiter2_XC815223.ogg.npy,whiter2
rorpar_XC402325.ogg.npy,rorpar
wemhar1_XC467665.ogg.npy,wemhar1
rewlap1_XC209222.ogg.npy,rewlap1
lewduc1_XC612007.ogg.npy,lewduc1
wemhar1_XC357371.ogg.npy,wemhar1
bkskit1_XC801406.ogg.npy,bkskit1
cohcuc1_XC328436.ogg.npy,cohcuc1
thbwar1_XC117085.ogg.npy,thbwar1
ruftre2_XC163876.ogg.npy,ruftre2
grewar3_XC293626.ogg.npy,grewar3
rorpar_XC209560.ogg.npy,rorpar
asikoe2_XC665212.ogg.npy,asikoe2
whtkin2_XC514824.ogg.npy,whtkin2
zitcis1_XC711693.ogg.npy,zitcis1
bkwsti_XC419885.ogg.npy,bkwsti
comgre_XC720295.ogg.npy,comgre
mawthr1_XC386439.ogg.npy,mawthr1
rewlap1_XC405316.ogg.npy,rewlap1
litegr_XC510565.ogg.npy,litegr
spepic1_XC613292.ogg.npy,spepic1
indrol2_XC442343.ogg.npy,indrol2
whiter2_XC692624.ogg.npy,whiter2
houcro1_XC443066.ogg.npy,houcro1
zitcis1_XC125875.ogg.npy,zitcis1
barswa_XC421348.ogg.npy,barswa
brwjac1_XC698143.ogg.npy,brwjac1
ashdro1_XC116335.ogg.npy,ashdro1
bkwsti_XC756081.ogg.npy,bkwsti
shikra1_XC454372.ogg.npy,shikra1
grefla1_XC406142.ogg.npy,grefla1
whtkin2_XC536343.ogg.npy,whtkin2
rewlap1_XC572651.ogg.npy,rewlap1
bkwsti_XC663209.ogg.npy,bkwsti
grenig1_XC430561.ogg.npy,grenig1
rewbul_XC779885.ogg.npy,rewbul
graher1_XC497248.ogg.npy,graher1
zitcis1_XC856723.ogg.npy,zitcis1
eaywag1_XC283863.ogg.npy,eaywag1
woosan_XC673073.ogg.npy,woosan
litgre1_XC617534.ogg.npy,litgre1
commoo3_XC707712.ogg.npy,commoo3
bcnher_XC433099.ogg.npy,bcnher
spodov_XC175220.ogg.npy,spodov
thbwar1_XC805623.ogg.npy,thbwar1
blakit1_XC657421.ogg.npy,blakit1
hoopoe_XC279096.ogg.npy,hoopoe
eurcoo_XC730489.ogg.npy,eurcoo
commoo3_XC784787.ogg.npy,commoo3
revbul_XC821067.ogg.npy,revbul
litgre1_XC706260.ogg.npy,litgre1
lirplo_XC484241.ogg.npy,lirplo
comior1_XC198426.ogg.npy,comior1
houspa_XC695474.ogg.npy,houspa
grywag_XC267571.ogg.npy,grywag
commoo3_XC544779.ogg.npy,commoo3
brnhao1_XC819730.ogg.npy,brnhao1
eurcoo_XC456246.ogg.npy,eurcoo
zitcis1_XC522179.ogg.npy,zitcis1
eucdov_XC128849.ogg.npy,eucdov
grewar3_XC560566.ogg.npy,grewar3
blrwar1_XC654565.ogg.npy,blrwar1
orihob2_XC556684.ogg.npy,orihob2
sqtbul1_XC209497.ogg.npy,sqtbul1
indrol2_XC604406.ogg.npy,indrol2
lirplo_XC430888.ogg.npy,lirplo
brnhao1_XC651691.ogg.npy,brnhao1
hoopoe_XC367872.ogg.npy,hoopoe
graher1_XC589266.ogg.npy,graher1
grecou1_XC571747.ogg.npy,grecou1
blrwar1_XC653804.ogg.npy,blrwar1
whtkin2_XC833597.ogg.npy,whtkin2
hoopoe_XC627443.ogg.npy,hoopoe
blrwar1_XC182596.ogg.npy,blrwar1
litegr_XC667451.ogg.npy,litegr
rerswa1_XC390250.ogg.npy,rerswa1
comtai1_XC802193.ogg.npy,comtai1
litgre1_XC484443.ogg.npy,litgre1
grenig1_XC295776.ogg.npy,grenig1
plaflo1_XC296443.ogg.npy,plaflo1
blhori1_XC125331.ogg.npy,blhori1
rocpig_XC622217.ogg.npy,rocpig
rerswa1_XC178394.ogg.npy,rerswa1
revbul_XC116834.ogg.npy,revbul
comgre_XC664531.ogg.npy,comgre
grewar3_XC792613.ogg.npy,grewar3
purswa3_XC701794.ogg.npy,purswa3
rocpig_XC126804.ogg.npy,rocpig
eaywag1_XC584192.ogg.npy,eaywag1
pursun4_XC336746.ogg.npy,pursun4
spodov_XC197100.ogg.npy,spodov
rorpar_XC541481.ogg.npy,rorpar
comsan_XC500677.ogg.npy,comsan
bcnher_XC568293.ogg.npy,bcnher
shikra1_XC610088.ogg.npy,shikra1
brnhao1_XC404183.ogg.npy,brnhao1
grecou1_XC195753.ogg.npy,grecou1
whiter2_XC446885.ogg.npy,whiter2
crseag1_XC781808.ogg.npy,crseag1
eaywag1_XC315975.ogg.npy,eaywag1
litgre1_XC638709.ogg.npy,litgre1
grtdro1_XC819483.ogg.npy,grtdro1
comgre_XC642074.ogg.npy,comgre
barfly1_XC856426.ogg.npy,barfly1
eaywag1_XC748902.ogg.npy,eaywag1
categr_XC139952.ogg.npy,categr
litgre1_XC381779.ogg.npy,litgre1
crseag1_XC415702.ogg.npy,crseag1
commyn_XC721477.ogg.npy,commyn
greegr_XC582204.ogg.npy,greegr
bcnher_XC705387.ogg.npy,bcnher
rorpar_XC175627.ogg.npy,rorpar
lirplo_XC185470.ogg.npy,lirplo
rewbul_XC210184.ogg.npy,rewbul
hoopoe_XC170881.ogg.npy,hoopoe
comgre_XC636834.ogg.npy,comgre
commyn_XC203343.ogg.npy,commyn
nutman_XC610753.ogg.npy,nutman
barswa_XC256543.ogg.npy,barswa
crseag1_XC243351.ogg.npy,crseag1
brwowl1_XC438803.ogg.npy,brwowl1
litegr_XC721867.ogg.npy,litegr
purher1_XC822805.ogg.npy,purher1
blnmon1_XC163897.ogg.npy,blnmon1
grywag_XC833019.ogg.npy,grywag
grbeat1_XC197753.ogg.npy,grbeat1
litegr_XC365093.ogg.npy,litegr
aspswi1_XC321524.ogg.npy,aspswi1
bkwsti_XC442333.ogg.npy,bkwsti
comros_XC804180.ogg.npy,comros
commoo3_XC539463.ogg.npy,commoo3
thbwar1_XC373546.ogg.npy,thbwar1
rorpar_XC831369.ogg.npy,rorpar
eaywag1_XC345889.ogg.npy,eaywag1
maltro1_XC644240.ogg.npy,maltro1
grefla1_XC619759.ogg.npy,grefla1
grywag_XC639354.ogg.npy,grywag
whbtre1_XC767246.ogg.npy,whbtre1
eaywag1_XC444028.ogg.npy,eaywag1
rorpar_XC780695.ogg.npy,rorpar
grewar3_XC180534.ogg.npy,grewar3
comros_XC568861.ogg.npy,comros
litegr_XC697848.ogg.npy,litegr
plhpar1_XC604410.ogg.npy,plhpar1
graher1_XC829348.ogg.npy,graher1
litegr_XC692965.ogg.npy,litegr
placuc3_XC572954.ogg.npy,placuc3
nutman_XC594275.ogg.npy,nutman
sohmyn1_XC654689.ogg.npy,sohmyn1
eucdov_XC541770.ogg.npy,eucdov
blrwar1_XC570489.ogg.npy,blrwar1
houspa_XC815109.ogg.npy,houspa
plaflo1_XC208918.ogg.npy,plaflo1
plhpar1_XC576593.ogg.npy,plhpar1
gyhcaf1_XC769352.ogg.npy,gyhcaf1
rewbul_XC595855.ogg.npy,rewbul
comros_XC484737.ogg.npy,comros
gyhcaf1_XC766449.ogg.npy,gyhcaf1
litegr_XC333954.ogg.npy,litegr
comkin1_XC277536.ogg.npy,comkin1
blrwar1_XC566805.ogg.npy,blrwar1
litgre1_XC772916.ogg.npy,litgre1
bwfshr1_XC239746.ogg.npy,bwfshr1
wemhar1_XC474018.ogg.npy,wemhar1
orihob2_XC643753.ogg.npy,orihob2
eurcoo_XC467829.ogg.npy,eurcoo
bcnher_XC577787.ogg.npy,bcnher
plapri1_XC711519.ogg.npy,plapri1
grnsan_XC670073.ogg.npy,grnsan
barswa_XC553706.ogg.npy,barswa
insbab1_XC294383.ogg.npy,insbab1
houspa_XC600668.ogg.npy,houspa
categr_XC315439.ogg.npy,categr
eaywag1_XC430899.ogg.npy,eaywag1
rossta2_XC482943.ogg.npy,rossta2
tibfly3_XC163867.ogg.npy,tibfly3
nutman_XC843415.ogg.npy,nutman
woosan_XC666317.ogg.npy,woosan
comgre_XC565296.ogg.npy,comgre
comkin1_XC710536.ogg.npy,comkin1
zitcis1_XC126356.ogg.npy,zitcis1
litgre1_XC445510.ogg.npy,litgre1
marsan_XC722947.ogg.npy,marsan
brodro1_XC207258.ogg.npy,brodro1
brwowl1_XC575193.ogg.npy,brwowl1
grtdro1_XC150641.ogg.npy,grtdro1
woosan_XC754173.ogg.npy,woosan
grewar3_XC372734.ogg.npy,grewar3
eurcoo_XC548415.ogg.npy,eurcoo
comkin1_XC598611.ogg.npy,comkin1
comsan_XC555291.ogg.npy,comsan
brnshr_XC588927.ogg.npy,brnshr
commoo3_XC586136.ogg.npy,commoo3
categr_XC514784.ogg.npy,categr
ruftre2_XC147283.ogg.npy,ruftre2
comkin1_XC511672.ogg.npy,comkin1
rocpig_XC829897.ogg.npy,rocpig
rossta2_XC145125.ogg.npy,rossta2
labcro1_XC163872.ogg.npy,labcro1
zitcis1_XC376645.ogg.npy,zitcis1
comfla1_XC150625.ogg.npy,comfla1
greegr_XC719807.ogg.npy,greegr
zitcis1_XC208074.ogg.npy,zitcis1
commyn_XC203349.ogg.npy,commyn
gyhcaf1_XC840215.ogg.npy,gyhcaf1
litgre1_XC629789.ogg.npy,litgre1
piekin1_XC515955.ogg.npy,piekin1
eurcoo_XC358929.ogg.npy,eurcoo
commoo3_XC621345.ogg.npy,commoo3
blhori1_XC116435.ogg.npy,blhori1
grnsan_XC27073.ogg.npy,grnsan
blnmon1_XC351464.ogg.npy,blnmon1
brnshr_XC267580.ogg.npy,brnshr
graher1_XC700721.ogg.npy,graher1
houspa_XC263216.ogg.npy,houspa
piebus1_XC425926.ogg.npy,piebus1
categr_XC713098.ogg.npy,categr
houcro1_XC447036.ogg.npy,houcro1
lirplo_XC732692.ogg.npy,lirplo
lirplo_XC702694.ogg.npy,lirplo
woosan_XC471756.ogg.npy,woosan
grecou1_XC196744.ogg.npy,grecou1
bkwsti_XC721948.ogg.npy,bkwsti
eaywag1_XC675942.ogg.npy,eaywag1
pabflo1_XC346123.ogg.npy,pabflo1
grywag_XC149880.ogg.npy,grywag
grehor1_XC819735.ogg.npy,grehor1
spodov_XC203259.ogg.npy,spodov
barswa_XC188601.ogg.npy,barswa
laudov1_XC410269.ogg.npy,laudov1
grnwar1_XC568287.ogg.npy,grnwar1
houspa_XC380908.ogg.npy,houspa
zitcis1_XC658039.ogg.npy,zitcis1
categr_XC844711.ogg.npy,categr
grnsan_XC838914.ogg.npy,grnsan
grywag_XC767548.ogg.npy,grywag
comsan_XC582935.ogg.npy,comsan
barswa_XC134349.ogg.npy,barswa
nutman_XC573344.ogg.npy,nutman
comros_XC457677.ogg.npy,comros
eucdov_XC665069.ogg.npy,eucdov
comior1_XC236320.ogg.npy,comior1
revbul_XC428402.ogg.npy,revbul
eaywag1_XC765256.ogg.npy,eaywag1
piekin1_XC855531.ogg.npy,piekin1
comsan_XC797067.ogg.npy,comsan
woosan_XC800004.ogg.npy,woosan
houspa_XC451333.ogg.npy,houspa
rewlap1_XC510665.ogg.npy,rewlap1
barswa_XC418145.ogg.npy,barswa
blakit1_XC653989.ogg.npy,blakit1
rewlap1_XC74221.ogg.npy,rewlap1
comsan_XC551282.ogg.npy,comsan
compea_XC196740.ogg.npy,compea
blrwar1_XC422335.ogg.npy,blrwar1
eurcoo_XC796708.ogg.npy,eurcoo
bkwsti_XC718467.ogg.npy,bkwsti
grecou1_XC163843.ogg.npy,grecou1
gryfra_XC375728.ogg.npy,gryfra
asikoe2_XC371890.ogg.npy,asikoe2
jerbus2_XC444685.ogg.npy,jerbus2
insbab1_XC366261.ogg.npy,insbab1
eaywag1_XC773612.ogg.npy,eaywag1
woosan_XC486250.ogg.npy,woosan
grefla1_XC820703.ogg.npy,grefla1
comros_XC579077.ogg.npy,comros
rorpar_XC351295.ogg.npy,rorpar
comtai1_XC820690.ogg.npy,comtai1
woosan_XC544663.ogg.npy,woosan
kenplo1_XC568336.ogg.npy,kenplo1
greegr_XC130689.ogg.npy,greegr
hoopoe_XC293484.ogg.npy,hoopoe
barswa_XC146746.ogg.npy,barswa
brodro1_XC509688.ogg.npy,brodro1
bkwsti_XC481403.ogg.npy,bkwsti
litswi1_XC315558.ogg.npy,litswi1
grnsan_XC412521.ogg.npy,grnsan
houspa_XC559091.ogg.npy,houspa
brodro1_XC504516.ogg.npy,brodro1
wemhar1_XC411295.ogg.npy,wemhar1
bcnher_XC604346.ogg.npy,bcnher
stbkin1_XC295783.ogg.npy,stbkin1
hoopoe_XC462754.ogg.npy,hoopoe
houcro1_XC826276.ogg.npy,houcro1
lirplo_XC542564.ogg.npy,lirplo
blakit1_XC489015.ogg.npy,blakit1
grefla1_XC443907.ogg.npy,grefla1
grbeat1_XC343646.ogg.npy,grbeat1
tibfly3_XC401193.ogg.npy,tibfly3
grnwar1_XC514750.ogg.npy,grnwar1
lesyel1_XC209621.ogg.npy,lesyel1
hoopoe_XC827773.ogg.npy,hoopoe
comior1_XC445755.ogg.npy,comior1
litgre1_XC790887.ogg.npy,litgre1
rewlap1_XC483703.ogg.npy,rewlap1
commoo3_XC545132.ogg.npy,commoo3
ashpri1_XC442336.ogg.npy,ashpri1
nutman_XC596955.ogg.npy,nutman
zitcis1_XC179033.ogg.npy,zitcis1
crseag1_XC781788.ogg.npy,crseag1
zitcis1_XC337544.ogg.npy,zitcis1
comros_XC751003.ogg.npy,comros
commoo3_XC552008.ogg.npy,commoo3
rewlap1_XC215866.ogg.npy,rewlap1
insbab1_XC157872.ogg.npy,insbab1
plapri1_XC398581.ogg.npy,plapri1
litegr_XC577779.ogg.npy,litegr
gargan_XC219387.ogg.npy,gargan
grecou1_XC451921.ogg.npy,grecou1
putbab1_XC845716.ogg.npy,putbab1
comkin1_XC247880.ogg.npy,comkin1
laudov1_XC789406.ogg.npy,laudov1
graher1_XC778287.ogg.npy,graher1
comtai1_XC639713.ogg.npy,comtai1
eurcoo_XC540154.ogg.npy,eurcoo
comtai1_XC660402.ogg.npy,comtai1
grewar3_XC179206.ogg.npy,grewar3
litegr_XC508248.ogg.npy,litegr
blnmon1_XC151378.ogg.npy,blnmon1
whtkin2_XC574612.ogg.npy,whtkin2
blnmon1_XC660934.ogg.npy,blnmon1
rerswa1_XC800475.ogg.npy,rerswa1
kenplo1_XC185273.ogg.npy,kenplo1
whbwoo2_XC150877.ogg.npy,whbwoo2
bkwsti_XC631633.ogg.npy,bkwsti
bcnher_XC658124.ogg.npy,bcnher
blnmon1_XC151376.ogg.npy,blnmon1
rorpar_XC784680.ogg.npy,rorpar
crseag1_XC639441.ogg.npy,crseag1
bkwsti_XC719593.ogg.npy,bkwsti
comsan_XC666071.ogg.npy,comsan
grtdro1_XC562529.ogg.npy,grtdro1
aspswi1_XC696745.ogg.npy,aspswi1
barswa_XC361219.ogg.npy,barswa
comsan_XC798224.ogg.npy,comsan
zitcis1_XC251946.ogg.npy,zitcis1
grenig1_XC612187.ogg.npy,grenig1
lirplo_XC490393.ogg.npy,lirplo
blnmon1_XC623264.ogg.npy,blnmon1
asikoe2_XC646644.ogg.npy,asikoe2
grnwar1_XC208785.ogg.npy,grnwar1
comgre_XC189039.ogg.npy,comgre
brnshr_XC399284.ogg.npy,brnshr
eucdov_XC481106.ogg.npy,eucdov
litgre1_XC538074.ogg.npy,litgre1
brnhao1_XC823509.ogg.npy,brnhao1
bcnher_XC799310.ogg.npy,bcnher
gloibi_XC833173.ogg.npy,gloibi
ingori1_XC155375.ogg.npy,ingori1
spodov_XC240369.ogg.npy,spodov
litegr_XC858034.ogg.npy,litegr
comros_XC657070.ogg.npy,comros
putbab1_XC185963.ogg.npy,putbab1
grnwar1_XC296447.ogg.npy,grnwar1
blrwar1_XC805882.ogg.npy,blrwar1
comros_XC485295.ogg.npy,comros
comros_XC735435.ogg.npy,comros
commoo3_XC628562.ogg.npy,commoo3
revbul_XC686236.ogg.npy,revbul
comgre_XC666307.ogg.npy,comgre
grenig1_XC490558.ogg.npy,grenig1
bkwsti_XC543213.ogg.npy,bkwsti
blrwar1_XC566125.ogg.npy,blrwar1
houspa_XC526399.ogg.npy,houspa
copbar1_XC142912.ogg.npy,copbar1
hoopoe_XC722560.ogg.npy,hoopoe
marsan_XC225363.ogg.npy,marsan
gyhcaf1_XC701625.ogg.npy,gyhcaf1
purher1_XC664675.ogg.npy,purher1
labcro1_XC577873.ogg.npy,labcro1
whrmun_XC853724.ogg.npy,whrmun
hoopoe_XC570613.ogg.npy,hoopoe
oripip1_XC303830.ogg.npy,oripip1
ingori1_XC185496.ogg.npy,ingori1
stbkin1_XC263808.ogg.npy,stbkin1
pursun4_XC857501.ogg.npy,pursun4
graher1_XC750125.ogg.npy,graher1
kenplo1_XC333821.ogg.npy,kenplo1
greegr_XC412524.ogg.npy,greegr
commoo3_XC553760.ogg.npy,commoo3
whbwag1_XC570430.ogg.npy,whbwag1
indrob1_XC575120.ogg.npy,indrob1
grnsan_XC209221.ogg.npy,grnsan
grewar3_XC482587.ogg.npy,grewar3
barswa_XC458231.ogg.npy,barswa
grywag_XC615414.ogg.npy,grywag
litegr_XC576988.ogg.npy,litegr
piekin1_XC615863.ogg.npy,piekin1
whiter2_XC594890.ogg.npy,whiter2
bkrfla1_XC453733.ogg.npy,bkrfla1
graher1_XC261382.ogg.npy,graher1
whrmun_XC711703.ogg.npy,whrmun
eaywag1_XC798274.ogg.npy,eaywag1
brwowl1_XC179449.ogg.npy,brwowl1
bladro1_XC336964.ogg.npy,bladro1
whtkin2_XC698981.ogg.npy,whtkin2
categr_XC369827.ogg.npy,categr
grewar3_XC808800.ogg.npy,grewar3
eucdov_XC285108.ogg.npy,eucdov
litgre1_XC543914.ogg.npy,litgre1
lirplo_XC773569.ogg.npy,lirplo
purher1_XC743466.ogg.npy,purher1
eaywag1_XC600588.ogg.npy,eaywag1
blhori1_XC124195.ogg.npy,blhori1
brwowl1_XC637206.ogg.npy,brwowl1
comsan_XC397386.ogg.npy,comsan
eucdov_XC747497.ogg.npy,eucdov
litegr_XC333867.ogg.npy,litegr
whrmun_XC391991.ogg.npy,whrmun
whbwat1_XC539778.ogg.npy,whbwat1
ashpri1_XC331544.ogg.npy,ashpri1
litegr_XC614656.ogg.npy,litegr
woosan_XC641451.ogg.npy,woosan
houcro1_XC31544.ogg.npy,houcro1
hoopoe_XC633570.ogg.npy,hoopoe
copbar1_XC453719.ogg.npy,copbar1
blhori1_XC417787.ogg.npy,blhori1
jerbus2_XC388042.ogg.npy,jerbus2
kenplo1_XC778057.ogg.npy,kenplo1
eucdov_XC777782.ogg.npy,eucdov
indpit1_XC318815.ogg.npy,indpit1
litegr_XC411010.ogg.npy,litegr
hoopoe_XC461841.ogg.npy,hoopoe
labcro1_XC606947.ogg.npy,labcro1
commyn_XC146924.ogg.npy,commyn
comgre_XC686489.ogg.npy,comgre
litgre1_XC720561.ogg.npy,litgre1
bkwsti_XC789681.ogg.npy,bkwsti
stbkin1_XC578916.ogg.npy,stbkin1
grnsan_XC774711.ogg.npy,grnsan
comros_XC190164.ogg.npy,comros
bkskit1_XC445588.ogg.npy,bkskit1
blnmon1_XC799470.ogg.npy,blnmon1
whtkin2_XC304181.ogg.npy,whtkin2
spoowl1_XC778798.ogg.npy,spoowl1
houspa_XC140824.ogg.npy,houspa
blrwar1_XC477711.ogg.npy,blrwar1
grnsan_XC638426.ogg.npy,grnsan
grnwar1_XC464130.ogg.npy,grnwar1
grtdro1_XC575540.ogg.npy,grtdro1
greegr_XC307187.ogg.npy,greegr
comkin1_XC361636.ogg.npy,comkin1
purher1_XC746048.ogg.npy,purher1
comsan_XC675776.ogg.npy,comsan
litgre1_XC746361.ogg.npy,litgre1
stbkin1_XC773156.ogg.npy,stbkin1
rorpar_XC561984.ogg.npy,rorpar
comros_XC485174.ogg.npy,comros
blrwar1_XC660164.ogg.npy,blrwar1
lirplo_XC545164.ogg.npy,lirplo
eurcoo_XC761056.ogg.npy,eurcoo
litswi1_XC574605.ogg.npy,litswi1
oripip1_XC802196.ogg.npy,oripip1
blrwar1_XC659137.ogg.npy,blrwar1
graher1_XC692945.ogg.npy,graher1
ashpri1_XC116340.ogg.npy,ashpri1
crbsun2_XC604030.ogg.npy,crbsun2
crfbar1_XC615780.ogg.npy,crfbar1
rorpar_XC600866.ogg.npy,rorpar
grecou1_XC461220.ogg.npy,grecou1
grywag_XC506554.ogg.npy,grywag
whiter2_XC665180.ogg.npy,whiter2
lirplo_XC379812.ogg.npy,lirplo
laudov1_XC432846.ogg.npy,laudov1
commoo3_XC687010.ogg.npy,commoo3
ashpri1_XC399445.ogg.npy,ashpri1
comtai1_XC788137.ogg.npy,comtai1
graher1_XC139810.ogg.npy,graher1
brcful1_XC816788.ogg.npy,brcful1
eaywag1_XC663175.ogg.npy,eaywag1
purher1_XC631067.ogg.npy,purher1
comkin1_XC598008.ogg.npy,comkin1
blnmon1_XC632296.ogg.npy,blnmon1
grewar3_XC249128.ogg.npy,grewar3
commyn_XC643677.ogg.npy,commyn
rerswa1_XC310320.ogg.npy,rerswa1
plhpar1_XC604408.ogg.npy,plhpar1
whiter2_XC406091.ogg.npy,whiter2
brwowl1_XC575202.ogg.npy,brwowl1
blakit1_XC764987.ogg.npy,blakit1
litgre1_XC597730.ogg.npy,litgre1
grtdro1_XC362757.ogg.npy,grtdro1
zitcis1_XC341129.ogg.npy,zitcis1
grecou1_XC239404.ogg.npy,grecou1
marsan_XC733180.ogg.npy,marsan
rufwoo2_XC620102.ogg.npy,rufwoo2
blrwar1_XC180071.ogg.npy,blrwar1
eurcoo_XC632331.ogg.npy,eurcoo
kenplo1_XC366752.ogg.npy,kenplo1
asikoe2_XC575566.ogg.npy,asikoe2
comgre_XC831319.ogg.npy,comgre
grtdro1_XC575539.ogg.npy,grtdro1
lirplo_XC795375.ogg.npy,lirplo
brnhao1_XC400391.ogg.npy,brnhao1
lirplo_XC669007.ogg.npy,lirplo
bkrfla1_XC644026.ogg.npy,bkrfla1
litswi1_XC177660.ogg.npy,litswi1
comkin1_XC253277.ogg.npy,comkin1
litgre1_XC790791.ogg.npy,litgre1
rewlap1_XC844124.ogg.npy,rewlap1
pursun3_XC279622.ogg.npy,pursun3
grywag_XC805140.ogg.npy,grywag
litegr_XC581185.ogg.npy,litegr
wemhar1_XC331375.ogg.npy,wemhar1
comtai1_XC823424.ogg.npy,comtai1
bkskit1_XC353812.ogg.npy,bkskit1
graher1_XC461755.ogg.npy,graher1
brnshr_XC504032.ogg.npy,brnshr
ruftre2_XC399356.ogg.npy,ruftre2
grywag_XC263232.ogg.npy,grywag
commoo3_XC571380.ogg.npy,commoo3
eurcoo_XC608167.ogg.npy,eurcoo
kenplo1_XC840339.ogg.npy,kenplo1
litgre1_XC637924.ogg.npy,litgre1
houcro1_XC163858.ogg.npy,houcro1
litgre1_XC420422.ogg.npy,litgre1
hoopoe_XC522078.ogg.npy,hoopoe
houspa_XC650350.ogg.npy,houspa
ashpri1_XC453353.ogg.npy,ashpri1
bcnher_XC817622.ogg.npy,bcnher
purswa3_XC775452.ogg.npy,purswa3
rewlap1_XC208798.ogg.npy,rewlap1
grewar3_XC681734.ogg.npy,grewar3
comtai1_XC825545.ogg.npy,comtai1
comsan_XC526483.ogg.npy,comsan
gybpri1_XC608343.ogg.npy,gybpri1
eucdov_XC387279.ogg.npy,eucdov
cregos1_XC704441.ogg.npy,cregos1
blakit1_XC740480.ogg.npy,blakit1
rocpig_XC572540.ogg.npy,rocpig
forwag1_XC779888.ogg.npy,forwag1
ruftre2_XC379639.ogg.npy,ruftre2
kenplo1_XC489425.ogg.npy,kenplo1
eaywag1_XC334153.ogg.npy,eaywag1
grecou1_XC684730.ogg.npy,grecou1
houspa_XC297280.ogg.npy,houspa
eucdov_XC586542.ogg.npy,eucdov
grnwar1_XC741931.ogg.npy,grnwar1
whrmun_XC537856.ogg.npy,whrmun
whbwat1_XC797495.ogg.npy,whbwat1
bwfshr1_XC303961.ogg.npy,bwfshr1
litegr_XC787678.ogg.npy,litegr
plapri1_XC714778.ogg.npy,plapri1
brcful1_XC639229.ogg.npy,brcful1
bkwsti_XC545495.ogg.npy,bkwsti
eurcoo_XC477282.ogg.npy,eurcoo
barswa_XC376773.ogg.npy,barswa
eurbla2_XC270480.ogg.npy,eurbla2
litspi1_XC724462.ogg.npy,litspi1
commyn_XC208163.ogg.npy,commyn
plapri1_XC400496.ogg.npy,plapri1
grnsan_XC142902.ogg.npy,grnsan
barswa_XC557514.ogg.npy,barswa
eaywag1_XC359150.ogg.npy,eaywag1
eaywag1_XC695502.ogg.npy,eaywag1
grnsan_XC548641.ogg.npy,grnsan
bncwoo3_XC620471.ogg.npy,bncwoo3
wemhar1_XC556115.ogg.npy,wemhar1
comtai1_XC643667.ogg.npy,comtai1
crseag1_XC683310.ogg.npy,crseag1
pursun4_XC685137.ogg.npy,pursun4
blakit1_XC178908.ogg.npy,blakit1
grecou1_XC764537.ogg.npy,grecou1
bcnher_XC582943.ogg.npy,bcnher
grewar3_XC247656.ogg.npy,grewar3
zitcis1_XC172200.ogg.npy,zitcis1
comtai1_XC133729.ogg.npy,comtai1
gloibi_XC789670.ogg.npy,gloibi
lirplo_XC672476.ogg.npy,lirplo
asikoe2_XC723011.ogg.npy,asikoe2
commoo3_XC808519.ogg.npy,commoo3
brodro1_XC782949.ogg.npy,brodro1
eurcoo_XC543183.ogg.npy,eurcoo
commyn_XC528936.ogg.npy,commyn
commoo3_XC567627.ogg.npy,commoo3
laudov1_XC626802.ogg.npy,laudov1
commoo3_XC562032.ogg.npy,commoo3
eurcoo_XC448709.ogg.npy,eurcoo
houspa_XC669692.ogg.npy,houspa
rorpar_XC201705.ogg.npy,rorpar
compea_XC362939.ogg.npy,compea
gloibi_XC263288.ogg.npy,gloibi
comgre_XC142800.ogg.npy,comgre
piekin1_XC548741.ogg.npy,piekin1
bcnher_XC466177.ogg.npy,bcnher
grecou1_XC210459.ogg.npy,grecou1
copbar1_XC574972.ogg.npy,copbar1
litegr_XC365481.ogg.npy,litegr
gybpri1_XC572628.ogg.npy,gybpri1
graher1_XC844555.ogg.npy,graher1
commoo3_XC709200.ogg.npy,commoo3
comgre_XC551681.ogg.npy,comgre
comsan_XC644516.ogg.npy,comsan
eaywag1_XC145074.ogg.npy,eaywag1
bcnher_XC671636.ogg.npy,bcnher
gargan_XC827733.ogg.npy,gargan
comkin1_XC750660.ogg.npy,comkin1
comkin1_XC757948.ogg.npy,comkin1
blrwar1_XC270114.ogg.npy,blrwar1
commoo3_XC545397.ogg.npy,commoo3
grywag_XC432475.ogg.npy,grywag
grywag_XC732101.ogg.npy,grywag
blrwar1_XC319596.ogg.npy,blrwar1
purswa3_XC196261.ogg.npy,purswa3
eaywag1_XC480691.ogg.npy,eaywag1
greegr_XC116545.ogg.npy,greegr
comior1_XC268429.ogg.npy,comior1
eaywag1_XC471744.ogg.npy,eaywag1
blrwar1_XC731542.ogg.npy,blrwar1
litgre1_XC573644.ogg.npy,litgre1
categr_XC304256.ogg.npy,categr
grecou1_XC402046.ogg.npy,grecou1
indtit1_XC497092.ogg.npy,indtit1
kenplo1_XC341213.ogg.npy,kenplo1
greegr_XC515816.ogg.npy,greegr
laudov1_XC405375.ogg.npy,laudov1
commoo3_XC553973.ogg.npy,commoo3
pursun4_XC74152.ogg.npy,pursun4
commoo3_XC764957.ogg.npy,commoo3
stbkin1_XC715376.ogg.npy,stbkin1
comros_XC484190.ogg.npy,comros
stbkin1_XC240372.ogg.npy,stbkin1
comkin1_XC598005.ogg.npy,comkin1
litgre1_XC589782.ogg.npy,litgre1
blakit1_XC146445.ogg.npy,blakit1
litgre1_XC638691.ogg.npy,litgre1
barswa_XC784883.ogg.npy,barswa
tibfly3_XC212326.ogg.npy,tibfly3
grefla1_XC295723.ogg.npy,grefla1
bcnher_XC450985.ogg.npy,bcnher
houspa_XC345970.ogg.npy,houspa
comsan_XC636687.ogg.npy,comsan
grnsan_XC692345.ogg.npy,grnsan
commoo3_XC776233.ogg.npy,commoo3
putbab1_XC465686.ogg.npy,putbab1
eurcoo_XC496861.ogg.npy,eurcoo
commyn_XC729094.ogg.npy,commyn
gargan_XC642509.ogg.npy,gargan
greegr_XC147337.ogg.npy,greegr
eurcoo_XC629650.ogg.npy,eurcoo
grtdro1_XC603874.ogg.npy,grtdro1
indtit1_XC209048.ogg.npy,indtit1
comior1_XC668632.ogg.npy,comior1
sohmyn1_XC464129.ogg.npy,sohmyn1
bwfshr1_XC171251.ogg.npy,bwfshr1
hoopoe_XC397154.ogg.npy,hoopoe
bcnher_XC464755.ogg.npy,bcnher
zitcis1_XC585417.ogg.npy,zitcis1
graher1_XC570618.ogg.npy,graher1
rewbul_XC304898.ogg.npy,rewbul
hoopoe_XC551357.ogg.npy,hoopoe
graher1_XC713294.ogg.npy,graher1
litgre1_XC493088.ogg.npy,litgre1
grywag_XC655063.ogg.npy,grywag
brnhao1_XC561778.ogg.npy,brnhao1
asikoe2_XC545738.ogg.npy,asikoe2
pursun4_XC453304.ogg.npy,pursun4
woosan_XC424655.ogg.npy,woosan
piekin1_XC392127.ogg.npy,piekin1
whbwat1_XC764946.ogg.npy,whbwat1
hoopoe_XC181659.ogg.npy,hoopoe
gyhcaf1_XC20216.ogg.npy,gyhcaf1
brnshr_XC329964.ogg.npy,brnshr
gybpri1_XC802726.ogg.npy,gybpri1
gargan_XC190734.ogg.npy,gargan
blhori1_XC628389.ogg.npy,blhori1
piekin1_XC213967.ogg.npy,piekin1
commoo3_XC787679.ogg.npy,commoo3
hoopoe_XC631304.ogg.npy,hoopoe
eucdov_XC760696.ogg.npy,eucdov
gybpri1_XC467427.ogg.npy,gybpri1
woosan_XC488070.ogg.npy,woosan
bkskit1_XC350370.ogg.npy,bkskit1
oripip1_XC618393.ogg.npy,oripip1
eaywag1_XC799973.ogg.npy,eaywag1
bcnher_XC277051.ogg.npy,bcnher
litegr_XC697845.ogg.npy,litegr
crseag1_XC211029.ogg.npy,crseag1
zitcis1_XC748245.ogg.npy,zitcis1
gyhcaf1_XC464790.ogg.npy,gyhcaf1
whrmun_XC112562.ogg.npy,whrmun
grnsan_XC742911.ogg.npy,grnsan
brwowl1_XC482241.ogg.npy,brwowl1
grnwar1_XC135004.ogg.npy,grnwar1
commoo3_XC635789.ogg.npy,commoo3
hoopoe_XC804372.ogg.npy,hoopoe
spodov_XC401213.ogg.npy,spodov
hoopoe_XC789272.ogg.npy,hoopoe
bcnher_XC128813.ogg.npy,bcnher
comsan_XC686405.ogg.npy,comsan
gyhcaf1_XC756605.ogg.npy,gyhcaf1
litegr_XC768916.ogg.npy,litegr
asikoe2_XC756440.ogg.npy,asikoe2
lblwar1_XC267145.ogg.npy,lblwar1
eurcoo_XC844237.ogg.npy,eurcoo
blrwar1_XC145208.ogg.npy,blrwar1
bkskit1_XC361605.ogg.npy,bkskit1
barswa_XC492313.ogg.npy,barswa
grehor1_XC747013.ogg.npy,grehor1
brnhao1_XC624608.ogg.npy,brnhao1
grywag_XC185672.ogg.npy,grywag
inbrob1_XC457479.ogg.npy,inbrob1
litgre1_XC568130.ogg.npy,litgre1
ashpri1_XC754292.ogg.npy,ashpri1
litgre1_XC605091.ogg.npy,litgre1
comros_XC185060.ogg.npy,comros
litspi1_XC150859.ogg.npy,litspi1
bcnher_XC823372.ogg.npy,bcnher
comgre_XC508085.ogg.npy,comgre
bkwsti_XC585565.ogg.npy,bkwsti
gloibi_XC632945.ogg.npy,gloibi
blakit1_XC129824.ogg.npy,blakit1
houspa_XC436303.ogg.npy,houspa
eucdov_XC745155.ogg.npy,eucdov
commoo3_XC796579.ogg.npy,commoo3
comkin1_XC466431.ogg.npy,comkin1
litspi1_XC674522.ogg.npy,litspi1
bkcbul1_XC619724.ogg.npy,bkcbul1
blakit1_XC270447.ogg.npy,blakit1
comsan_XC411021.ogg.npy,comsan
comtai1_XC674522.ogg.npy,comtai1
gryfra_XC619357.ogg.npy,gryfra
bkskit1_XC825835.ogg.npy,bkskit1
grnsan_XC670853.ogg.npy,grnsan
goflea1_XC741502.ogg.npy,goflea1
whiter2_XC590594.ogg.npy,whiter2
inbrob1_XC768717.ogg.npy,inbrob1
bkwsti_XC301626.ogg.npy,bkwsti
putbab1_XC595425.ogg.npy,putbab1
asikoe2_XC297676.ogg.npy,asikoe2
hoopoe_XC320136.ogg.npy,hoopoe
grewar3_XC190195.ogg.npy,grewar3
bladro1_XC330303.ogg.npy,bladro1
ashdro1_XC651728.ogg.npy,ashdro1
barswa_XC468712.ogg.npy,barswa
commoo3_XC560225.ogg.npy,commoo3
comros_XC211623.ogg.npy,comros
plapri1_XC834651.ogg.npy,plapri1
litegr_XC629534.ogg.npy,litegr
barswa_XC821504.ogg.npy,barswa
ashwoo2_XC624611.ogg.npy,ashwoo2
comsan_XC644621.ogg.npy,comsan
comkin1_XC470769.ogg.npy,comkin1
eucdov_XC718173.ogg.npy,eucdov
spodov_XC293596.ogg.npy,spodov
rewbul_XC304459.ogg.npy,rewbul
piekin1_XC781776.ogg.npy,piekin1
plapri1_XC746991.ogg.npy,plapri1
grewar3_XC132434.ogg.npy,grewar3
pabflo1_XC777755.ogg.npy,pabflo1
blhori1_XC403967.ogg.npy,blhori1
eaywag1_XC761640.ogg.npy,eaywag1
purher1_XC729813.ogg.npy,purher1
brnhao1_XC317398.ogg.npy,brnhao1
wemhar1_XC132157.ogg.npy,wemhar1
tibfly3_XC207747.ogg.npy,tibfly3
cohcuc1_XC174932.ogg.npy,cohcuc1
shikra1_XC185037.ogg.npy,shikra1
plapri1_XC834662.ogg.npy,plapri1
hoopoe_XC327766.ogg.npy,hoopoe
grewar3_XC567449.ogg.npy,grewar3
litgre1_XC720589.ogg.npy,litgre1
whbwat1_XC519741.ogg.npy,whbwat1
spodov_XC756522.ogg.npy,spodov
asikoe2_XC459285.ogg.npy,asikoe2
comtai1_XC788769.ogg.npy,comtai1
hoopoe_XC642810.ogg.npy,hoopoe
crseag1_XC539100.ogg.npy,crseag1
malwoo1_XC342687.ogg.npy,malwoo1
zitcis1_XC574113.ogg.npy,zitcis1
greegr_XC116013.ogg.npy,greegr
spodov_XC364383.ogg.npy,spodov
grejun2_XC507437.ogg.npy,grejun2
kenplo1_XC666732.ogg.npy,kenplo1
vefnut1_XC31585.ogg.npy,vefnut1
comgre_XC777443.ogg.npy,comgre
grtdro1_XC776598.ogg.npy,grtdro1
rufbab3_XC777664.ogg.npy,rufbab3
comtai1_XC787661.ogg.npy,comtai1
comkin1_XC757430.ogg.npy,comkin1
gargan_XC131242.ogg.npy,gargan
greegr_XC58490.ogg.npy,greegr
whbwat1_XC207874.ogg.npy,whbwat1
greegr_XC253851.ogg.npy,greegr
comkin1_XC142122.ogg.npy,comkin1
categr_XC769887.ogg.npy,categr
hoopoe_XC153911.ogg.npy,hoopoe
plapri1_XC143277.ogg.npy,plapri1
gyhcaf1_XC491047.ogg.npy,gyhcaf1
eaywag1_XC494940.ogg.npy,eaywag1
comkin1_XC288689.ogg.npy,comkin1
barswa_XC669763.ogg.npy,barswa
bcnher_XC644598.ogg.npy,bcnher
categr_XC713110.ogg.npy,categr
cregos1_XC723475.ogg.npy,cregos1
whbwat1_XC371802.ogg.npy,whbwat1
maltro1_XC317373.ogg.npy,maltro1
eaywag1_XC681324.ogg.npy,eaywag1
commyn_XC363402.ogg.npy,commyn
comkin1_XC511666.ogg.npy,comkin1
eurcoo_XC787718.ogg.npy,eurcoo
labcro1_XC530533.ogg.npy,labcro1
blnmon1_XC464124.ogg.npy,blnmon1
copbar1_XC451180.ogg.npy,copbar1
bkcbul1_XC190871.ogg.npy,bkcbul1
bkwsti_XC144879.ogg.npy,bkwsti
litgre1_XC721457.ogg.npy,litgre1
grywag_XC564937.ogg.npy,grywag
barswa_XC361748.ogg.npy,barswa
zitcis1_XC459013.ogg.npy,zitcis1
eaywag1_XC616907.ogg.npy,eaywag1
litgre1_XC857934.ogg.npy,litgre1
comros_XC184589.ogg.npy,comros
houspa_XC178337.ogg.npy,houspa
grywag_XC432289.ogg.npy,grywag
copbar1_XC683313.ogg.npy,copbar1
barswa_XC457793.ogg.npy,barswa
revbul_XC790394.ogg.npy,revbul
rocpig_XC257592.ogg.npy,rocpig
rorpar_XC506680.ogg.npy,rorpar
whiter2_XC789676.ogg.npy,whiter2
houcro1_XC687323.ogg.npy,houcro1
whiter2_XC761891.ogg.npy,whiter2
lesyel1_XC21780.ogg.npy,lesyel1
grywag_XC798209.ogg.npy,grywag
barswa_XC770373.ogg.npy,barswa
comsan_XC142817.ogg.npy,comsan
ashpri1_XC239261.ogg.npy,ashpri1
woosan_XC725188.ogg.npy,woosan
bkrfla1_XC469352.ogg.npy,bkrfla1
tibfly3_XC578344.ogg.npy,tibfly3
eaywag1_XC743305.ogg.npy,eaywag1
purswa3_XC684691.ogg.npy,purswa3
comtai1_XC497495.ogg.npy,comtai1
greegr_XC455650.ogg.npy,greegr
rewlap1_XC124407.ogg.npy,rewlap1
whbwat1_XC818183.ogg.npy,whbwat1
comgre_XC692931.ogg.npy,comgre
whiter2_XC328386.ogg.npy,whiter2
comsan_XC583746.ogg.npy,comsan
cregos1_XC790418.ogg.npy,cregos1
commoo3_XC802910.ogg.npy,commoo3
houspa_XC830449.ogg.npy,houspa
asikoe2_XC735667.ogg.npy,asikoe2
whiter2_XC624779.ogg.npy,whiter2
barswa_XC582626.ogg.npy,barswa
whtkin2_XC189123.ogg.npy,whtkin2
commoo3_XC696568.ogg.npy,commoo3
eucdov_XC266686.ogg.npy,eucdov
litgre1_XC606701.ogg.npy,litgre1
litspi1_XC775132.ogg.npy,litspi1
houspa_XC306629.ogg.npy,houspa
marsan_XC138804.ogg.npy,marsan
labcro1_XC841865.ogg.npy,labcro1
whbwat1_XC579437.ogg.npy,whbwat1
spepic1_XC348335.ogg.npy,spepic1
lesyel1_XC321738.ogg.npy,lesyel1
blakit1_XC462026.ogg.npy,blakit1
ashpri1_XC487515.ogg.npy,ashpri1
comros_XC845029.ogg.npy,comros
whcbar1_XC295483.ogg.npy,whcbar1
piekin1_XC138412.ogg.npy,piekin1
blnmon1_XC330163.ogg.npy,blnmon1
comros_XC568935.ogg.npy,comros
spoowl1_XC424129.ogg.npy,spoowl1
yebbab1_XC207876.ogg.npy,yebbab1
commoo3_XC570106.ogg.npy,commoo3
blnmon1_XC330164.ogg.npy,blnmon1
purher1_XC596896.ogg.npy,purher1
litgre1_XC731894.ogg.npy,litgre1
ashpri1_XC322644.ogg.npy,ashpri1
asikoe2_XC578352.ogg.npy,asikoe2
rerswa1_XC331732.ogg.npy,rerswa1
houspa_XC326991.ogg.npy,houspa
placuc3_XC659325.ogg.npy,placuc3
eucdov_XC624862.ogg.npy,eucdov
eucdov_XC179269.ogg.npy,eucdov
greegr_XC161274.ogg.npy,greegr
comros_XC145107.ogg.npy,comros
zitcis1_XC777917.ogg.npy,zitcis1
plapri1_XC432061.ogg.npy,plapri1
litgre1_XC624657.ogg.npy,litgre1
kenplo1_XC330210.ogg.npy,kenplo1
kenplo1_XC666753.ogg.npy,kenplo1
gloibi_XC756068.ogg.npy,gloibi
purher1_XC715194.ogg.npy,purher1
hoopoe_XC318437.ogg.npy,hoopoe
zitcis1_XC745429.ogg.npy,zitcis1
bcnher_XC655739.ogg.npy,bcnher
graher1_XC824429.ogg.npy,graher1
zitcis1_XC687967.ogg.npy,zitcis1
emedov2_XC307395.ogg.npy,emedov2
eucdov_XC324006.ogg.npy,eucdov
aspfly1_XC346190.ogg.npy,aspfly1
lirplo_XC549823.ogg.npy,lirplo
bkwsti_XC338800.ogg.npy,bkwsti
grejun2_XC766803.ogg.npy,grejun2
zitcis1_XC745087.ogg.npy,zitcis1
graher1_XC631774.ogg.npy,graher1
rufwoo2_XC784718.ogg.npy,rufwoo2
brnshr_XC504030.ogg.npy,brnshr
vefnut1_XC289785.ogg.npy,vefnut1
gryfra_XC691238.ogg.npy,gryfra
copbar1_XC19649.ogg.npy,copbar1
bkwsti_XC721370.ogg.npy,bkwsti
grywag_XC323986.ogg.npy,grywag
grnsan_XC668712.ogg.npy,grnsan
heswoo1_XC207293.ogg.npy,heswoo1
blrwar1_XC478106.ogg.npy,blrwar1
greegr_XC401201.ogg.npy,greegr
comgre_XC493194.ogg.npy,comgre
litgre1_XC636134.ogg.npy,litgre1
comsan_XC832273.ogg.npy,comsan
comkin1_XC857240.ogg.npy,comkin1
blnmon1_XC838778.ogg.npy,blnmon1
blakit1_XC579213.ogg.npy,blakit1
comsan_XC738112.ogg.npy,comsan
eaywag1_XC334132.ogg.npy,eaywag1
bkwsti_XC838348.ogg.npy,bkwsti
wemhar1_XC627641.ogg.npy,wemhar1
labcro1_XC267645.ogg.npy,labcro1
greegr_XC605976.ogg.npy,greegr
blrwar1_XC733892.ogg.npy,blrwar1
rorpar_XC650137.ogg.npy,rorpar
indpit1_XC322349.ogg.npy,indpit1
grnsan_XC768063.ogg.npy,grnsan
marsan_XC383287.ogg.npy,marsan
revbul_XC351856.ogg.npy,revbul
purher1_XC156912.ogg.npy,purher1
rorpar_XC267025.ogg.npy,rorpar
compea_XC572395.ogg.npy,compea
whbwag1_XC335601.ogg.npy,whbwag1
categr_XC353848.ogg.npy,categr
nutman_XC591616.ogg.npy,nutman
comtai1_XC327939.ogg.npy,comtai1
yebbul3_XC296416.ogg.npy,yebbul3
copbar1_XC303992.ogg.npy,copbar1
hoopoe_XC423759.ogg.npy,hoopoe
bcnher_XC805561.ogg.npy,bcnher
putbab1_XC663564.ogg.npy,putbab1
vehpar1_XC313915.ogg.npy,vehpar1
barswa_XC380526.ogg.npy,barswa
grywag_XC594765.ogg.npy,grywag
junowl1_XC645655.ogg.npy,junowl1
wemhar1_XC780002.ogg.npy,wemhar1
comros_XC27954.ogg.npy,comros
revbul_XC209007.ogg.npy,revbul
litegr_XC507947.ogg.npy,litegr
hoopoe_XC655207.ogg.npy,hoopoe
eucdov_XC378736.ogg.npy,eucdov
lirplo_XC585477.ogg.npy,lirplo
greegr_XC203486.ogg.npy,greegr
rewbul_XC776525.ogg.npy,rewbul
commoo3_XC641054.ogg.npy,commoo3
putbab1_XC423294.ogg.npy,putbab1
comgre_XC821063.ogg.npy,comgre
labcro1_XC841491.ogg.npy,labcro1
pursun4_XC402389.ogg.npy,pursun4
vehpar1_XC232650.ogg.npy,vehpar1
comros_XC449643.ogg.npy,comros
graher1_XC384483.ogg.npy,graher1
grywag_XC367046.ogg.npy,grywag
comsan_XC146265.ogg.npy,comsan
brwowl1_XC575196.ogg.npy,brwowl1
blakit1_XC660705.ogg.npy,blakit1
categr_XC313748.ogg.npy,categr
woosan_XC666087.ogg.npy,woosan
lirplo_XC475070.ogg.npy,lirplo
zitcis1_XC195733.ogg.npy,zitcis1
brasta1_XC573221.ogg.npy,brasta1
comsan_XC582510.ogg.npy,comsan
barswa_XC485999.ogg.npy,barswa
gybpri1_XC124922.ogg.npy,gybpri1
labcro1_XC626471.ogg.npy,labcro1
rocpig_XC602013.ogg.npy,rocpig
bcnher_XC553368.ogg.npy,bcnher
mawthr1_XC650886.ogg.npy,mawthr1
grywag_XC702606.ogg.npy,grywag
asiope1_XC856558.ogg.npy,asiope1
comros_XC475764.ogg.npy,comros
rorpar_XC680468.ogg.npy,rorpar
comior1_XC607197.ogg.npy,comior1
grecou1_XC253177.ogg.npy,grecou1
junmyn1_XC426271.ogg.npy,junmyn1
blrwar1_XC657563.ogg.npy,blrwar1
rerswa1_XC840031.ogg.npy,rerswa1
grnsan_XC182496.ogg.npy,grnsan
blhori1_XC357157.ogg.npy,blhori1
litegr_XC701381.ogg.npy,litegr
comkin1_XC208369.ogg.npy,comkin1
grewar3_XC24975.ogg.npy,grewar3
thbwar1_XC720152.ogg.npy,thbwar1
graher1_XC580558.ogg.npy,graher1
blrwar1_XC809515.ogg.npy,blrwar1
woosan_XC428930.ogg.npy,woosan
graher1_XC588597.ogg.npy,graher1
litgre1_XC665317.ogg.npy,litgre1
commoo3_XC719838.ogg.npy,commoo3
commoo3_XC468656.ogg.npy,commoo3
eurcoo_XC542366.ogg.npy,eurcoo
bkwsti_XC184421.ogg.npy,bkwsti
marsan_XC438343.ogg.npy,marsan
rossta2_XC564139.ogg.npy,rossta2
eurbla2_XC189113.ogg.npy,eurbla2
blrwar1_XC566278.ogg.npy,blrwar1
wemhar1_XC698357.ogg.npy,wemhar1
piekin1_XC855530.ogg.npy,piekin1
crbsun2_XC163911.ogg.npy,crbsun2
commyn_XC606056.ogg.npy,commyn
woosan_XC724277.ogg.npy,woosan
barswa_XC746902.ogg.npy,barswa
comros_XC566233.ogg.npy,comros
rewlap1_XC487520.ogg.npy,rewlap1
rufbab3_XC178276.ogg.npy,rufbab3
lewduc1_XC446274.ogg.npy,lewduc1
barswa_XC772399.ogg.npy,barswa
comsan_XC422055.ogg.npy,comsan
comros_XC743414.ogg.npy,comros
rerswa1_XC432573.ogg.npy,rerswa1
gloibi_XC299831.ogg.npy,gloibi
eaywag1_XC765264.ogg.npy,eaywag1
putbab1_XC362718.ogg.npy,putbab1
placuc3_XC141328.ogg.npy,placuc3
litgre1_XC550102.ogg.npy,litgre1
rorpar_XC650114.ogg.npy,rorpar
orihob2_XC383056.ogg.npy,orihob2
hoopoe_XC459482.ogg.npy,hoopoe
comtai1_XC834664.ogg.npy,comtai1
grywag_XC406312.ogg.npy,grywag
ashdro1_XC329163.ogg.npy,ashdro1
litgre1_XC223166.ogg.npy,litgre1
litegr_XC587297.ogg.npy,litegr
brwjac1_XC474621.ogg.npy,brwjac1
greegr_XC119207.ogg.npy,greegr
bcnher_XC593240.ogg.npy,bcnher
labcro1_XC468277.ogg.npy,labcro1
greegr_XC518943.ogg.npy,greegr
grnwar1_XC163310.ogg.npy,grnwar1
woosan_XC335152.ogg.npy,woosan
grewar3_XC181249.ogg.npy,grewar3
thbwar1_XC703757.ogg.npy,thbwar1
hoopoe_XC416039.ogg.npy,hoopoe
whbwat1_XC730846.ogg.npy,whbwat1
lirplo_XC653441.ogg.npy,lirplo
piekin1_XC515911.ogg.npy,piekin1
comtai1_XC555514.ogg.npy,comtai1
grywag_XC561836.ogg.npy,grywag
piekin1_XC515890.ogg.npy,piekin1
junmyn1_XC736380.ogg.npy,junmyn1
eucdov_XC808146.ogg.npy,eucdov
comgre_XC581089.ogg.npy,comgre
kenplo1_XC817405.ogg.npy,kenplo1
rewbul_XC404132.ogg.npy,rewbul
bcnher_XC856842.ogg.npy,bcnher
whtkin2_XC430263.ogg.npy,whtkin2
vefnut1_XC157979.ogg.npy,vefnut1
bkskit1_XC350383.ogg.npy,bkskit1
gloibi_XC785627.ogg.npy,gloibi
lirplo_XC756066.ogg.npy,lirplo
comsan_XC834283.ogg.npy,comsan
woosan_XC496527.ogg.npy,woosan
grecou1_XC147634.ogg.npy,grecou1
ashdro1_XC707794.ogg.npy,ashdro1
eaywag1_XC533907.ogg.npy,eaywag1
commyn_XC841866.ogg.npy,commyn
bkwsti_XC365506.ogg.npy,bkwsti
commoo3_XC542353.ogg.npy,commoo3
grtdro1_XC402974.ogg.npy,grtdro1
grewar3_XC567620.ogg.npy,grewar3
brcful1_XC441067.ogg.npy,brcful1
kenplo1_XC822112.ogg.npy,kenplo1
purher1_XC135431.ogg.npy,purher1
commoo3_XC570730.ogg.npy,commoo3
eurcoo_XC380511.ogg.npy,eurcoo
putbab1_XC428258.ogg.npy,putbab1
grywag_XC711977.ogg.npy,grywag
shikra1_XC584266.ogg.npy,shikra1
houspa_XC670181.ogg.npy,houspa
commoo3_XC560129.ogg.npy,commoo3
houspa_XC499651.ogg.npy,houspa
woosan_XC646003.ogg.npy,woosan
whtkin2_XC646725.ogg.npy,whtkin2
piebus1_XC385680.ogg.npy,piebus1
grewar3_XC490628.ogg.npy,grewar3
brnshr_XC458241.ogg.npy,brnshr
woosan_XC829103.ogg.npy,woosan
rerswa1_XC423983.ogg.npy,rerswa1
woosan_XC509637.ogg.npy,woosan
eaywag1_XC765502.ogg.npy,eaywag1
blrwar1_XC506312.ogg.npy,blrwar1
gloibi_XC530954.ogg.npy,gloibi
grywag_XC745654.ogg.npy,grywag
graher1_XC658242.ogg.npy,graher1
woosan_XC64713.ogg.npy,woosan
blnmon1_XC177896.ogg.npy,blnmon1
eurcoo_XC678521.ogg.npy,eurcoo
comgre_XC543814.ogg.npy,comgre
eurbla2_XC572926.ogg.npy,eurbla2
houspa_XC243567.ogg.npy,houspa
bladro1_XC402088.ogg.npy,bladro1
brnhao1_XC610758.ogg.npy,brnhao1
brodro1_XC627933.ogg.npy,brodro1
bcnher_XC597334.ogg.npy,bcnher
piebus1_XC143253.ogg.npy,piebus1
commyn_XC528930.ogg.npy,commyn
commoo3_XC836444.ogg.npy,commoo3
blakit1_XC425062.ogg.npy,blakit1
comkin1_XC511645.ogg.npy,comkin1
eaywag1_XC530537.ogg.npy,eaywag1
litswi1_XC443721.ogg.npy,litswi1
litspi1_XC29579.ogg.npy,litspi1
stbkin1_XC236337.ogg.npy,stbkin1
litgre1_XC702309.ogg.npy,litgre1
barswa_XC839553.ogg.npy,barswa
litswi1_XC443707.ogg.npy,litswi1
grywag_XC448563.ogg.npy,grywag
whrmun_XC724126.ogg.npy,whrmun
comgre_XC701518.ogg.npy,comgre
blrwar1_XC575409.ogg.npy,blrwar1
eurcoo_XC356393.ogg.npy,eurcoo
grnsan_XC367022.ogg.npy,grnsan
grnsan_XC567941.ogg.npy,grnsan
comgre_XC365780.ogg.npy,comgre
grywag_XC343361.ogg.npy,grywag
comsan_XC56589.ogg.npy,comsan
grewar3_XC19696.ogg.npy,grewar3
comtai1_XC536041.ogg.npy,comtai1
grtdro1_XC583368.ogg.npy,grtdro1
hoopoe_XC478795.ogg.npy,hoopoe
bkskit1_XC651042.ogg.npy,bkskit1
inpher1_XC133551.ogg.npy,inpher1
categr_XC770139.ogg.npy,categr
piekin1_XC364527.ogg.npy,piekin1
barswa_XC665636.ogg.npy,barswa
commyn_XC508591.ogg.npy,commyn
revbul_XC182627.ogg.npy,revbul
lirplo_XC791913.ogg.npy,lirplo
goflea1_XC684237.ogg.npy,goflea1
purher1_XC845652.ogg.npy,purher1
bcnher_XC657570.ogg.npy,bcnher
litgre1_XC579361.ogg.npy,litgre1
litspi1_XC279171.ogg.npy,litspi1
rorpar_XC144862.ogg.npy,rorpar
comsan_XC674241.ogg.npy,comsan
sohmyn1_XC499658.ogg.npy,sohmyn1
comkin1_XC670660.ogg.npy,comkin1
graher1_XC788122.ogg.npy,graher1
hoopoe_XC549372.ogg.npy,hoopoe
sqtbul1_XC207743.ogg.npy,sqtbul1
lblwar1_XC20222.ogg.npy,lblwar1
comsan_XC431111.ogg.npy,comsan
woosan_XC717013.ogg.npy,woosan
barswa_XC616076.ogg.npy,barswa
litgre1_XC568193.ogg.npy,litgre1
oripip1_XC701792.ogg.npy,oripip1
greegr_XC129041.ogg.npy,greegr
litgre1_XC796395.ogg.npy,litgre1
crbsun2_XC165985.ogg.npy,crbsun2
woosan_XC663130.ogg.npy,woosan
grtdro1_XC576681.ogg.npy,grtdro1
zitcis1_XC683289.ogg.npy,zitcis1
spodov_XC433841.ogg.npy,spodov
comgre_XC588779.ogg.npy,comgre
graher1_XC680958.ogg.npy,graher1
grywag_XC390555.ogg.npy,grywag
blrwar1_XC810324.ogg.npy,blrwar1
nutman_XC654216.ogg.npy,nutman
inbrob1_XC356098.ogg.npy,inbrob1
litgre1_XC845453.ogg.npy,litgre1
rerswa1_XC826359.ogg.npy,rerswa1
litgre1_XC709224.ogg.npy,litgre1
rocpig_XC536371.ogg.npy,rocpig
pursun4_XC652002.ogg.npy,pursun4
bkwsti_XC811772.ogg.npy,bkwsti
grnsan_XC325504.ogg.npy,grnsan
grecou1_XC208265.ogg.npy,grecou1
bladro1_XC657055.ogg.npy,bladro1
purher1_XC741513.ogg.npy,purher1
wemhar1_XC608640.ogg.npy,wemhar1
grewar3_XC375802.ogg.npy,grewar3
ruftre2_XC240364.ogg.npy,ruftre2
blaeag1_XC596813.ogg.npy,blaeag1
eurcoo_XC246618.ogg.npy,eurcoo
categr_XC361547.ogg.npy,categr
zitcis1_XC485405.ogg.npy,zitcis1
gybpri1_XC768921.ogg.npy,gybpri1
rewlap1_XC310872.ogg.npy,rewlap1
litgre1_XC808870.ogg.npy,litgre1
blhori1_XC629658.ogg.npy,blhori1
aspfly1_XC633462.ogg.npy,aspfly1
grecou1_XC19682.ogg.npy,grecou1
blakit1_XC422658.ogg.npy,blakit1
comgre_XC844520.ogg.npy,comgre
blrwar1_XC247337.ogg.npy,blrwar1
labcro1_XC779687.ogg.npy,labcro1
grnsan_XC132080.ogg.npy,grnsan
houspa_XC709634.ogg.npy,houspa
marsan_XC649202.ogg.npy,marsan
comfla1_XC665889.ogg.npy,comfla1
grnsan_XC586061.ogg.npy,grnsan
houspa_XC301047.ogg.npy,houspa
houspa_XC206484.ogg.npy,houspa
blakit1_XC320701.ogg.npy,blakit1
hoopoe_XC548298.ogg.npy,hoopoe
crseag1_XC665788.ogg.npy,crseag1
copbar1_XC207870.ogg.npy,copbar1
eurcoo_XC706657.ogg.npy,eurcoo
blrwar1_XC807160.ogg.npy,blrwar1
zitcis1_XC768497.ogg.npy,zitcis1
putbab1_XC465688.ogg.npy,putbab1
zitcis1_XC762356.ogg.npy,zitcis1
commyn_XC663069.ogg.npy,commyn
plhpar1_XC19810.ogg.npy,plhpar1
grnsan_XC464101.ogg.npy,grnsan
hoopoe_XC264859.ogg.npy,hoopoe
brakit1_XC196654.ogg.npy,brakit1
whbwag1_XC74645.ogg.npy,whbwag1
hoopoe_XC789268.ogg.npy,hoopoe
eurcoo_XC637767.ogg.npy,eurcoo
ruftre2_XC211775.ogg.npy,ruftre2
blrwar1_XC135834.ogg.npy,blrwar1
rerswa1_XC390253.ogg.npy,rerswa1
litgre1_XC449746.ogg.npy,litgre1
gyhcaf1_XC347592.ogg.npy,gyhcaf1
bcnher_XC581292.ogg.npy,bcnher
eaywag1_XC826313.ogg.npy,eaywag1
eaywag1_XC800180.ogg.npy,eaywag1
whiter2_XC845739.ogg.npy,whiter2
hoopoe_XC655319.ogg.npy,hoopoe
grnsan_XC467256.ogg.npy,grnsan
comgre_XC379794.ogg.npy,comgre
comtai1_XC163909.ogg.npy,comtai1
greegr_XC441197.ogg.npy,greegr
comkin1_XC631105.ogg.npy,comkin1
whiter2_XC480119.ogg.npy,whiter2
eucdov_XC551224.ogg.npy,eucdov
eurcoo_XC668597.ogg.npy,eurcoo
whtkin2_XC845718.ogg.npy,whtkin2
comtai1_XC187138.ogg.npy,comtai1
grewar3_XC566575.ogg.npy,grewar3
litgre1_XC592234.ogg.npy,litgre1
blnmon1_XC314143.ogg.npy,blnmon1
bcnher_XC588334.ogg.npy,bcnher
grejun2_XC603116.ogg.npy,grejun2
bkrfla1_XC142801.ogg.npy,bkrfla1
grewar3_XC507657.ogg.npy,grewar3
rorpar_XC695377.ogg.npy,rorpar
blhori1_XC73046.ogg.npy,blhori1
ashwoo2_XC802713.ogg.npy,ashwoo2
grewar3_XC116714.ogg.npy,grewar3
insbab1_XC787279.ogg.npy,insbab1
ruftre2_XC788233.ogg.npy,ruftre2
grewar3_XC460796.ogg.npy,grewar3
comros_XC742832.ogg.npy,comros
bcnher_XC357564.ogg.npy,bcnher
compea_XC677383.ogg.npy,compea
eucdov_XC134431.ogg.npy,eucdov
comkin1_XC313958.ogg.npy,comkin1
comsan_XC635181.ogg.npy,comsan
eurcoo_XC732185.ogg.npy,eurcoo
zitcis1_XC791807.ogg.npy,zitcis1
compea_XC116747.ogg.npy,compea
lblwar1_XC402955.ogg.npy,lblwar1
woosan_XC343739.ogg.npy,woosan
marsan_XC648611.ogg.npy,marsan
barswa_XC807140.ogg.npy,barswa
blrwar1_XC659085.ogg.npy,blrwar1
blakit1_XC402124.ogg.npy,blakit1
bkwsti_XC546846.ogg.npy,bkwsti
blrwar1_XC563496.ogg.npy,blrwar1
eucdov_XC790240.ogg.npy,eucdov
wemhar1_XC526993.ogg.npy,wemhar1
grtdro1_XC150635.ogg.npy,grtdro1
wemhar1_XC184403.ogg.npy,wemhar1
bkcbul1_XC783986.ogg.npy,bkcbul1
bkskit1_XC360644.ogg.npy,bkskit1
brakit1_XC353968.ogg.npy,brakit1
purher1_XC827608.ogg.npy,purher1
grewar3_XC580306.ogg.npy,grewar3
grnsan_XC672955.ogg.npy,grnsan
litspi1_XC150857.ogg.npy,litspi1
marsan_XC307975.ogg.npy,marsan
bcnher_XC697836.ogg.npy,bcnher
commoo3_XC810280.ogg.npy,commoo3
ashwoo2_XC564998.ogg.npy,ashwoo2
litgre1_XC626979.ogg.npy,litgre1
whtkin2_XC477303.ogg.npy,whtkin2
eucdov_XC672365.ogg.npy,eucdov
gloibi_XC747993.ogg.npy,gloibi
rerswa1_XC697564.ogg.npy,rerswa1
blrwar1_XC507765.ogg.npy,blrwar1
junowl1_XC312520.ogg.npy,junowl1
bladro1_XC209202.ogg.npy,bladro1
brodro1_XC684424.ogg.npy,brodro1
blrwar1_XC181812.ogg.npy,blrwar1
pursun4_XC823523.ogg.npy,pursun4
graher1_XC590048.ogg.npy,graher1
asikoe2_XC325570.ogg.npy,asikoe2
pursun3_XC189024.ogg.npy,pursun3
comkin1_XC787563.ogg.npy,comkin1
kenplo1_XC739121.ogg.npy,kenplo1
yebbab1_XC670334.ogg.npy,yebbab1
grewar3_XC567552.ogg.npy,grewar3
gargan_XC26962.ogg.npy,gargan
categr_XC321214.ogg.npy,categr
bkwsti_XC263311.ogg.npy,bkwsti
grewar3_XC416402.ogg.npy,grewar3
gryfra_XC144762.ogg.npy,gryfra
commoo3_XC729080.ogg.npy,commoo3
categr_XC623267.ogg.npy,categr
woosan_XC754702.ogg.npy,woosan
grnsan_XC471539.ogg.npy,grnsan
plapri1_XC302786.ogg.npy,plapri1
gybpri1_XC547181.ogg.npy,gybpri1
vefnut1_XC785860.ogg.npy,vefnut1
whtkin2_XC254982.ogg.npy,whtkin2
brnshr_XC458250.ogg.npy,brnshr
comros_XC492511.ogg.npy,comros
bcnher_XC794587.ogg.npy,bcnher
blakit1_XC711351.ogg.npy,blakit1
piebus1_XC204610.ogg.npy,piebus1
eucdov_XC820047.ogg.npy,eucdov
eucdov_XC541777.ogg.npy,eucdov
commoo3_XC817465.ogg.npy,commoo3
rewlap1_XC288092.ogg.npy,rewlap1
barswa_XC678724.ogg.npy,barswa
lirplo_XC541214.ogg.npy,lirplo
compea_XC812476.ogg.npy,compea
wemhar1_XC586810.ogg.npy,wemhar1
categr_XC800226.ogg.npy,categr
eurcoo_XC740248.ogg.npy,eurcoo
sttwoo1_XC636663.ogg.npy,sttwoo1
comsan_XC555245.ogg.npy,comsan
houspa_XC398610.ogg.npy,houspa
ashdro1_XC788753.ogg.npy,ashdro1
sqtbul1_XC123001.ogg.npy,sqtbul1
litgre1_XC643235.ogg.npy,litgre1
bwfshr1_XC73029.ogg.npy,bwfshr1
stbkin1_XC545739.ogg.npy,stbkin1
eurcoo_XC307358.ogg.npy,eurcoo
comgre_XC266355.ogg.npy,comgre
asbfly_XC209218.ogg.npy,asbfly
gyhcaf1_XC464785.ogg.npy,gyhcaf1
zitcis1_XC144536.ogg.npy,zitcis1
barswa_XC361741.ogg.npy,barswa
grewar3_XC116618.ogg.npy,grewar3
hoopoe_XC243481.ogg.npy,hoopoe
woosan_XC696445.ogg.npy,woosan
gybpri1_XC823428.ogg.npy,gybpri1
grnwar1_XC744294.ogg.npy,grnwar1
zitcis1_XC468266.ogg.npy,zitcis1
comior1_XC333576.ogg.npy,comior1
graher1_XC684953.ogg.npy,graher1
rewlap1_XC399744.ogg.npy,rewlap1
comros_XC480854.ogg.npy,comros
comsan_XC588565.ogg.npy,comsan
houcro1_XC835571.ogg.npy,houcro1
grenig1_XC239181.ogg.npy,grenig1
blakit1_XC653988.ogg.npy,blakit1
piekin1_XC515830.ogg.npy,piekin1
whbbul2_XC214025.ogg.npy,whbbul2
comgre_XC838630.ogg.npy,comgre
gyhcaf1_XC163485.ogg.npy,gyhcaf1
categr_XC740802.ogg.npy,categr
crseag1_XC666519.ogg.npy,crseag1
shikra1_XC203333.ogg.npy,shikra1
goflea1_XC196964.ogg.npy,goflea1
compea_XC585011.ogg.npy,compea
comsan_XC675449.ogg.npy,comsan
brcful1_XC638647.ogg.npy,brcful1
spodov_XC304101.ogg.npy,spodov
lirplo_XC794329.ogg.npy,lirplo
orihob2_XC747314.ogg.npy,orihob2
grehor1_XC138656.ogg.npy,grehor1
rewbul_XC496060.ogg.npy,rewbul
greegr_XC466555.ogg.npy,greegr
whbbul2_XC209005.ogg.npy,whbbul2
bkwsti_XC283847.ogg.npy,bkwsti
zitcis1_XC572915.ogg.npy,zitcis1
grywag_XC297166.ogg.npy,grywag
rerswa1_XC749444.ogg.npy,rerswa1
grehor1_XC394560.ogg.npy,grehor1
eaywag1_XC645113.ogg.npy,eaywag1
putbab1_XC597726.ogg.npy,putbab1
wemhar1_XC333372.ogg.npy,wemhar1
sqtbul1_XC761906.ogg.npy,sqtbul1
rerswa1_XC178397.ogg.npy,rerswa1
lirplo_XC732785.ogg.npy,lirplo
zitcis1_XC572643.ogg.npy,zitcis1
bcnher_XC588797.ogg.npy,bcnher
litegr_XC465332.ogg.npy,litegr
woosan_XC724209.ogg.npy,woosan
plapri1_XC790918.ogg.npy,plapri1
graher1_XC673233.ogg.npy,graher1
eaywag1_XC471560.ogg.npy,eaywag1
litgre1_XC528152.ogg.npy,litgre1
comior1_XC150891.ogg.npy,comior1
blakit1_XC168353.ogg.npy,blakit1
ashdro1_XC114602.ogg.npy,ashdro1
indrob1_XC571766.ogg.npy,indrob1
grynig2_XC461583.ogg.npy,grynig2
wemhar1_XC711251.ogg.npy,wemhar1
litgre1_XC549061.ogg.npy,litgre1
purswa3_XC548990.ogg.npy,purswa3
bkskit1_XC433770.ogg.npy,bkskit1
nutman_XC441714.ogg.npy,nutman
eurcoo_XC616975.ogg.npy,eurcoo
grywag_XC812616.ogg.npy,grywag
comgre_XC830216.ogg.npy,comgre
malpar1_XC778609.ogg.npy,malpar1
litgre1_XC668971.ogg.npy,litgre1
stbkin1_XC660401.ogg.npy,stbkin1
commoo3_XC716911.ogg.npy,commoo3
comkin1_XC595141.ogg.npy,comkin1
asikoe2_XC366843.ogg.npy,asikoe2
whbwoo2_XC620577.ogg.npy,whbwoo2
rorpar_XC740700.ogg.npy,rorpar
rorpar_XC167770.ogg.npy,rorpar
grewar3_XC181224.ogg.npy,grewar3
eucdov_XC402437.ogg.npy,eucdov
rerswa1_XC423911.ogg.npy,rerswa1
greegr_XC188001.ogg.npy,greegr
grnsan_XC831379.ogg.npy,grnsan
rewlap1_XC447637.ogg.npy,rewlap1
commyn_XC344437.ogg.npy,commyn
rocpig_XC492938.ogg.npy,rocpig
grywag_XC550797.ogg.npy,grywag
grejun2_XC266923.ogg.npy,grejun2
commyn_XC426169.ogg.npy,commyn
houcro1_XC254340.ogg.npy,houcro1
hoopoe_XC527810.ogg.npy,hoopoe
commoo3_XC553673.ogg.npy,commoo3
eaywag1_XC376742.ogg.npy,eaywag1
grejun2_XC150290.ogg.npy,grejun2
brcful1_XC406109.ogg.npy,brcful1
brnhao1_XC352338.ogg.npy,brnhao1
comros_XC576525.ogg.npy,comros
kenplo1_XC660963.ogg.npy,kenplo1
eucdov_XC618193.ogg.npy,eucdov
lblwar1_XC687973.ogg.npy,lblwar1
sbeowl1_XC607716.ogg.npy,sbeowl1
bcnher_XC829373.ogg.npy,bcnher
indrob1_XC534370.ogg.npy,indrob1
pursun3_XC648948.ogg.npy,pursun3
eaywag1_XC640612.ogg.npy,eaywag1
hoopoe_XC306214.ogg.npy,hoopoe
asikoe2_XC209209.ogg.npy,asikoe2
eaywag1_XC481360.ogg.npy,eaywag1
houspa_XC500504.ogg.npy,houspa
ashdro1_XC684408.ogg.npy,ashdro1
grnsan_XC735876.ogg.npy,grnsan
whbwoo2_XC211958.ogg.npy,whbwoo2
nutman_XC546079.ogg.npy,nutman
rewbul_XC496061.ogg.npy,rewbul
gyhcaf1_XC630378.ogg.npy,gyhcaf1
bcnher_XC542112.ogg.npy,bcnher
crseag1_XC124352.ogg.npy,crseag1
whiter2_XC585394.ogg.npy,whiter2
whiter2_XC477517.ogg.npy,whiter2
rufwoo2_XC795696.ogg.npy,rufwoo2
lirplo_XC801550.ogg.npy,lirplo
grywag_XC667585.ogg.npy,grywag
comkin1_XC856964.ogg.npy,comkin1
bladro1_XC503411.ogg.npy,bladro1
shikra1_XC580084.ogg.npy,shikra1
blrwar1_XC565461.ogg.npy,blrwar1
grnsan_XC291142.ogg.npy,grnsan
zitcis1_XC745106.ogg.npy,zitcis1
purher1_XC738038.ogg.npy,purher1
commoo3_XC631188.ogg.npy,commoo3
indrol2_XC508365.ogg.npy,indrol2
woosan_XC559619.ogg.npy,woosan
grtdro1_XC756525.ogg.npy,grtdro1
putbab1_XC189016.ogg.npy,putbab1
comsan_XC799057.ogg.npy,comsan
eaywag1_XC790727.ogg.npy,eaywag1
comtai1_XC505058.ogg.npy,comtai1
gargan_XC791679.ogg.npy,gargan
hoopoe_XC403576.ogg.npy,hoopoe
categr_XC196080.ogg.npy,categr
spodov_XC725833.ogg.npy,spodov
whtkin2_XC705640.ogg.npy,whtkin2
barswa_XC288343.ogg.npy,barswa
comgre_XC724880.ogg.npy,comgre
grnwar1_XC472273.ogg.npy,grnwar1
blakit1_XC628629.ogg.npy,blakit1
comkin1_XC504683.ogg.npy,comkin1
emedov2_XC459593.ogg.npy,emedov2
comfla1_XC767037.ogg.npy,comfla1
bkwsti_XC338807.ogg.npy,bkwsti
blrwar1_XC134719.ogg.npy,blrwar1
grtdro1_XC613192.ogg.npy,grtdro1
spodov_XC710631.ogg.npy,spodov
gloibi_XC417658.ogg.npy,gloibi
cohcuc1_XC214005.ogg.npy,cohcuc1
bkwsti_XC809721.ogg.npy,bkwsti
junbab2_XC665602.ogg.npy,junbab2
litgre1_XC658707.ogg.npy,litgre1
asikoe2_XC382502.ogg.npy,asikoe2
comros_XC805755.ogg.npy,comros
graher1_XC593201.ogg.npy,graher1
brnshr_XC855522.ogg.npy,brnshr
grewar3_XC355994.ogg.npy,grewar3
litswi1_XC606976.ogg.npy,litswi1
houspa_XC365463.ogg.npy,houspa
whtkin2_XC197737.ogg.npy,whtkin2
pursun4_XC322203.ogg.npy,pursun4
nutman_XC718279.ogg.npy,nutman
crbsun2_XC761901.ogg.npy,crbsun2
eurcoo_XC637809.ogg.npy,eurcoo
commoo3_XC839605.ogg.npy,commoo3
blrwar1_XC654621.ogg.npy,blrwar1
comior1_XC388231.ogg.npy,comior1
categr_XC797583.ogg.npy,categr
comgre_XC266343.ogg.npy,comgre
lobsun2_XC692763.ogg.npy,lobsun2
graher1_XC414456.ogg.npy,graher1
comkin1_XC185682.ogg.npy,comkin1
houspa_XC641185.ogg.npy,houspa
emedov2_XC665893.ogg.npy,emedov2
whiter2_XC778805.ogg.npy,whiter2
zitcis1_XC499803.ogg.npy,zitcis1
comsan_XC798523.ogg.npy,comsan
lirplo_XC730633.ogg.npy,lirplo
comsan_XC527850.ogg.npy,comsan
grywag_XC457869.ogg.npy,grywag
zitcis1_XC570082.ogg.npy,zitcis1
rewbul_XC400535.ogg.npy,rewbul
grtdro1_XC240334.ogg.npy,grtdro1
blakit1_XC645364.ogg.npy,blakit1
kenplo1_XC765900.ogg.npy,kenplo1
rossta2_XC685770.ogg.npy,rossta2
houspa_XC313240.ogg.npy,houspa
eucdov_XC481134.ogg.npy,eucdov
blakit1_XC740481.ogg.npy,blakit1
bcnher_XC365511.ogg.npy,bcnher
bkskit1_XC351388.ogg.npy,bkskit1
grnwar1_XC727580.ogg.npy,grnwar1
barswa_XC667843.ogg.npy,barswa
grbeat1_XC447210.ogg.npy,grbeat1
aspfly1_XC195086.ogg.npy,aspfly1
houspa_XC663187.ogg.npy,houspa
rufwoo2_XC566711.ogg.npy,rufwoo2
litgre1_XC823145.ogg.npy,litgre1
eaywag1_XC715291.ogg.npy,eaywag1
lirplo_XC579825.ogg.npy,lirplo
comgre_XC505886.ogg.npy,comgre
malwoo1_XC694105.ogg.npy,malwoo1
comgre_XC603205.ogg.npy,comgre
gryfra_XC404357.ogg.npy,gryfra
commoo3_XC292130.ogg.npy,commoo3
compea_XC407392.ogg.npy,compea
zitcis1_XC765376.ogg.npy,zitcis1
wemhar1_XC715951.ogg.npy,wemhar1
copbar1_XC797128.ogg.npy,copbar1
lirplo_XC622543.ogg.npy,lirplo
bkwsti_XC815230.ogg.npy,bkwsti
placuc3_XC599060.ogg.npy,placuc3
wemhar1_XC189883.ogg.npy,wemhar1
bkwsti_XC192402.ogg.npy,bkwsti
bcnher_XC565096.ogg.npy,bcnher
hoopoe_XC570623.ogg.npy,hoopoe
comros_XC25109.ogg.npy,comros
zitcis1_XC313576.ogg.npy,zitcis1
comsan_XC559684.ogg.npy,comsan
lblwar1_XC719860.ogg.npy,lblwar1
comkin1_XC511643.ogg.npy,comkin1
barfly1_XC856382.ogg.npy,barfly1
marsan_XC795256.ogg.npy,marsan
grynig2_XC575179.ogg.npy,grynig2
indpit1_XC323796.ogg.npy,indpit1
crseag1_XC826945.ogg.npy,crseag1
blakit1_XC180975.ogg.npy,blakit1
junbab2_XC507729.ogg.npy,junbab2
asikoe2_XC783711.ogg.npy,asikoe2
graher1_XC543198.ogg.npy,graher1
greegr_XC187098.ogg.npy,greegr
gyhcaf1_XC304720.ogg.npy,gyhcaf1
eaywag1_XC507675.ogg.npy,eaywag1
blhori1_XC236674.ogg.npy,blhori1
grewar3_XC375796.ogg.npy,grewar3
brwowl1_XC330201.ogg.npy,brwowl1
litspi1_XC505509.ogg.npy,litspi1
grewar3_XC185063.ogg.npy,grewar3
bkrfla1_XC196960.ogg.npy,bkrfla1
litgre1_XC686204.ogg.npy,litgre1
comtai1_XC646902.ogg.npy,comtai1
bkwsti_XC192403.ogg.npy,bkwsti
categr_XC517417.ogg.npy,categr
commoo3_XC608182.ogg.npy,commoo3
greegr_XC711449.ogg.npy,greegr
pursun4_XC404206.ogg.npy,pursun4
comgre_XC837543.ogg.npy,comgre
comsan_XC526794.ogg.npy,comsan
blrwar1_XC808194.ogg.npy,blrwar1
comkin1_XC509674.ogg.npy,comkin1
laudov1_XC540733.ogg.npy,laudov1
categr_XC746522.ogg.npy,categr
asikoe2_XC628076.ogg.npy,asikoe2
houspa_XC636443.ogg.npy,houspa
bkwsti_XC663365.ogg.npy,bkwsti
zitcis1_XC289351.ogg.npy,zitcis1
barswa_XC361242.ogg.npy,barswa
purher1_XC485245.ogg.npy,purher1
grnsan_XC580260.ogg.npy,grnsan
whtkin2_XC447353.ogg.npy,whtkin2
eucdov_XC570602.ogg.npy,eucdov
asbfly_XC842684.ogg.npy,asbfly
comtai1_XC312083.ogg.npy,comtai1
grywag_XC659572.ogg.npy,grywag
grnsan_XC541707.ogg.npy,grnsan
comros_XC367310.ogg.npy,comros
labcro1_XC388536.ogg.npy,labcro1
commyn_XC318687.ogg.npy,commyn
whiter2_XC840857.ogg.npy,whiter2
houspa_XC561782.ogg.npy,houspa
graher1_XC467836.ogg.npy,graher1
grnsan_XC183913.ogg.npy,grnsan
comkin1_XC591054.ogg.npy,comkin1
blakit1_XC511560.ogg.npy,blakit1
eaywag1_XC334149.ogg.npy,eaywag1
comkin1_XC616339.ogg.npy,comkin1
comkin1_XC511671.ogg.npy,comkin1
grecou1_XC277459.ogg.npy,grecou1
blhori1_XC417255.ogg.npy,blhori1
spodov_XC778389.ogg.npy,spodov
asikoe2_XC115086.ogg.npy,asikoe2
whtkin2_XC742045.ogg.npy,whtkin2
comgre_XC733703.ogg.npy,comgre
litgre1_XC590562.ogg.npy,litgre1
whbwat1_XC712737.ogg.npy,whbwat1
mawthr1_XC490495.ogg.npy,mawthr1
whbwat1_XC190859.ogg.npy,whbwat1
blakit1_XC578425.ogg.npy,blakit1
grnwar1_XC795529.ogg.npy,grnwar1
cohcuc1_XC19645.ogg.npy,cohcuc1
grewar3_XC187077.ogg.npy,grewar3
woosan_XC585287.ogg.npy,woosan
grywag_XC708141.ogg.npy,grywag
brwowl1_XC196966.ogg.npy,brwowl1
rocpig_XC755295.ogg.npy,rocpig
lirplo_XC585985.ogg.npy,lirplo
heswoo1_XC400758.ogg.npy,heswoo1
cohcuc1_XC253838.ogg.npy,cohcuc1
litgre1_XC459392.ogg.npy,litgre1
barswa_XC499075.ogg.npy,barswa
grewar3_XC323542.ogg.npy,grewar3
comgre_XC590025.ogg.npy,comgre
comgre_XC635498.ogg.npy,comgre
asbfly_XC830258.ogg.npy,asbfly
eucdov_XC563976.ogg.npy,eucdov
woosan_XC827125.ogg.npy,woosan
grywag_XC282140.ogg.npy,grywag
comgre_XC662160.ogg.npy,comgre
malpar1_XC217787.ogg.npy,malpar1
rossta2_XC218003.ogg.npy,rossta2
oripip1_XC441380.ogg.npy,oripip1
whtkin2_XC465506.ogg.npy,whtkin2
shikra1_XC600468.ogg.npy,shikra1
pabflo1_XC756570.ogg.npy,pabflo1
comros_XC489937.ogg.npy,comros
graher1_XC699287.ogg.npy,graher1
woosan_XC182905.ogg.npy,woosan
whbsho3_XC197139.ogg.npy,whbsho3
grtdro1_XC296433.ogg.npy,grtdro1
grnsan_XC369015.ogg.npy,grnsan
rorpar_XC354836.ogg.npy,rorpar
nutman_XC339901.ogg.npy,nutman
hoopoe_XC134373.ogg.npy,hoopoe
btbeat1_XC681276.ogg.npy,btbeat1
comsan_XC603036.ogg.npy,comsan
gyhcaf1_XC292378.ogg.npy,gyhcaf1
forwag1_XC807376.ogg.npy,forwag1
lirplo_XC718666.ogg.npy,lirplo
eurcoo_XC382661.ogg.npy,eurcoo
comsan_XC424757.ogg.npy,comsan
grejun2_XC725327.ogg.npy,grejun2
whrmun_XC753813.ogg.npy,whrmun
hoopoe_XC684937.ogg.npy,hoopoe
nutman_XC213171.ogg.npy,nutman
grewar3_XC144217.ogg.npy,grewar3
bcnher_XC646680.ogg.npy,bcnher
whrmun_XC711672.ogg.npy,whrmun
blrwar1_XC658588.ogg.npy,blrwar1
comgre_XC564356.ogg.npy,comgre
comkin1_XC265783.ogg.npy,comkin1
gargan_XC733438.ogg.npy,gargan
whiter2_XC176285.ogg.npy,whiter2
lirplo_XC642221.ogg.npy,lirplo
asbfly_XC647397.ogg.npy,asbfly
greegr_XC304688.ogg.npy,greegr
blakit1_XC341175.ogg.npy,blakit1
asikoe2_XC362066.ogg.npy,asikoe2
hoopoe_XC636322.ogg.npy,hoopoe
nilfly2_XC856427.ogg.npy,nilfly2
eucdov_XC578844.ogg.npy,eucdov
grewar3_XC184268.ogg.npy,grewar3
junbab2_XC402274.ogg.npy,junbab2
labcro1_XC267641.ogg.npy,labcro1
blaeag1_XC539063.ogg.npy,blaeag1
insbab1_XC654687.ogg.npy,insbab1
bkwsti_XC820399.ogg.npy,bkwsti
wemhar1_XC782715.ogg.npy,wemhar1
lirplo_XC445286.ogg.npy,lirplo
brnhao1_XC284633.ogg.npy,brnhao1
comior1_XC303760.ogg.npy,comior1
gyhcaf1_XC168283.ogg.npy,gyhcaf1
comior1_XC376560.ogg.npy,comior1
woosan_XC834767.ogg.npy,woosan
commoo3_XC400809.ogg.npy,commoo3
woosan_XC64711.ogg.npy,woosan
comgre_XC412651.ogg.npy,comgre
barswa_XC428862.ogg.npy,barswa
lirplo_XC612712.ogg.npy,lirplo
eucdov_XC357993.ogg.npy,eucdov
comkin1_XC666617.ogg.npy,comkin1
houspa_XC407093.ogg.npy,houspa
brnshr_XC821118.ogg.npy,brnshr
purher1_XC542558.ogg.npy,purher1
blnmon1_XC794586.ogg.npy,blnmon1
putbab1_XC173266.ogg.npy,putbab1
eucdov_XC666205.ogg.npy,eucdov
asikoe2_XC812731.ogg.npy,asikoe2
commoo3_XC372911.ogg.npy,commoo3
comsan_XC142081.ogg.npy,comsan
commoo3_XC437358.ogg.npy,commoo3
bkwsti_XC761296.ogg.npy,bkwsti
grnsan_XC568976.ogg.npy,grnsan
rewbul_XC842944.ogg.npy,rewbul
litgre1_XC791892.ogg.npy,litgre1
greegr_XC598967.ogg.npy,greegr
blrwar1_XC659123.ogg.npy,blrwar1
blrwar1_XC650740.ogg.npy,blrwar1
barswa_XC673074.ogg.npy,barswa
rossta2_XC685681.ogg.npy,rossta2
houspa_XC179341.ogg.npy,houspa
blnmon1_XC639837.ogg.npy,blnmon1
rocpig_XC48676.ogg.npy,rocpig
ashdro1_XC778972.ogg.npy,ashdro1
comgre_XC310520.ogg.npy,comgre
categr_XC129098.ogg.npy,categr
brfowl1_XC124221.ogg.npy,brfowl1
whrmun_XC178300.ogg.npy,whrmun
grywag_XC596823.ogg.npy,grywag
bcnher_XC795607.ogg.npy,bcnher
hoopoe_XC382177.ogg.npy,hoopoe
gybpri1_XC189334.ogg.npy,gybpri1
categr_XC267153.ogg.npy,categr
commoo3_XC545411.ogg.npy,commoo3
grnsan_XC488380.ogg.npy,grnsan
eucdov_XC605237.ogg.npy,eucdov
bkrfla1_XC795699.ogg.npy,bkrfla1
whbbul2_XC197749.ogg.npy,whbbul2
comsan_XC743776.ogg.npy,comsan
comsan_XC839052.ogg.npy,comsan
grefla1_XC619765.ogg.npy,grefla1
comior1_XC373343.ogg.npy,comior1
commyn_XC110983.ogg.npy,commyn
comkin1_XC704382.ogg.npy,comkin1
bkwsti_XC507295.ogg.npy,bkwsti
crseag1_XC206435.ogg.npy,crseag1
rerswa1_XC587771.ogg.npy,rerswa1
rewlap1_XC74218.ogg.npy,rewlap1
nutman_XC198481.ogg.npy,nutman
whiter2_XC736581.ogg.npy,whiter2
commoo3_XC835001.ogg.npy,commoo3
greegr_XC605058.ogg.npy,greegr
hoopoe_XC278154.ogg.npy,hoopoe
lblwar1_XC613325.ogg.npy,lblwar1
insowl1_XC469360.ogg.npy,insowl1
crbsun2_XC605963.ogg.npy,crbsun2
graher1_XC664008.ogg.npy,graher1
whtkin2_XC284528.ogg.npy,whtkin2
kenplo1_XC807557.ogg.npy,kenplo1
brnshr_XC776544.ogg.npy,brnshr
whbwat1_XC840071.ogg.npy,whbwat1
gyhcaf1_XC293598.ogg.npy,gyhcaf1
whiter2_XC605108.ogg.npy,whiter2
litegr_XC333972.ogg.npy,litegr
grnwar1_XC293373.ogg.npy,grnwar1
grnsan_XC590726.ogg.npy,grnsan
rerswa1_XC857586.ogg.npy,rerswa1
grnsan_XC592460.ogg.npy,grnsan
greegr_XC290049.ogg.npy,greegr
comkin1_XC804341.ogg.npy,comkin1
bkwsti_XC748673.ogg.npy,bkwsti
grewar3_XC181137.ogg.npy,grewar3
houspa_XC351547.ogg.npy,houspa
brnhao1_XC284847.ogg.npy,brnhao1
gybpri1_XC476069.ogg.npy,gybpri1
grewar3_XC212847.ogg.npy,grewar3
zitcis1_XC254005.ogg.npy,zitcis1
bcnher_XC484356.ogg.npy,bcnher
thbwar1_XC155668.ogg.npy,thbwar1
blrwar1_XC507769.ogg.npy,blrwar1
laudov1_XC471325.ogg.npy,laudov1
barswa_XC747232.ogg.npy,barswa
grynig2_XC196661.ogg.npy,grynig2
asikoe2_XC450405.ogg.npy,asikoe2
woosan_XC671350.ogg.npy,woosan
thbwar1_XC778803.ogg.npy,thbwar1
spoowl1_XC173506.ogg.npy,spoowl1
litegr_XC801552.ogg.npy,litegr
whbwat1_XC442852.ogg.npy,whbwat1
grnwar1_XC347398.ogg.npy,grnwar1
litgre1_XC822651.ogg.npy,litgre1
indrol2_XC555541.ogg.npy,indrol2
thbwar1_XC755643.ogg.npy,thbwar1
eurcoo_XC710452.ogg.npy,eurcoo
graher1_XC331117.ogg.npy,graher1
commoo3_XC548748.ogg.npy,commoo3
putbab1_XC684742.ogg.npy,putbab1
whtkin2_XC797017.ogg.npy,whtkin2
shikra1_XC785413.ogg.npy,shikra1
rorpar_XC563328.ogg.npy,rorpar
barswa_XC560258.ogg.npy,barswa
litegr_XC718476.ogg.npy,litegr
woosan_XC663218.ogg.npy,woosan
gybpri1_XC550179.ogg.npy,gybpri1
comsan_XC580713.ogg.npy,comsan
houcro1_XC402455.ogg.npy,houcro1
asikoe2_XC349239.ogg.npy,asikoe2
comkin1_XC660702.ogg.npy,comkin1
junbab2_XC404167.ogg.npy,junbab2
eaywag1_XC391297.ogg.npy,eaywag1
whcbar1_XC198616.ogg.npy,whcbar1
rerswa1_XC447361.ogg.npy,rerswa1
grywag_XC745653.ogg.npy,grywag
spodov_XC731973.ogg.npy,spodov
greegr_XC307186.ogg.npy,greegr
bkwsti_XC632959.ogg.npy,bkwsti
grbeat1_XC125592.ogg.npy,grbeat1
rorpar_XC684029.ogg.npy,rorpar
zitcis1_XC453767.ogg.npy,zitcis1
grnsan_XC309268.ogg.npy,grnsan
comtai1_XC771377.ogg.npy,comtai1
copbar1_XC365384.ogg.npy,copbar1
rorpar_XC209561.ogg.npy,rorpar
bladro1_XC331740.ogg.npy,bladro1
gargan_XC480182.ogg.npy,gargan
comsan_XC655100.ogg.npy,comsan
goflea1_XC589995.ogg.npy,goflea1
comros_XC138993.ogg.npy,comros
litegr_XC333971.ogg.npy,litegr
indpit1_XC647354.ogg.npy,indpit1
litegr_XC333978.ogg.npy,litegr
litspi1_XC535360.ogg.npy,litspi1
grnsan_XC488798.ogg.npy,grnsan
bkwsti_XC413273.ogg.npy,bkwsti
kenplo1_XC634529.ogg.npy,kenplo1
litegr_XC333982.ogg.npy,litegr
spoowl1_XC276818.ogg.npy,spoowl1
asikoe2_XC352055.ogg.npy,asikoe2
junmyn1_XC208574.ogg.npy,junmyn1
chbeat1_XC782497.ogg.npy,chbeat1
ruftre2_XC116852.ogg.npy,ruftre2
blhori1_XC743616.ogg.npy,blhori1
rorpar_XC577650.ogg.npy,rorpar
grefla1_XC428555.ogg.npy,grefla1
lirplo_XC836835.ogg.npy,lirplo
houspa_XC358134.ogg.npy,houspa
comkin1_XC496578.ogg.npy,comkin1
rocpig_XC602010.ogg.npy,rocpig
graher1_XC675865.ogg.npy,graher1
blrwar1_XC655231.ogg.npy,blrwar1
woosan_XC216813.ogg.npy,woosan
woosan_XC144428.ogg.npy,woosan
blrwar1_XC566094.ogg.npy,blrwar1
ingori1_XC464133.ogg.npy,ingori1
houspa_XC233933.ogg.npy,houspa
graher1_XC836039.ogg.npy,graher1
litgre1_XC787808.ogg.npy,litgre1
woosan_XC744448.ogg.npy,woosan
copbar1_XC620135.ogg.npy,copbar1
commoo3_XC543811.ogg.npy,commoo3
gargan_XC718660.ogg.npy,gargan
piebus1_XC776998.ogg.npy,piebus1
brnshr_XC805166.ogg.npy,brnshr
gybpri1_XC818177.ogg.npy,gybpri1
bkwsti_XC500451.ogg.npy,bkwsti
bkwsti_XC788049.ogg.npy,bkwsti
eurcoo_XC288601.ogg.npy,eurcoo
houspa_XC492128.ogg.npy,houspa
plapri1_XC711711.ogg.npy,plapri1
rorpar_XC759749.ogg.npy,rorpar
bcnher_XC472433.ogg.npy,bcnher
grejun2_XC644233.ogg.npy,grejun2
insbab1_XC390222.ogg.npy,insbab1
bkrfla1_XC209024.ogg.npy,bkrfla1
pomgrp2_XC303515.ogg.npy,pomgrp2
comior1_XC775654.ogg.npy,comior1
bcnher_XC376571.ogg.npy,bcnher
hoopoe_XC719782.ogg.npy,hoopoe
smamin1_XC737847.ogg.npy,smamin1
labcro1_XC191645.ogg.npy,labcro1
houspa_XC462188.ogg.npy,houspa
litgre1_XC267207.ogg.npy,litgre1
tibfly3_XC157467.ogg.npy,tibfly3
eucdov_XC548529.ogg.npy,eucdov
litgre1_XC429610.ogg.npy,litgre1
grnsan_XC774710.ogg.npy,grnsan
shikra1_XC209607.ogg.npy,shikra1
comsan_XC323384.ogg.npy,comsan
graher1_XC786450.ogg.npy,graher1
rewlap1_XC540967.ogg.npy,rewlap1
blnmon1_XC560431.ogg.npy,blnmon1
mawthr1_XC490499.ogg.npy,mawthr1
asbfly_XC842686.ogg.npy,asbfly
eaywag1_XC235503.ogg.npy,eaywag1
bcnher_XC528094.ogg.npy,bcnher
lirplo_XC765643.ogg.npy,lirplo
eaywag1_XC586874.ogg.npy,eaywag1
rorpar_XC370978.ogg.npy,rorpar
grywag_XC324551.ogg.npy,grywag
eaywag1_XC495677.ogg.npy,eaywag1
compea_XC208916.ogg.npy,compea
houspa_XC392772.ogg.npy,houspa
grecou1_XC830420.ogg.npy,grecou1
plapri1_XC834653.ogg.npy,plapri1
houspa_XC786489.ogg.npy,houspa
barswa_XC363068.ogg.npy,barswa
grehor1_XC819733.ogg.npy,grehor1
hoopoe_XC785863.ogg.npy,hoopoe
grywag_XC821775.ogg.npy,grywag
barswa_XC727046.ogg.npy,barswa
copbar1_XC530842.ogg.npy,copbar1
bkskit1_XC351397.ogg.npy,bkskit1
rocpig_XC613537.ogg.npy,rocpig
whbsho3_XC744222.ogg.npy,whbsho3
comkin1_XC428928.ogg.npy,comkin1
blhori1_XC628393.ogg.npy,blhori1
bcnher_XC363102.ogg.npy,bcnher
hoopoe_XC417570.ogg.npy,hoopoe
barswa_XC542504.ogg.npy,barswa
bkwsti_XC627471.ogg.npy,bkwsti
whbwat1_XC476286.ogg.npy,whbwat1
grewar3_XC372847.ogg.npy,grewar3
yebbab1_XC469376.ogg.npy,yebbab1
compea_XC331253.ogg.npy,compea
eaywag1_XC591908.ogg.npy,eaywag1
houspa_XC539116.ogg.npy,houspa
litgre1_XC551466.ogg.npy,litgre1
commyn_XC402381.ogg.npy,commyn
bkwsti_XC338796.ogg.npy,bkwsti
comgre_XC740376.ogg.npy,comgre
rocpig_XC636632.ogg.npy,rocpig
woosan_XC493129.ogg.npy,woosan
hoopoe_XC671195.ogg.npy,hoopoe
oripip1_XC208805.ogg.npy,oripip1
labcro1_XC756567.ogg.npy,labcro1
commoo3_XC715308.ogg.npy,commoo3
yebbab1_XC346136.ogg.npy,yebbab1
grywag_XC455735.ogg.npy,grywag
greegr_XC771047.ogg.npy,greegr
grywag_XC702604.ogg.npy,grywag
whbwat1_XC435909.ogg.npy,whbwat1
zitcis1_XC302789.ogg.npy,zitcis1
piekin1_XC515835.ogg.npy,piekin1
rewlap1_XC484175.ogg.npy,rewlap1
lirplo_XC716015.ogg.npy,lirplo
litegr_XC515969.ogg.npy,litegr
lirplo_XC545464.ogg.npy,lirplo
whbwat1_XC605224.ogg.npy,whbwat1
compea_XC454033.ogg.npy,compea
commyn_XC639485.ogg.npy,commyn
blrwar1_XC420431.ogg.npy,blrwar1
plapri1_XC362827.ogg.npy,plapri1
blrwar1_XC376504.ogg.npy,blrwar1
inpher1_XC31540.ogg.npy,inpher1
hoopoe_XC170879.ogg.npy,hoopoe
ashdro1_XC722650.ogg.npy,ashdro1
zitcis1_XC341131.ogg.npy,zitcis1
zitcis1_XC635356.ogg.npy,zitcis1
bkwsti_XC155092.ogg.npy,bkwsti
eaywag1_XC591886.ogg.npy,eaywag1
rorpar_XC202573.ogg.npy,rorpar
rerswa1_XC857584.ogg.npy,rerswa1
comros_XC624637.ogg.npy,comros
comros_XC805103.ogg.npy,comros
bkwsti_XC374913.ogg.npy,bkwsti
grewar3_XC810790.ogg.npy,grewar3
grnsan_XC526100.ogg.npy,grnsan
tibfly3_XC208880.ogg.npy,tibfly3
eucdov_XC309598.ogg.npy,eucdov
categr_XC438523.ogg.npy,categr
isbduc1_XC124019.ogg.npy,isbduc1
wemhar1_XC476808.ogg.npy,wemhar1
cohcuc1_XC423419.ogg.npy,cohcuc1
houspa_XC555548.ogg.npy,houspa
labcro1_XC267643.ogg.npy,labcro1
graher1_XC474163.ogg.npy,graher1
grnsan_XC751085.ogg.npy,grnsan
woosan_XC840212.ogg.npy,woosan
wemhar1_XC644868.ogg.npy,wemhar1
comkin1_XC267328.ogg.npy,comkin1
cregos1_XC756535.ogg.npy,cregos1
grecou1_XC354806.ogg.npy,grecou1
rorpar_XC453150.ogg.npy,rorpar
piekin1_XC517390.ogg.npy,piekin1
hoopoe_XC792465.ogg.npy,hoopoe
smamin1_XC435733.ogg.npy,smamin1
whbbul2_XC466299.ogg.npy,whbbul2
litgre1_XC557959.ogg.npy,litgre1
cregos1_XC719755.ogg.npy,cregos1
blrwar1_XC492503.ogg.npy,blrwar1
ingori1_XC491072.ogg.npy,ingori1
blhori1_XC397040.ogg.npy,blhori1
litgre1_XC636136.ogg.npy,litgre1
grnsan_XC620295.ogg.npy,grnsan
commyn_XC579177.ogg.npy,commyn
hoopoe_XC451390.ogg.npy,hoopoe
grywag_XC690448.ogg.npy,grywag
rufwoo2_XC795768.ogg.npy,rufwoo2
rocpig_XC645568.ogg.npy,rocpig
hoopoe_XC279735.ogg.npy,hoopoe
graher1_XC678619.ogg.npy,graher1
pabflo1_XC306985.ogg.npy,pabflo1
zitcis1_XC480392.ogg.npy,zitcis1
pursun3_XC306704.ogg.npy,pursun3
brakit1_XC208283.ogg.npy,brakit1
compea_XC407393.ogg.npy,compea
comkin1_XC332896.ogg.npy,comkin1
grewar3_XC806047.ogg.npy,grewar3
kenplo1_XC494526.ogg.npy,kenplo1
grewar3_XC755257.ogg.npy,grewar3
kenplo1_XC787125.ogg.npy,kenplo1
comros_XC677730.ogg.npy,comros
eucdov_XC592916.ogg.npy,eucdov
comkin1_XC692592.ogg.npy,comkin1
blhori1_XC572656.ogg.npy,blhori1
kenplo1_XC144531.ogg.npy,kenplo1
rorpar_XC201706.ogg.npy,rorpar
junowl1_XC307706.ogg.npy,junowl1
grnsan_XC740287.ogg.npy,grnsan
comgre_XC586199.ogg.npy,comgre
whbwat1_XC764940.ogg.npy,whbwat1
grtdro1_XC576680.ogg.npy,grtdro1
junbab2_XC670314.ogg.npy,junbab2
eucdov_XC739250.ogg.npy,eucdov
greegr_XC455644.ogg.npy,greegr
blnmon1_XC610447.ogg.npy,blnmon1
rorpar_XC575955.ogg.npy,rorpar
litgre1_XC465925.ogg.npy,litgre1
labcro1_XC461514.ogg.npy,labcro1
blnmon1_XC406628.ogg.npy,blnmon1
litegr_XC671370.ogg.npy,litegr
blhori1_XC666144.ogg.npy,blhori1
comkin1_XC432694.ogg.npy,comkin1
grtdro1_XC632042.ogg.npy,grtdro1
houcro1_XC454305.ogg.npy,houcro1
comsan_XC371997.ogg.npy,comsan
barswa_XC578054.ogg.npy,barswa
barswa_XC828252.ogg.npy,barswa
wemhar1_XC132156.ogg.npy,wemhar1
litgre1_XC303533.ogg.npy,litgre1
litegr_XC843445.ogg.npy,litegr
eucdov_XC741689.ogg.npy,eucdov
labcro1_XC116711.ogg.npy,labcro1
comsan_XC639418.ogg.npy,comsan
pursun3_XC664673.ogg.npy,pursun3
forwag1_XC729959.ogg.npy,forwag1
comtai1_XC143961.ogg.npy,comtai1
zitcis1_XC564072.ogg.npy,zitcis1
comros_XC755119.ogg.npy,comros
grewar3_XC194549.ogg.npy,grewar3
orihob2_XC477682.ogg.npy,orihob2
rorpar_XC462902.ogg.npy,rorpar
bkskit1_XC170107.ogg.npy,bkskit1
bkwsti_XC260281.ogg.npy,bkwsti
grnwar1_XC594434.ogg.npy,grnwar1
comkin1_XC474176.ogg.npy,comkin1
comtai1_XC163908.ogg.npy,comtai1
lirplo_XC553766.ogg.npy,lirplo
comtai1_XC468261.ogg.npy,comtai1
brnshr_XC293538.ogg.npy,brnshr
gyhcaf1_XC151229.ogg.npy,gyhcaf1
comkin1_XC463076.ogg.npy,comkin1
comros_XC808801.ogg.npy,comros
lirplo_XC588917.ogg.npy,lirplo
blakit1_XC572730.ogg.npy,blakit1
zitcis1_XC714889.ogg.npy,zitcis1
asikoe2_XC665229.ogg.npy,asikoe2
rocpig_XC550328.ogg.npy,rocpig
eurcoo_XC570746.ogg.npy,eurcoo
houspa_XC577120.ogg.npy,houspa
graher1_XC708483.ogg.npy,graher1
eucdov_XC722748.ogg.npy,eucdov
houspa_XC467940.ogg.npy,houspa
whiter2_XC380538.ogg.npy,whiter2
whiter2_XC733016.ogg.npy,whiter2
commoo3_XC786606.ogg.npy,commoo3
grtdro1_XC684829.ogg.npy,grtdro1
litswi1_XC443714.ogg.npy,litswi1
whbtre1_XC296419.ogg.npy,whbtre1
blhori1_XC209942.ogg.npy,blhori1
rufwoo2_XC761135.ogg.npy,rufwoo2
whtkin2_XC540094.ogg.npy,whtkin2
bkwsti_XC185110.ogg.npy,bkwsti
comsan_XC724051.ogg.npy,comsan
pursun3_XC442345.ogg.npy,pursun3
comsan_XC513692.ogg.npy,comsan
eurcoo_XC788813.ogg.npy,eurcoo
litegr_XC841001.ogg.npy,litegr
brnhao1_XC347907.ogg.npy,brnhao1
litgre1_XC857946.ogg.npy,litgre1
stbkin1_XC671715.ogg.npy,stbkin1
shikra1_XC171307.ogg.npy,shikra1
brodro1_XC445040.ogg.npy,brodro1
rewbul_XC196710.ogg.npy,rewbul
grywag_XC292438.ogg.npy,grywag
grnsan_XC737281.ogg.npy,grnsan
litgre1_XC793888.ogg.npy,litgre1
comsan_XC477776.ogg.npy,comsan
commyn_XC116708.ogg.npy,commyn
tibfly3_XC643740.ogg.npy,tibfly3
lirplo_XC309206.ogg.npy,lirplo
blnmon1_XC663594.ogg.npy,blnmon1
pabflo1_XC454349.ogg.npy,pabflo1
brnhao1_XC503420.ogg.npy,brnhao1
comros_XC185248.ogg.npy,comros
rewbul_XC700142.ogg.npy,rewbul
comgre_XC435480.ogg.npy,comgre
grewar3_XC682381.ogg.npy,grewar3
rewbul_XC522219.ogg.npy,rewbul
brakit1_XC663575.ogg.npy,brakit1
laudov1_XC73962.ogg.npy,laudov1
comros_XC572343.ogg.npy,comros
eaywag1_XC378011.ogg.npy,eaywag1
whbwat1_XC150718.ogg.npy,whbwat1
graher1_XC581111.ogg.npy,graher1
maghor2_XC401637.ogg.npy,maghor2
litgre1_XC586345.ogg.npy,litgre1
zitcis1_XC302331.ogg.npy,zitcis1
comros_XC458149.ogg.npy,comros
lblwar1_XC203335.ogg.npy,lblwar1
commoo3_XC549160.ogg.npy,commoo3
blhori1_XC719738.ogg.npy,blhori1
blnmon1_XC338752.ogg.npy,blnmon1
purher1_XC644353.ogg.npy,purher1
eucdov_XC174756.ogg.npy,eucdov
categr_XC411144.ogg.npy,categr
commoo3_XC678060.ogg.npy,commoo3
brcful1_XC716720.ogg.npy,brcful1
grtdro1_XC151466.ogg.npy,grtdro1
bkwsti_XC284629.ogg.npy,bkwsti
rewbul_XC649548.ogg.npy,rewbul
ruftre2_XC239890.ogg.npy,ruftre2
mawthr1_XC324013.ogg.npy,mawthr1
eurcoo_XC596457.ogg.npy,eurcoo
graher1_XC447471.ogg.npy,graher1
comsan_XC556802.ogg.npy,comsan
bkwsti_XC652883.ogg.npy,bkwsti
rorpar_XC688325.ogg.npy,rorpar
eurcoo_XC218711.ogg.npy,eurcoo
woosan_XC187082.ogg.npy,woosan
ashpri1_XC604447.ogg.npy,ashpri1
whbwat1_XC782770.ogg.npy,whbwat1
lirplo_XC749456.ogg.npy,lirplo
grejun2_XC644238.ogg.npy,grejun2
spoowl1_XC572905.ogg.npy,spoowl1
rewbul_XC187044.ogg.npy,rewbul
litegr_XC341750.ogg.npy,litegr
plapri1_XC508287.ogg.npy,plapri1
houspa_XC315539.ogg.npy,houspa
blrwar1_XC565329.ogg.npy,blrwar1
comros_XC328092.ogg.npy,comros
gloibi_XC790751.ogg.npy,gloibi
insbab1_XC655448.ogg.npy,insbab1
bkskit1_XC350344.ogg.npy,bkskit1
purher1_XC135429.ogg.npy,purher1
litgre1_XC629659.ogg.npy,litgre1
scamin3_XC497292.ogg.npy,scamin3
houspa_XC776005.ogg.npy,houspa
eaywag1_XC145239.ogg.npy,eaywag1
marsan_XC132172.ogg.npy,marsan
blhori1_XC406137.ogg.npy,blhori1
revbul_XC507741.ogg.npy,revbul
crseag1_XC624545.ogg.npy,crseag1
whbsho3_XC386968.ogg.npy,whbsho3
rewbul_XC543487.ogg.npy,rewbul
bkwsti_XC806628.ogg.npy,bkwsti
whbwat1_XC793585.ogg.npy,whbwat1
comsan_XC740251.ogg.npy,comsan
graher1_XC190289.ogg.npy,graher1
asbfly_XC713503.ogg.npy,asbfly
litswi1_XC173032.ogg.npy,litswi1
eucdov_XC375708.ogg.npy,eucdov
bkwsti_XC605118.ogg.npy,bkwsti
whiter2_XC180967.ogg.npy,whiter2
malwoo1_XC178259.ogg.npy,malwoo1
eucdov_XC658169.ogg.npy,eucdov
rocpig_XC796915.ogg.npy,rocpig
litegr_XC333941.ogg.npy,litegr
wemhar1_XC526994.ogg.npy,wemhar1
eucdov_XC559635.ogg.npy,eucdov
putbab1_XC638646.ogg.npy,putbab1
asbfly_XC687955.ogg.npy,asbfly
rewbul_XC163924.ogg.npy,rewbul
gloibi_XC140511.ogg.npy,gloibi
eucdov_XC309753.ogg.npy,eucdov
eaywag1_XC644456.ogg.npy,eaywag1
emedov2_XC652452.ogg.npy,emedov2
grnsan_XC585766.ogg.npy,grnsan
hoopoe_XC415723.ogg.npy,hoopoe
bkwsti_XC209481.ogg.npy,bkwsti
eucdov_XC625590.ogg.npy,eucdov
barswa_XC337985.ogg.npy,barswa
barswa_XC716873.ogg.npy,barswa
woosan_XC702149.ogg.npy,woosan
eurcoo_XC463333.ogg.npy,eurcoo
laudov1_XC434667.ogg.npy,laudov1
stbkin1_XC297727.ogg.npy,stbkin1
comros_XC764291.ogg.npy,comros
comtai1_XC183486.ogg.npy,comtai1
grecou1_XC562184.ogg.npy,grecou1
plapri1_XC834654.ogg.npy,plapri1
pursun3_XC653682.ogg.npy,pursun3
commyn_XC437110.ogg.npy,commyn
woosan_XC829257.ogg.npy,woosan
grejun2_XC410759.ogg.npy,grejun2
brakit1_XC743675.ogg.npy,brakit1
blrwar1_XC194051.ogg.npy,blrwar1
wemhar1_XC269745.ogg.npy,wemhar1
bcnher_XC143605.ogg.npy,bcnher
grtdro1_XC372110.ogg.npy,grtdro1
grnsan_XC671570.ogg.npy,grnsan
comsan_XC741448.ogg.npy,comsan
pabflo1_XC652772.ogg.npy,pabflo1
commyn_XC363407.ogg.npy,commyn
litegr_XC307189.ogg.npy,litegr
zitcis1_XC550607.ogg.npy,zitcis1
eucdov_XC523307.ogg.npy,eucdov
lirplo_XC720445.ogg.npy,lirplo
comgre_XC799696.ogg.npy,comgre
bcnher_XC748330.ogg.npy,bcnher
rorpar_XC680457.ogg.npy,rorpar
asikoe2_XC635320.ogg.npy,asikoe2
brnhao1_XC747174.ogg.npy,brnhao1
grecou1_XC721350.ogg.npy,grecou1
litegr_XC333908.ogg.npy,litegr
eucdov_XC183803.ogg.npy,eucdov
blakit1_XC815503.ogg.npy,blakit1
gybpri1_XC406647.ogg.npy,gybpri1
comros_XC197590.ogg.npy,comros
comtai1_XC116215.ogg.npy,comtai1
barswa_XC361226.ogg.npy,barswa
shikra1_XC133781.ogg.npy,shikra1
comsan_XC676514.ogg.npy,comsan
eaywag1_XC668647.ogg.npy,eaywag1
lirplo_XC471236.ogg.npy,lirplo
hoopoe_XC376351.ogg.npy,hoopoe
lesyel1_XC785869.ogg.npy,lesyel1
purher1_XC714710.ogg.npy,purher1
commyn_XC110881.ogg.npy,commyn
grewar3_XC417084.ogg.npy,grewar3
ruftre2_XC493548.ogg.npy,ruftre2
grnsan_XC845322.ogg.npy,grnsan
blrwar1_XC570070.ogg.npy,blrwar1
grnwar1_XC306465.ogg.npy,grnwar1
litspi1_XC402333.ogg.npy,litspi1
copbar1_XC581699.ogg.npy,copbar1
eucdov_XC309253.ogg.npy,eucdov
categr_XC113766.ogg.npy,categr
grejun2_XC603117.ogg.npy,grejun2
greegr_XC615283.ogg.npy,greegr
grecou1_XC323234.ogg.npy,grecou1
hoopoe_XC184598.ogg.npy,hoopoe
blrwar1_XC508604.ogg.npy,blrwar1
whbsho3_XC120590.ogg.npy,whbsho3
whbbul2_XC366608.ogg.npy,whbbul2
rufwoo2_XC684467.ogg.npy,rufwoo2
litegr_XC507306.ogg.npy,litegr
marsan_XC474420.ogg.npy,marsan
bkskit1_XC352479.ogg.npy,bkskit1
whiter2_XC270176.ogg.npy,whiter2
houspa_XC395227.ogg.npy,houspa
purher1_XC729179.ogg.npy,purher1
houspa_XC729378.ogg.npy,houspa
insowl1_XC141663.ogg.npy,insowl1
ashpri1_XC788176.ogg.npy,ashpri1
grecou1_XC784590.ogg.npy,grecou1
litegr_XC672908.ogg.npy,litegr
litgre1_XC500211.ogg.npy,litgre1
woosan_XC641316.ogg.npy,woosan
eucdov_XC507345.ogg.npy,eucdov
bcnher_XC733160.ogg.npy,bcnher
eurcoo_XC468662.ogg.npy,eurcoo
comior1_XC371664.ogg.npy,comior1
comgre_XC326586.ogg.npy,comgre
ashpri1_XC657869.ogg.npy,ashpri1
eucdov_XC743744.ogg.npy,eucdov
rorpar_XC606450.ogg.npy,rorpar
commoo3_XC826469.ogg.npy,commoo3
brnshr_XC458239.ogg.npy,brnshr
grenig1_XC612085.ogg.npy,grenig1
comsan_XC434766.ogg.npy,comsan
lirplo_XC588477.ogg.npy,lirplo
grnsan_XC521925.ogg.npy,grnsan
blakit1_XC765080.ogg.npy,blakit1
pursun3_XC537485.ogg.npy,pursun3
eurcoo_XC784638.ogg.npy,eurcoo
bcnher_XC240302.ogg.npy,bcnher
lirplo_XC571107.ogg.npy,lirplo
blrwar1_XC657258.ogg.npy,blrwar1
wemhar1_XC782716.ogg.npy,wemhar1
putbab1_XC579464.ogg.npy,putbab1
crfbar1_XC540675.ogg.npy,crfbar1
graher1_XC310442.ogg.npy,graher1
grywag_XC564946.ogg.npy,grywag
woosan_XC746239.ogg.npy,woosan
comsan_XC553365.ogg.npy,comsan
commoo3_XC182439.ogg.npy,commoo3
eucdov_XC234418.ogg.npy,eucdov
houspa_XC282809.ogg.npy,houspa
comsan_XC277309.ogg.npy,comsan
litegr_XC305617.ogg.npy,litegr
woosan_XC372968.ogg.npy,woosan
blrwar1_XC735277.ogg.npy,blrwar1
whiter2_XC840858.ogg.npy,whiter2
woosan_XC787193.ogg.npy,woosan
kenplo1_XC797909.ogg.npy,kenplo1
barfly1_XC19576.ogg.npy,barfly1
grewar3_XC431698.ogg.npy,grewar3
rocpig_XC636573.ogg.npy,rocpig
graher1_XC827137.ogg.npy,graher1
grnwar1_XC346185.ogg.npy,grnwar1
purswa3_XC857309.ogg.npy,purswa3
tibfly3_XC303902.ogg.npy,tibfly3
greegr_XC167108.ogg.npy,greegr
laudov1_XC405195.ogg.npy,laudov1
spoowl1_XC836781.ogg.npy,spoowl1
marsan_XC841281.ogg.npy,marsan
litgre1_XC630976.ogg.npy,litgre1
labcro1_XC191043.ogg.npy,labcro1
brnshr_XC457834.ogg.npy,brnshr
graher1_XC391014.ogg.npy,graher1
bkskit1_XC363280.ogg.npy,bkskit1
graher1_XC586707.ogg.npy,graher1
bladro1_XC598150.ogg.npy,bladro1
grtdro1_XC666146.ogg.npy,grtdro1
blakit1_XC341218.ogg.npy,blakit1
comsan_XC554582.ogg.npy,comsan
barswa_XC779101.ogg.npy,barswa
bcnher_XC643793.ogg.npy,bcnher
houspa_XC571254.ogg.npy,houspa
gloibi_XC417659.ogg.npy,gloibi
grewar3_XC243498.ogg.npy,grewar3
bcnher_XC789514.ogg.npy,bcnher
blnmon1_XC320923.ogg.npy,blnmon1
eurcoo_XC800826.ogg.npy,eurcoo
brwowl1_XC151383.ogg.npy,brwowl1
grejun2_XC395054.ogg.npy,grejun2
brfowl1_XC826279.ogg.npy,brfowl1
eaywag1_XC651311.ogg.npy,eaywag1
bcnher_XC856291.ogg.npy,bcnher
comior1_XC529731.ogg.npy,comior1
comsan_XC798794.ogg.npy,comsan
purher1_XC839835.ogg.npy,purher1
whiter2_XC660326.ogg.npy,whiter2
comsan_XC668161.ogg.npy,comsan
grnsan_XC804863.ogg.npy,grnsan
comtai1_XC276808.ogg.npy,comtai1
gryfra_XC635699.ogg.npy,gryfra
eaywag1_XC507677.ogg.npy,eaywag1
whcbar1_XC464136.ogg.npy,whcbar1
lirplo_XC190294.ogg.npy,lirplo
grewar3_XC501074.ogg.npy,grewar3
eaywag1_XC588750.ogg.npy,eaywag1
oripip1_XC439002.ogg.npy,oripip1
putbab1_XC506857.ogg.npy,putbab1
hoopoe_XC607916.ogg.npy,hoopoe
gybpri1_XC548375.ogg.npy,gybpri1
grtdro1_XC398480.ogg.npy,grtdro1
hoopoe_XC176275.ogg.npy,hoopoe
comsan_XC554068.ogg.npy,comsan
grecou1_XC764543.ogg.npy,grecou1
comkin1_XC466765.ogg.npy,comkin1
compea_XC779022.ogg.npy,compea
grtdro1_XC724560.ogg.npy,grtdro1
grefla1_XC295722.ogg.npy,grefla1
rerswa1_XC390255.ogg.npy,rerswa1
shikra1_XC736327.ogg.npy,shikra1
comtai1_XC402841.ogg.npy,comtai1
grywag_XC824856.ogg.npy,grywag
eaywag1_XC469957.ogg.npy,eaywag1
grtdro1_XC393372.ogg.npy,grtdro1
labcro1_XC805894.ogg.npy,labcro1
barswa_XC486272.ogg.npy,barswa
comsan_XC670693.ogg.npy,comsan
rerswa1_XC267777.ogg.npy,rerswa1
bkwsti_XC649111.ogg.npy,bkwsti
greegr_XC145803.ogg.npy,greegr
houspa_XC234318.ogg.npy,houspa
bkskit1_XC352496.ogg.npy,bkskit1
comros_XC435912.ogg.npy,comros
gyhcaf1_XC699940.ogg.npy,gyhcaf1
eaywag1_XC588472.ogg.npy,eaywag1
spodov_XC185648.ogg.npy,spodov
copbar1_XC381612.ogg.npy,copbar1
gargan_XC715889.ogg.npy,gargan
comtai1_XC540351.ogg.npy,comtai1
plapri1_XC802407.ogg.npy,plapri1
rorpar_XC602170.ogg.npy,rorpar
bcnher_XC842816.ogg.npy,bcnher
oripip1_XC395097.ogg.npy,oripip1
whiter2_XC520075.ogg.npy,whiter2
woosan_XC554677.ogg.npy,woosan
greegr_XC198099.ogg.npy,greegr
rufwoo2_XC646760.ogg.npy,rufwoo2
kenplo1_XC785264.ogg.npy,kenplo1
cohcuc1_XC214007.ogg.npy,cohcuc1
labcro1_XC786601.ogg.npy,labcro1
gyhcaf1_XC505020.ogg.npy,gyhcaf1
mawthr1_XC443128.ogg.npy,mawthr1
ashwoo2_XC186765.ogg.npy,ashwoo2
litegr_XC795967.ogg.npy,litegr
grtdro1_XC603524.ogg.npy,grtdro1
spodov_XC786219.ogg.npy,spodov
plapri1_XC540753.ogg.npy,plapri1
whbbul2_XC335671.ogg.npy,whbbul2
labcro1_XC115153.ogg.npy,labcro1
barswa_XC361241.ogg.npy,barswa
comkin1_XC506216.ogg.npy,comkin1
commoo3_XC539951.ogg.npy,commoo3
grnsan_XC541861.ogg.npy,grnsan
plaflo1_XC214030.ogg.npy,plaflo1
whtkin2_XC545686.ogg.npy,whtkin2
eucdov_XC775189.ogg.npy,eucdov
grnsan_XC586518.ogg.npy,grnsan
litswi1_XC574608.ogg.npy,litswi1
commyn_XC208162.ogg.npy,commyn
purher1_XC654819.ogg.npy,purher1
asikoe2_XC722516.ogg.npy,asikoe2
insbab1_XC165980.ogg.npy,insbab1
graher1_XC404343.ogg.npy,graher1
graher1_XC587844.ogg.npy,graher1
bkskit1_XC776313.ogg.npy,bkskit1
emedov2_XC732721.ogg.npy,emedov2
kenplo1_XC185103.ogg.npy,kenplo1
houcro1_XC209018.ogg.npy,houcro1
grewar3_XC684284.ogg.npy,grewar3
rufwoo2_XC708014.ogg.npy,rufwoo2
grnsan_XC839780.ogg.npy,grnsan
plapri1_XC804374.ogg.npy,plapri1
gargan_XC266812.ogg.npy,gargan
comgre_XC376848.ogg.npy,comgre
categr_XC800985.ogg.npy,categr
hoopoe_XC487072.ogg.npy,hoopoe
woosan_XC551341.ogg.npy,woosan
comgre_XC312857.ogg.npy,comgre
comros_XC374390.ogg.npy,comros
whbbul2_XC469374.ogg.npy,whbbul2
woosan_XC530491.ogg.npy,woosan
houspa_XC178383.ogg.npy,houspa
crseag1_XC324711.ogg.npy,crseag1
hoopoe_XC557962.ogg.npy,hoopoe
litegr_XC505477.ogg.npy,litegr
hoopoe_XC371215.ogg.npy,hoopoe
houspa_XC805403.ogg.npy,houspa
bkskit1_XC474565.ogg.npy,bkskit1
woosan_XC197600.ogg.npy,woosan
litgre1_XC545992.ogg.npy,litgre1
barswa_XC282921.ogg.npy,barswa
grywag_XC539668.ogg.npy,grywag
bkskit1_XC433766.ogg.npy,bkskit1
sohmyn1_XC464128.ogg.npy,sohmyn1
grnsan_XC551534.ogg.npy,grnsan
ruftre2_XC593439.ogg.npy,ruftre2
rocpig_XC705769.ogg.npy,rocpig
zitcis1_XC607472.ogg.npy,zitcis1
rerswa1_XC318425.ogg.npy,rerswa1
comros_XC264060.ogg.npy,comros
whbwag1_XC575104.ogg.npy,whbwag1
grnsan_XC586237.ogg.npy,grnsan
comsan_XC664399.ogg.npy,comsan
labcro1_XC447036.ogg.npy,labcro1
laudov1_XC288799.ogg.npy,laudov1
comsan_XC686343.ogg.npy,comsan
putbab1_XC718037.ogg.npy,putbab1
spodov_XC748185.ogg.npy,spodov
oripip1_XC303835.ogg.npy,oripip1
categr_XC800225.ogg.npy,categr
rorpar_XC630592.ogg.npy,rorpar
houspa_XC269446.ogg.npy,houspa
bwfshr1_XC197601.ogg.npy,bwfshr1
lirplo_XC743057.ogg.npy,lirplo
rorpar_XC236819.ogg.npy,rorpar
grewar3_XC140258.ogg.npy,grewar3
rorpar_XC209722.ogg.npy,rorpar
eurcoo_XC702525.ogg.npy,eurcoo
asikoe2_XC164022.ogg.npy,asikoe2
gargan_XC541440.ogg.npy,gargan
grnsan_XC722753.ogg.npy,grnsan
comgre_XC496509.ogg.npy,comgre
spepic1_XC784671.ogg.npy,spepic1
litgre1_XC744097.ogg.npy,litgre1
lirplo_XC645411.ogg.npy,lirplo
grewar3_XC431703.ogg.npy,grewar3
blakit1_XC761913.ogg.npy,blakit1
spepic1_XC305330.ogg.npy,spepic1
comkin1_XC465776.ogg.npy,comkin1
rorpar_XC856224.ogg.npy,rorpar
grnsan_XC189950.ogg.npy,grnsan
comior1_XC447224.ogg.npy,comior1
eaywag1_XC471553.ogg.npy,eaywag1
goflea1_XC126424.ogg.npy,goflea1
wemhar1_XC118164.ogg.npy,wemhar1
plapri1_XC234694.ogg.npy,plapri1
woosan_XC381827.ogg.npy,woosan
comkin1_XC639353.ogg.npy,comkin1
bkrfla1_XC283189.ogg.npy,bkrfla1
isbduc1_XC467964.ogg.npy,isbduc1
comkin1_XC293530.ogg.npy,comkin1
kenplo1_XC782750.ogg.npy,kenplo1
eucdov_XC644554.ogg.npy,eucdov
piekin1_XC615622.ogg.npy,piekin1
grtdro1_XC559431.ogg.npy,grtdro1
woosan_XC785525.ogg.npy,woosan
lesyel1_XC390464.ogg.npy,lesyel1
blrwar1_XC484461.ogg.npy,blrwar1
eaywag1_XC799740.ogg.npy,eaywag1
comkin1_XC787398.ogg.npy,comkin1
houspa_XC709397.ogg.npy,houspa
zitcis1_XC768491.ogg.npy,zitcis1
comtai1_XC133732.ogg.npy,comtai1
comkin1_XC388944.ogg.npy,comkin1
woosan_XC687190.ogg.npy,woosan
yebbab1_XC164028.ogg.npy,yebbab1
greegr_XC257308.ogg.npy,greegr
houspa_XC261462.ogg.npy,houspa
kerlau2_XC787242.ogg.npy,kerlau2
hoopoe_XC728033.ogg.npy,hoopoe
bkwsti_XC313564.ogg.npy,bkwsti
comior1_XC394245.ogg.npy,comior1
grewar3_XC462673.ogg.npy,grewar3
woosan_XC636797.ogg.npy,woosan
comsan_XC588255.ogg.npy,comsan
hoopoe_XC417204.ogg.npy,hoopoe
rocpig_XC299839.ogg.npy,rocpig
categr_XC350629.ogg.npy,categr
gybpri1_XC778992.ogg.npy,gybpri1
rorpar_XC542746.ogg.npy,rorpar
grecou1_XC157744.ogg.npy,grecou1
rorpar_XC602168.ogg.npy,rorpar
revbul_XC324200.ogg.npy,revbul
wemhar1_XC469570.ogg.npy,wemhar1
commyn_XC203359.ogg.npy,commyn
whbwag1_XC196969.ogg.npy,whbwag1
brwowl1_XC355112.ogg.npy,brwowl1
gyhcaf1_XC820554.ogg.npy,gyhcaf1
comtai1_XC402240.ogg.npy,comtai1
comkin1_XC591053.ogg.npy,comkin1
bkwsti_XC780711.ogg.npy,bkwsti
comgre_XC489813.ogg.npy,comgre
brasta1_XC19605.ogg.npy,brasta1
grnwar1_XC567046.ogg.npy,grnwar1
grewar3_XC418609.ogg.npy,grewar3
blrwar1_XC808109.ogg.npy,blrwar1
eaywag1_XC758505.ogg.npy,eaywag1
eaywag1_XC795839.ogg.npy,eaywag1
rorpar_XC491731.ogg.npy,rorpar
woosan_XC432437.ogg.npy,woosan
putbab1_XC387546.ogg.npy,putbab1
rorpar_XC770930.ogg.npy,rorpar
thbwar1_XC821759.ogg.npy,thbwar1
comsan_XC586343.ogg.npy,comsan
wemhar1_XC700544.ogg.npy,wemhar1
greegr_XC361135.ogg.npy,greegr
labcro1_XC724414.ogg.npy,labcro1
litegr_XC687077.ogg.npy,litegr
plhpar1_XC576588.ogg.npy,plhpar1
blrwar1_XC809377.ogg.npy,blrwar1
eaywag1_XC675362.ogg.npy,eaywag1
brcful1_XC684830.ogg.npy,brcful1
pomgrp2_XC397146.ogg.npy,pomgrp2
commyn_XC583034.ogg.npy,commyn
bkwsti_XC526927.ogg.npy,bkwsti
eucdov_XC573942.ogg.npy,eucdov
piekin1_XC515833.ogg.npy,piekin1
lirplo_XC360706.ogg.npy,lirplo
brwowl1_XC768383.ogg.npy,brwowl1
zitcis1_XC309646.ogg.npy,zitcis1
blrwar1_XC184721.ogg.npy,blrwar1
greegr_XC443382.ogg.npy,greegr
houspa_XC618127.ogg.npy,houspa
blhori1_XC744010.ogg.npy,blhori1
barswa_XC581792.ogg.npy,barswa
graher1_XC56770.ogg.npy,graher1
woosan_XC381830.ogg.npy,woosan
bcnher_XC566574.ogg.npy,bcnher
whrmun_XC733978.ogg.npy,whrmun
whiter2_XC480131.ogg.npy,whiter2
comros_XC457665.ogg.npy,comros
zitcis1_XC208075.ogg.npy,zitcis1
comkin1_XC746926.ogg.npy,comkin1
litegr_XC333884.ogg.npy,litegr
labcro1_XC794505.ogg.npy,labcro1
litgre1_XC841271.ogg.npy,litgre1
lirplo_XC138863.ogg.npy,lirplo
eaywag1_XC533905.ogg.npy,eaywag1
barswa_XC674252.ogg.npy,barswa
grnsan_XC737052.ogg.npy,grnsan
graher1_XC792165.ogg.npy,graher1
copbar1_XC620129.ogg.npy,copbar1
commoo3_XC649692.ogg.npy,commoo3
rewbul_XC207900.ogg.npy,rewbul
gybpri1_XC282569.ogg.npy,gybpri1
eucdov_XC622226.ogg.npy,eucdov
comkin1_XC588010.ogg.npy,comkin1
asikoe2_XC365421.ogg.npy,asikoe2
laudov1_XC539786.ogg.npy,laudov1
asikoe2_XC301717.ogg.npy,asikoe2
litgre1_XC381781.ogg.npy,litgre1
comior1_XC641529.ogg.npy,comior1
brwowl1_XC784709.ogg.npy,brwowl1
eaywag1_XC702608.ogg.npy,eaywag1
insbab1_XC777174.ogg.npy,insbab1
kenplo1_XC765902.ogg.npy,kenplo1
grywag_XC842451.ogg.npy,grywag
comkin1_XC686764.ogg.npy,comkin1
sqtbul1_XC618873.ogg.npy,sqtbul1
eurcoo_XC736564.ogg.npy,eurcoo
brnshr_XC458650.ogg.npy,brnshr
smamin1_XC352053.ogg.npy,smamin1
rorpar_XC346240.ogg.npy,rorpar
rorpar_XC535798.ogg.npy,rorpar
zitcis1_XC460614.ogg.npy,zitcis1
whbwat1_XC577914.ogg.npy,whbwat1
commoo3_XC800601.ogg.npy,commoo3
barswa_XC361738.ogg.npy,barswa
spoowl1_XC19863.ogg.npy,spoowl1
purswa3_XC453731.ogg.npy,purswa3
grnsan_XC533548.ogg.npy,grnsan
hoopoe_XC120381.ogg.npy,hoopoe
grnsan_XC671802.ogg.npy,grnsan
grnsan_XC338834.ogg.npy,grnsan
rorpar_XC696972.ogg.npy,rorpar
cregos1_XC840476.ogg.npy,cregos1
barswa_XC671669.ogg.npy,barswa
barswa_XC344095.ogg.npy,barswa
rorpar_XC612032.ogg.npy,rorpar
zitcis1_XC125068.ogg.npy,zitcis1
litswi1_XC439709.ogg.npy,litswi1
barswa_XC473764.ogg.npy,barswa
lirplo_XC832167.ogg.npy,lirplo
purher1_XC748055.ogg.npy,purher1
rewbul_XC203338.ogg.npy,rewbul
barswa_XC324838.ogg.npy,barswa
rorpar_XC773307.ogg.npy,rorpar
tibfly3_XC645726.ogg.npy,tibfly3
comkin1_XC270478.ogg.npy,comkin1
moipig1_XC205432.ogg.npy,moipig1
commoo3_XC714169.ogg.npy,commoo3
comros_XC148838.ogg.npy,comros
graher1_XC672049.ogg.npy,graher1
rerswa1_XC471774.ogg.npy,rerswa1
comros_XC746242.ogg.npy,comros
comkin1_XC692348.ogg.npy,comkin1
graher1_XC728116.ogg.npy,graher1
bkwsti_XC787806.ogg.npy,bkwsti
comros_XC457673.ogg.npy,comros
categr_XC838625.ogg.npy,categr
emedov2_XC142451.ogg.npy,emedov2
labcro1_XC307471.ogg.npy,labcro1
comkin1_XC188955.ogg.npy,comkin1
spepic1_XC706692.ogg.npy,spepic1
ingori1_XC842316.ogg.npy,ingori1
bkwsti_XC835990.ogg.npy,bkwsti
asikoe2_XC578005.ogg.npy,asikoe2
woosan_XC664762.ogg.npy,woosan
barswa_XC819461.ogg.npy,barswa
kenplo1_XC339478.ogg.npy,kenplo1
grewar3_XC246717.ogg.npy,grewar3
blrwar1_XC379071.ogg.npy,blrwar1
brwowl1_XC416452.ogg.npy,brwowl1
zitcis1_XC494496.ogg.npy,zitcis1
litswi1_XC723394.ogg.npy,litswi1
comros_XC289946.ogg.npy,comros
eucdov_XC668306.ogg.npy,eucdov
bkwsti_XC562869.ogg.npy,bkwsti
zitcis1_XC773831.ogg.npy,zitcis1
spepic1_XC804335.ogg.npy,spepic1
zitcis1_XC657381.ogg.npy,zitcis1
oripip1_XC858468.ogg.npy,oripip1
whbwat1_XC764948.ogg.npy,whbwat1
crseag1_XC338727.ogg.npy,crseag1
graher1_XC747233.ogg.npy,graher1
eurbla2_XC572939.ogg.npy,eurbla2
eurcoo_XC774672.ogg.npy,eurcoo
nutman_XC449521.ogg.npy,nutman
whbwat1_XC548744.ogg.npy,whbwat1
greegr_XC650016.ogg.npy,greegr
bkskit1_XC350346.ogg.npy,bkskit1
grtdro1_XC197119.ogg.npy,grtdro1
gyhcaf1_XC612681.ogg.npy,gyhcaf1
litegr_XC636767.ogg.npy,litegr
houspa_XC112647.ogg.npy,houspa
bkskit1_XC350401.ogg.npy,bkskit1
lirplo_XC818247.ogg.npy,lirplo
crfbar1_XC214028.ogg.npy,crfbar1
eucdov_XC811631.ogg.npy,eucdov
wemhar1_XC408867.ogg.npy,wemhar1
putbab1_XC180858.ogg.npy,putbab1
grtdro1_XC124717.ogg.npy,grtdro1
whbwoo2_XC768998.ogg.npy,whbwoo2
barswa_XC690495.ogg.npy,barswa
rorpar_XC403954.ogg.npy,rorpar
grnsan_XC678736.ogg.npy,grnsan
putbab1_XC439385.ogg.npy,putbab1
gloibi_XC388794.ogg.npy,gloibi
hoopoe_XC304013.ogg.npy,hoopoe
whrmun_XC853725.ogg.npy,whrmun
rocpig_XC645563.ogg.npy,rocpig
putbab1_XC116282.ogg.npy,putbab1
comsan_XC824476.ogg.npy,comsan
comior1_XC616812.ogg.npy,comior1
blakit1_XC464266.ogg.npy,blakit1
hoopoe_XC788393.ogg.npy,hoopoe
comior1_XC38821.ogg.npy,comior1
blrwar1_XC139035.ogg.npy,blrwar1
comior1_XC657866.ogg.npy,comior1
grtdro1_XC158760.ogg.npy,grtdro1
lewduc1_XC190866.ogg.npy,lewduc1
plapri1_XC240457.ogg.npy,plapri1
comtai1_XC809635.ogg.npy,comtai1
indpit1_XC358392.ogg.npy,indpit1
litgre1_XC326376.ogg.npy,litgre1
whbwat1_XC150450.ogg.npy,whbwat1
whiter2_XC845780.ogg.npy,whiter2
categr_XC146066.ogg.npy,categr
grywag_XC830464.ogg.npy,grywag
houcro1_XC208879.ogg.npy,houcro1
comgre_XC722938.ogg.npy,comgre
grefla1_XC619761.ogg.npy,grefla1
commyn_XC309110.ogg.npy,commyn
whtkin2_XC155920.ogg.npy,whtkin2
pursun4_XC133777.ogg.npy,pursun4
gyhcaf1_XC307498.ogg.npy,gyhcaf1
zitcis1_XC557790.ogg.npy,zitcis1
grefla1_XC115092.ogg.npy,grefla1
ashdro1_XC290005.ogg.npy,ashdro1
houspa_XC486560.ogg.npy,houspa
houspa_XC635445.ogg.npy,houspa
gargan_XC709786.ogg.npy,gargan
comsan_XC830859.ogg.npy,comsan
blrwar1_XC568877.ogg.npy,blrwar1
shikra1_XC723550.ogg.npy,shikra1
eurcoo_XC605065.ogg.npy,eurcoo
asbfly_XC267680.ogg.npy,asbfly
revbul_XC205815.ogg.npy,revbul
rewbul_XC770528.ogg.npy,rewbul
eurcoo_XC548686.ogg.npy,eurcoo
brnshr_XC458246.ogg.npy,brnshr
gloibi_XC139957.ogg.npy,gloibi
houspa_XC784202.ogg.npy,houspa
thbwar1_XC755639.ogg.npy,thbwar1
graher1_XC287857.ogg.npy,graher1
kenplo1_XC718537.ogg.npy,kenplo1
eurcoo_XC459018.ogg.npy,eurcoo
litgre1_XC793484.ogg.npy,litgre1
stbkin1_XC737724.ogg.npy,stbkin1
eurcoo_XC463603.ogg.npy,eurcoo
commoo3_XC586140.ogg.npy,commoo3
rewbul_XC724558.ogg.npy,rewbul
oripip1_XC701789.ogg.npy,oripip1
comros_XC575048.ogg.npy,comros
whbwag1_XC497102.ogg.npy,whbwag1
bcnher_XC416417.ogg.npy,bcnher
graher1_XC750564.ogg.npy,graher1
grnsan_XC744307.ogg.npy,grnsan
hoopoe_XC298840.ogg.npy,hoopoe
woosan_XC689928.ogg.npy,woosan
grecou1_XC467412.ogg.npy,grecou1
blakit1_XC363596.ogg.npy,blakit1
woosan_XC661721.ogg.npy,woosan
barswa_XC653437.ogg.npy,barswa
rufwoo2_XC613289.ogg.npy,rufwoo2
zitcis1_XC656819.ogg.npy,zitcis1
litgre1_XC192370.ogg.npy,litgre1
houspa_XC454068.ogg.npy,houspa
grywag_XC722596.ogg.npy,grywag
eurcoo_XC603065.ogg.npy,eurcoo
whtkin2_XC783842.ogg.npy,whtkin2
blrwar1_XC573531.ogg.npy,blrwar1
greegr_XC669141.ogg.npy,greegr
litgre1_XC557867.ogg.npy,litgre1
lirplo_XC703159.ogg.npy,lirplo
kenplo1_XC339480.ogg.npy,kenplo1
gloibi_XC476091.ogg.npy,gloibi
hoopoe_XC667759.ogg.npy,hoopoe
blakit1_XC424088.ogg.npy,blakit1
labcro1_XC763694.ogg.npy,labcro1
bkwsti_XC755896.ogg.npy,bkwsti
comros_XC726658.ogg.npy,comros
forwag1_XC684518.ogg.npy,forwag1
gyhcaf1_XC307401.ogg.npy,gyhcaf1
tibfly3_XC512702.ogg.npy,tibfly3
gyhcaf1_XC293597.ogg.npy,gyhcaf1
eurcoo_XC703142.ogg.npy,eurcoo
gloibi_XC737595.ogg.npy,gloibi
barswa_XC458642.ogg.npy,barswa
grewar3_XC134818.ogg.npy,grewar3
blakit1_XC807584.ogg.npy,blakit1
graher1_XC625206.ogg.npy,graher1
graher1_XC595499.ogg.npy,graher1
wemhar1_XC308735.ogg.npy,wemhar1
bkwsti_XC550012.ogg.npy,bkwsti
gyhcaf1_XC841867.ogg.npy,gyhcaf1
hoopoe_XC278193.ogg.npy,hoopoe
commoo3_XC726959.ogg.npy,commoo3
bcnher_XC528487.ogg.npy,bcnher
eaywag1_XC647652.ogg.npy,eaywag1
bcnher_XC637010.ogg.npy,bcnher
eurcoo_XC782092.ogg.npy,eurcoo
comros_XC183530.ogg.npy,comros
ashdro1_XC607200.ogg.npy,ashdro1
eaywag1_XC481362.ogg.npy,eaywag1
wemhar1_XC557231.ogg.npy,wemhar1
barswa_XC267418.ogg.npy,barswa
copbar1_XC531534.ogg.npy,copbar1
houspa_XC443087.ogg.npy,houspa
eurcoo_XC696601.ogg.npy,eurcoo
litgre1_XC267216.ogg.npy,litgre1
spepic1_XC706691.ogg.npy,spepic1
litgre1_XC832170.ogg.npy,litgre1
rocpig_XC829903.ogg.npy,rocpig
comgre_XC631206.ogg.npy,comgre
rewlap1_XC665480.ogg.npy,rewlap1
lirplo_XC371383.ogg.npy,lirplo
pursun4_XC19812.ogg.npy,pursun4
hoopoe_XC698956.ogg.npy,hoopoe
ashdro1_XC239393.ogg.npy,ashdro1
zitcis1_XC476911.ogg.npy,zitcis1
lobsun2_XC178282.ogg.npy,lobsun2
comros_XC42434.ogg.npy,comros
houspa_XC132427.ogg.npy,houspa
comsan_XC435516.ogg.npy,comsan
commyn_XC724550.ogg.npy,commyn
brnhao1_XC404182.ogg.npy,brnhao1
grnsan_XC381549.ogg.npy,grnsan
putbab1_XC318811.ogg.npy,putbab1
lobsun2_XC406136.ogg.npy,lobsun2
litgre1_XC570578.ogg.npy,litgre1
eurcoo_XC428626.ogg.npy,eurcoo
grecou1_XC210462.ogg.npy,grecou1
eurcoo_XC630622.ogg.npy,eurcoo
bkwsti_XC798711.ogg.npy,bkwsti
barswa_XC277319.ogg.npy,barswa
houcro1_XC163856.ogg.npy,houcro1
junowl1_XC197752.ogg.npy,junowl1
graher1_XC832779.ogg.npy,graher1
junmyn1_XC444546.ogg.npy,junmyn1
bkskit1_XC352550.ogg.npy,bkskit1
brnshr_XC162992.ogg.npy,brnshr
brnhao1_XC422646.ogg.npy,brnhao1
grtdro1_XC606821.ogg.npy,grtdro1
whrmun_XC766566.ogg.npy,whrmun
comgre_XC202776.ogg.npy,comgre
grnsan_XC488390.ogg.npy,grnsan
rorpar_XC209710.ogg.npy,rorpar
rocpig_XC263183.ogg.npy,rocpig
gyhcaf1_XC116624.ogg.npy,gyhcaf1
litspi1_XC654686.ogg.npy,litspi1
comgre_XC551312.ogg.npy,comgre
bkwsti_XC289302.ogg.npy,bkwsti
zitcis1_XC633271.ogg.npy,zitcis1
commyn_XC187040.ogg.npy,commyn
rerswa1_XC697566.ogg.npy,rerswa1
lirplo_XC814605.ogg.npy,lirplo
comkin1_XC357694.ogg.npy,comkin1
bcnher_XC543468.ogg.npy,bcnher
labcro1_XC116709.ogg.npy,labcro1
bladro1_XC187012.ogg.npy,bladro1
bwfshr1_XC788281.ogg.npy,bwfshr1
categr_XC192969.ogg.npy,categr
eaywag1_XC540598.ogg.npy,eaywag1
gryfra_XC447189.ogg.npy,gryfra
bwfshr1_XC453359.ogg.npy,bwfshr1
houspa_XC699901.ogg.npy,houspa
blakit1_XC765077.ogg.npy,blakit1
rerswa1_XC437891.ogg.npy,rerswa1
litswi1_XC607160.ogg.npy,litswi1
indpit1_XC197116.ogg.npy,indpit1
pursun4_XC576589.ogg.npy,pursun4
bkwsti_XC623019.ogg.npy,bkwsti
comros_XC310153.ogg.npy,comros
comgre_XC670797.ogg.npy,comgre
commoo3_XC534750.ogg.npy,commoo3
lblwar1_XC176134.ogg.npy,lblwar1
plapri1_XC545599.ogg.npy,plapri1
eurcoo_XC710141.ogg.npy,eurcoo
piebus1_XC642817.ogg.npy,piebus1
gloibi_XC417660.ogg.npy,gloibi
commyn_XC679611.ogg.npy,commyn
zitcis1_XC414715.ogg.npy,zitcis1
putbab1_XC189020.ogg.npy,putbab1
blrwar1_XC659129.ogg.npy,blrwar1
woosan_XC796856.ogg.npy,woosan
whbbul2_XC741608.ogg.npy,whbbul2
plapri1_XC578468.ogg.npy,plapri1
comkin1_XC500306.ogg.npy,comkin1
houspa_XC840016.ogg.npy,houspa
pabflo1_XC646904.ogg.npy,pabflo1
grejun2_XC457529.ogg.npy,grejun2
comgre_XC753655.ogg.npy,comgre
houspa_XC535944.ogg.npy,houspa
woosan_XC140447.ogg.npy,woosan
comtai1_XC424135.ogg.npy,comtai1
comior1_XC516499.ogg.npy,comior1
grnsan_XC326656.ogg.npy,grnsan
litspi1_XC151077.ogg.npy,litspi1
comior1_XC146870.ogg.npy,comior1
indrol2_XC571487.ogg.npy,indrol2
rewbul_XC304451.ogg.npy,rewbul
graher1_XC757679.ogg.npy,graher1
pursun3_XC664672.ogg.npy,pursun3
grnsan_XC667157.ogg.npy,grnsan
whbwag1_XC787058.ogg.npy,whbwag1
eaywag1_XC765889.ogg.npy,eaywag1
pursun3_XC208681.ogg.npy,pursun3
shikra1_XC783720.ogg.npy,shikra1
houspa_XC344306.ogg.npy,houspa
purswa3_XC858113.ogg.npy,purswa3
bkwsti_XC546510.ogg.npy,bkwsti
commyn_XC506210.ogg.npy,commyn
rewbul_XC538779.ogg.npy,rewbul
eucdov_XC612031.ogg.npy,eucdov
litgre1_XC633994.ogg.npy,litgre1
barswa_XC382657.ogg.npy,barswa
cohcuc1_XC461601.ogg.npy,cohcuc1
comkin1_XC710516.ogg.npy,comkin1
tilwar1_XC176794.ogg.npy,tilwar1
blrwar1_XC842252.ogg.npy,blrwar1
eurbla2_XC574147.ogg.npy,eurbla2
eurcoo_XC648129.ogg.npy,eurcoo
gyhcaf1_XC207764.ogg.npy,gyhcaf1
blaeag1_XC383932.ogg.npy,blaeag1
litgre1_XC798674.ogg.npy,litgre1
barswa_XC267423.ogg.npy,barswa
shikra1_XC184129.ogg.npy,shikra1
gargan_XC120389.ogg.npy,gargan
lblwar1_XC470536.ogg.npy,lblwar1
eurcoo_XC789111.ogg.npy,eurcoo
eaywag1_XC569651.ogg.npy,eaywag1
hoopoe_XC291953.ogg.npy,hoopoe
grbeat1_XC588707.ogg.npy,grbeat1
sqtbul1_XC178307.ogg.npy,sqtbul1
bcnher_XC551196.ogg.npy,bcnher
graher1_XC580770.ogg.npy,graher1
lirplo_XC840141.ogg.npy,lirplo
litegr_XC682395.ogg.npy,litegr
kenplo1_XC338266.ogg.npy,kenplo1
zitcis1_XC568234.ogg.npy,zitcis1
lirplo_XC654972.ogg.npy,lirplo
brnhao1_XC740229.ogg.npy,brnhao1
compea_XC426341.ogg.npy,compea
emedov2_XC787545.ogg.npy,emedov2
litgre1_XC424678.ogg.npy,litgre1
grnwar1_XC509566.ogg.npy,grnwar1
grnsan_XC817938.ogg.npy,grnsan
kenplo1_XC366753.ogg.npy,kenplo1
graher1_XC521616.ogg.npy,graher1
eurcoo_XC658199.ogg.npy,eurcoo
rewbul_XC777644.ogg.npy,rewbul
rewbul_XC713308.ogg.npy,rewbul
grtdro1_XC610726.ogg.npy,grtdro1
crseag1_XC441716.ogg.npy,crseag1
purher1_XC828731.ogg.npy,purher1
graher1_XC334074.ogg.npy,graher1
comkin1_XC692959.ogg.npy,comkin1
woosan_XC187197.ogg.npy,woosan
stbkin1_XC240371.ogg.npy,stbkin1
commoo3_XC788108.ogg.npy,commoo3
comros_XC743312.ogg.npy,comros
bkwsti_XC487841.ogg.npy,bkwsti
kenplo1_XC333814.ogg.npy,kenplo1
comkin1_XC150031.ogg.npy,comkin1
inbrob1_XC130243.ogg.npy,inbrob1
grnsan_XC574783.ogg.npy,grnsan
commoo3_XC783962.ogg.npy,commoo3
houcro1_XC443061.ogg.npy,houcro1
commoo3_XC647478.ogg.npy,commoo3
comgre_XC664642.ogg.npy,comgre
comior1_XC329562.ogg.npy,comior1
maghor2_XC135398.ogg.npy,maghor2
hoopoe_XC741737.ogg.npy,hoopoe
litgre1_XC647900.ogg.npy,litgre1
eaywag1_XC747502.ogg.npy,eaywag1
comior1_XC638648.ogg.npy,comior1
smamin1_XC430288.ogg.npy,smamin1
sohmyn1_XC207740.ogg.npy,sohmyn1
revbul_XC336725.ogg.npy,revbul
graher1_XC590413.ogg.npy,graher1
eurcoo_XC713266.ogg.npy,eurcoo
plapri1_XC732593.ogg.npy,plapri1
vehpar1_XC497100.ogg.npy,vehpar1
kenplo1_XC817407.ogg.npy,kenplo1
kenplo1_XC765538.ogg.npy,kenplo1
rerswa1_XC188710.ogg.npy,rerswa1
junbab2_XC507752.ogg.npy,junbab2
whbbul2_XC209004.ogg.npy,whbbul2
rufbab3_XC497034.ogg.npy,rufbab3
rewbul_XC713030.ogg.npy,rewbul
eucdov_XC688546.ogg.npy,eucdov
whtkin2_XC209538.ogg.npy,whtkin2
grnsan_XC580468.ogg.npy,grnsan
eucdov_XC673146.ogg.npy,eucdov
wemhar1_XC802569.ogg.npy,wemhar1
bcnher_XC282497.ogg.npy,bcnher
grnsan_XC586556.ogg.npy,grnsan
bkskit1_XC350381.ogg.npy,bkskit1
litgre1_XC493372.ogg.npy,litgre1
lirplo_XC622544.ogg.npy,lirplo
grecou1_XC196956.ogg.npy,grecou1
zitcis1_XC364765.ogg.npy,zitcis1
grnsan_XC635674.ogg.npy,grnsan
bkwsti_XC720614.ogg.npy,bkwsti
blrwar1_XC248908.ogg.npy,blrwar1
comsan_XC571110.ogg.npy,comsan
hoopoe_XC676410.ogg.npy,hoopoe
comsan_XC338210.ogg.npy,comsan
yebbab1_XC680927.ogg.npy,yebbab1
comtai1_XC648146.ogg.npy,comtai1
litegr_XC645101.ogg.npy,litegr
grbeat1_XC236712.ogg.npy,grbeat1
labcro1_XC790935.ogg.npy,labcro1
commyn_XC180831.ogg.npy,commyn
brnhao1_XC829152.ogg.npy,brnhao1
blakit1_XC148437.ogg.npy,blakit1
woosan_XC718690.ogg.npy,woosan
grnsan_XC801767.ogg.npy,grnsan
grnsan_XC637852.ogg.npy,grnsan
ruftre2_XC117099.ogg.npy,ruftre2
comkin1_XC466444.ogg.npy,comkin1
indpit1_XC655424.ogg.npy,indpit1
whbwat1_XC712738.ogg.npy,whbwat1
brnshr_XC210840.ogg.npy,brnshr
pomgrp2_XC196572.ogg.npy,pomgrp2
crbsun2_XC267494.ogg.npy,crbsun2
piebus1_XC31442.ogg.npy,piebus1
bkskit1_XC360649.ogg.npy,bkskit1
grnsan_XC650675.ogg.npy,grnsan
eaywag1_XC668329.ogg.npy,eaywag1
blhori1_XC530795.ogg.npy,blhori1
emedov2_XC296473.ogg.npy,emedov2
eurcoo_XC719840.ogg.npy,eurcoo
junowl1_XC418051.ogg.npy,junowl1
grewar3_XC735991.ogg.npy,grewar3
vefnut1_XC293526.ogg.npy,vefnut1
bncwoo3_XC251868.ogg.npy,bncwoo3
comgre_XC206718.ogg.npy,comgre
litgre1_XC787802.ogg.npy,litgre1
hoopoe_XC477799.ogg.npy,hoopoe
commyn_XC518361.ogg.npy,commyn
blrwar1_XC29646.ogg.npy,blrwar1
rerswa1_XC390256.ogg.npy,rerswa1
whtkin2_XC720544.ogg.npy,whtkin2
eaywag1_XC384295.ogg.npy,eaywag1
comior1_XC573818.ogg.npy,comior1
asikoe2_XC433059.ogg.npy,asikoe2
purher1_XC619305.ogg.npy,purher1
wemhar1_XC447132.ogg.npy,wemhar1
gargan_XC409829.ogg.npy,gargan
asikoe2_XC370980.ogg.npy,asikoe2
barswa_XC677842.ogg.npy,barswa
grewar3_XC133269.ogg.npy,grewar3
plapri1_XC207873.ogg.npy,plapri1
zitcis1_XC263699.ogg.npy,zitcis1
comros_XC488282.ogg.npy,comros
eucdov_XC310547.ogg.npy,eucdov
grywag_XC308010.ogg.npy,grywag
grnsan_XC840641.ogg.npy,grnsan
grnsan_XC730017.ogg.npy,grnsan
eurcoo_XC341740.ogg.npy,eurcoo
shikra1_XC141625.ogg.npy,shikra1
nutman_XC793649.ogg.npy,nutman
asikoe2_XC720751.ogg.npy,asikoe2
spodov_XC304103.ogg.npy,spodov
litgre1_XC462565.ogg.npy,litgre1
gybpri1_XC184999.ogg.npy,gybpri1
comkin1_XC434676.ogg.npy,comkin1
grefla1_XC200805.ogg.npy,grefla1
grefla1_XC652580.ogg.npy,grefla1
bkcbul1_XC125501.ogg.npy,bkcbul1
wemhar1_XC187397.ogg.npy,wemhar1
lirplo_XC130824.ogg.npy,lirplo
hoopoe_XC710304.ogg.npy,hoopoe
comior1_XC857168.ogg.npy,comior1
nilfly2_XC239737.ogg.npy,nilfly2
eurcoo_XC266611.ogg.npy,eurcoo
gargan_XC364561.ogg.npy,gargan
commoo3_XC623846.ogg.npy,commoo3
commoo3_XC623772.ogg.npy,commoo3
lirplo_XC642701.ogg.npy,lirplo
barfly1_XC856367.ogg.npy,barfly1
rorpar_XC643141.ogg.npy,rorpar
woosan_XC447001.ogg.npy,woosan
litegr_XC333946.ogg.npy,litegr
comros_XC573418.ogg.npy,comros
graher1_XC504803.ogg.npy,graher1
gyhcaf1_XC304069.ogg.npy,gyhcaf1
comgre_XC827698.ogg.npy,comgre
grtdro1_XC595619.ogg.npy,grtdro1
litspi1_XC654426.ogg.npy,litspi1
bkwsti_XC478424.ogg.npy,bkwsti
insbab1_XC296440.ogg.npy,insbab1
commoo3_XC791802.ogg.npy,commoo3
grywag_XC439045.ogg.npy,grywag
crseag1_XC572369.ogg.npy,crseag1
woosan_XC282045.ogg.npy,woosan
asbfly_XC756617.ogg.npy,asbfly
stbkin1_XC117023.ogg.npy,stbkin1
putbab1_XC464792.ogg.npy,putbab1
grewar3_XC598963.ogg.npy,grewar3
eaywag1_XC675614.ogg.npy,eaywag1
comros_XC191618.ogg.npy,comros
gargan_XC24957.ogg.npy,gargan
litspi1_XC267076.ogg.npy,litspi1
blrwar1_XC564413.ogg.npy,blrwar1
comsan_XC805096.ogg.npy,comsan
grywag_XC827709.ogg.npy,grywag
putbab1_XC308598.ogg.npy,putbab1
eucdov_XC623223.ogg.npy,eucdov
cregos1_XC804342.ogg.npy,cregos1
hoopoe_XC132791.ogg.npy,hoopoe
comsan_XC629452.ogg.npy,comsan
compea_XC316933.ogg.npy,compea
grnwar1_XC193343.ogg.npy,grnwar1
litgre1_XC702022.ogg.npy,litgre1
bkskit1_XC655668.ogg.npy,bkskit1
eucdov_XC625921.ogg.npy,eucdov
comros_XC325197.ogg.npy,comros
blrwar1_XC734815.ogg.npy,blrwar1
blrwar1_XC482922.ogg.npy,blrwar1
bcnher_XC725331.ogg.npy,bcnher
comros_XC743394.ogg.npy,comros
litgre1_XC717151.ogg.npy,litgre1
litswi1_XC443708.ogg.npy,litswi1
gybpri1_XC641524.ogg.npy,gybpri1
stbkin1_XC211613.ogg.npy,stbkin1
eucdov_XC672361.ogg.npy,eucdov
comgre_XC528456.ogg.npy,comgre
rorpar_XC263582.ogg.npy,rorpar
litegr_XC659591.ogg.npy,litegr
comgre_XC667681.ogg.npy,comgre
comtai1_XC537916.ogg.npy,comtai1
bkwsti_XC118195.ogg.npy,bkwsti
tibfly3_XC266776.ogg.npy,tibfly3
graher1_XC495300.ogg.npy,graher1
btbeat1_XC208925.ogg.npy,btbeat1
purher1_XC322534.ogg.npy,purher1
comtai1_XC379931.ogg.npy,comtai1
revbul_XC510559.ogg.npy,revbul
bkwsti_XC585564.ogg.npy,bkwsti
comkin1_XC598304.ogg.npy,comkin1
houcro1_XC443742.ogg.npy,houcro1
comsan_XC495023.ogg.npy,comsan
rorpar_XC680464.ogg.npy,rorpar
bkskit1_XC361609.ogg.npy,bkskit1
plapri1_XC788005.ogg.npy,plapri1
comgre_XC785528.ogg.npy,comgre
brnhao1_XC779881.ogg.npy,brnhao1
litegr_XC359477.ogg.npy,litegr
gargan_XC714988.ogg.npy,gargan
grnsan_XC668205.ogg.npy,grnsan
labcro1_XC204908.ogg.npy,labcro1
vefnut1_XC86992.ogg.npy,vefnut1
grtdro1_XC484920.ogg.npy,grtdro1
houcro1_XC626466.ogg.npy,houcro1
bcnher_XC749301.ogg.npy,bcnher
comsan_XC584397.ogg.npy,comsan
houcro1_XC443745.ogg.npy,houcro1
blnmon1_XC177164.ogg.npy,blnmon1
greegr_XC151334.ogg.npy,greegr
wemhar1_XC822174.ogg.npy,wemhar1
rocpig_XC261576.ogg.npy,rocpig
piekin1_XC615867.ogg.npy,piekin1
woosan_XC658630.ogg.npy,woosan
brwowl1_XC303559.ogg.npy,brwowl1
bladro1_XC402086.ogg.npy,bladro1
houspa_XC454444.ogg.npy,houspa
maghor2_XC777836.ogg.npy,maghor2
bkwsti_XC338282.ogg.npy,bkwsti
comros_XC134543.ogg.npy,comros
comgre_XC667785.ogg.npy,comgre
bkskit1_XC361614.ogg.npy,bkskit1
houspa_XC696656.ogg.npy,houspa
litswi1_XC345969.ogg.npy,litswi1
grnsan_XC743711.ogg.npy,grnsan
comros_XC564423.ogg.npy,comros
marsan_XC716673.ogg.npy,marsan
rocpig_XC144228.ogg.npy,rocpig
comsan_XC578205.ogg.npy,comsan
grtdro1_XC476256.ogg.npy,grtdro1
ruftre2_XC301029.ogg.npy,ruftre2
eucdov_XC193427.ogg.npy,eucdov
barswa_XC495726.ogg.npy,barswa
comkin1_XC672625.ogg.npy,comkin1
eaywag1_XC675593.ogg.npy,eaywag1
eucdov_XC568490.ogg.npy,eucdov
bkwsti_XC182739.ogg.npy,bkwsti
woosan_XC827291.ogg.npy,woosan
grnsan_XC671657.ogg.npy,grnsan
brnshr_XC239753.ogg.npy,brnshr
eucdov_XC306271.ogg.npy,eucdov
comtai1_XC607215.ogg.npy,comtai1
asikoe2_XC313082.ogg.npy,asikoe2
bwfshr1_XC829341.ogg.npy,bwfshr1
woosan_XC821355.ogg.npy,woosan
litswi1_XC748849.ogg.npy,litswi1
kenplo1_XC184338.ogg.npy,kenplo1
bkwsti_XC365762.ogg.npy,bkwsti
lirplo_XC540934.ogg.npy,lirplo
grywag_XC294680.ogg.npy,grywag
grywag_XC734823.ogg.npy,grywag
litswi1_XC195498.ogg.npy,litswi1
grewar3_XC593686.ogg.npy,grewar3
gloibi_XC108825.ogg.npy,gloibi
comior1_XC775656.ogg.npy,comior1
graher1_XC707247.ogg.npy,graher1
litegr_XC836507.ogg.npy,litegr
comros_XC750999.ogg.npy,comros
lewduc1_XC845372.ogg.npy,lewduc1
blhori1_XC578465.ogg.npy,blhori1
junowl1_XC263818.ogg.npy,junowl1
litgre1_XC638716.ogg.npy,litgre1
labcro1_XC446404.ogg.npy,labcro1
commoo3_XC527647.ogg.npy,commoo3
purher1_XC777993.ogg.npy,purher1
comros_XC675027.ogg.npy,comros
litspi1_XC722435.ogg.npy,litspi1
kenplo1_XC833548.ogg.npy,kenplo1
whtkin2_XC698988.ogg.npy,whtkin2
commoo3_XC278485.ogg.npy,commoo3
barswa_XC541615.ogg.npy,barswa
lirplo_XC581175.ogg.npy,lirplo
comgre_XC532300.ogg.npy,comgre
hoopoe_XC543787.ogg.npy,hoopoe
comros_XC484191.ogg.npy,comros
whiter2_XC346336.ogg.npy,whiter2
hoopoe_XC138222.ogg.npy,hoopoe
junbab2_XC157875.ogg.npy,junbab2
bkskit1_XC350190.ogg.npy,bkskit1
brnhao1_XC546664.ogg.npy,brnhao1
piekin1_XC616334.ogg.npy,piekin1
cohcuc1_XC324177.ogg.npy,cohcuc1
grywag_XC499085.ogg.npy,grywag
eaywag1_XC189928.ogg.npy,eaywag1
zitcis1_XC338235.ogg.npy,zitcis1
brnhao1_XC486586.ogg.npy,brnhao1
brodro1_XC284507.ogg.npy,brodro1
woosan_XC673257.ogg.npy,woosan
whiter2_XC770345.ogg.npy,whiter2
brnhao1_XC773334.ogg.npy,brnhao1
grnsan_XC582117.ogg.npy,grnsan
commyn_XC203346.ogg.npy,commyn
commoo3_XC731738.ogg.npy,commoo3
comgre_XC554092.ogg.npy,comgre
eurcoo_XC133876.ogg.npy,eurcoo
brwowl1_XC773231.ogg.npy,brwowl1
junbab2_XC572637.ogg.npy,junbab2
ashdro1_XC329167.ogg.npy,ashdro1
comgre_XC646386.ogg.npy,comgre
brwowl1_XC114848.ogg.npy,brwowl1
hoopoe_XC281064.ogg.npy,hoopoe
rorpar_XC600642.ogg.npy,rorpar
grnsan_XC658875.ogg.npy,grnsan
comkin1_XC565480.ogg.npy,comkin1
woosan_XC723788.ogg.npy,woosan
lirplo_XC544370.ogg.npy,lirplo
barswa_XC587773.ogg.npy,barswa
putbab1_XC551184.ogg.npy,putbab1
gloibi_XC801945.ogg.npy,gloibi
bkskit1_XC352557.ogg.npy,bkskit1
comior1_XC401454.ogg.npy,comior1
eurcoo_XC624204.ogg.npy,eurcoo
grewar3_XC568880.ogg.npy,grewar3
pursun3_XC569655.ogg.npy,pursun3
lirplo_XC591100.ogg.npy,lirplo
inpher1_XC575117.ogg.npy,inpher1
comros_XC418136.ogg.npy,comros
commoo3_XC719686.ogg.npy,commoo3
rocpig_XC664611.ogg.npy,rocpig
bkwsti_XC646779.ogg.npy,bkwsti
ashdro1_XC329164.ogg.npy,ashdro1
copbar1_XC461515.ogg.npy,copbar1
tilwar1_XC133404.ogg.npy,tilwar1
woosan_XC513494.ogg.npy,woosan
isbduc1_XC468784.ogg.npy,isbduc1
grewar3_XC424680.ogg.npy,grewar3
grecou1_XC133771.ogg.npy,grecou1
kenplo1_XC649344.ogg.npy,kenplo1
brnhao1_XC660215.ogg.npy,brnhao1
rerswa1_XC445617.ogg.npy,rerswa1
grewar3_XC507247.ogg.npy,grewar3
piekin1_XC782877.ogg.npy,piekin1
pursun3_XC297268.ogg.npy,pursun3
stbkin1_XC665895.ogg.npy,stbkin1
lirplo_XC25077.ogg.npy,lirplo
putbab1_XC465685.ogg.npy,putbab1
blrwar1_XC733671.ogg.npy,blrwar1
lirplo_XC663482.ogg.npy,lirplo
comros_XC318058.ogg.npy,comros
eaywag1_XC792641.ogg.npy,eaywag1
btbeat1_XC621238.ogg.npy,btbeat1
copbar1_XC122982.ogg.npy,copbar1
inbrob1_XC812019.ogg.npy,inbrob1
barswa_XC457794.ogg.npy,barswa
commoo3_XC817687.ogg.npy,commoo3
whcbar1_XC574743.ogg.npy,whcbar1
asikoe2_XC29590.ogg.npy,asikoe2
categr_XC403813.ogg.npy,categr
grywag_XC692795.ogg.npy,grywag
gybpri1_XC302001.ogg.npy,gybpri1
grewar3_XC439776.ogg.npy,grewar3
blrwar1_XC374803.ogg.npy,blrwar1
junowl1_XC401961.ogg.npy,junowl1
houcro1_XC209019.ogg.npy,houcro1
whtkin2_XC210474.ogg.npy,whtkin2
woosan_XC749410.ogg.npy,woosan
eucdov_XC746321.ogg.npy,eucdov
comgre_XC801597.ogg.npy,comgre
ruftre2_XC383773.ogg.npy,ruftre2
comros_XC484734.ogg.npy,comros
grewar3_XC379946.ogg.npy,grewar3
woosan_XC645926.ogg.npy,woosan
hoopoe_XC240326.ogg.npy,hoopoe
blrwar1_XC651030.ogg.npy,blrwar1
blrwar1_XC581983.ogg.npy,blrwar1
commoo3_XC624477.ogg.npy,commoo3
cohcuc1_XC619081.ogg.npy,cohcuc1
comkin1_XC367683.ogg.npy,comkin1
crseag1_XC770274.ogg.npy,crseag1
maghor2_XC266919.ogg.npy,maghor2
commoo3_XC627458.ogg.npy,commoo3
grecou1_XC764541.ogg.npy,grecou1
comsan_XC469618.ogg.npy,comsan
grnsan_XC283867.ogg.npy,grnsan
rorpar_XC857891.ogg.npy,rorpar
comkin1_XC436261.ogg.npy,comkin1
comkin1_XC303059.ogg.npy,comkin1
gargan_XC803573.ogg.npy,gargan
bwfshr1_XC708011.ogg.npy,bwfshr1
bkwsti_XC818651.ogg.npy,bkwsti
grnsan_XC787629.ogg.npy,grnsan
lirplo_XC411760.ogg.npy,lirplo
lirplo_XC541892.ogg.npy,lirplo
ashdro1_XC628590.ogg.npy,ashdro1
rorpar_XC489798.ogg.npy,rorpar
grtdro1_XC405714.ogg.npy,grtdro1
asikoe2_XC316778.ogg.npy,asikoe2
whbwat1_XC840073.ogg.npy,whbwat1
comkin1_XC674469.ogg.npy,comkin1
rerswa1_XC334161.ogg.npy,rerswa1
comsan_XC653714.ogg.npy,comsan
bkwsti_XC638861.ogg.npy,bkwsti
whbsho3_XC856468.ogg.npy,whbsho3
houcro1_XC634046.ogg.npy,houcro1
grewar3_XC374326.ogg.npy,grewar3
paisto1_XC787801.ogg.npy,paisto1
rorpar_XC419717.ogg.npy,rorpar
graher1_XC445119.ogg.npy,graher1
lirplo_XC792117.ogg.npy,lirplo
grecou1_XC444502.ogg.npy,grecou1
gloibi_XC263314.ogg.npy,gloibi
plapri1_XC403528.ogg.npy,plapri1
bkskit1_XC350391.ogg.npy,bkskit1
kenplo1_XC765641.ogg.npy,kenplo1
comgre_XC733165.ogg.npy,comgre
grewar3_XC388039.ogg.npy,grewar3
rewbul_XC203376.ogg.npy,rewbul
cohcuc1_XC267490.ogg.npy,cohcuc1
brnshr_XC293536.ogg.npy,brnshr
comros_XC392168.ogg.npy,comros
blrwar1_XC321311.ogg.npy,blrwar1
gyhcaf1_XC806755.ogg.npy,gyhcaf1
whiter2_XC346335.ogg.npy,whiter2
houcro1_XC118211.ogg.npy,houcro1
bkwsti_XC673791.ogg.npy,bkwsti
wemhar1_XC615581.ogg.npy,wemhar1
bcnher_XC762368.ogg.npy,bcnher
houcro1_XC690877.ogg.npy,houcro1
ingori1_XC180042.ogg.npy,ingori1
laudov1_XC558169.ogg.npy,laudov1
asikoe2_XC402084.ogg.npy,asikoe2
zitcis1_XC787744.ogg.npy,zitcis1
comros_XC185473.ogg.npy,comros
eucdov_XC322661.ogg.npy,eucdov
asikoe2_XC406132.ogg.npy,asikoe2
litegr_XC774258.ogg.npy,litegr
woosan_XC184466.ogg.npy,woosan
rocpig_XC187051.ogg.npy,rocpig
eaywag1_XC189938.ogg.npy,eaywag1
oripip1_XC596366.ogg.npy,oripip1
kenplo1_XC836915.ogg.npy,kenplo1
eurcoo_XC601592.ogg.npy,eurcoo
marsan_XC154255.ogg.npy,marsan
grewar3_XC478339.ogg.npy,grewar3
bkwsti_XC133443.ogg.npy,bkwsti
plapri1_XC656807.ogg.npy,plapri1
blrwar1_XC506483.ogg.npy,blrwar1
bcnher_XC746093.ogg.npy,bcnher
blrwar1_XC479088.ogg.npy,blrwar1
spodov_XC518845.ogg.npy,spodov
graher1_XC741306.ogg.npy,graher1
eaywag1_XC644748.ogg.npy,eaywag1
comkin1_XC428519.ogg.npy,comkin1
zitcis1_XC723586.ogg.npy,zitcis1
grenig1_XC203635.ogg.npy,grenig1
chbeat1_XC639690.ogg.npy,chbeat1
houspa_XC586546.ogg.npy,houspa
niwpig1_XC178211.ogg.npy,niwpig1
comros_XC611058.ogg.npy,comros
eucdov_XC475186.ogg.npy,eucdov
comtai1_XC413724.ogg.npy,comtai1
revbul_XC573347.ogg.npy,revbul
commoo3_XC542359.ogg.npy,commoo3
commoo3_XC373393.ogg.npy,commoo3
grewar3_XC420923.ogg.npy,grewar3
commoo3_XC546669.ogg.npy,commoo3
brodro1_XC590568.ogg.npy,brodro1
gyhcaf1_XC384453.ogg.npy,gyhcaf1
barswa_XC672081.ogg.npy,barswa
eaywag1_XC675946.ogg.npy,eaywag1
litegr_XC452737.ogg.npy,litegr
blrwar1_XC488579.ogg.npy,blrwar1
lirplo_XC543957.ogg.npy,lirplo
graher1_XC507389.ogg.npy,graher1
crbsun2_XC792296.ogg.npy,crbsun2
grewar3_XC181090.ogg.npy,grewar3
rorpar_XC368583.ogg.npy,rorpar
zitcis1_XC633692.ogg.npy,zitcis1
grnsan_XC584981.ogg.npy,grnsan
graher1_XC584531.ogg.npy,graher1
comtai1_XC173256.ogg.npy,comtai1
gloibi_XC780992.ogg.npy,gloibi
cregos1_XC709301.ogg.npy,cregos1
spodov_XC446608.ogg.npy,spodov
sohmyn1_XC652569.ogg.npy,sohmyn1
eaywag1_XC547918.ogg.npy,eaywag1
whiter2_XC338842.ogg.npy,whiter2
brnhao1_XC539805.ogg.npy,brnhao1
houcro1_XC727677.ogg.npy,houcro1
eaywag1_XC154909.ogg.npy,eaywag1
houcro1_XC146952.ogg.npy,houcro1
barswa_XC361809.ogg.npy,barswa
whbsho3_XC856047.ogg.npy,whbsho3
woosan_XC371015.ogg.npy,woosan
whiter2_XC266238.ogg.npy,whiter2
rossta2_XC685680.ogg.npy,rossta2
eucdov_XC652527.ogg.npy,eucdov
zitcis1_XC710220.ogg.npy,zitcis1
brakit1_XC598947.ogg.npy,brakit1
gyhcaf1_XC303899.ogg.npy,gyhcaf1
categr_XC57417.ogg.npy,categr
hoopoe_XC834418.ogg.npy,hoopoe
litspi1_XC578362.ogg.npy,litspi1
rorpar_XC650130.ogg.npy,rorpar
barswa_XC552089.ogg.npy,barswa
litegr_XC669097.ogg.npy,litegr
inbrob1_XC402423.ogg.npy,inbrob1
asikoe2_XC531611.ogg.npy,asikoe2
commoo3_XC690317.ogg.npy,commoo3
litgre1_XC777820.ogg.npy,litgre1
wemhar1_XC322544.ogg.npy,wemhar1
litegr_XC333891.ogg.npy,litegr
comior1_XC372569.ogg.npy,comior1
grewar3_XC845823.ogg.npy,grewar3
eucdov_XC698199.ogg.npy,eucdov
blrwar1_XC563358.ogg.npy,blrwar1
bkwsti_XC163726.ogg.npy,bkwsti
cregos1_XC398719.ogg.npy,cregos1
eaywag1_XC316623.ogg.npy,eaywag1
revbul_XC115440.ogg.npy,revbul
pursun4_XC307645.ogg.npy,pursun4
orihob2_XC701618.ogg.npy,orihob2
eucdov_XC378441.ogg.npy,eucdov
graher1_XC494022.ogg.npy,graher1
bkwsti_XC655275.ogg.npy,bkwsti
blakit1_XC323798.ogg.npy,blakit1
grywag_XC798212.ogg.npy,grywag
eucdov_XC279586.ogg.npy,eucdov
rorpar_XC403959.ogg.npy,rorpar
kenplo1_XC430014.ogg.npy,kenplo1
grnsan_XC378306.ogg.npy,grnsan
inbrob1_XC657593.ogg.npy,inbrob1
grewar3_XC347680.ogg.npy,grewar3
grywag_XC138587.ogg.npy,grywag
vefnut1_XC31586.ogg.npy,vefnut1
shikra1_XC440423.ogg.npy,shikra1
purher1_XC432145.ogg.npy,purher1
zitcis1_XC246998.ogg.npy,zitcis1
rossta2_XC685776.ogg.npy,rossta2
putbab1_XC565733.ogg.npy,putbab1
lirplo_XC663932.ogg.npy,lirplo
comtai1_XC741500.ogg.npy,comtai1
houspa_XC197833.ogg.npy,houspa
thbwar1_XC485017.ogg.npy,thbwar1
barswa_XC653439.ogg.npy,barswa
bkskit1_XC351396.ogg.npy,bkskit1
greegr_XC679024.ogg.npy,greegr
barfly1_XC856365.ogg.npy,barfly1
grtdro1_XC469382.ogg.npy,grtdro1
grywag_XC856211.ogg.npy,grywag
woosan_XC495039.ogg.npy,woosan
eucdov_XC669776.ogg.npy,eucdov
houspa_XC367543.ogg.npy,houspa
grecou1_XC173193.ogg.npy,grecou1
piekin1_XC234644.ogg.npy,piekin1
whbwat1_XC638848.ogg.npy,whbwat1
hoopoe_XC392062.ogg.npy,hoopoe
barfly1_XC856423.ogg.npy,barfly1
indrob1_XC454325.ogg.npy,indrob1
eaywag1_XC672740.ogg.npy,eaywag1
hoopoe_XC692719.ogg.npy,hoopoe
comtai1_XC304811.ogg.npy,comtai1
jerbus2_XC534373.ogg.npy,jerbus2
labcro1_XC204752.ogg.npy,labcro1
grnsan_XC583026.ogg.npy,grnsan
bcnher_XC547408.ogg.npy,bcnher
crseag1_XC856692.ogg.npy,crseag1
comkin1_XC463059.ogg.npy,comkin1
brnhao1_XC386076.ogg.npy,brnhao1
whtkin2_XC125392.ogg.npy,whtkin2
rerswa1_XC423912.ogg.npy,rerswa1
eurcoo_XC651962.ogg.npy,eurcoo
rorpar_XC376416.ogg.npy,rorpar
vefnut1_XC293714.ogg.npy,vefnut1
eaywag1_XC842056.ogg.npy,eaywag1
brodro1_XC844131.ogg.npy,brodro1
bkcbul1_XC129030.ogg.npy,bkcbul1
rorpar_XC475257.ogg.npy,rorpar
grywag_XC458290.ogg.npy,grywag
bcnher_XC672567.ogg.npy,bcnher
blrwar1_XC653926.ogg.npy,blrwar1
graher1_XC836857.ogg.npy,graher1
hoopoe_XC551277.ogg.npy,hoopoe
houspa_XC511607.ogg.npy,houspa
brfowl1_XC824093.ogg.npy,brfowl1
comtai1_XC497020.ogg.npy,comtai1
commyn_XC110874.ogg.npy,commyn
marsan_XC733179.ogg.npy,marsan
comtai1_XC787654.ogg.npy,comtai1
blnmon1_XC684831.ogg.npy,blnmon1
wemhar1_XC122993.ogg.npy,wemhar1
litgre1_XC347225.ogg.npy,litgre1
grywag_XC842187.ogg.npy,grywag
labcro1_XC854761.ogg.npy,labcro1
pursun3_XC459680.ogg.npy,pursun3
bkwsti_XC543266.ogg.npy,bkwsti
zitcis1_XC600357.ogg.npy,zitcis1
grnsan_XC789931.ogg.npy,grnsan
commyn_XC176315.ogg.npy,commyn
comros_XC667025.ogg.npy,comros
gybpri1_XC239353.ogg.npy,gybpri1
bcnher_XC773575.ogg.npy,bcnher
eucdov_XC747496.ogg.npy,eucdov
grywag_XC687559.ogg.npy,grywag
maghor2_XC297309.ogg.npy,maghor2
grewar3_XC638517.ogg.npy,grewar3
hoopoe_XC367786.ogg.npy,hoopoe
houspa_XC315991.ogg.npy,houspa
stbkin1_XC665894.ogg.npy,stbkin1
brwowl1_XC163479.ogg.npy,brwowl1
graher1_XC527851.ogg.npy,graher1
grewar3_XC810787.ogg.npy,grewar3
comtai1_XC276807.ogg.npy,comtai1
blakit1_XC144421.ogg.npy,blakit1
whbbul2_XC442347.ogg.npy,whbbul2
graher1_XC781893.ogg.npy,graher1
blnmon1_XC551670.ogg.npy,blnmon1
chbeat1_XC700071.ogg.npy,chbeat1
hoopoe_XC631991.ogg.npy,hoopoe
rorpar_XC759750.ogg.npy,rorpar
comkin1_XC714223.ogg.npy,comkin1
brcful1_XC157971.ogg.npy,brcful1
putbab1_XC381162.ogg.npy,putbab1
crseag1_XC204119.ogg.npy,crseag1
comtai1_XC133737.ogg.npy,comtai1
marsan_XC795257.ogg.npy,marsan
stbkin1_XC636708.ogg.npy,stbkin1
labcro1_XC266264.ogg.npy,labcro1
comkin1_XC289572.ogg.npy,comkin1
lirplo_XC384349.ogg.npy,lirplo
bcnher_XC669545.ogg.npy,bcnher
eucdov_XC669824.ogg.npy,eucdov
eurcoo_XC718199.ogg.npy,eurcoo
comsan_XC824403.ogg.npy,comsan
litgre1_XC490616.ogg.npy,litgre1
barswa_XC623206.ogg.npy,barswa
bcnher_XC357707.ogg.npy,bcnher
tibfly3_XC572666.ogg.npy,tibfly3
zitcis1_XC788579.ogg.npy,zitcis1
kenplo1_XC839071.ogg.npy,kenplo1
ashdro1_XC595624.ogg.npy,ashdro1
grecou1_XC254651.ogg.npy,grecou1
asikoe2_XC362850.ogg.npy,asikoe2
marsan_XC184467.ogg.npy,marsan
lewduc1_XC453743.ogg.npy,lewduc1
commoo3_XC263111.ogg.npy,commoo3
bkwsti_XC184852.ogg.npy,bkwsti
bkwsti_XC312845.ogg.npy,bkwsti
dafbab1_XC453490.ogg.npy,dafbab1
categr_XC298914.ogg.npy,categr
compea_XC747070.ogg.npy,compea
blnmon1_XC490542.ogg.npy,blnmon1
bkskit1_XC352567.ogg.npy,bkskit1
bcnher_XC669544.ogg.npy,bcnher
whiter2_XC807034.ogg.npy,whiter2
eaywag1_XC445249.ogg.npy,eaywag1
houspa_XC837396.ogg.npy,houspa
blhori1_XC346328.ogg.npy,blhori1
ashpri1_XC401871.ogg.npy,ashpri1
gargan_XC835670.ogg.npy,gargan
gybpri1_XC558852.ogg.npy,gybpri1
comtai1_XC362758.ogg.npy,comtai1
commoo3_XC794766.ogg.npy,commoo3
compea_XC665624.ogg.npy,compea
ashpri1_XC424246.ogg.npy,ashpri1
bladro1_XC580933.ogg.npy,bladro1
hoopoe_XC559875.ogg.npy,hoopoe
litegr_XC842808.ogg.npy,litegr
rewlap1_XC825813.ogg.npy,rewlap1
bkwsti_XC289301.ogg.npy,bkwsti
placuc3_XC464043.ogg.npy,placuc3
inpher1_XC118176.ogg.npy,inpher1
eaywag1_XC676151.ogg.npy,eaywag1
grewar3_XC791633.ogg.npy,grewar3
whiter2_XC733018.ogg.npy,whiter2
blakit1_XC796457.ogg.npy,blakit1
greegr_XC669884.ogg.npy,greegr
ashdro1_XC125150.ogg.npy,ashdro1
comros_XC488285.ogg.npy,comros
eaywag1_XC828665.ogg.npy,eaywag1
bcnher_XC478463.ogg.npy,bcnher
litegr_XC841081.ogg.npy,litegr
wemhar1_XC243520.ogg.npy,wemhar1
rorpar_XC364238.ogg.npy,rorpar
pabflo1_XC424194.ogg.npy,pabflo1
grywag_XC486123.ogg.npy,grywag
woosan_XC831152.ogg.npy,woosan
placuc3_XC741503.ogg.npy,placuc3
categr_XC361551.ogg.npy,categr
grewar3_XC845830.ogg.npy,grewar3
rerswa1_XC279611.ogg.npy,rerswa1
whrmun_XC770525.ogg.npy,whrmun
houspa_XC783284.ogg.npy,houspa
bladro1_XC446165.ogg.npy,bladro1
bladro1_XC685555.ogg.npy,bladro1
bladro1_XC844082.ogg.npy,bladro1
comgre_XC588157.ogg.npy,comgre
bkwsti_XC667475.ogg.npy,bkwsti
zitcis1_XC142111.ogg.npy,zitcis1
gloibi_XC725052.ogg.npy,gloibi
isbduc1_XC574745.ogg.npy,isbduc1
litgre1_XC560139.ogg.npy,litgre1
whbwoo2_XC158469.ogg.npy,whbwoo2
commoo3_XC807088.ogg.npy,commoo3
shikra1_XC608134.ogg.npy,shikra1
bcnher_XC497289.ogg.npy,bcnher
spodov_XC153052.ogg.npy,spodov
pursun4_XC406121.ogg.npy,pursun4
asiope1_XC504755.ogg.npy,asiope1
eurcoo_XC804809.ogg.npy,eurcoo
piekin1_XC616333.ogg.npy,piekin1
greegr_XC130690.ogg.npy,greegr
comgre_XC383051.ogg.npy,comgre
ashdro1_XC399007.ogg.npy,ashdro1
grnwar1_XC826128.ogg.npy,grnwar1
hoopoe_XC561426.ogg.npy,hoopoe
eaywag1_XC471809.ogg.npy,eaywag1
blrwar1_XC658589.ogg.npy,blrwar1
whtkin2_XC514821.ogg.npy,whtkin2
comgre_XC686505.ogg.npy,comgre
crseag1_XC365118.ogg.npy,crseag1
whiter2_XC112449.ogg.npy,whiter2
grnsan_XC817689.ogg.npy,grnsan
graher1_XC602860.ogg.npy,graher1
bcnher_XC641840.ogg.npy,bcnher
grbeat1_XC452273.ogg.npy,grbeat1
comros_XC319174.ogg.npy,comros
oripip1_XC804458.ogg.npy,oripip1
comgre_XC118272.ogg.npy,comgre
shikra1_XC575201.ogg.npy,shikra1
spodov_XC443311.ogg.npy,spodov
graher1_XC544874.ogg.npy,graher1
litgre1_XC747915.ogg.npy,litgre1
commoo3_XC834996.ogg.npy,commoo3
houspa_XC464865.ogg.npy,houspa
eucdov_XC757185.ogg.npy,eucdov
eurcoo_XC783376.ogg.npy,eurcoo
bkskit1_XC352569.ogg.npy,bkskit1
lirplo_XC374952.ogg.npy,lirplo
woosan_XC787834.ogg.npy,woosan
eurcoo_XC410712.ogg.npy,eurcoo
rorpar_XC780903.ogg.npy,rorpar
vehpar1_XC178251.ogg.npy,vehpar1
grecou1_XC442846.ogg.npy,grecou1
commoo3_XC278754.ogg.npy,commoo3
emedov2_XC138186.ogg.npy,emedov2
wemhar1_XC608668.ogg.npy,wemhar1
rorpar_XC615140.ogg.npy,rorpar
bladro1_XC814826.ogg.npy,bladro1
rewbul_XC585617.ogg.npy,rewbul
grywag_XC664945.ogg.npy,grywag
comsan_XC760730.ogg.npy,comsan
woosan_XC800998.ogg.npy,woosan
pomgrp2_XC178250.ogg.npy,pomgrp2
comtai1_XC497813.ogg.npy,comtai1
asikoe2_XC345186.ogg.npy,asikoe2
junowl1_XC666145.ogg.npy,junowl1
grnsan_XC640239.ogg.npy,grnsan
grywag_XC585615.ogg.npy,grywag
eurcoo_XC312100.ogg.npy,eurcoo
grewar3_XC393233.ogg.npy,grewar3
woosan_XC497515.ogg.npy,woosan
bkcbul1_XC783987.ogg.npy,bkcbul1
commoo3_XC629688.ogg.npy,commoo3
litgre1_XC634656.ogg.npy,litgre1
aspswi1_XC240447.ogg.npy,aspswi1
sqtbul1_XC756561.ogg.npy,sqtbul1
bkwsti_XC820410.ogg.npy,bkwsti
gyhcaf1_XC814954.ogg.npy,gyhcaf1
lblwar1_XC482754.ogg.npy,lblwar1
bcnher_XC51575.ogg.npy,bcnher
indrob1_XC785417.ogg.npy,indrob1
grewar3_XC420894.ogg.npy,grewar3
gargan_XC733433.ogg.npy,gargan
brnhao1_XC336095.ogg.npy,brnhao1
comgre_XC191095.ogg.npy,comgre
houspa_XC583066.ogg.npy,houspa
litegr_XC672786.ogg.npy,litegr
litgre1_XC642235.ogg.npy,litgre1
grtdro1_XC632036.ogg.npy,grtdro1
copbar1_XC548382.ogg.npy,copbar1
spodov_XC610173.ogg.npy,spodov
zitcis1_XC842049.ogg.npy,zitcis1
eucdov_XC304853.ogg.npy,eucdov
blakit1_XC132399.ogg.npy,blakit1
rorpar_XC622015.ogg.npy,rorpar
brnhao1_XC858389.ogg.npy,brnhao1
lirplo_XC798363.ogg.npy,lirplo
grnsan_XC642159.ogg.npy,grnsan
zitcis1_XC713495.ogg.npy,zitcis1
blrwar1_XC420683.ogg.npy,blrwar1
lewduc1_XC667381.ogg.npy,lewduc1
comior1_XC126377.ogg.npy,comior1
gyhcaf1_XC445539.ogg.npy,gyhcaf1
moipig1_XC561611.ogg.npy,moipig1
labcro1_XC843977.ogg.npy,labcro1
grewar3_XC599946.ogg.npy,grewar3
comkin1_XC436252.ogg.npy,comkin1
bcnher_XC550582.ogg.npy,bcnher
blakit1_XC428617.ogg.npy,blakit1
marsan_XC837749.ogg.npy,marsan
hoopoe_XC187389.ogg.npy,hoopoe
eucdov_XC355048.ogg.npy,eucdov
rewlap1_XC209017.ogg.npy,rewlap1
lirplo_XC761271.ogg.npy,lirplo
blrwar1_XC730626.ogg.npy,blrwar1
brcful1_XC319830.ogg.npy,brcful1
blhori1_XC607192.ogg.npy,blhori1
putbab1_XC291079.ogg.npy,putbab1
houspa_XC169355.ogg.npy,houspa
bkskit1_XC353827.ogg.npy,bkskit1
asikoe2_XC163890.ogg.npy,asikoe2
grnsan_XC419861.ogg.npy,grnsan
grenig1_XC520244.ogg.npy,grenig1
barswa_XC210730.ogg.npy,barswa
comgre_XC618177.ogg.npy,comgre
spepic1_XC492385.ogg.npy,spepic1
grewar3_XC293677.ogg.npy,grewar3
blnmon1_XC651648.ogg.npy,blnmon1
ruftre2_XC207023.ogg.npy,ruftre2
comros_XC727918.ogg.npy,comros
zitcis1_XC572685.ogg.npy,zitcis1
blakit1_XC145368.ogg.npy,blakit1
whtkin2_XC576691.ogg.npy,whtkin2
comgre_XC747588.ogg.npy,comgre
zitcis1_XC702287.ogg.npy,zitcis1
grecou1_XC371655.ogg.npy,grecou1
greegr_XC751146.ogg.npy,greegr
greegr_XC302380.ogg.npy,greegr
asikoe2_XC368116.ogg.npy,asikoe2
lewduc1_XC690698.ogg.npy,lewduc1
vehpar1_XC604551.ogg.npy,vehpar1
eaywag1_XC839005.ogg.npy,eaywag1
houspa_XC511938.ogg.npy,houspa
comtai1_XC603999.ogg.npy,comtai1
comior1_XC641527.ogg.npy,comior1
spodov_XC723872.ogg.npy,spodov
eaywag1_XC313575.ogg.npy,eaywag1
nutman_XC746720.ogg.npy,nutman
wemhar1_XC590355.ogg.npy,wemhar1
grewar3_XC807588.ogg.npy,grewar3
gargan_XC643223.ogg.npy,gargan
comkin1_XC536139.ogg.npy,comkin1
comros_XC480780.ogg.npy,comros
bcnher_XC724463.ogg.npy,bcnher
litegr_XC333874.ogg.npy,litegr
indtit1_XC317037.ogg.npy,indtit1
comgre_XC572203.ogg.npy,comgre
houcro1_XC208579.ogg.npy,houcro1
grywag_XC503015.ogg.npy,grywag
houspa_XC330918.ogg.npy,houspa
zitcis1_XC845817.ogg.npy,zitcis1
grnsan_XC677366.ogg.npy,grnsan
bcnher_XC647461.ogg.npy,bcnher
commyn_XC175516.ogg.npy,commyn
comkin1_XC511642.ogg.npy,comkin1
piekin1_XC513883.ogg.npy,piekin1
wemhar1_XC262847.ogg.npy,wemhar1
bcnher_XC657557.ogg.npy,bcnher
woosan_XC234697.ogg.npy,woosan
rutfly6_XC307518.ogg.npy,rutfly6
pursun4_XC752676.ogg.npy,pursun4
zitcis1_XC169461.ogg.npy,zitcis1
barswa_XC481810.ogg.npy,barswa
zitcis1_XC378257.ogg.npy,zitcis1
graher1_XC758701.ogg.npy,graher1
eurcoo_XC461324.ogg.npy,eurcoo
crseag1_XC539092.ogg.npy,crseag1
comkin1_XC202471.ogg.npy,comkin1
sohmyn1_XC651304.ogg.npy,sohmyn1
comkin1_XC691421.ogg.npy,comkin1
rorpar_XC209709.ogg.npy,rorpar
brwowl1_XC416849.ogg.npy,brwowl1
comros_XC319834.ogg.npy,comros
grtdro1_XC818545.ogg.npy,grtdro1
bkwsti_XC495092.ogg.npy,bkwsti
categr_XC174527.ogg.npy,categr
rewbul_XC386691.ogg.npy,rewbul
ashdro1_XC308273.ogg.npy,ashdro1
rewbul_XC207910.ogg.npy,rewbul
barswa_XC492100.ogg.npy,barswa
graher1_XC743610.ogg.npy,graher1
vehpar1_XC365187.ogg.npy,vehpar1
litgre1_XC633026.ogg.npy,litgre1
comros_XC146004.ogg.npy,comros
rewlap1_XC733007.ogg.npy,rewlap1
thbwar1_XC777656.ogg.npy,thbwar1
brnshr_XC855804.ogg.npy,brnshr
categr_XC353849.ogg.npy,categr
litspi1_XC151076.ogg.npy,litspi1
blrwar1_XC654585.ogg.npy,blrwar1
whbsho3_XC856425.ogg.npy,whbsho3
ruftre2_XC371162.ogg.npy,ruftre2
barswa_XC747391.ogg.npy,barswa
crseag1_XC73164.ogg.npy,crseag1
ashdro1_XC699926.ogg.npy,ashdro1
eucdov_XC542896.ogg.npy,eucdov
emedov2_XC19663.ogg.npy,emedov2
grbeat1_XC208589.ogg.npy,grbeat1
grewar3_XC199249.ogg.npy,grewar3
grewar3_XC134933.ogg.npy,grewar3
eaywag1_XC587267.ogg.npy,eaywag1
putbab1_XC197102.ogg.npy,putbab1
bcnher_XC798415.ogg.npy,bcnher
woosan_XC146454.ogg.npy,woosan
crfbar1_XC178257.ogg.npy,crfbar1
revbul_XC448176.ogg.npy,revbul
comros_XC659628.ogg.npy,comros
barswa_XC457808.ogg.npy,barswa
copbar1_XC359359.ogg.npy,copbar1
blrwar1_XC564086.ogg.npy,blrwar1
lirplo_XC666672.ogg.npy,lirplo
pursun3_XC646916.ogg.npy,pursun3
graher1_XC487205.ogg.npy,graher1
eucdov_XC346161.ogg.npy,eucdov
blrwar1_XC660430.ogg.npy,blrwar1
greegr_XC116543.ogg.npy,greegr
lirplo_XC653234.ogg.npy,lirplo
junbab2_XC844618.ogg.npy,junbab2
thbwar1_XC209934.ogg.npy,thbwar1
blrwar1_XC519731.ogg.npy,blrwar1
eaywag1_XC591943.ogg.npy,eaywag1
revbul_XC574949.ogg.npy,revbul
grywag_XC470993.ogg.npy,grywag
plapri1_XC338726.ogg.npy,plapri1
blakit1_XC378208.ogg.npy,blakit1
grywag_XC842638.ogg.npy,grywag
orihob2_XC556476.ogg.npy,orihob2
zitcis1_XC338234.ogg.npy,zitcis1
hoopoe_XC170878.ogg.npy,hoopoe
eaywag1_XC471563.ogg.npy,eaywag1
wemhar1_XC377178.ogg.npy,wemhar1
whiter2_XC381841.ogg.npy,whiter2
rossta2_XC120494.ogg.npy,rossta2
comsan_XC576451.ogg.npy,comsan
laudov1_XC444437.ogg.npy,laudov1
rorpar_XC680461.ogg.npy,rorpar
putbab1_XC324119.ogg.npy,putbab1
eurcoo_XC634761.ogg.npy,eurcoo
grnwar1_XC193362.ogg.npy,grnwar1
comsan_XC716976.ogg.npy,comsan
yebbul3_XC214144.ogg.npy,yebbul3
comgre_XC672472.ogg.npy,comgre
grnsan_XC403590.ogg.npy,grnsan
litgre1_XC597731.ogg.npy,litgre1
houspa_XC569675.ogg.npy,houspa
asikoe2_XC720534.ogg.npy,asikoe2
labcro1_XC302723.ogg.npy,labcro1
brnhao1_XC608659.ogg.npy,brnhao1
eucdov_XC618520.ogg.npy,eucdov
marsan_XC146904.ogg.npy,marsan
rerswa1_XC178395.ogg.npy,rerswa1
bkwsti_XC568227.ogg.npy,bkwsti
purswa3_XC722949.ogg.npy,purswa3
brfowl1_XC138097.ogg.npy,brfowl1
revbul_XC453345.ogg.npy,revbul
blhori1_XC31565.ogg.npy,blhori1
houspa_XC178373.ogg.npy,houspa
graher1_XC603413.ogg.npy,graher1
commyn_XC854837.ogg.npy,commyn
rorpar_XC463499.ogg.npy,rorpar
putbab1_XC365839.ogg.npy,putbab1
lirplo_XC433007.ogg.npy,lirplo
greegr_XC681080.ogg.npy,greegr
copbar1_XC463124.ogg.npy,copbar1
vefnut1_XC296627.ogg.npy,vefnut1
rocpig_XC342145.ogg.npy,rocpig
eaywag1_XC675744.ogg.npy,eaywag1
blrwar1_XC614679.ogg.npy,blrwar1
rewbul_XC305211.ogg.npy,rewbul
grnsan_XC585125.ogg.npy,grnsan
litgre1_XC715637.ogg.npy,litgre1
blrwar1_XC655703.ogg.npy,blrwar1
comtai1_XC643663.ogg.npy,comtai1
litgre1_XC713023.ogg.npy,litgre1
blakit1_XC424086.ogg.npy,blakit1
purher1_XC553993.ogg.npy,purher1
labcro1_XC305251.ogg.npy,labcro1
barswa_XC625824.ogg.npy,barswa
barswa_XC370499.ogg.npy,barswa
grywag_XC483470.ogg.npy,grywag
commyn_XC661228.ogg.npy,commyn
wemhar1_XC643991.ogg.npy,wemhar1
gloibi_XC358627.ogg.npy,gloibi
ashpri1_XC744647.ogg.npy,ashpri1
litgre1_XC197696.ogg.npy,litgre1
purswa3_XC382827.ogg.npy,purswa3
litgre1_XC802400.ogg.npy,litgre1
gybpri1_XC665709.ogg.npy,gybpri1
plhpar1_XC403958.ogg.npy,plhpar1
commoo3_XC365509.ogg.npy,commoo3
litgre1_XC541817.ogg.npy,litgre1
grewar3_XC325301.ogg.npy,grewar3
rewbul_XC203388.ogg.npy,rewbul
grnsan_XC671104.ogg.npy,grnsan
brnshr_XC458237.ogg.npy,brnshr
comkin1_XC289822.ogg.npy,comkin1
nutman_XC783715.ogg.npy,nutman
piekin1_XC515898.ogg.npy,piekin1
graher1_XC819669.ogg.npy,graher1
brodro1_XC444770.ogg.npy,brodro1
comtai1_XC606919.ogg.npy,comtai1
copbar1_XC351356.ogg.npy,copbar1
graher1_XC602164.ogg.npy,graher1
laudov1_XC405372.ogg.npy,laudov1
comsan_XC719617.ogg.npy,comsan
barswa_XC361224.ogg.npy,barswa
rorpar_XC499452.ogg.npy,rorpar
purher1_XC645993.ogg.npy,purher1
comgre_XC831008.ogg.npy,comgre
rorpar_XC512339.ogg.npy,rorpar
barswa_XC747390.ogg.npy,barswa
rerswa1_XC825149.ogg.npy,rerswa1
woosan_XC668256.ogg.npy,woosan
oripip1_XC303831.ogg.npy,oripip1
brnshr_XC746988.ogg.npy,brnshr
comgre_XC785774.ogg.npy,comgre
zitcis1_XC500830.ogg.npy,zitcis1
purher1_XC789588.ogg.npy,purher1
comgre_XC497330.ogg.npy,comgre
purher1_XC481289.ogg.npy,purher1
wemhar1_XC572640.ogg.npy,wemhar1
greegr_XC779964.ogg.npy,greegr
wemhar1_XC795174.ogg.npy,wemhar1
grywag_XC142809.ogg.npy,grywag
pursun4_XC181976.ogg.npy,pursun4
zitcis1_XC526448.ogg.npy,zitcis1
commyn_XC444548.ogg.npy,commyn
houspa_XC165733.ogg.npy,houspa
litegr_XC388800.ogg.npy,litegr
lirplo_XC564761.ogg.npy,lirplo
lirplo_XC449132.ogg.npy,lirplo
ashpri1_XC563400.ogg.npy,ashpri1
litgre1_XC750736.ogg.npy,litgre1
piebus1_XC497083.ogg.npy,piebus1
categr_XC368933.ogg.npy,categr
rewbul_XC778656.ogg.npy,rewbul
litspi1_XC761904.ogg.npy,litspi1
eaywag1_XC370990.ogg.npy,eaywag1
rorpar_XC294456.ogg.npy,rorpar
zitcis1_XC341141.ogg.npy,zitcis1
kenplo1_XC376951.ogg.npy,kenplo1
comkin1_XC587764.ogg.npy,comkin1
grywag_XC320626.ogg.npy,grywag
eaywag1_XC663315.ogg.npy,eaywag1
rorpar_XC584349.ogg.npy,rorpar
grywag_XC377028.ogg.npy,grywag
whtkin2_XC309366.ogg.npy,whtkin2
grywag_XC507376.ogg.npy,grywag
stbkin1_XC192651.ogg.npy,stbkin1
gloibi_XC357886.ogg.npy,gloibi
blrwar1_XC570201.ogg.npy,blrwar1
bladro1_XC778596.ogg.npy,bladro1
pursun3_XC664676.ogg.npy,pursun3
lirplo_XC825183.ogg.npy,lirplo
blrwar1_XC180043.ogg.npy,blrwar1
grnsan_XC722064.ogg.npy,grnsan
commoo3_XC364086.ogg.npy,commoo3
zitcis1_XC496917.ogg.npy,zitcis1
bcnher_XC836363.ogg.npy,bcnher
woosan_XC741701.ogg.npy,woosan
barswa_XC458229.ogg.npy,barswa
mawthr1_XC198320.ogg.npy,mawthr1
lirplo_XC485452.ogg.npy,lirplo
grtdro1_XC126628.ogg.npy,grtdro1
kenplo1_XC841270.ogg.npy,kenplo1
pomgrp2_XC766810.ogg.npy,pomgrp2
putbab1_XC551635.ogg.npy,putbab1
hoopoe_XC659222.ogg.npy,hoopoe
grywag_XC360715.ogg.npy,grywag
blakit1_XC420671.ogg.npy,blakit1
gloibi_XC312183.ogg.npy,gloibi
litegr_XC677279.ogg.npy,litegr
barswa_XC741809.ogg.npy,barswa
mawthr1_XC574712.ogg.npy,mawthr1
hoopoe_XC793076.ogg.npy,hoopoe
blrwar1_XC655203.ogg.npy,blrwar1
grewar3_XC216109.ogg.npy,grewar3
blnmon1_XC572860.ogg.npy,blnmon1
copbar1_XC574973.ogg.npy,copbar1
comtai1_XC209011.ogg.npy,comtai1
purher1_XC636326.ogg.npy,purher1
eaywag1_XC428708.ogg.npy,eaywag1
piekin1_XC615871.ogg.npy,piekin1
houspa_XC127477.ogg.npy,houspa
grecou1_XC724416.ogg.npy,grecou1
blnmon1_XC733040.ogg.npy,blnmon1
barswa_XC579896.ogg.npy,barswa
eaywag1_XC675674.ogg.npy,eaywag1
dafbab1_XC211239.ogg.npy,dafbab1
purher1_XC719626.ogg.npy,purher1
gyhcaf1_XC836602.ogg.npy,gyhcaf1
grewar3_XC408759.ogg.npy,grewar3
lirplo_XC313559.ogg.npy,lirplo
eaywag1_XC800164.ogg.npy,eaywag1
lirplo_XC638026.ogg.npy,lirplo
placuc3_XC255545.ogg.npy,placuc3
kenplo1_XC785263.ogg.npy,kenplo1
barswa_XC458638.ogg.npy,barswa
houspa_XC622458.ogg.npy,houspa
wbbfly1_XC461213.ogg.npy,wbbfly1
rewbul_XC131476.ogg.npy,rewbul
zitcis1_XC568235.ogg.npy,zitcis1
blakit1_XC823304.ogg.npy,blakit1
shikra1_XC518360.ogg.npy,shikra1
revbul_XC19825.ogg.npy,revbul
litegr_XC577778.ogg.npy,litegr
hoopoe_XC768913.ogg.npy,hoopoe
kenplo1_XC743063.ogg.npy,kenplo1
gyhcaf1_XC424608.ogg.npy,gyhcaf1
barswa_XC747068.ogg.npy,barswa
ruftre2_XC372044.ogg.npy,ruftre2
thbwar1_XC859315.ogg.npy,thbwar1
gryfra_XC451799.ogg.npy,gryfra
piekin1_XC441889.ogg.npy,piekin1
comros_XC416829.ogg.npy,comros
litgre1_XC838764.ogg.npy,litgre1
grywag_XC522810.ogg.npy,grywag
lirplo_XC622542.ogg.npy,lirplo
gargan_XC190732.ogg.npy,gargan
brnshr_XC834459.ogg.npy,brnshr
comros_XC252176.ogg.npy,comros
rorpar_XC475255.ogg.npy,rorpar
whbbul2_XC209556.ogg.npy,whbbul2
zitcis1_XC570133.ogg.npy,zitcis1
houspa_XC623311.ogg.npy,houspa
ruftre2_XC590318.ogg.npy,ruftre2
commoo3_XC631182.ogg.npy,commoo3
indpit1_XC572630.ogg.npy,indpit1
whbwat1_XC605219.ogg.npy,whbwat1
brcful1_XC729664.ogg.npy,brcful1
hoopoe_XC278456.ogg.npy,hoopoe
junowl1_XC503423.ogg.npy,junowl1
bcnher_XC485628.ogg.npy,bcnher
woosan_XC601445.ogg.npy,woosan
categr_XC834409.ogg.npy,categr
houspa_XC659761.ogg.npy,houspa
purher1_XC673154.ogg.npy,purher1
bkwsti_XC718462.ogg.npy,bkwsti
revbul_XC454895.ogg.npy,revbul
grnsan_XC674898.ogg.npy,grnsan
commoo3_XC576873.ogg.npy,commoo3
tibfly3_XC207660.ogg.npy,tibfly3
grnsan_XC432942.ogg.npy,grnsan
blrwar1_XC480512.ogg.npy,blrwar1
greegr_XC294676.ogg.npy,greegr
blrwar1_XC808169.ogg.npy,blrwar1
eurcoo_XC305957.ogg.npy,eurcoo
comros_XC812856.ogg.npy,comros
yebbul3_XC296444.ogg.npy,yebbul3
bkskit1_XC350268.ogg.npy,bkskit1
houcro1_XC625108.ogg.npy,houcro1
laudov1_XC405378.ogg.npy,laudov1
orihob2_XC756486.ogg.npy,orihob2
bkskit1_XC350405.ogg.npy,bkskit1
houcro1_XC646963.ogg.npy,houcro1
eurcoo_XC722226.ogg.npy,eurcoo
houspa_XC654112.ogg.npy,houspa
brnshr_XC422310.ogg.npy,brnshr
blhori1_XC210680.ogg.npy,blhori1
litegr_XC533882.ogg.npy,litegr
mawthr1_XC523151.ogg.npy,mawthr1
kenplo1_XC718533.ogg.npy,kenplo1
thbwar1_XC682049.ogg.npy,thbwar1
blrwar1_XC712873.ogg.npy,blrwar1
labcro1_XC501354.ogg.npy,labcro1
comsan_XC266360.ogg.npy,comsan
eurcoo_XC645347.ogg.npy,eurcoo
vehpar1_XC604550.ogg.npy,vehpar1
comgre_XC675806.ogg.npy,comgre
blrwar1_XC179665.ogg.npy,blrwar1
grecou1_XC770517.ogg.npy,grecou1
gyhcaf1_XC578378.ogg.npy,gyhcaf1
whbbul2_XC209559.ogg.npy,whbbul2
bcnher_XC755591.ogg.npy,bcnher
gargan_XC709966.ogg.npy,gargan
graher1_XC586236.ogg.npy,graher1
eaywag1_XC497336.ogg.npy,eaywag1
rocpig_XC436507.ogg.npy,rocpig
ruftre2_XC784525.ogg.npy,ruftre2
blrwar1_XC232979.ogg.npy,blrwar1
grewar3_XC191261.ogg.npy,grewar3
lirplo_XC574721.ogg.npy,lirplo
asikoe2_XC551633.ogg.npy,asikoe2
bkwsti_XC802143.ogg.npy,bkwsti
litgre1_XC677256.ogg.npy,litgre1
labcro1_XC371571.ogg.npy,labcro1
litegr_XC333991.ogg.npy,litegr
bkwsti_XC622358.ogg.npy,bkwsti
eurcoo_XC397122.ogg.npy,eurcoo
grewar3_XC184269.ogg.npy,grewar3
bkskit1_XC186609.ogg.npy,bkskit1
gargan_XC709123.ogg.npy,gargan
piebus1_XC845115.ogg.npy,piebus1
barswa_XC457798.ogg.npy,barswa
purher1_XC643918.ogg.npy,purher1
lirplo_XC505742.ogg.npy,lirplo
litegr_XC795142.ogg.npy,litegr
graher1_XC434685.ogg.npy,graher1
litspi1_XC683302.ogg.npy,litspi1
zitcis1_XC362072.ogg.npy,zitcis1
shikra1_XC397784.ogg.npy,shikra1
woosan_XC131502.ogg.npy,woosan
eaywag1_XC670117.ogg.npy,eaywag1
revbul_XC573354.ogg.npy,revbul
commoo3_XC295003.ogg.npy,commoo3
eurcoo_XC695743.ogg.npy,eurcoo
lirplo_XC384967.ogg.npy,lirplo
commoo3_XC806224.ogg.npy,commoo3
blnmon1_XC330165.ogg.npy,blnmon1
comtai1_XC313092.ogg.npy,comtai1
eurcoo_XC309355.ogg.npy,eurcoo
whbsho3_XC856377.ogg.npy,whbsho3
asikoe2_XC307545.ogg.npy,asikoe2
eurcoo_XC719703.ogg.npy,eurcoo
rorpar_XC207014.ogg.npy,rorpar
crseag1_XC453720.ogg.npy,crseag1
bkwsti_XC807132.ogg.npy,bkwsti
bkskit1_XC305303.ogg.npy,bkskit1
pursun4_XC303861.ogg.npy,pursun4
rossta2_XC484522.ogg.npy,rossta2
rewlap1_XC639945.ogg.npy,rewlap1
rufwoo2_XC780279.ogg.npy,rufwoo2
litgre1_XC528305.ogg.npy,litgre1
btbeat1_XC741389.ogg.npy,btbeat1
woosan_XC744072.ogg.npy,woosan
comros_XC183534.ogg.npy,comros
putbab1_XC291081.ogg.npy,putbab1
lirplo_XC360819.ogg.npy,lirplo
comros_XC183915.ogg.npy,comros
comior1_XC659821.ogg.npy,comior1
eucdov_XC399380.ogg.npy,eucdov
btbeat1_XC453340.ogg.npy,btbeat1
eurcoo_XC858054.ogg.npy,eurcoo
litgre1_XC287855.ogg.npy,litgre1
piekin1_XC303854.ogg.npy,piekin1
grewar3_XC206317.ogg.npy,grewar3
pursun4_XC690231.ogg.npy,pursun4
asikoe2_XC776830.ogg.npy,asikoe2
stbkin1_XC637356.ogg.npy,stbkin1
commoo3_XC750150.ogg.npy,commoo3
comkin1_XC27038.ogg.npy,comkin1
grywag_XC526481.ogg.npy,grywag
barswa_XC631965.ogg.npy,barswa
comtai1_XC671499.ogg.npy,comtai1
blrwar1_XC139400.ogg.npy,blrwar1
comgre_XC758226.ogg.npy,comgre
grnsan_XC423434.ogg.npy,grnsan
indrol2_XC397283.ogg.npy,indrol2
bcnher_XC720541.ogg.npy,bcnher
commoo3_XC559362.ogg.npy,commoo3
grtdro1_XC794506.ogg.npy,grtdro1
crseag1_XC639440.ogg.npy,crseag1
rufwoo2_XC204141.ogg.npy,rufwoo2
copbar1_XC276806.ogg.npy,copbar1
blakit1_XC845369.ogg.npy,blakit1
forwag1_XC255324.ogg.npy,forwag1
gargan_XC803477.ogg.npy,gargan
whbwat1_XC459415.ogg.npy,whbwat1
plapri1_XC752678.ogg.npy,plapri1
whbwag1_XC633430.ogg.npy,whbwag1
vefnut1_XC491070.ogg.npy,vefnut1
grywag_XC293272.ogg.npy,grywag
putbab1_XC612259.ogg.npy,putbab1
comsan_XC594340.ogg.npy,comsan
crseag1_XC666510.ogg.npy,crseag1
commyn_XC183763.ogg.npy,commyn
spodov_XC565937.ogg.npy,spodov
wemhar1_XC473954.ogg.npy,wemhar1
rocpig_XC349160.ogg.npy,rocpig
rorpar_XC754761.ogg.npy,rorpar
shikra1_XC185039.ogg.npy,shikra1
whbwat1_XC756506.ogg.npy,whbwat1
comsan_XC503480.ogg.npy,comsan
eucdov_XC184835.ogg.npy,eucdov
blrwar1_XC656263.ogg.npy,blrwar1
asikoe2_XC788672.ogg.npy,asikoe2
ashpri1_XC73015.ogg.npy,ashpri1
hoopoe_XC562933.ogg.npy,hoopoe
piebus1_XC409257.ogg.npy,piebus1
eaywag1_XC675728.ogg.npy,eaywag1
commoo3_XC402556.ogg.npy,commoo3
sttwoo1_XC448059.ogg.npy,sttwoo1
barswa_XC458631.ogg.npy,barswa
bkwsti_XC550720.ogg.npy,bkwsti
eucdov_XC831934.ogg.npy,eucdov
grywag_XC679366.ogg.npy,grywag
gargan_XC365494.ogg.npy,gargan
wbbfly1_XC205910.ogg.npy,wbbfly1
comros_XC198969.ogg.npy,comros
litspi1_XC610766.ogg.npy,litspi1
blnmon1_XC569942.ogg.npy,blnmon1
lblwar1_XC153019.ogg.npy,lblwar1
eurcoo_XC542395.ogg.npy,eurcoo
purswa3_XC196260.ogg.npy,purswa3
comtai1_XC793846.ogg.npy,comtai1
eurcoo_XC416491.ogg.npy,eurcoo
woosan_XC824995.ogg.npy,woosan
bwfshr1_XC151507.ogg.npy,bwfshr1
houcro1_XC113090.ogg.npy,houcro1
asikoe2_XC478476.ogg.npy,asikoe2
gybpri1_XC194941.ogg.npy,gybpri1
ashdro1_XC288101.ogg.npy,ashdro1
barswa_XC361225.ogg.npy,barswa
eaywag1_XC471742.ogg.npy,eaywag1
rewbul_XC469080.ogg.npy,rewbul
putbab1_XC465684.ogg.npy,putbab1
bkskit1_XC352476.ogg.npy,bkskit1
brakit1_XC163896.ogg.npy,brakit1
orihob2_XC675435.ogg.npy,orihob2
purher1_XC299495.ogg.npy,purher1
comsan_XC673258.ogg.npy,comsan
rossta2_XC685831.ogg.npy,rossta2
inbrob1_XC812027.ogg.npy,inbrob1
blrwar1_XC656466.ogg.npy,blrwar1
litgre1_XC802047.ogg.npy,litgre1
eaywag1_XC738300.ogg.npy,eaywag1
blakit1_XC740069.ogg.npy,blakit1
marsan_XC145332.ogg.npy,marsan
grewar3_XC140041.ogg.npy,grewar3
hoopoe_XC560383.ogg.npy,hoopoe
litegr_XC697832.ogg.npy,litegr
comtai1_XC794901.ogg.npy,comtai1
zitcis1_XC611409.ogg.npy,zitcis1
gyhcaf1_XC720381.ogg.npy,gyhcaf1
houspa_XC315538.ogg.npy,houspa
gloibi_XC744145.ogg.npy,gloibi
eucdov_XC324031.ogg.npy,eucdov
litegr_XC681286.ogg.npy,litegr
bkskit1_XC352487.ogg.npy,bkskit1
revbul_XC637695.ogg.npy,revbul
eurcoo_XC789437.ogg.npy,eurcoo
bcnher_XC604399.ogg.npy,bcnher
comtai1_XC616410.ogg.npy,comtai1
asikoe2_XC413593.ogg.npy,asikoe2
litspi1_XC29580.ogg.npy,litspi1
comros_XC324514.ogg.npy,comros
brakit1_XC151328.ogg.npy,brakit1
brcful1_XC418131.ogg.npy,brcful1
kenplo1_XC840936.ogg.npy,kenplo1
grewar3_XC656664.ogg.npy,grewar3
brnshr_XC162688.ogg.npy,brnshr
grewar3_XC805504.ogg.npy,grewar3
grywag_XC198590.ogg.npy,grywag
labcro1_XC698562.ogg.npy,labcro1
comgre_XC745339.ogg.npy,comgre
litgre1_XC301645.ogg.npy,litgre1
whiter2_XC306043.ogg.npy,whiter2
bcnher_XC671619.ogg.npy,bcnher
comsan_XC677814.ogg.npy,comsan
piekin1_XC616452.ogg.npy,piekin1
asikoe2_XC454504.ogg.npy,asikoe2
eaywag1_XC471893.ogg.npy,eaywag1
rewbul_XC524196.ogg.npy,rewbul
zitcis1_XC310413.ogg.npy,zitcis1
blrwar1_XC342601.ogg.npy,blrwar1
grywag_XC757193.ogg.npy,grywag
bcnher_XC437720.ogg.npy,bcnher
plapri1_XC840885.ogg.npy,plapri1
goflea1_XC843337.ogg.npy,goflea1
copbar1_XC295020.ogg.npy,copbar1
grenig1_XC593677.ogg.npy,grenig1
eucdov_XC544183.ogg.npy,eucdov
brnshr_XC805979.ogg.npy,brnshr
blrwar1_XC179842.ogg.npy,blrwar1
crseag1_XC855633.ogg.npy,crseag1
plapri1_XC795362.ogg.npy,plapri1
comsan_XC500460.ogg.npy,comsan
orihob2_XC555234.ogg.npy,orihob2
eurcoo_XC639700.ogg.npy,eurcoo
comgre_XC845651.ogg.npy,comgre
grnsan_XC584438.ogg.npy,grnsan
putbab1_XC556742.ogg.npy,putbab1
litswi1_XC660996.ogg.npy,litswi1
litswi1_XC854651.ogg.npy,litswi1
putbab1_XC793726.ogg.npy,putbab1
grefla1_XC619764.ogg.npy,grefla1
lirplo_XC339471.ogg.npy,lirplo
nutman_XC689439.ogg.npy,nutman
comgre_XC676720.ogg.npy,comgre
gyhcaf1_XC606333.ogg.npy,gyhcaf1
junmyn1_XC151335.ogg.npy,junmyn1
rossta2_XC741286.ogg.npy,rossta2
graher1_XC814112.ogg.npy,graher1
labcro1_XC297122.ogg.npy,labcro1
categr_XC372953.ogg.npy,categr
grnsan_XC713481.ogg.npy,grnsan
litgre1_XC823153.ogg.npy,litgre1
woosan_XC331100.ogg.npy,woosan
purher1_XC542020.ogg.npy,purher1
blrwar1_XC657695.ogg.npy,blrwar1
comgre_XC827135.ogg.npy,comgre
comgre_XC647798.ogg.npy,comgre
woosan_XC754766.ogg.npy,woosan
comros_XC509370.ogg.npy,comros
comkin1_XC511649.ogg.npy,comkin1
comior1_XC777287.ogg.npy,comior1
litegr_XC333932.ogg.npy,litegr
piekin1_XC125788.ogg.npy,piekin1
comros_XC653240.ogg.npy,comros
junmyn1_XC347606.ogg.npy,junmyn1
nutman_XC665305.ogg.npy,nutman
comsan_XC434764.ogg.npy,comsan
brodro1_XC114813.ogg.npy,brodro1
comsan_XC674649.ogg.npy,comsan
purswa3_XC667376.ogg.npy,purswa3
bkskit1_XC353821.ogg.npy,bkskit1
bcnher_XC725328.ogg.npy,bcnher
houspa_XC353517.ogg.npy,houspa
litegr_XC333967.ogg.npy,litegr
bkrfla1_XC665947.ogg.npy,bkrfla1
marsan_XC717159.ogg.npy,marsan
categr_XC45477.ogg.npy,categr
litgre1_XC26931.ogg.npy,litgre1
comgre_XC645478.ogg.npy,comgre
grywag_XC812492.ogg.npy,grywag
barswa_XC669095.ogg.npy,barswa
eucdov_XC537820.ogg.npy,eucdov
houspa_XC818666.ogg.npy,houspa
commoo3_XC625419.ogg.npy,commoo3
comros_XC503404.ogg.npy,comros
bkskit1_XC352477.ogg.npy,bkskit1
grywag_XC457871.ogg.npy,grywag
eucdov_XC841591.ogg.npy,eucdov
lirplo_XC828909.ogg.npy,lirplo
litgre1_XC494178.ogg.npy,litgre1
woosan_XC664808.ogg.npy,woosan
gargan_XC830434.ogg.npy,gargan
whbtre1_XC401641.ogg.npy,whbtre1
gyhcaf1_XC531693.ogg.npy,gyhcaf1
zitcis1_XC790069.ogg.npy,zitcis1
lirplo_XC576953.ogg.npy,lirplo
gloibi_XC744153.ogg.npy,gloibi
brnhao1_XC610740.ogg.npy,brnhao1
piebus1_XC787626.ogg.npy,piebus1
litspi1_XC440795.ogg.npy,litspi1
eaywag1_XC800001.ogg.npy,eaywag1
eucdov_XC428769.ogg.npy,eucdov
houspa_XC720636.ogg.npy,houspa
comgre_XC543164.ogg.npy,comgre
rewbul_XC337658.ogg.npy,rewbul
litegr_XC596988.ogg.npy,litegr
commoo3_XC597221.ogg.npy,commoo3
bkwsti_XC632157.ogg.npy,bkwsti
rossta2_XC787186.ogg.npy,rossta2
gyhcaf1_XC805190.ogg.npy,gyhcaf1
forwag1_XC737403.ogg.npy,forwag1
rocpig_XC463506.ogg.npy,rocpig
litegr_XC333917.ogg.npy,litegr
labcro1_XC470233.ogg.npy,labcro1
grywag_XC806670.ogg.npy,grywag
putbab1_XC374671.ogg.npy,putbab1
grefla1_XC240331.ogg.npy,grefla1
tilwar1_XC399013.ogg.npy,tilwar1
eurcoo_XC643671.ogg.npy,eurcoo
eaywag1_XC747464.ogg.npy,eaywag1
comkin1_XC680670.ogg.npy,comkin1
rewbul_XC490873.ogg.npy,rewbul
kenplo1_XC817406.ogg.npy,kenplo1
btbeat1_XC394048.ogg.npy,btbeat1
vefnut1_XC782356.ogg.npy,vefnut1
lirplo_XC468167.ogg.npy,lirplo
grnwar1_XC193500.ogg.npy,grnwar1
junbab2_XC120754.ogg.npy,junbab2
ruftre2_XC372045.ogg.npy,ruftre2
woosan_XC749070.ogg.npy,woosan
cohcuc1_XC407431.ogg.npy,cohcuc1
gyhcaf1_XC295079.ogg.npy,gyhcaf1
revbul_XC116835.ogg.npy,revbul
barswa_XC584275.ogg.npy,barswa
copbar1_XC857059.ogg.npy,copbar1
rerswa1_XC433098.ogg.npy,rerswa1
woosan_XC687191.ogg.npy,woosan
comkin1_XC731006.ogg.npy,comkin1
ruftre2_XC426340.ogg.npy,ruftre2
wemhar1_XC592092.ogg.npy,wemhar1
bkwsti_XC779751.ogg.npy,bkwsti
gryfra_XC474849.ogg.npy,gryfra
grywag_XC677953.ogg.npy,grywag
eaywag1_XC661257.ogg.npy,eaywag1
thbwar1_XC527355.ogg.npy,thbwar1
comsan_XC496602.ogg.npy,comsan
woosan_XC672717.ogg.npy,woosan
wemhar1_XC442405.ogg.npy,wemhar1
graher1_XC692946.ogg.npy,graher1
stbkin1_XC165503.ogg.npy,stbkin1
rorpar_XC606440.ogg.npy,rorpar
comros_XC580389.ogg.npy,comros
comsan_XC667345.ogg.npy,comsan
grewar3_XC420085.ogg.npy,grewar3
grtdro1_XC464140.ogg.npy,grtdro1
comros_XC162553.ogg.npy,comros
comsan_XC605377.ogg.npy,comsan
emedov2_XC307396.ogg.npy,emedov2
barswa_XC459354.ogg.npy,barswa
comgre_XC671464.ogg.npy,comgre
grywag_XC456051.ogg.npy,grywag
lesyel1_XC190815.ogg.npy,lesyel1
grnsan_XC546808.ogg.npy,grnsan
litgre1_XC509429.ogg.npy,litgre1
vefnut1_XC756626.ogg.npy,vefnut1
grewar3_XC573374.ogg.npy,grewar3
comros_XC475541.ogg.npy,comros
houspa_XC532236.ogg.npy,houspa
houspa_XC186305.ogg.npy,houspa
comsan_XC559771.ogg.npy,comsan
whtkin2_XC608684.ogg.npy,whtkin2
hoopoe_XC688478.ogg.npy,hoopoe
litgre1_XC628849.ogg.npy,litgre1
blrwar1_XC657910.ogg.npy,blrwar1
comros_XC493011.ogg.npy,comros
ashpri1_XC665294.ogg.npy,ashpri1
eurcoo_XC649310.ogg.npy,eurcoo
comkin1_XC712565.ogg.npy,comkin1
hoopoe_XC560349.ogg.npy,hoopoe
kenplo1_XC718545.ogg.npy,kenplo1
houspa_XC376702.ogg.npy,houspa
grecou1_XC73176.ogg.npy,grecou1
compea_XC407394.ogg.npy,compea
zitcis1_XC480393.ogg.npy,zitcis1
btbeat1_XC460791.ogg.npy,btbeat1
grywag_XC458296.ogg.npy,grywag
comtai1_XC787330.ogg.npy,comtai1
brnshr_XC196142.ogg.npy,brnshr
comfla1_XC699944.ogg.npy,comfla1
litgre1_XC597735.ogg.npy,litgre1
eaywag1_XC142712.ogg.npy,eaywag1
ashpri1_XC310857.ogg.npy,ashpri1
brnhao1_XC766807.ogg.npy,brnhao1
whbwat1_XC606430.ogg.npy,whbwat1
gargan_XC644634.ogg.npy,gargan
houspa_XC651512.ogg.npy,houspa
rorpar_XC164387.ogg.npy,rorpar
litgre1_XC720562.ogg.npy,litgre1
kenplo1_XC118173.ogg.npy,kenplo1
tibfly3_XC21999.ogg.npy,tibfly3
gargan_XC674536.ogg.npy,gargan
ashwoo2_XC21842.ogg.npy,ashwoo2
purher1_XC803158.ogg.npy,purher1
whrmun_XC774288.ogg.npy,whrmun
graher1_XC587830.ogg.npy,graher1
grnwar1_XC472266.ogg.npy,grnwar1
plapri1_XC207646.ogg.npy,plapri1
revbul_XC509417.ogg.npy,revbul
blrwar1_XC113343.ogg.npy,blrwar1
bcnher_XC675239.ogg.npy,bcnher
comros_XC779462.ogg.npy,comros
plapri1_XC804179.ogg.npy,plapri1
grnsan_XC474326.ogg.npy,grnsan
plapri1_XC596956.ogg.npy,plapri1
woosan_XC705355.ogg.npy,woosan
greegr_XC518984.ogg.npy,greegr
graher1_XC670844.ogg.npy,graher1
rerswa1_XC178398.ogg.npy,rerswa1
revbul_XC209008.ogg.npy,revbul
grywag_XC652589.ogg.npy,grywag
graher1_XC582942.ogg.npy,graher1
litegr_XC333947.ogg.npy,litegr
spoowl1_XC665957.ogg.npy,spoowl1
hoopoe_XC368546.ogg.npy,hoopoe
comkin1_XC639350.ogg.npy,comkin1
rocpig_XC541143.ogg.npy,rocpig
comior1_XC318991.ogg.npy,comior1
grewar3_XC191633.ogg.npy,grewar3
blrwar1_XC568535.ogg.npy,blrwar1
comsan_XC556785.ogg.npy,comsan
commoo3_XC546320.ogg.npy,commoo3
whrmun_XC401438.ogg.npy,whrmun
indrol2_XC252597.ogg.npy,indrol2
whbwat1_XC756460.ogg.npy,whbwat1
categr_XC45475.ogg.npy,categr
categr_XC734226.ogg.npy,categr
eaywag1_XC156578.ogg.npy,eaywag1
houspa_XC306064.ogg.npy,houspa
zitcis1_XC378260.ogg.npy,zitcis1
graher1_XC758315.ogg.npy,graher1
zitcis1_XC844802.ogg.npy,zitcis1
whbwoo2_XC797317.ogg.npy,whbwoo2
grnsan_XC639364.ogg.npy,grnsan
grnsan_XC506268.ogg.npy,grnsan
sqtbul1_XC207742.ogg.npy,sqtbul1
grnsan_XC749438.ogg.npy,grnsan
houcro1_XC322403.ogg.npy,houcro1
eurcoo_XC781814.ogg.npy,eurcoo
hoopoe_XC844526.ogg.npy,hoopoe
blrwar1_XC252526.ogg.npy,blrwar1
comtai1_XC341034.ogg.npy,comtai1
barswa_XC823307.ogg.npy,barswa
eurcoo_XC25894.ogg.npy,eurcoo
purher1_XC380536.ogg.npy,purher1
eaywag1_XC345152.ogg.npy,eaywag1
grewar3_XC561035.ogg.npy,grewar3
crseag1_XC529893.ogg.npy,crseag1
sttwoo1_XC138655.ogg.npy,sttwoo1
grnsan_XC663210.ogg.npy,grnsan
litegr_XC605412.ogg.npy,litegr
comtai1_XC643666.ogg.npy,comtai1
kenplo1_XC120332.ogg.npy,kenplo1
zitcis1_XC179877.ogg.npy,zitcis1
kenplo1_XC840773.ogg.npy,kenplo1
commyn_XC116524.ogg.npy,commyn
brakit1_XC663577.ogg.npy,brakit1
litgre1_XC636770.ogg.npy,litgre1
eaywag1_XC471566.ogg.npy,eaywag1
litgre1_XC464699.ogg.npy,litgre1
wemhar1_XC557164.ogg.npy,wemhar1
bcnher_XC709239.ogg.npy,bcnher
brfowl1_XC542628.ogg.npy,brfowl1
zitcis1_XC572683.ogg.npy,zitcis1
marsan_XC835957.ogg.npy,marsan
aspfly1_XC644202.ogg.npy,aspfly1
putbab1_XC529870.ogg.npy,putbab1
asikoe2_XC464464.ogg.npy,asikoe2
grtdro1_XC329483.ogg.npy,grtdro1
grnsan_XC381550.ogg.npy,grnsan
woosan_XC821084.ogg.npy,woosan
putbab1_XC371645.ogg.npy,putbab1
kenplo1_XC718560.ogg.npy,kenplo1
grnsan_XC733171.ogg.npy,grnsan
blnmon1_XC560445.ogg.npy,blnmon1
graher1_XC357551.ogg.npy,graher1
woosan_XC652043.ogg.npy,woosan
tibfly3_XC684425.ogg.npy,tibfly3
ashpri1_XC788228.ogg.npy,ashpri1
comsan_XC765635.ogg.npy,comsan
houspa_XC326664.ogg.npy,houspa
spodov_XC312465.ogg.npy,spodov
graher1_XC439391.ogg.npy,graher1
grnsan_XC432941.ogg.npy,grnsan
comros_XC53810.ogg.npy,comros
comior1_XC606347.ogg.npy,comior1
comsan_XC798210.ogg.npy,comsan
wemhar1_XC793961.ogg.npy,wemhar1
laudov1_XC288060.ogg.npy,laudov1
gyhcaf1_XC116627.ogg.npy,gyhcaf1
grewar3_XC753210.ogg.npy,grewar3
grewar3_XC577746.ogg.npy,grewar3
piebus1_XC185319.ogg.npy,piebus1
kenplo1_XC330950.ogg.npy,kenplo1
rewlap1_XC379632.ogg.npy,rewlap1
brodro1_XC730953.ogg.npy,brodro1
comtai1_XC756635.ogg.npy,comtai1
compea_XC632249.ogg.npy,compea
putbab1_XC571200.ogg.npy,putbab1
lirplo_XC585655.ogg.npy,lirplo
comfla1_XC740232.ogg.npy,comfla1
categr_XC576962.ogg.npy,categr
comros_XC563797.ogg.npy,comros
spodov_XC359362.ogg.npy,spodov
commoo3_XC598392.ogg.npy,commoo3
eurcoo_XC714561.ogg.npy,eurcoo
whiter2_XC480126.ogg.npy,whiter2
oripip1_XC151306.ogg.npy,oripip1
blrwar1_XC477185.ogg.npy,blrwar1
comtai1_XC171263.ogg.npy,comtai1
piekin1_XC515886.ogg.npy,piekin1
commyn_XC722976.ogg.npy,commyn
blhori1_XC743615.ogg.npy,blhori1
comgre_XC500765.ogg.npy,comgre
grehor1_XC527494.ogg.npy,grehor1
lirplo_XC563987.ogg.npy,lirplo
comsan_XC266356.ogg.npy,comsan
spoowl1_XC442330.ogg.npy,spoowl1
categr_XC857111.ogg.npy,categr
blhori1_XC816603.ogg.npy,blhori1
grehor1_XC302750.ogg.npy,grehor1
purher1_XC770477.ogg.npy,purher1
bkwsti_XC338808.ogg.npy,bkwsti
comgre_XC125032.ogg.npy,comgre
litgre1_XC579393.ogg.npy,litgre1
eaywag1_XC432555.ogg.npy,eaywag1
ashpri1_XC332264.ogg.npy,ashpri1
eucdov_XC664607.ogg.npy,eucdov
comtai1_XC666036.ogg.npy,comtai1
brnshr_XC267582.ogg.npy,brnshr
bladro1_XC505290.ogg.npy,bladro1
litgre1_XC714551.ogg.npy,litgre1
brodro1_XC650486.ogg.npy,brodro1
asikoe2_XC545736.ogg.npy,asikoe2
rorpar_XC333404.ogg.npy,rorpar
gyhcaf1_XC162997.ogg.npy,gyhcaf1
kenplo1_XC718500.ogg.npy,kenplo1
comros_XC630626.ogg.npy,comros
comros_XC834433.ogg.npy,comros
litegr_XC734482.ogg.npy,litegr
blakit1_XC744739.ogg.npy,blakit1
litegr_XC683763.ogg.npy,litegr
grewar3_XC478348.ogg.npy,grewar3
eucdov_XC726353.ogg.npy,eucdov
thbwar1_XC755637.ogg.npy,thbwar1
woosan_XC492223.ogg.npy,woosan
kenplo1_XC494528.ogg.npy,kenplo1
bkskit1_XC350407.ogg.npy,bkskit1
putbab1_XC239891.ogg.npy,putbab1
brcful1_XC116277.ogg.npy,brcful1
labcro1_XC587211.ogg.npy,labcro1
brnhao1_XC756988.ogg.npy,brnhao1
graher1_XC844523.ogg.npy,graher1
thbwar1_XC808528.ogg.npy,thbwar1
commoo3_XC185242.ogg.npy,commoo3
grewar3_XC266730.ogg.npy,grewar3
brnshr_XC345216.ogg.npy,brnshr
rewlap1_XC665909.ogg.npy,rewlap1
oripip1_XC115364.ogg.npy,oripip1
categr_XC192966.ogg.npy,categr
barswa_XC624441.ogg.npy,barswa
rocpig_XC559541.ogg.npy,rocpig
eaywag1_XC566528.ogg.npy,eaywag1
whbwat1_XC650149.ogg.npy,whbwat1
piekin1_XC608681.ogg.npy,piekin1
shikra1_XC469384.ogg.npy,shikra1
hoopoe_XC560378.ogg.npy,hoopoe
hoopoe_XC790527.ogg.npy,hoopoe
gargan_XC711716.ogg.npy,gargan
hoopoe_XC405400.ogg.npy,hoopoe
litegr_XC333893.ogg.npy,litegr
plapri1_XC379582.ogg.npy,plapri1
asikoe2_XC194905.ogg.npy,asikoe2
comkin1_XC517969.ogg.npy,comkin1
cregos1_XC840802.ogg.npy,cregos1
bcnher_XC709237.ogg.npy,bcnher
comros_XC457668.ogg.npy,comros
houcro1_XC209000.ogg.npy,houcro1
grbeat1_XC453344.ogg.npy,grbeat1
grtdro1_XC399214.ogg.npy,grtdro1
zitcis1_XC545711.ogg.npy,zitcis1
comtai1_XC133735.ogg.npy,comtai1
blakit1_XC628625.ogg.npy,blakit1
grewar3_XC180136.ogg.npy,grewar3
cohcuc1_XC396087.ogg.npy,cohcuc1
brakit1_XC684723.ogg.npy,brakit1
comros_XC837038.ogg.npy,comros
woosan_XC666572.ogg.npy,woosan
barswa_XC566676.ogg.npy,barswa
pursun4_XC453728.ogg.npy,pursun4
whbwat1_XC284524.ogg.npy,whbwat1
bcnher_XC433153.ogg.npy,bcnher
graher1_XC684993.ogg.npy,graher1
graher1_XC569911.ogg.npy,graher1
woosan_XC826962.ogg.npy,woosan
insowl1_XC546881.ogg.npy,insowl1
sohmyn1_XC651288.ogg.npy,sohmyn1
rocpig_XC611438.ogg.npy,rocpig
oripip1_XC644717.ogg.npy,oripip1
spodov_XC784524.ogg.npy,spodov
litgre1_XC488472.ogg.npy,litgre1
lirplo_XC713093.ogg.npy,lirplo
lirplo_XC469741.ogg.npy,lirplo
plapri1_XC686234.ogg.npy,plapri1
zitcis1_XC443818.ogg.npy,zitcis1
litgre1_XC833133.ogg.npy,litgre1
grnsan_XC793931.ogg.npy,grnsan
grewar3_XC845838.ogg.npy,grewar3
stbkin1_XC150682.ogg.npy,stbkin1
blrwar1_XC563337.ogg.npy,blrwar1
brwowl1_XC824377.ogg.npy,brwowl1
bkwsti_XC536386.ogg.npy,bkwsti
paisto1_XC787800.ogg.npy,paisto1
purher1_XC548717.ogg.npy,purher1
blrwar1_XC330965.ogg.npy,blrwar1
zitcis1_XC422082.ogg.npy,zitcis1
commoo3_XC541951.ogg.npy,commoo3
comros_XC270317.ogg.npy,comros
zitcis1_XC797410.ogg.npy,zitcis1
zitcis1_XC341133.ogg.npy,zitcis1
eaywag1_XC317464.ogg.npy,eaywag1
grywag_XC588409.ogg.npy,grywag
blrwar1_XC134920.ogg.npy,blrwar1
eaywag1_XC145108.ogg.npy,eaywag1
putbab1_XC718039.ogg.npy,putbab1
houspa_XC443505.ogg.npy,houspa
houspa_XC623300.ogg.npy,houspa
comgre_XC616053.ogg.npy,comgre
barswa_XC486529.ogg.npy,barswa
vefnut1_XC336677.ogg.npy,vefnut1
comros_XC370816.ogg.npy,comros
barswa_XC628314.ogg.npy,barswa
grecou1_XC196957.ogg.npy,grecou1
barswa_XC620697.ogg.npy,barswa
bkwsti_XC291372.ogg.npy,bkwsti
zitcis1_XC368394.ogg.npy,zitcis1
comgre_XC829333.ogg.npy,comgre
grywag_XC457868.ogg.npy,grywag
woosan_XC304114.ogg.npy,woosan
bkrfla1_XC209205.ogg.npy,bkrfla1
stbkin1_XC552577.ogg.npy,stbkin1
comsan_XC582120.ogg.npy,comsan
piekin1_XC608939.ogg.npy,piekin1
bcnher_XC831186.ogg.npy,bcnher
commyn_XC546566.ogg.npy,commyn
grewar3_XC306992.ogg.npy,grewar3
maghor2_XC786587.ogg.npy,maghor2
eucdov_XC853671.ogg.npy,eucdov
blakit1_XC144422.ogg.npy,blakit1
labcro1_XC607201.ogg.npy,labcro1
bkskit1_XC359051.ogg.npy,bkskit1
blnmon1_XC203331.ogg.npy,blnmon1
brnshr_XC410420.ogg.npy,brnshr
junbab2_XC312701.ogg.npy,junbab2
whtkin2_XC615043.ogg.npy,whtkin2
litgre1_XC638523.ogg.npy,litgre1
aspfly1_XC687959.ogg.npy,aspfly1
grywag_XC762435.ogg.npy,grywag
tibfly3_XC191007.ogg.npy,tibfly3
comros_XC253041.ogg.npy,comros
zitcis1_XC632793.ogg.npy,zitcis1
whbwat1_XC208298.ogg.npy,whbwat1
rorpar_XC694156.ogg.npy,rorpar
whiter2_XC284557.ogg.npy,whiter2
rorpar_XC207875.ogg.npy,rorpar
bcnher_XC705780.ogg.npy,bcnher
grehor1_XC736176.ogg.npy,grehor1
brnshr_XC489778.ogg.npy,brnshr
graher1_XC592442.ogg.npy,graher1
whbwoo2_XC620578.ogg.npy,whbwoo2
gyhcaf1_XC491053.ogg.npy,gyhcaf1
eucdov_XC669770.ogg.npy,eucdov
eurcoo_XC796730.ogg.npy,eurcoo
comgre_XC644627.ogg.npy,comgre
brfowl1_XC446902.ogg.npy,brfowl1
plapri1_XC381170.ogg.npy,plapri1
eaywag1_XC790724.ogg.npy,eaywag1
sbeowl1_XC442486.ogg.npy,sbeowl1
oripip1_XC544039.ogg.npy,oripip1
brwowl1_XC824379.ogg.npy,brwowl1
houspa_XC856957.ogg.npy,houspa
marsan_XC134894.ogg.npy,marsan
eucdov_XC692263.ogg.npy,eucdov
ashpri1_XC277294.ogg.npy,ashpri1
bkwsti_XC302858.ogg.npy,bkwsti
grbeat1_XC529757.ogg.npy,grbeat1
grnsan_XC640124.ogg.npy,grnsan
comkin1_XC771724.ogg.npy,comkin1
shikra1_XC364120.ogg.npy,shikra1
barswa_XC457818.ogg.npy,barswa
wemhar1_XC694893.ogg.npy,wemhar1
gryfra_XC459199.ogg.npy,gryfra
houspa_XC722397.ogg.npy,houspa
commyn_XC507723.ogg.npy,commyn
grywag_XC457873.ogg.npy,grywag
comgre_XC793537.ogg.npy,comgre
gyhcaf1_XC210668.ogg.npy,gyhcaf1
spoowl1_XC572904.ogg.npy,spoowl1
gargan_XC803478.ogg.npy,gargan
grnsan_XC674911.ogg.npy,grnsan
commyn_XC203345.ogg.npy,commyn
comtai1_XC555515.ogg.npy,comtai1
gloibi_XC464853.ogg.npy,gloibi
lirplo_XC371005.ogg.npy,lirplo
hoopoe_XC482479.ogg.npy,hoopoe
eaywag1_XC765053.ogg.npy,eaywag1
houspa_XC696721.ogg.npy,houspa
litswi1_XC443716.ogg.npy,litswi1
houspa_XC702424.ogg.npy,houspa
blhori1_XC484916.ogg.npy,blhori1
blhori1_XC484915.ogg.npy,blhori1
barswa_XC721814.ogg.npy,barswa
sbeowl1_XC165251.ogg.npy,sbeowl1
comsan_XC614843.ogg.npy,comsan
grewar3_XC570252.ogg.npy,grewar3
comgre_XC819469.ogg.npy,comgre
pursun4_XC314401.ogg.npy,pursun4
grywag_XC633119.ogg.npy,grywag
kenplo1_XC718521.ogg.npy,kenplo1
gloibi_XC699224.ogg.npy,gloibi
commoo3_XC625966.ogg.npy,commoo3
tibfly3_XC578343.ogg.npy,tibfly3
houspa_XC669435.ogg.npy,houspa
bkwsti_XC338283.ogg.npy,bkwsti
eucdov_XC380916.ogg.npy,eucdov
gargan_XC708935.ogg.npy,gargan
ashpri1_XC73014.ogg.npy,ashpri1
lirplo_XC361570.ogg.npy,lirplo
wemhar1_XC590354.ogg.npy,wemhar1
commoo3_XC478070.ogg.npy,commoo3
maghor2_XC412338.ogg.npy,maghor2
asbfly_XC756431.ogg.npy,asbfly
zitcis1_XC341142.ogg.npy,zitcis1
ashdro1_XC362142.ogg.npy,ashdro1
eurcoo_XC556105.ogg.npy,eurcoo
comkin1_XC720512.ogg.npy,comkin1
categr_XC829008.ogg.npy,categr
commoo3_XC544229.ogg.npy,commoo3
hoopoe_XC727364.ogg.npy,hoopoe
houspa_XC637964.ogg.npy,houspa
wemhar1_XC769193.ogg.npy,wemhar1
spodov_XC642949.ogg.npy,spodov
rorpar_XC490194.ogg.npy,rorpar
grnsan_XC484270.ogg.npy,grnsan
comros_XC483700.ogg.npy,comros
putbab1_XC486794.ogg.npy,putbab1
eucdov_XC747424.ogg.npy,eucdov
spodov_XC605124.ogg.npy,spodov
whbwat1_XC430562.ogg.npy,whbwat1
oripip1_XC756582.ogg.npy,oripip1
comros_XC575049.ogg.npy,comros
grtdro1_XC329517.ogg.npy,grtdro1
whbwat1_XC665667.ogg.npy,whbwat1
crseag1_XC144914.ogg.npy,crseag1
bkskit1_XC670866.ogg.npy,bkskit1
grywag_XC664215.ogg.npy,grywag
bkwsti_XC514729.ogg.npy,bkwsti
grywag_XC708140.ogg.npy,grywag
blakit1_XC686908.ogg.npy,blakit1
grywag_XC521881.ogg.npy,grywag
comsan_XC385908.ogg.npy,comsan
gargan_XC645663.ogg.npy,gargan
eurcoo_XC557901.ogg.npy,eurcoo
barswa_XC467012.ogg.npy,barswa
kenplo1_XC464633.ogg.npy,kenplo1
eurcoo_XC642510.ogg.npy,eurcoo
eucdov_XC820046.ogg.npy,eucdov
brcful1_XC845111.ogg.npy,brcful1
bcnher_XC723510.ogg.npy,bcnher
bkwsti_XC184853.ogg.npy,bkwsti
grnsan_XC814344.ogg.npy,grnsan
blrwar1_XC653967.ogg.npy,blrwar1
comgre_XC542996.ogg.npy,comgre
woosan_XC825322.ogg.npy,woosan
comkin1_XC594873.ogg.npy,comkin1
grywag_XC571656.ogg.npy,grywag
lirplo_XC555746.ogg.npy,lirplo
kenplo1_XC718544.ogg.npy,kenplo1
rocpig_XC263181.ogg.npy,rocpig
hoopoe_XC367977.ogg.npy,hoopoe
comgre_XC616055.ogg.npy,comgre
rerswa1_XC732234.ogg.npy,rerswa1
hoopoe_XC363903.ogg.npy,hoopoe
grewar3_XC440528.ogg.npy,grewar3
emedov2_XC730893.ogg.npy,emedov2
brakit1_XC215852.ogg.npy,brakit1
sqtbul1_XC210274.ogg.npy,sqtbul1
whrmun_XC822235.ogg.npy,whrmun
blrwar1_XC770067.ogg.npy,blrwar1
graher1_XC801408.ogg.npy,graher1
brnhao1_XC295772.ogg.npy,brnhao1
purher1_XC827704.ogg.npy,purher1
grynig2_XC632670.ogg.npy,grynig2
grtdro1_XC685005.ogg.npy,grtdro1
lirplo_XC837584.ogg.npy,lirplo
kenplo1_XC411002.ogg.npy,kenplo1
piebus1_XC785886.ogg.npy,piebus1
grecou1_XC598170.ogg.npy,grecou1
blnmon1_XC151377.ogg.npy,blnmon1
hoopoe_XC809825.ogg.npy,hoopoe
piekin1_XC753248.ogg.npy,piekin1
eurcoo_XC542528.ogg.npy,eurcoo
comgre_XC723172.ogg.npy,comgre
comkin1_XC501144.ogg.npy,comkin1
eurcoo_XC625670.ogg.npy,eurcoo
whbwoo2_XC320203.ogg.npy,whbwoo2
gyhcaf1_XC683319.ogg.npy,gyhcaf1
grywag_XC722424.ogg.npy,grywag
woosan_XC718683.ogg.npy,woosan
rorpar_XC209716.ogg.npy,rorpar
oripip1_XC712551.ogg.npy,oripip1
putbab1_XC844127.ogg.npy,putbab1
lirplo_XC742885.ogg.npy,lirplo
graher1_XC261372.ogg.npy,graher1
eurcoo_XC720306.ogg.npy,eurcoo
comior1_XC410020.ogg.npy,comior1
wemhar1_XC404338.ogg.npy,wemhar1
hoopoe_XC743432.ogg.npy,hoopoe
spodov_XC347681.ogg.npy,spodov
inbrob1_XC356099.ogg.npy,inbrob1
blrwar1_XC728940.ogg.npy,blrwar1
btbeat1_XC279621.ogg.npy,btbeat1
eaywag1_XC823211.ogg.npy,eaywag1
revbul_XC587797.ogg.npy,revbul
zitcis1_XC821307.ogg.npy,zitcis1
spodov_XC787538.ogg.npy,spodov
woosan_XC672983.ogg.npy,woosan
eaywag1_XC182742.ogg.npy,eaywag1
brasta1_XC334045.ogg.npy,brasta1
wemhar1_XC669216.ogg.npy,wemhar1
wemhar1_XC379505.ogg.npy,wemhar1
lirplo_XC828922.ogg.npy,lirplo
commoo3_XC557365.ogg.npy,commoo3
whrmun_XC766421.ogg.npy,whrmun
litegr_XC512100.ogg.npy,litegr
kenplo1_XC318417.ogg.npy,kenplo1
bcnher_XC819487.ogg.npy,bcnher
grewar3_XC560564.ogg.npy,grewar3
zitcis1_XC699996.ogg.npy,zitcis1
rorpar_XC451915.ogg.npy,rorpar
brnshr_XC601410.ogg.npy,brnshr
grywag_XC410768.ogg.npy,grywag
comros_XC415119.ogg.npy,comros
litgre1_XC376676.ogg.npy,litgre1
grewar3_XC523563.ogg.npy,grewar3
rerswa1_XC193697.ogg.npy,rerswa1
pursun3_XC664677.ogg.npy,pursun3
nutman_XC396396.ogg.npy,nutman
grewar3_XC266051.ogg.npy,grewar3
asikoe2_XC208899.ogg.npy,asikoe2
kenplo1_XC765899.ogg.npy,kenplo1
placuc3_XC553084.ogg.npy,placuc3
zitcis1_XC567944.ogg.npy,zitcis1
commyn_XC518553.ogg.npy,commyn
graher1_XC584632.ogg.npy,graher1
litgre1_XC627710.ogg.npy,litgre1
grewar3_XC418704.ogg.npy,grewar3
brcful1_XC139707.ogg.npy,brcful1
eucdov_XC148870.ogg.npy,eucdov
woosan_XC381826.ogg.npy,woosan
eucdov_XC503258.ogg.npy,eucdov
rewbul_XC587974.ogg.npy,rewbul
houcro1_XC683047.ogg.npy,houcro1
piekin1_XC195766.ogg.npy,piekin1
vefnut1_XC150835.ogg.npy,vefnut1
brnhao1_XC496387.ogg.npy,brnhao1
gybpri1_XC331899.ogg.npy,gybpri1
brwowl1_XC824376.ogg.npy,brwowl1
greegr_XC161538.ogg.npy,greegr
eurcoo_XC689813.ogg.npy,eurcoo
grnsan_XC716999.ogg.npy,grnsan
blakit1_XC764319.ogg.npy,blakit1
grywag_XC754196.ogg.npy,grywag
kenplo1_XC837656.ogg.npy,kenplo1
putbab1_XC677305.ogg.npy,putbab1
comgre_XC803283.ogg.npy,comgre
grewar3_XC841015.ogg.npy,grewar3
grywag_XC608017.ogg.npy,grywag
brodro1_XC151510.ogg.npy,brodro1
comkin1_XC676457.ogg.npy,comkin1
gyhcaf1_XC841098.ogg.npy,gyhcaf1
piebus1_XC75086.ogg.npy,piebus1
barswa_XC289358.ogg.npy,barswa
plapri1_XC787724.ogg.npy,plapri1
bkskit1_XC352482.ogg.npy,bkskit1
bcnher_XC403621.ogg.npy,bcnher
houspa_XC582600.ogg.npy,houspa
blrwar1_XC120472.ogg.npy,blrwar1
btbeat1_XC394050.ogg.npy,btbeat1
rerswa1_XC370598.ogg.npy,rerswa1
eurcoo_XC608163.ogg.npy,eurcoo
eucdov_XC588844.ogg.npy,eucdov
comros_XC318226.ogg.npy,comros
greegr_XC738072.ogg.npy,greegr
graher1_XC182868.ogg.npy,graher1
brfowl1_XC824092.ogg.npy,brfowl1
commoo3_XC592119.ogg.npy,commoo3
whiter2_XC579202.ogg.npy,whiter2
grewar3_XC652487.ogg.npy,grewar3
tibfly3_XC207758.ogg.npy,tibfly3
gloibi_XC800055.ogg.npy,gloibi
whbwag1_XC357942.ogg.npy,whbwag1
whbtre1_XC317374.ogg.npy,whbtre1
graher1_XC347259.ogg.npy,graher1
commoo3_XC547937.ogg.npy,commoo3
rocpig_XC621266.ogg.npy,rocpig
gloibi_XC799985.ogg.npy,gloibi
wemhar1_XC164817.ogg.npy,wemhar1
barswa_XC383832.ogg.npy,barswa
ashdro1_XC575536.ogg.npy,ashdro1
rerswa1_XC423909.ogg.npy,rerswa1
bcnher_XC800670.ogg.npy,bcnher
commoo3_XC696622.ogg.npy,commoo3
revbul_XC346122.ogg.npy,revbul
kenplo1_XC316252.ogg.npy,kenplo1
graher1_XC200117.ogg.npy,graher1
comsan_XC210583.ogg.npy,comsan
blnmon1_XC150935.ogg.npy,blnmon1
comior1_XC548376.ogg.npy,comior1
ashpri1_XC197604.ogg.npy,ashpri1
eucdov_XC802331.ogg.npy,eucdov
commyn_XC599867.ogg.npy,commyn
bkskit1_XC352574.ogg.npy,bkskit1
whbwoo2_XC342690.ogg.npy,whbwoo2
categr_XC451682.ogg.npy,categr
grnsan_XC597335.ogg.npy,grnsan
commoo3_XC709156.ogg.npy,commoo3
zitcis1_XC683423.ogg.npy,zitcis1
whiter2_XC770349.ogg.npy,whiter2
comgre_XC636748.ogg.npy,comgre
commyn_XC529139.ogg.npy,commyn
bkwsti_XC563122.ogg.npy,bkwsti
yebbab1_XC444696.ogg.npy,yebbab1
vefnut1_XC667336.ogg.npy,vefnut1
grewar3_XC321393.ogg.npy,grewar3
blrwar1_XC324929.ogg.npy,blrwar1
lirplo_XC490993.ogg.npy,lirplo
comgre_XC840649.ogg.npy,comgre
graher1_XC572607.ogg.npy,graher1
litspi1_XC459322.ogg.npy,litspi1
graher1_XC555823.ogg.npy,graher1
asikoe2_XC209210.ogg.npy,asikoe2
grewar3_XC417139.ogg.npy,grewar3
commoo3_XC550817.ogg.npy,commoo3
stbkin1_XC659344.ogg.npy,stbkin1
purher1_XC794376.ogg.npy,purher1
comsan_XC644274.ogg.npy,comsan
graher1_XC747334.ogg.npy,graher1
greegr_XC307188.ogg.npy,greegr
marsan_XC398627.ogg.npy,marsan
bkskit1_XC433768.ogg.npy,bkskit1
junowl1_XC756708.ogg.npy,junowl1
grywag_XC138586.ogg.npy,grywag
grecou1_XC412225.ogg.npy,grecou1
isbduc1_XC580931.ogg.npy,isbduc1
maghor2_XC214017.ogg.npy,maghor2
comkin1_XC598313.ogg.npy,comkin1
bcnher_XC699735.ogg.npy,bcnher
grtdro1_XC665379.ogg.npy,grtdro1
putbab1_XC697557.ogg.npy,putbab1
asikoe2_XC241381.ogg.npy,asikoe2
grnsan_XC385096.ogg.npy,grnsan
lirplo_XC559766.ogg.npy,lirplo
blakit1_XC653987.ogg.npy,blakit1
laudov1_XC398671.ogg.npy,laudov1
marsan_XC490318.ogg.npy,marsan
putbab1_XC418126.ogg.npy,putbab1
categr_XC423135.ogg.npy,categr
kenplo1_XC688795.ogg.npy,kenplo1
whtkin2_XC777756.ogg.npy,whtkin2
comkin1_XC739059.ogg.npy,comkin1
blrwar1_XC478390.ogg.npy,blrwar1
grejun2_XC644237.ogg.npy,grejun2
eucdov_XC381631.ogg.npy,eucdov
comkin1_XC841684.ogg.npy,comkin1
gyhcaf1_XC351526.ogg.npy,gyhcaf1
woosan_XC670793.ogg.npy,woosan
whcbar1_XC464138.ogg.npy,whcbar1
chbeat1_XC782496.ogg.npy,chbeat1
brnshr_XC780600.ogg.npy,brnshr
litgre1_XC571990.ogg.npy,litgre1
asikoe2_XC724425.ogg.npy,asikoe2
junbab2_XC507727.ogg.npy,junbab2
brnshr_XC806801.ogg.npy,brnshr
commoo3_XC846063.ogg.npy,commoo3
lirplo_XC438703.ogg.npy,lirplo
bkwsti_XC727786.ogg.npy,bkwsti
grywag_XC597057.ogg.npy,grywag
houspa_XC641227.ogg.npy,houspa
hoopoe_XC240517.ogg.npy,hoopoe
pabflo1_XC475408.ogg.npy,pabflo1
woosan_XC827776.ogg.npy,woosan
eaywag1_XC675747.ogg.npy,eaywag1
woosan_XC844041.ogg.npy,woosan
wemhar1_XC665232.ogg.npy,wemhar1
darter2_XC756479.ogg.npy,darter2
comior1_XC710196.ogg.npy,comior1
spodov_XC756425.ogg.npy,spodov
grywag_XC832558.ogg.npy,grywag
indpit1_XC600195.ogg.npy,indpit1
whbwoo2_XC150879.ogg.npy,whbwoo2
houcro1_XC73377.ogg.npy,houcro1
oripip1_XC295498.ogg.npy,oripip1
comsan_XC838343.ogg.npy,comsan
greegr_XC720907.ogg.npy,greegr
insowl1_XC776352.ogg.npy,insowl1
rorpar_XC166081.ogg.npy,rorpar
blrwar1_XC807822.ogg.npy,blrwar1
rocpig_XC843660.ogg.npy,rocpig
greegr_XC672953.ogg.npy,greegr
graher1_XC643722.ogg.npy,graher1
litgre1_XC408064.ogg.npy,litgre1
eaywag1_XC314269.ogg.npy,eaywag1
graher1_XC665607.ogg.npy,graher1
vefnut1_XC163103.ogg.npy,vefnut1
rorpar_XC493368.ogg.npy,rorpar
barswa_XC176091.ogg.npy,barswa
bcnher_XC658123.ogg.npy,bcnher
commoo3_XC301593.ogg.npy,commoo3
purher1_XC826023.ogg.npy,purher1
purher1_XC580672.ogg.npy,purher1
bkskit1_XC360671.ogg.npy,bkskit1
revbul_XC507720.ogg.npy,revbul
piekin1_XC282964.ogg.npy,piekin1
blrwar1_XC481144.ogg.npy,blrwar1
barswa_XC765781.ogg.npy,barswa
barswa_XC469948.ogg.npy,barswa
grecou1_XC365426.ogg.npy,grecou1
eucdov_XC509335.ogg.npy,eucdov
crseag1_XC321538.ogg.npy,crseag1
brnhao1_XC466296.ogg.npy,brnhao1
commoo3_XC547368.ogg.npy,commoo3
grtdro1_XC654538.ogg.npy,grtdro1
comsan_XC764532.ogg.npy,comsan
eucdov_XC700410.ogg.npy,eucdov
piekin1_XC195767.ogg.npy,piekin1
asikoe2_XC331241.ogg.npy,asikoe2
litegr_XC596872.ogg.npy,litegr
blakit1_XC139768.ogg.npy,blakit1
blakit1_XC410418.ogg.npy,blakit1
whbwat1_XC724411.ogg.npy,whbwat1
labcro1_XC332867.ogg.npy,labcro1
litegr_XC692967.ogg.npy,litegr
grewar3_XC415954.ogg.npy,grewar3
rorpar_XC246662.ogg.npy,rorpar
tibfly3_XC337357.ogg.npy,tibfly3
comkin1_XC792425.ogg.npy,comkin1
blrwar1_XC653723.ogg.npy,blrwar1
whbtre1_XC168286.ogg.npy,whbtre1
comros_XC421568.ogg.npy,comros
piebus1_XC204654.ogg.npy,piebus1
litegr_XC333929.ogg.npy,litegr
lirplo_XC527174.ogg.npy,lirplo
hoopoe_XC702279.ogg.npy,hoopoe
lirplo_XC627307.ogg.npy,lirplo
blrwar1_XC809167.ogg.npy,blrwar1
asikoe2_XC423126.ogg.npy,asikoe2
vehpar1_XC497101.ogg.npy,vehpar1
bkskit1_XC170108.ogg.npy,bkskit1
blrwar1_XC659536.ogg.npy,blrwar1
zitcis1_XC634088.ogg.npy,zitcis1
stbkin1_XC266682.ogg.npy,stbkin1
houspa_XC551214.ogg.npy,houspa
insowl1_XC659329.ogg.npy,insowl1
bcnher_XC675411.ogg.npy,bcnher
barswa_XC471591.ogg.npy,barswa
commoo3_XC310844.ogg.npy,commoo3
purswa3_XC772627.ogg.npy,purswa3
junbab2_XC263645.ogg.npy,junbab2
eaywag1_XC401723.ogg.npy,eaywag1
blakit1_XC284649.ogg.npy,blakit1
hoopoe_XC325173.ogg.npy,hoopoe
gloibi_XC442167.ogg.npy,gloibi
bkskit1_XC353823.ogg.npy,bkskit1
moipig1_XC167125.ogg.npy,moipig1
houcro1_XC198765.ogg.npy,houcro1
kenplo1_XC718550.ogg.npy,kenplo1
lblwar1_XC806760.ogg.npy,lblwar1
sttwoo1_XC640480.ogg.npy,sttwoo1
plaflo1_XC163880.ogg.npy,plaflo1
houspa_XC474800.ogg.npy,houspa
litgre1_XC665316.ogg.npy,litgre1
bcnher_XC256938.ogg.npy,bcnher
grnsan_XC546662.ogg.npy,grnsan
woosan_XC724017.ogg.npy,woosan
bkwsti_XC799233.ogg.npy,bkwsti
blrwar1_XC210240.ogg.npy,blrwar1
bcnher_XC293559.ogg.npy,bcnher
crseag1_XC665722.ogg.npy,crseag1
comsan_XC559838.ogg.npy,comsan
asbfly_XC405069.ogg.npy,asbfly
comgre_XC737053.ogg.npy,comgre
brcful1_XC747111.ogg.npy,brcful1
litegr_XC551437.ogg.npy,litegr
zitcis1_XC365728.ogg.npy,zitcis1
grewar3_XC652501.ogg.npy,grewar3
commoo3_XC414137.ogg.npy,commoo3
commyn_XC596982.ogg.npy,commyn
grtdro1_XC767522.ogg.npy,grtdro1
litswi1_XC443719.ogg.npy,litswi1
houspa_XC474059.ogg.npy,houspa
woosan_XC145348.ogg.npy,woosan
inbrob1_XC265865.ogg.npy,inbrob1
comros_XC145209.ogg.npy,comros
commoo3_XC716685.ogg.npy,commoo3
rewlap1_XC844126.ogg.npy,rewlap1
grnwar1_XC740624.ogg.npy,grnwar1
gybpri1_XC858987.ogg.npy,gybpri1
eucdov_XC630649.ogg.npy,eucdov
grecou1_XC797863.ogg.npy,grecou1
comsan_XC546199.ogg.npy,comsan
hoopoe_XC728537.ogg.npy,hoopoe
blrwar1_XC734348.ogg.npy,blrwar1
brakit1_XC190244.ogg.npy,brakit1
bkskit1_XC540429.ogg.npy,bkskit1
spodov_XC400389.ogg.npy,spodov
woosan_XC747318.ogg.npy,woosan
bkwsti_XC165708.ogg.npy,bkwsti
blnmon1_XC783894.ogg.npy,blnmon1
pursun4_XC314406.ogg.npy,pursun4
grywag_XC407143.ogg.npy,grywag
grywag_XC561714.ogg.npy,grywag
kenplo1_XC711592.ogg.npy,kenplo1
commoo3_XC446921.ogg.npy,commoo3
bkskit1_XC352558.ogg.npy,bkskit1
categr_XC838628.ogg.npy,categr
piebus1_XC75085.ogg.npy,piebus1
litegr_XC641657.ogg.npy,litegr
aspswi1_XC397352.ogg.npy,aspswi1
spoowl1_XC787693.ogg.npy,spoowl1
brnshr_XC458649.ogg.npy,brnshr
comsan_XC213342.ogg.npy,comsan
rufwoo2_XC150833.ogg.npy,rufwoo2
rewlap1_XC342418.ogg.npy,rewlap1
rocpig_XC323560.ogg.npy,rocpig
blnmon1_XC617589.ogg.npy,blnmon1
rerswa1_XC789179.ogg.npy,rerswa1
shikra1_XC771155.ogg.npy,shikra1
putbab1_XC688796.ogg.npy,putbab1
eurcoo_XC658397.ogg.npy,eurcoo
comior1_XC571422.ogg.npy,comior1
grewar3_XC652756.ogg.npy,grewar3
lirplo_XC577615.ogg.npy,lirplo
blrwar1_XC656265.ogg.npy,blrwar1
blrwar1_XC718711.ogg.npy,blrwar1
commoo3_XC193694.ogg.npy,commoo3
eurcoo_XC783057.ogg.npy,eurcoo
litegr_XC422126.ogg.npy,litegr
stbkin1_XC167098.ogg.npy,stbkin1
grecou1_XC612365.ogg.npy,grecou1
stbkin1_XC578914.ogg.npy,stbkin1
pursun4_XC856057.ogg.npy,pursun4
woosan_XC718689.ogg.npy,woosan
compea_XC452040.ogg.npy,compea
btbeat1_XC741385.ogg.npy,btbeat1
redspu1_XC395166.ogg.npy,redspu1
whtkin2_XC428889.ogg.npy,whtkin2
blrwar1_XC347281.ogg.npy,blrwar1
revbul_XC573351.ogg.npy,revbul
commyn_XC609517.ogg.npy,commyn
comsan_XC665513.ogg.npy,comsan
wemhar1_XC721058.ogg.npy,wemhar1
comgre_XC826627.ogg.npy,comgre
gyhcaf1_XC303897.ogg.npy,gyhcaf1
ingori1_XC385582.ogg.npy,ingori1
sohmyn1_XC613977.ogg.npy,sohmyn1
grewar3_XC270135.ogg.npy,grewar3
litegr_XC805948.ogg.npy,litegr
houspa_XC459671.ogg.npy,houspa
aspswi1_XC702177.ogg.npy,aspswi1
gloibi_XC779019.ogg.npy,gloibi
whtkin2_XC174978.ogg.npy,whtkin2
comior1_XC124350.ogg.npy,comior1
whcbar1_XC788185.ogg.npy,whcbar1
blrwar1_XC655232.ogg.npy,blrwar1
hoopoe_XC415625.ogg.npy,hoopoe
hoopoe_XC751138.ogg.npy,hoopoe
stbkin1_XC545585.ogg.npy,stbkin1
mawthr1_XC441816.ogg.npy,mawthr1
litegr_XC302516.ogg.npy,litegr
thbwar1_XC824776.ogg.npy,thbwar1
bkwsti_XC782751.ogg.npy,bkwsti
bkskit1_XC350347.ogg.npy,bkskit1
lesyel1_XC73967.ogg.npy,lesyel1
graher1_XC392776.ogg.npy,graher1
commoo3_XC548701.ogg.npy,commoo3
comtai1_XC114915.ogg.npy,comtai1
brcful1_XC843810.ogg.npy,brcful1
barswa_XC361807.ogg.npy,barswa
asikoe2_XC311004.ogg.npy,asikoe2
eucdov_XC371905.ogg.npy,eucdov
bkwsti_XC636949.ogg.npy,bkwsti
blnmon1_XC497012.ogg.npy,blnmon1
rewbul_XC736239.ogg.npy,rewbul
woosan_XC729119.ogg.npy,woosan
houspa_XC155922.ogg.npy,houspa
plaflo1_XC615781.ogg.npy,plaflo1
asikoe2_XC163888.ogg.npy,asikoe2
comior1_XC303822.ogg.npy,comior1
crbsun2_XC208809.ogg.npy,crbsun2
kenplo1_XC494527.ogg.npy,kenplo1
grewar3_XC376516.ogg.npy,grewar3
dafbab1_XC464134.ogg.npy,dafbab1
eurcoo_XC376644.ogg.npy,eurcoo
blnmon1_XC406867.ogg.npy,blnmon1
barswa_XC361742.ogg.npy,barswa
whrmun_XC282909.ogg.npy,whrmun
rewbul_XC793366.ogg.npy,rewbul
grnsan_XC175473.ogg.npy,grnsan
putbab1_XC735663.ogg.npy,putbab1
copbar1_XC665272.ogg.npy,copbar1
commoo3_XC400868.ogg.npy,commoo3
barswa_XC649964.ogg.npy,barswa
brwowl1_XC448878.ogg.npy,brwowl1
asikoe2_XC467579.ogg.npy,asikoe2
graher1_XC646367.ogg.npy,graher1
litgre1_XC842327.ogg.npy,litgre1
copbar1_XC56569.ogg.npy,copbar1
yebbul3_XC49801.ogg.npy,yebbul3
blakit1_XC511561.ogg.npy,blakit1
whrmun_XC406716.ogg.npy,whrmun
lirplo_XC840856.ogg.npy,lirplo
lirplo_XC821497.ogg.npy,lirplo
grnsan_XC158723.ogg.npy,grnsan
rewlap1_XC322365.ogg.npy,rewlap1
barswa_XC556925.ogg.npy,barswa
blrwar1_XC653806.ogg.npy,blrwar1
eurcoo_XC429771.ogg.npy,eurcoo
blnmon1_XC804123.ogg.npy,blnmon1
indrol2_XC761717.ogg.npy,indrol2
laudov1_XC185511.ogg.npy,laudov1
litswi1_XC157049.ogg.npy,litswi1
grnsan_XC805321.ogg.npy,grnsan
rewlap1_XC665908.ogg.npy,rewlap1
woosan_XC460591.ogg.npy,woosan
rocpig_XC622219.ogg.npy,rocpig
comsan_XC370350.ogg.npy,comsan
eaywag1_XC616913.ogg.npy,eaywag1
litegr_XC685743.ogg.npy,litegr
comsan_XC557082.ogg.npy,comsan
eaywag1_XC542448.ogg.npy,eaywag1
comkin1_XC813182.ogg.npy,comkin1
aspfly1_XC520167.ogg.npy,aspfly1
asikoe2_XC783976.ogg.npy,asikoe2
hoopoe_XC823512.ogg.npy,hoopoe
comsan_XC819745.ogg.npy,comsan
whtkin2_XC698984.ogg.npy,whtkin2
comkin1_XC596959.ogg.npy,comkin1
grnsan_XC127562.ogg.npy,grnsan
indpit1_XC572627.ogg.npy,indpit1
comros_XC733899.ogg.npy,comros
grnsan_XC816714.ogg.npy,grnsan
maltro1_XC416099.ogg.npy,maltro1
gryfra_XC459288.ogg.npy,gryfra
crseag1_XC529891.ogg.npy,crseag1
blrwar1_XC503974.ogg.npy,blrwar1
comkin1_XC598253.ogg.npy,comkin1
eaywag1_XC714228.ogg.npy,eaywag1
grewar3_XC26761.ogg.npy,grewar3
bcnher_XC668094.ogg.npy,bcnher
houspa_XC603422.ogg.npy,houspa
eurcoo_XC844244.ogg.npy,eurcoo
hoopoe_XC240325.ogg.npy,hoopoe
comtai1_XC304330.ogg.npy,comtai1
grnsan_XC672594.ogg.npy,grnsan
grywag_XC207265.ogg.npy,grywag
grnsan_XC567943.ogg.npy,grnsan
grywag_XC235140.ogg.npy,grywag
commoo3_XC801224.ogg.npy,commoo3
grnsan_XC626362.ogg.npy,grnsan
bcnher_XC639193.ogg.npy,bcnher
comkin1_XC267327.ogg.npy,comkin1
sbeowl1_XC522123.ogg.npy,sbeowl1
brcful1_XC775944.ogg.npy,brcful1
piebus1_XC794581.ogg.npy,piebus1
eaywag1_XC376342.ogg.npy,eaywag1
comtai1_XC612006.ogg.npy,comtai1
grehor1_XC179448.ogg.npy,grehor1
grnsan_XC663040.ogg.npy,grnsan
comgre_XC710239.ogg.npy,comgre
litegr_XC576985.ogg.npy,litegr
purher1_XC815181.ogg.npy,purher1
brasta1_XC424372.ogg.npy,brasta1
litgre1_XC332370.ogg.npy,litgre1
eucdov_XC166067.ogg.npy,eucdov
woosan_XC506558.ogg.npy,woosan
litgre1_XC563076.ogg.npy,litgre1
gargan_XC793038.ogg.npy,gargan
comros_XC372429.ogg.npy,comros
asikoe2_XC327430.ogg.npy,asikoe2
whiter2_XC555344.ogg.npy,whiter2
grewar3_XC755993.ogg.npy,grewar3
rocpig_XC829894.ogg.npy,rocpig
spepic1_XC788508.ogg.npy,spepic1
brcful1_XC157368.ogg.npy,brcful1
kenplo1_XC726147.ogg.npy,kenplo1
zitcis1_XC333707.ogg.npy,zitcis1
eaywag1_XC270052.ogg.npy,eaywag1
lirplo_XC303856.ogg.npy,lirplo
houspa_XC402357.ogg.npy,houspa
bcnher_XC801186.ogg.npy,bcnher
indrob1_XC308269.ogg.npy,indrob1
comtai1_XC380529.ogg.npy,comtai1
asbfly_XC374520.ogg.npy,asbfly
grnsan_XC827044.ogg.npy,grnsan
rerswa1_XC423908.ogg.npy,rerswa1
malpar1_XC540670.ogg.npy,malpar1
rorpar_XC817303.ogg.npy,rorpar
rocpig_XC462611.ogg.npy,rocpig
litgre1_XC463822.ogg.npy,litgre1
hoopoe_XC807511.ogg.npy,hoopoe
eaywag1_XC357749.ogg.npy,eaywag1
blakit1_XC428618.ogg.npy,blakit1
lirplo_XC722700.ogg.npy,lirplo
cregos1_XC816131.ogg.npy,cregos1
wemhar1_XC267362.ogg.npy,wemhar1
litegr_XC332069.ogg.npy,litegr
grenig1_XC295014.ogg.npy,grenig1
comsan_XC667674.ogg.npy,comsan
bkwsti_XC736134.ogg.npy,bkwsti
junbab2_XC493551.ogg.npy,junbab2
pursun3_XC653680.ogg.npy,pursun3
bkskit1_XC352499.ogg.npy,bkskit1
copbar1_XC164345.ogg.npy,copbar1
grewar3_XC293673.ogg.npy,grewar3
grnsan_XC567753.ogg.npy,grnsan
graher1_XC545118.ogg.npy,graher1
eucdov_XC420573.ogg.npy,eucdov
spodov_XC618871.ogg.npy,spodov
rerswa1_XC734501.ogg.npy,rerswa1
blakit1_XC511558.ogg.npy,blakit1
gybpri1_XC775453.ogg.npy,gybpri1
grewar3_XC347400.ogg.npy,grewar3
eurcoo_XC534658.ogg.npy,eurcoo
comkin1_XC836541.ogg.npy,comkin1
purher1_XC700216.ogg.npy,purher1
bcnher_XC566159.ogg.npy,bcnher
blrwar1_XC659107.ogg.npy,blrwar1
grywag_XC655276.ogg.npy,grywag
bcnher_XC680952.ogg.npy,bcnher
bkskit1_XC350264.ogg.npy,bkskit1
eurcoo_XC632207.ogg.npy,eurcoo
hoopoe_XC308874.ogg.npy,hoopoe
wemhar1_XC716131.ogg.npy,wemhar1
woosan_XC110316.ogg.npy,woosan
comsan_XC831688.ogg.npy,comsan
hoopoe_XC349675.ogg.npy,hoopoe
woosan_XC476671.ogg.npy,woosan
comtai1_XC133736.ogg.npy,comtai1
zitcis1_XC764144.ogg.npy,zitcis1
brcful1_XC612206.ogg.npy,brcful1
grewar3_XC573225.ogg.npy,grewar3
brnshr_XC768365.ogg.npy,brnshr
litegr_XC681608.ogg.npy,litegr
woosan_XC663129.ogg.npy,woosan
barswa_XC256096.ogg.npy,barswa
litgre1_XC797718.ogg.npy,litgre1
grywag_XC624496.ogg.npy,grywag
bkwsti_XC283856.ogg.npy,bkwsti
houspa_XC322519.ogg.npy,houspa
eaywag1_XC411637.ogg.npy,eaywag1
btbeat1_XC40053.ogg.npy,btbeat1
comior1_XC730646.ogg.npy,comior1
bkskit1_XC805220.ogg.npy,bkskit1
blrwar1_XC321064.ogg.npy,blrwar1
isbduc1_XC580930.ogg.npy,isbduc1
kenplo1_XC720162.ogg.npy,kenplo1
grewar3_XC580309.ogg.npy,grewar3
lirplo_XC27055.ogg.npy,lirplo
graher1_XC367529.ogg.npy,graher1
rocpig_XC199202.ogg.npy,rocpig
whiter2_XC371055.ogg.npy,whiter2
grywag_XC749575.ogg.npy,grywag
grejun2_XC574328.ogg.npy,grejun2
blnmon1_XC845318.ogg.npy,blnmon1
barswa_XC402733.ogg.npy,barswa
grnwar1_XC567045.ogg.npy,grnwar1
thbwar1_XC375246.ogg.npy,thbwar1
grecou1_XC476073.ogg.npy,grecou1
grewar3_XC253003.ogg.npy,grewar3
brnshr_XC458255.ogg.npy,brnshr
plapri1_XC234693.ogg.npy,plapri1
litegr_XC638193.ogg.npy,litegr
bkskit1_XC350398.ogg.npy,bkskit1
comgre_XC661972.ogg.npy,comgre
bkwsti_XC594796.ogg.npy,bkwsti
whiter2_XC668106.ogg.npy,whiter2
houspa_XC544167.ogg.npy,houspa
ashpri1_XC756583.ogg.npy,ashpri1
whiter2_XC415657.ogg.npy,whiter2
stbkin1_XC613527.ogg.npy,stbkin1
eucdov_XC786892.ogg.npy,eucdov
kenplo1_XC127093.ogg.npy,kenplo1
commoo3_XC423104.ogg.npy,commoo3
bkwsti_XC406095.ogg.npy,bkwsti
blrwar1_XC657566.ogg.npy,blrwar1
grewar3_XC216110.ogg.npy,grewar3
compea_XC406117.ogg.npy,compea
labcro1_XC756515.ogg.npy,labcro1
categr_XC666212.ogg.npy,categr
grnwar1_XC817780.ogg.npy,grnwar1
bcnher_XC130501.ogg.npy,bcnher
rorpar_XC604482.ogg.npy,rorpar
rerswa1_XC207025.ogg.npy,rerswa1
eurcoo_XC571453.ogg.npy,eurcoo
comgre_XC842859.ogg.npy,comgre
bkwsti_XC333652.ogg.npy,bkwsti
houcro1_XC355973.ogg.npy,houcro1
commyn_XC110875.ogg.npy,commyn
comros_XC199125.ogg.npy,comros
zitcis1_XC341144.ogg.npy,zitcis1
gargan_XC786511.ogg.npy,gargan
blakit1_XC138441.ogg.npy,blakit1
gargan_XC340605.ogg.npy,gargan
eurcoo_XC134787.ogg.npy,eurcoo
gargan_XC365510.ogg.npy,gargan
sbeowl1_XC188474.ogg.npy,sbeowl1
litgre1_XC733897.ogg.npy,litgre1
bcnher_XC741751.ogg.npy,bcnher
greegr_XC554102.ogg.npy,greegr
rerswa1_XC460972.ogg.npy,rerswa1
barswa_XC795467.ogg.npy,barswa
woosan_XC700153.ogg.npy,woosan
grnsan_XC396624.ogg.npy,grnsan
comkin1_XC800955.ogg.npy,comkin1
putbab1_XC473457.ogg.npy,putbab1
rerswa1_XC390260.ogg.npy,rerswa1
rorpar_XC288738.ogg.npy,rorpar
litgre1_XC632245.ogg.npy,litgre1
grewar3_XC728128.ogg.npy,grewar3
brwowl1_XC169532.ogg.npy,brwowl1
eurcoo_XC37445.ogg.npy,eurcoo
plapri1_XC193832.ogg.npy,plapri1
eucdov_XC236606.ogg.npy,eucdov
purher1_XC824690.ogg.npy,purher1
gybpri1_XC432448.ogg.npy,gybpri1
bkskit1_XC239473.ogg.npy,bkskit1
commoo3_XC461623.ogg.npy,commoo3
orihob2_XC558875.ogg.npy,orihob2
barswa_XC464253.ogg.npy,barswa
emedov2_XC613975.ogg.npy,emedov2
grewar3_XC190192.ogg.npy,grewar3
spodov_XC681920.ogg.npy,spodov
commyn_XC379536.ogg.npy,commyn
labcro1_XC133744.ogg.npy,labcro1
rorpar_XC446300.ogg.npy,rorpar
btbeat1_XC736464.ogg.npy,btbeat1
laudov1_XC388737.ogg.npy,laudov1
houspa_XC479175.ogg.npy,houspa
blhori1_XC412671.ogg.npy,blhori1
grnwar1_XC208286.ogg.npy,grnwar1
grtdro1_XC263816.ogg.npy,grtdro1
grtdro1_XC514748.ogg.npy,grtdro1
nutman_XC581589.ogg.npy,nutman
grewar3_XC845833.ogg.npy,grewar3
grnsan_XC820711.ogg.npy,grnsan
brnhao1_XC150289.ogg.npy,brnhao1
hoopoe_XC267331.ogg.npy,hoopoe
bcnher_XC586196.ogg.npy,bcnher
houspa_XC178338.ogg.npy,houspa
whbsho3_XC116283.ogg.npy,whbsho3
grtdro1_XC545304.ogg.npy,grtdro1
rorpar_XC355179.ogg.npy,rorpar
labcro1_XC421238.ogg.npy,labcro1
brodro1_XC313110.ogg.npy,brodro1
bladro1_XC676985.ogg.npy,bladro1
eucdov_XC819765.ogg.npy,eucdov
purher1_XC826933.ogg.npy,purher1
barswa_XC471775.ogg.npy,barswa
eaywag1_XC243654.ogg.npy,eaywag1
ruftre2_XC627898.ogg.npy,ruftre2
rufwoo2_XC37757.ogg.npy,rufwoo2
rorpar_XC614091.ogg.npy,rorpar
rorpar_XC746906.ogg.npy,rorpar
whiter2_XC252879.ogg.npy,whiter2
putbab1_XC658742.ogg.npy,putbab1
eucdov_XC445930.ogg.npy,eucdov
grnsan_XC470484.ogg.npy,grnsan
maghor2_XC196577.ogg.npy,maghor2
brasta1_XC529845.ogg.npy,brasta1
pabflo1_XC442391.ogg.npy,pabflo1
comkin1_XC608220.ogg.npy,comkin1
grnwar1_XC208290.ogg.npy,grnwar1
houcro1_XC163854.ogg.npy,houcro1
eurcoo_XC614400.ogg.npy,eurcoo
bkwsti_XC277296.ogg.npy,bkwsti
eurcoo_XC545945.ogg.npy,eurcoo
placuc3_XC464192.ogg.npy,placuc3
niwpig1_XC123013.ogg.npy,niwpig1
bcnher_XC268821.ogg.npy,bcnher
litgre1_XC667684.ogg.npy,litgre1
asikoe2_XC331680.ogg.npy,asikoe2
lblwar1_XC453492.ogg.npy,lblwar1
bwfshr1_XC19572.ogg.npy,bwfshr1
thbwar1_XC340011.ogg.npy,thbwar1
comsan_XC721216.ogg.npy,comsan
barswa_XC361739.ogg.npy,barswa
lewduc1_XC254813.ogg.npy,lewduc1
gybpri1_XC723907.ogg.npy,gybpri1
blrwar1_XC480583.ogg.npy,blrwar1
stbkin1_XC669503.ogg.npy,stbkin1
whcbar1_XC343426.ogg.npy,whcbar1
houspa_XC541545.ogg.npy,houspa
woosan_XC744040.ogg.npy,woosan
rorpar_XC357073.ogg.npy,rorpar
eaywag1_XC799974.ogg.npy,eaywag1
bladro1_XC355101.ogg.npy,bladro1
barswa_XC545986.ogg.npy,barswa
rewlap1_XC181980.ogg.npy,rewlap1
rorpar_XC199472.ogg.npy,rorpar
eaywag1_XC792640.ogg.npy,eaywag1
bkwsti_XC285182.ogg.npy,bkwsti
bladro1_XC596817.ogg.npy,bladro1
revbul_XC792276.ogg.npy,revbul
ashpri1_XC685550.ogg.npy,ashpri1
purher1_XC699286.ogg.npy,purher1
brakit1_XC575564.ogg.npy,brakit1
comsan_XC642698.ogg.npy,comsan
houcro1_XC479822.ogg.npy,houcro1
grehor1_XC498682.ogg.npy,grehor1
comsan_XC432940.ogg.npy,comsan
brnhao1_XC778965.ogg.npy,brnhao1
commoo3_XC591433.ogg.npy,commoo3
brasta1_XC424375.ogg.npy,brasta1
litgre1_XC793628.ogg.npy,litgre1
purher1_XC548060.ogg.npy,purher1
comgre_XC603010.ogg.npy,comgre
gyhcaf1_XC681923.ogg.npy,gyhcaf1
whiter2_XC135814.ogg.npy,whiter2
rewlap1_XC665907.ogg.npy,rewlap1
litgre1_XC550321.ogg.npy,litgre1
litspi1_XC362684.ogg.npy,litspi1
comkin1_XC819519.ogg.npy,comkin1
grnsan_XC432916.ogg.npy,grnsan
grywag_XC527586.ogg.npy,grywag
comsan_XC669608.ogg.npy,comsan
grewar3_XC294387.ogg.npy,grewar3
houspa_XC151126.ogg.npy,houspa
whtkin2_XC19919.ogg.npy,whtkin2
whtkin2_XC537745.ogg.npy,whtkin2
comsan_XC574277.ogg.npy,comsan
grefla1_XC240333.ogg.npy,grefla1
eurcoo_XC550201.ogg.npy,eurcoo
grywag_XC603830.ogg.npy,grywag
brakit1_XC644542.ogg.npy,brakit1
blrwar1_XC566463.ogg.npy,blrwar1
zitcis1_XC633697.ogg.npy,zitcis1
laudov1_XC157541.ogg.npy,laudov1
asbfly_XC677470.ogg.npy,asbfly
rewlap1_XC381368.ogg.npy,rewlap1
lirplo_XC541989.ogg.npy,lirplo
integr_XC810654.ogg.npy,integr
bkwsti_XC260279.ogg.npy,bkwsti
comtai1_XC623017.ogg.npy,comtai1
graher1_XC824433.ogg.npy,graher1
litgre1_XC776086.ogg.npy,litgre1
grewar3_XC323609.ogg.npy,grewar3
hoopoe_XC644607.ogg.npy,hoopoe
rewlap1_XC363625.ogg.npy,rewlap1
grywag_XC746983.ogg.npy,grywag
grtdro1_XC416384.ogg.npy,grtdro1
eucdov_XC234419.ogg.npy,eucdov
pursun4_XC124393.ogg.npy,pursun4
insowl1_XC658243.ogg.npy,insowl1
comros_XC319189.ogg.npy,comros
grtdro1_XC428613.ogg.npy,grtdro1
comsan_XC747335.ogg.npy,comsan
eurbla2_XC571204.ogg.npy,eurbla2
eaywag1_XC754341.ogg.npy,eaywag1
woosan_XC795922.ogg.npy,woosan
hoopoe_XC182499.ogg.npy,hoopoe
wemhar1_XC608376.ogg.npy,wemhar1
comgre_XC673647.ogg.npy,comgre
woosan_XC586201.ogg.npy,woosan
rerswa1_XC145578.ogg.npy,rerswa1
comgre_XC469971.ogg.npy,comgre
grywag_XC457885.ogg.npy,grywag
comgre_XC256548.ogg.npy,comgre
graher1_XC261380.ogg.npy,graher1
gybpri1_XC584165.ogg.npy,gybpri1
rufwoo2_XC740471.ogg.npy,rufwoo2
aspfly1_XC523459.ogg.npy,aspfly1
kenplo1_XC494534.ogg.npy,kenplo1
spodov_XC207655.ogg.npy,spodov
graher1_XC518530.ogg.npy,graher1
asikoe2_XC786438.ogg.npy,asikoe2
labcro1_XC787079.ogg.npy,labcro1
wemhar1_XC467177.ogg.npy,wemhar1
purswa3_XC715602.ogg.npy,purswa3
comior1_XC586270.ogg.npy,comior1
copbar1_XC665270.ogg.npy,copbar1
woosan_XC447002.ogg.npy,woosan
brodro1_XC284393.ogg.npy,brodro1
zitcis1_XC282659.ogg.npy,zitcis1
houspa_XC678564.ogg.npy,houspa
asikoe2_XC779023.ogg.npy,asikoe2
grbeat1_XC381377.ogg.npy,grbeat1
hoopoe_XC557916.ogg.npy,hoopoe
purher1_XC184842.ogg.npy,purher1
commyn_XC505882.ogg.npy,commyn
crseag1_XC730679.ogg.npy,crseag1
hoopoe_XC125950.ogg.npy,hoopoe
lirplo_XC420707.ogg.npy,lirplo
comkin1_XC666616.ogg.npy,comkin1
rerswa1_XC145577.ogg.npy,rerswa1
lirplo_XC635186.ogg.npy,lirplo
purher1_XC732684.ogg.npy,purher1
litgre1_XC813775.ogg.npy,litgre1
gyhcaf1_XC700263.ogg.npy,gyhcaf1
whbwat1_XC474096.ogg.npy,whbwat1
eucdov_XC668305.ogg.npy,eucdov
grewar3_XC139966.ogg.npy,grewar3
greegr_XC234780.ogg.npy,greegr
hoopoe_XC641528.ogg.npy,hoopoe
blakit1_XC493737.ogg.npy,blakit1
grnsan_XC828147.ogg.npy,grnsan
goflea1_XC208795.ogg.npy,goflea1
whbtre1_XC783989.ogg.npy,whbtre1
goflea1_XC423283.ogg.npy,goflea1
comtai1_XC542375.ogg.npy,comtai1
plapri1_XC834460.ogg.npy,plapri1
rerswa1_XC330427.ogg.npy,rerswa1
wemhar1_XC781890.ogg.npy,wemhar1
pursun4_XC513476.ogg.npy,pursun4
houspa_XC550536.ogg.npy,houspa
blhori1_XC607193.ogg.npy,blhori1
comsan_XC769991.ogg.npy,comsan
graher1_XC798784.ogg.npy,graher1
commoo3_XC548535.ogg.npy,commoo3
gyhcaf1_XC73275.ogg.npy,gyhcaf1
zitcis1_XC646462.ogg.npy,zitcis1
asikoe2_XC362071.ogg.npy,asikoe2
gargan_XC644644.ogg.npy,gargan
grywag_XC508370.ogg.npy,grywag
lblwar1_XC768727.ogg.npy,lblwar1
lirplo_XC551680.ogg.npy,lirplo
comros_XC395989.ogg.npy,comros
barswa_XC176093.ogg.npy,barswa
blrwar1_XC809209.ogg.npy,blrwar1
copbar1_XC304310.ogg.npy,copbar1
grywag_XC838833.ogg.npy,grywag
lblwar1_XC390766.ogg.npy,lblwar1
purher1_XC843759.ogg.npy,purher1
spodov_XC710634.ogg.npy,spodov
woosan_XC190517.ogg.npy,woosan
copbar1_XC377025.ogg.npy,copbar1
ashdro1_XC114601.ogg.npy,ashdro1
whbbul2_XC575157.ogg.npy,whbbul2
bkskit1_XC292091.ogg.npy,bkskit1
crbsun2_XC401644.ogg.npy,crbsun2
sqtbul1_XC346135.ogg.npy,sqtbul1
grewar3_XC322379.ogg.npy,grewar3
brcful1_XC502448.ogg.npy,brcful1
bkskit1_XC196089.ogg.npy,bkskit1
greegr_XC331726.ogg.npy,greegr
brnshr_XC456201.ogg.npy,brnshr
comsan_XC724170.ogg.npy,comsan
comgre_XC791618.ogg.npy,comgre
btbeat1_XC743618.ogg.npy,btbeat1
grnsan_XC675423.ogg.npy,grnsan
litswi1_XC253698.ogg.npy,litswi1
whbwoo2_XC282486.ogg.npy,whbwoo2
rocpig_XC269763.ogg.npy,rocpig
lirplo_XC403282.ogg.npy,lirplo
eaywag1_XC313823.ogg.npy,eaywag1
woosan_XC827290.ogg.npy,woosan
purher1_XC733410.ogg.npy,purher1
houcro1_XC733085.ogg.npy,houcro1
whbwag1_XC335673.ogg.npy,whbwag1
graher1_XC570617.ogg.npy,graher1
zitcis1_XC713317.ogg.npy,zitcis1
litegr_XC704009.ogg.npy,litegr
purher1_XC814347.ogg.npy,purher1
lirplo_XC768243.ogg.npy,lirplo
litgre1_XC728652.ogg.npy,litgre1
putbab1_XC654983.ogg.npy,putbab1
ingori1_XC185492.ogg.npy,ingori1
eurcoo_XC668737.ogg.npy,eurcoo
rewlap1_XC857731.ogg.npy,rewlap1
whcbar1_XC659329.ogg.npy,whcbar1
blrwar1_XC423669.ogg.npy,blrwar1
piebus1_XC777962.ogg.npy,piebus1
hoopoe_XC171538.ogg.npy,hoopoe
comior1_XC362859.ogg.npy,comior1
comsan_XC669073.ogg.npy,comsan
cohcuc1_XC136837.ogg.npy,cohcuc1
grtdro1_XC336466.ogg.npy,grtdro1
laudov1_XC778062.ogg.npy,laudov1
labcro1_XC803821.ogg.npy,labcro1
grefla1_XC619763.ogg.npy,grefla1
comsan_XC373910.ogg.npy,comsan
barswa_XC770651.ogg.npy,barswa
moipig1_XC151565.ogg.npy,moipig1
bkwsti_XC184854.ogg.npy,bkwsti
litgre1_XC578394.ogg.npy,litgre1
woosan_XC484263.ogg.npy,woosan
blnmon1_XC497015.ogg.npy,blnmon1
stbkin1_XC496183.ogg.npy,stbkin1
vefnut1_XC197738.ogg.npy,vefnut1
comgre_XC686479.ogg.npy,comgre
bladro1_XC761716.ogg.npy,bladro1
whtkin2_XC576692.ogg.npy,whtkin2
litegr_XC632272.ogg.npy,litegr
labcro1_XC451169.ogg.npy,labcro1
grywag_XC592019.ogg.npy,grywag
rewbul_XC400904.ogg.npy,rewbul
zitcis1_XC739162.ogg.npy,zitcis1
purher1_XC577101.ogg.npy,purher1
comgre_XC635735.ogg.npy,comgre
lirplo_XC635363.ogg.npy,lirplo
houcro1_XC392126.ogg.npy,houcro1
sohmyn1_XC464127.ogg.npy,sohmyn1
eaywag1_XC675595.ogg.npy,eaywag1
litegr_XC309390.ogg.npy,litegr
houcro1_XC208877.ogg.npy,houcro1
blrwar1_XC606668.ogg.npy,blrwar1
yebbul3_XC469480.ogg.npy,yebbul3
whbwoo2_XC620581.ogg.npy,whbwoo2
houspa_XC433158.ogg.npy,houspa
comsan_XC240497.ogg.npy,comsan
rewbul_XC301704.ogg.npy,rewbul
grywag_XC601875.ogg.npy,grywag
hoopoe_XC329918.ogg.npy,hoopoe
rewlap1_XC21840.ogg.npy,rewlap1
litspi1_XC639714.ogg.npy,litspi1
wemhar1_XC572755.ogg.npy,wemhar1
asikoe2_XC538078.ogg.npy,asikoe2
graher1_XC187169.ogg.npy,graher1
nutman_XC31393.ogg.npy,nutman
grnsan_XC431468.ogg.npy,grnsan
categr_XC576956.ogg.npy,categr
eaywag1_XC587404.ogg.npy,eaywag1
commoo3_XC783965.ogg.npy,commoo3
litgre1_XC181511.ogg.npy,litgre1
comsan_XC736684.ogg.npy,comsan
asikoe2_XC305691.ogg.npy,asikoe2
shikra1_XC610335.ogg.npy,shikra1
hoopoe_XC795276.ogg.npy,hoopoe
thbwar1_XC842777.ogg.npy,thbwar1
blhori1_XC776181.ogg.npy,blhori1
grnwar1_XC726571.ogg.npy,grnwar1
eucdov_XC840250.ogg.npy,eucdov
litgre1_XC407138.ogg.npy,litgre1
brodro1_XC114814.ogg.npy,brodro1
litegr_XC332323.ogg.npy,litegr
eaywag1_XC765258.ogg.npy,eaywag1
putbab1_XC234841.ogg.npy,putbab1
goflea1_XC196745.ogg.npy,goflea1
eurcoo_XC307337.ogg.npy,eurcoo
whbbul2_XC209566.ogg.npy,whbbul2
sohmyn1_XC743682.ogg.npy,sohmyn1
hoopoe_XC371174.ogg.npy,hoopoe
pursun4_XC792182.ogg.npy,pursun4
eucdov_XC727205.ogg.npy,eucdov
bladro1_XC116428.ogg.npy,bladro1
commoo3_XC528509.ogg.npy,commoo3
whbwag1_XC267081.ogg.npy,whbwag1
whiter2_XC188608.ogg.npy,whiter2
laudov1_XC213634.ogg.npy,laudov1
woosan_XC265259.ogg.npy,woosan
comsan_XC496097.ogg.npy,comsan
grtdro1_XC196711.ogg.npy,grtdro1
graher1_XC598023.ogg.npy,graher1
brcful1_XC296411.ogg.npy,brcful1
litegr_XC447850.ogg.npy,litegr
junbab2_XC796042.ogg.npy,junbab2
eurcoo_XC302632.ogg.npy,eurcoo
comgre_XC829600.ogg.npy,comgre
comgre_XC25703.ogg.npy,comgre
spodov_XC181467.ogg.npy,spodov
comkin1_XC621663.ogg.npy,comkin1
graher1_XC307238.ogg.npy,graher1
zitcis1_XC329640.ogg.npy,zitcis1
gargan_XC553738.ogg.npy,gargan
marsan_XC648610.ogg.npy,marsan
bcnher_XC544772.ogg.npy,bcnher
bkwsti_XC374912.ogg.npy,bkwsti
nutman_XC769573.ogg.npy,nutman
comsan_XC113693.ogg.npy,comsan
putbab1_XC209500.ogg.npy,putbab1
woosan_XC469969.ogg.npy,woosan
grewar3_XC574919.ogg.npy,grewar3
eaywag1_XC722533.ogg.npy,eaywag1
litgre1_XC802780.ogg.npy,litgre1
rocpig_XC718271.ogg.npy,rocpig
chbeat1_XC303998.ogg.npy,chbeat1
comsan_XC471874.ogg.npy,comsan
graher1_XC334076.ogg.npy,graher1
copbar1_XC778547.ogg.npy,copbar1
barswa_XC662037.ogg.npy,barswa
rewlap1_XC613965.ogg.npy,rewlap1
purher1_XC822949.ogg.npy,purher1
bcnher_XC397486.ogg.npy,bcnher
lirplo_XC130823.ogg.npy,lirplo
zitcis1_XC756608.ogg.npy,zitcis1
gloibi_XC628638.ogg.npy,gloibi
kenplo1_XC182765.ogg.npy,kenplo1
brcful1_XC165286.ogg.npy,brcful1
comgre_XC325355.ogg.npy,comgre
grewar3_XC430660.ogg.npy,grewar3
eucdov_XC655782.ogg.npy,eucdov
indtit1_XC308258.ogg.npy,indtit1
inpher1_XC686123.ogg.npy,inpher1
brodro1_XC843114.ogg.npy,brodro1
thbwar1_XC841654.ogg.npy,thbwar1
eucdov_XC317769.ogg.npy,eucdov
grtdro1_XC767523.ogg.npy,grtdro1
eaywag1_XC672912.ogg.npy,eaywag1
maltro1_XC209938.ogg.npy,maltro1
yebbul3_XC123011.ogg.npy,yebbul3
grecou1_XC586269.ogg.npy,grecou1
nutman_XC685783.ogg.npy,nutman
bkwsti_XC648410.ogg.npy,bkwsti
brodro1_XC463621.ogg.npy,brodro1
litspi1_XC363423.ogg.npy,litspi1
whtkin2_XC456685.ogg.npy,whtkin2
purher1_XC833399.ogg.npy,purher1
rorpar_XC465037.ogg.npy,rorpar
whtkin2_XC362967.ogg.npy,whtkin2
comgre_XC793020.ogg.npy,comgre
commyn_XC203342.ogg.npy,commyn
grewar3_XC835578.ogg.npy,grewar3
labcro1_XC466092.ogg.npy,labcro1
brnhao1_XC313094.ogg.npy,brnhao1
eurcoo_XC483697.ogg.npy,eurcoo
bcnher_XC665151.ogg.npy,bcnher
hoopoe_XC181656.ogg.npy,hoopoe
spoowl1_XC316835.ogg.npy,spoowl1
grtdro1_XC484919.ogg.npy,grtdro1
litegr_XC372948.ogg.npy,litegr
shikra1_XC116901.ogg.npy,shikra1
rewlap1_XC399740.ogg.npy,rewlap1
gryfra_XC441379.ogg.npy,gryfra
litgre1_XC473517.ogg.npy,litgre1
lirplo_XC636150.ogg.npy,lirplo
rewbul_XC442346.ogg.npy,rewbul
hoopoe_XC856141.ogg.npy,hoopoe
grnsan_XC664541.ogg.npy,grnsan
ashpri1_XC743611.ogg.npy,ashpri1
grnsan_XC667394.ogg.npy,grnsan
houspa_XC178335.ogg.npy,houspa
isbduc1_XC452274.ogg.npy,isbduc1
grnwar1_XC832397.ogg.npy,grnwar1
graher1_XC441256.ogg.npy,graher1
hoopoe_XC424024.ogg.npy,hoopoe
asikoe2_XC413439.ogg.npy,asikoe2
bkwsti_XC239505.ogg.npy,bkwsti
woosan_XC146902.ogg.npy,woosan
commoo3_XC624884.ogg.npy,commoo3
litegr_XC145647.ogg.npy,litegr
purher1_XC641835.ogg.npy,purher1
insbab1_XC209936.ogg.npy,insbab1
bcnher_XC844547.ogg.npy,bcnher
blakit1_XC337369.ogg.npy,blakit1
purher1_XC515865.ogg.npy,purher1
kenplo1_XC840340.ogg.npy,kenplo1
commyn_XC446210.ogg.npy,commyn
oripip1_XC391115.ogg.npy,oripip1
houspa_XC182704.ogg.npy,houspa
grnsan_XC789557.ogg.npy,grnsan
hoopoe_XC798803.ogg.npy,hoopoe
grewar3_XC195495.ogg.npy,grewar3
pursun4_XC467418.ogg.npy,pursun4
comgre_XC686491.ogg.npy,comgre
whbbul2_XC209003.ogg.npy,whbbul2
indrob1_XC575118.ogg.npy,indrob1
kenplo1_XC338267.ogg.npy,kenplo1
asbfly_XC716692.ogg.npy,asbfly
rocpig_XC387811.ogg.npy,rocpig
graher1_XC741278.ogg.npy,graher1
comros_XC655349.ogg.npy,comros
purher1_XC647112.ogg.npy,purher1
darter2_XC684291.ogg.npy,darter2
whcbar1_XC574337.ogg.npy,whcbar1
lirplo_XC642822.ogg.npy,lirplo
comgre_XC587070.ogg.npy,comgre
grecou1_XC748012.ogg.npy,grecou1
graher1_XC339482.ogg.npy,graher1
grnsan_XC503469.ogg.npy,grnsan
grywag_XC698184.ogg.npy,grywag
whbwat1_XC396583.ogg.npy,whbwat1
piekin1_XC515899.ogg.npy,piekin1
comsan_XC680257.ogg.npy,comsan
grywag_XC466659.ogg.npy,grywag
sttwoo1_XC747554.ogg.npy,sttwoo1
bcnher_XC714053.ogg.npy,bcnher
comtai1_XC464773.ogg.npy,comtai1
hoopoe_XC277454.ogg.npy,hoopoe
junowl1_XC619484.ogg.npy,junowl1
comior1_XC671897.ogg.npy,comior1
litspi1_XC188890.ogg.npy,litspi1
houcro1_XC443482.ogg.npy,houcro1
whrmun_XC399209.ogg.npy,whrmun
woosan_XC857968.ogg.npy,woosan
labcro1_XC308259.ogg.npy,labcro1
houspa_XC641223.ogg.npy,houspa
laudov1_XC155911.ogg.npy,laudov1
plapri1_XC722718.ogg.npy,plapri1
eurcoo_XC246674.ogg.npy,eurcoo
goflea1_XC684238.ogg.npy,goflea1
eaywag1_XC423805.ogg.npy,eaywag1
gargan_XC527207.ogg.npy,gargan
putbab1_XC669912.ogg.npy,putbab1
mawthr1_XC210834.ogg.npy,mawthr1
comgre_XC455424.ogg.npy,comgre
comgre_XC753657.ogg.npy,comgre
insbab1_XC190665.ogg.npy,insbab1
bkwsti_XC544380.ogg.npy,bkwsti
plapri1_XC635555.ogg.npy,plapri1
commyn_XC185711.ogg.npy,commyn
eurcoo_XC289328.ogg.npy,eurcoo
kenplo1_XC536381.ogg.npy,kenplo1
grywag_XC257187.ogg.npy,grywag
plapri1_XC834655.ogg.npy,plapri1
comkin1_XC598249.ogg.npy,comkin1
grewar3_XC533877.ogg.npy,grewar3
labcro1_XC115147.ogg.npy,labcro1
grenig1_XC612191.ogg.npy,grenig1
purher1_XC740162.ogg.npy,purher1
grnsan_XC484050.ogg.npy,grnsan
redspu1_XC37584.ogg.npy,redspu1
blrwar1_XC506432.ogg.npy,blrwar1
graher1_XC543470.ogg.npy,graher1
hoopoe_XC479391.ogg.npy,hoopoe
grewar3_XC150184.ogg.npy,grewar3
woosan_XC423394.ogg.npy,woosan
comgre_XC715608.ogg.npy,comgre
comsan_XC628409.ogg.npy,comsan
whcbar1_XC788186.ogg.npy,whcbar1
blnmon1_XC741217.ogg.npy,blnmon1
asbfly_XC342037.ogg.npy,asbfly
piekin1_XC854785.ogg.npy,piekin1
barswa_XC208240.ogg.npy,barswa
litgre1_XC690151.ogg.npy,litgre1
comgre_XC667786.ogg.npy,comgre
zitcis1_XC839550.ogg.npy,zitcis1
comkin1_XC463055.ogg.npy,comkin1
categr_XC783036.ogg.npy,categr
rewbul_XC811625.ogg.npy,rewbul
marsan_XC371014.ogg.npy,marsan
emedov2_XC786576.ogg.npy,emedov2
eurcoo_XC701459.ogg.npy,eurcoo
grewar3_XC182119.ogg.npy,grewar3
eaywag1_XC464875.ogg.npy,eaywag1
purher1_XC725732.ogg.npy,purher1
graher1_XC713356.ogg.npy,graher1
eaywag1_XC380187.ogg.npy,eaywag1
comior1_XC397743.ogg.npy,comior1
hoopoe_XC710496.ogg.npy,hoopoe
grenig1_XC203429.ogg.npy,grenig1
hoopoe_XC281072.ogg.npy,hoopoe
barswa_XC672876.ogg.npy,barswa
tibfly3_XC440824.ogg.npy,tibfly3
grbeat1_XC405607.ogg.npy,grbeat1
labcro1_XC297124.ogg.npy,labcro1
categr_XC148199.ogg.npy,categr
heswoo1_XC207301.ogg.npy,heswoo1
woosan_XC481808.ogg.npy,woosan
litswi1_XC806822.ogg.npy,litswi1
litgre1_XC697665.ogg.npy,litgre1
vehpar1_XC497098.ogg.npy,vehpar1
compea_XC731727.ogg.npy,compea
putbab1_XC269599.ogg.npy,putbab1
grefla1_XC192029.ogg.npy,grefla1
commyn_XC528940.ogg.npy,commyn
comgre_XC725528.ogg.npy,comgre
zitcis1_XC727230.ogg.npy,zitcis1
shikra1_XC145288.ogg.npy,shikra1
rorpar_XC797448.ogg.npy,rorpar
commoo3_XC528291.ogg.npy,commoo3
rorpar_XC812115.ogg.npy,rorpar
sttwoo1_XC615777.ogg.npy,sttwoo1
spodov_XC134201.ogg.npy,spodov
brcful1_XC400505.ogg.npy,brcful1
commoo3_XC716503.ogg.npy,commoo3
brcful1_XC618086.ogg.npy,brcful1
spepic1_XC313861.ogg.npy,spepic1
litgre1_XC713055.ogg.npy,litgre1
grywag_XC787396.ogg.npy,grywag
bcnher_XC818320.ogg.npy,bcnher
litegr_XC647431.ogg.npy,litegr
ruftre2_XC205236.ogg.npy,ruftre2
blnmon1_XC767261.ogg.npy,blnmon1
brcful1_XC293639.ogg.npy,brcful1
crseag1_XC441718.ogg.npy,crseag1
grewar3_XC253263.ogg.npy,grewar3
blrwar1_XC731042.ogg.npy,blrwar1
eaywag1_XC535940.ogg.npy,eaywag1
bkskit1_XC350404.ogg.npy,bkskit1
marsan_XC746419.ogg.npy,marsan
spodov_XC735035.ogg.npy,spodov
lirplo_XC803663.ogg.npy,lirplo
comkin1_XC481293.ogg.npy,comkin1
zitcis1_XC428267.ogg.npy,zitcis1
purher1_XC644184.ogg.npy,purher1
litegr_XC370848.ogg.npy,litegr
gargan_XC733435.ogg.npy,gargan
yebbab1_XC469375.ogg.npy,yebbab1
rorpar_XC201704.ogg.npy,rorpar
comsan_XC554707.ogg.npy,comsan
woosan_XC19922.ogg.npy,woosan
copbar1_XC447555.ogg.npy,copbar1
brakit1_XC702713.ogg.npy,brakit1
commoo3_XC431451.ogg.npy,commoo3
grywag_XC432286.ogg.npy,grywag
grywag_XC401569.ogg.npy,grywag
whiter2_XC193638.ogg.npy,whiter2
grefla1_XC665712.ogg.npy,grefla1
comior1_XC737583.ogg.npy,comior1
asbfly_XC376509.ogg.npy,asbfly
marsan_XC835943.ogg.npy,marsan
comros_XC455905.ogg.npy,comros
rorpar_XC201703.ogg.npy,rorpar
yebbab1_XC545205.ogg.npy,yebbab1
litegr_XC559796.ogg.npy,litegr
spepic1_XC845319.ogg.npy,spepic1
woosan_XC663903.ogg.npy,woosan
commoo3_XC542445.ogg.npy,commoo3
eurcoo_XC642115.ogg.npy,eurcoo
commyn_XC489173.ogg.npy,commyn
comkin1_XC494720.ogg.npy,comkin1
brnhao1_XC469354.ogg.npy,brnhao1
brcful1_XC197612.ogg.npy,brcful1
eaywag1_XC27105.ogg.npy,eaywag1
comgre_XC767693.ogg.npy,comgre
woosan_XC234695.ogg.npy,woosan
woosan_XC490391.ogg.npy,woosan
pursun4_XC143460.ogg.npy,pursun4
rorpar_XC453152.ogg.npy,rorpar
aspfly1_XC406639.ogg.npy,aspfly1
grnsan_XC801765.ogg.npy,grnsan
barswa_XC83449.ogg.npy,barswa
pursun4_XC651996.ogg.npy,pursun4
yebbab1_XC588845.ogg.npy,yebbab1
bcnher_XC597131.ogg.npy,bcnher
comsan_XC501618.ogg.npy,comsan
brnhao1_XC421645.ogg.npy,brnhao1
grewar3_XC209530.ogg.npy,grewar3
houspa_XC509499.ogg.npy,houspa
grnsan_XC794977.ogg.npy,grnsan
btbeat1_XC394049.ogg.npy,btbeat1
comsan_XC830855.ogg.npy,comsan
bkskit1_XC361624.ogg.npy,bkskit1
greegr_XC515940.ogg.npy,greegr
vefnut1_XC241748.ogg.npy,vefnut1
eaywag1_XC856135.ogg.npy,eaywag1
rerswa1_XC282735.ogg.npy,rerswa1
pursun4_XC771329.ogg.npy,pursun4
wemhar1_XC689514.ogg.npy,wemhar1
purher1_XC469976.ogg.npy,purher1
bkwsti_XC649286.ogg.npy,bkwsti
grywag_XC792788.ogg.npy,grywag
zitcis1_XC422725.ogg.npy,zitcis1
blrwar1_XC732151.ogg.npy,blrwar1
aspswi1_XC647259.ogg.npy,aspswi1
whbwat1_XC382499.ogg.npy,whbwat1
comgre_XC829828.ogg.npy,comgre
revbul_XC174862.ogg.npy,revbul
gyhcaf1_XC491046.ogg.npy,gyhcaf1
gyhcaf1_XC720385.ogg.npy,gyhcaf1
whtkin2_XC431504.ogg.npy,whtkin2
rerswa1_XC642599.ogg.npy,rerswa1
whtkin2_XC549716.ogg.npy,whtkin2
lblwar1_XC197743.ogg.npy,lblwar1
gyhcaf1_XC116630.ogg.npy,gyhcaf1
bkwsti_XC698235.ogg.npy,bkwsti
eurcoo_XC552660.ogg.npy,eurcoo
nutman_XC382151.ogg.npy,nutman
brodro1_XC304219.ogg.npy,brodro1
bkwsti_XC661222.ogg.npy,bkwsti
hoopoe_XC781667.ogg.npy,hoopoe
commoo3_XC702595.ogg.npy,commoo3
rorpar_XC263125.ogg.npy,rorpar
comsan_XC663967.ogg.npy,comsan
plapri1_XC465267.ogg.npy,plapri1
woosan_XC549757.ogg.npy,woosan
kenplo1_XC635693.ogg.npy,kenplo1
lirplo_XC785159.ogg.npy,lirplo
lirplo_XC768245.ogg.npy,lirplo
comros_XC319527.ogg.npy,comros
eurcoo_XC702158.ogg.npy,eurcoo
cohcuc1_XC331244.ogg.npy,cohcuc1
rorpar_XC146921.ogg.npy,rorpar
houspa_XC819525.ogg.npy,houspa
blakit1_XC341266.ogg.npy,blakit1
rewbul_XC713330.ogg.npy,rewbul
bladro1_XC643684.ogg.npy,bladro1
lblwar1_XC756620.ogg.npy,lblwar1
shikra1_XC441583.ogg.npy,shikra1
lirplo_XC669005.ogg.npy,lirplo
grewar3_XC191259.ogg.npy,grewar3
labcro1_XC558816.ogg.npy,labcro1
ashpri1_XC464269.ogg.npy,ashpri1
rorpar_XC364535.ogg.npy,rorpar
piekin1_XC621233.ogg.npy,piekin1
gargan_XC835972.ogg.npy,gargan
lobsun2_XC340975.ogg.npy,lobsun2
purher1_XC445303.ogg.npy,purher1
graher1_XC360301.ogg.npy,graher1
rorpar_XC469368.ogg.npy,rorpar
comros_XC815973.ogg.npy,comros
comros_XC378785.ogg.npy,comros
maghor2_XC786589.ogg.npy,maghor2
eurcoo_XC547039.ogg.npy,eurcoo
placuc3_XC568732.ogg.npy,placuc3
whcbar1_XC404220.ogg.npy,whcbar1
grewar3_XC416907.ogg.npy,grewar3
comros_XC817794.ogg.npy,comros
litegr_XC711676.ogg.npy,litegr
inbrob1_XC207929.ogg.npy,inbrob1
piekin1_XC615618.ogg.npy,piekin1
rewlap1_XC173180.ogg.npy,rewlap1
eucdov_XC735179.ogg.npy,eucdov
purher1_XC568936.ogg.npy,purher1
rerswa1_XC423981.ogg.npy,rerswa1
comkin1_XC591023.ogg.npy,comkin1
bcnher_XC553015.ogg.npy,bcnher
litspi1_XC151211.ogg.npy,litspi1
spodov_XC566000.ogg.npy,spodov
whiter2_XC336348.ogg.npy,whiter2
lirplo_XC484239.ogg.npy,lirplo
comgre_XC190512.ogg.npy,comgre
grewar3_XC189949.ogg.npy,grewar3
lirplo_XC378422.ogg.npy,lirplo
eaywag1_XC738505.ogg.npy,eaywag1
comsan_XC574645.ogg.npy,comsan
gybpri1_XC447554.ogg.npy,gybpri1
nutman_XC727791.ogg.npy,nutman
whbbul2_XC285527.ogg.npy,whbbul2
comgre_XC524637.ogg.npy,comgre
graher1_XC73272.ogg.npy,graher1
whtkin2_XC662873.ogg.npy,whtkin2
grecou1_XC528954.ogg.npy,grecou1
litegr_XC555825.ogg.npy,litegr
grecou1_XC633426.ogg.npy,grecou1
lirplo_XC795027.ogg.npy,lirplo
wemhar1_XC462560.ogg.npy,wemhar1
rocpig_XC554329.ogg.npy,rocpig
graher1_XC466816.ogg.npy,graher1
chbeat1_XC844581.ogg.npy,chbeat1
barswa_XC664984.ogg.npy,barswa
lblwar1_XC639662.ogg.npy,lblwar1
grnwar1_XC724565.ogg.npy,grnwar1
wemhar1_XC512133.ogg.npy,wemhar1
eaywag1_XC667312.ogg.npy,eaywag1
bkwsti_XC185154.ogg.npy,bkwsti
blrwar1_XC419888.ogg.npy,blrwar1
hoopoe_XC659748.ogg.npy,hoopoe
eucdov_XC816572.ogg.npy,eucdov
bkwsti_XC449084.ogg.npy,bkwsti
commyn_XC599364.ogg.npy,commyn
brnshr_XC175339.ogg.npy,brnshr
graher1_XC194566.ogg.npy,graher1
comfla1_XC19643.ogg.npy,comfla1
rocpig_XC349161.ogg.npy,rocpig
putbab1_XC639717.ogg.npy,putbab1
hoopoe_XC467861.ogg.npy,hoopoe
ashdro1_XC284493.ogg.npy,ashdro1
blrwar1_XC659078.ogg.npy,blrwar1
lirplo_XC670775.ogg.npy,lirplo
compea_XC660417.ogg.npy,compea
malpar1_XC267342.ogg.npy,malpar1
eurcoo_XC643777.ogg.npy,eurcoo
asikoe2_XC523554.ogg.npy,asikoe2
whbwat1_XC124434.ogg.npy,whbwat1
forwag1_XC459469.ogg.npy,forwag1
asbfly_XC821773.ogg.npy,asbfly
mawthr1_XC19768.ogg.npy,mawthr1
eurbla2_XC571203.ogg.npy,eurbla2
bcnher_XC551281.ogg.npy,bcnher
woosan_XC469552.ogg.npy,woosan
eurcoo_XC468908.ogg.npy,eurcoo
grenig1_XC133665.ogg.npy,grenig1
litgre1_XC713058.ogg.npy,litgre1
rorpar_XC658806.ogg.npy,rorpar
junbab2_XC408714.ogg.npy,junbab2
comsan_XC667555.ogg.npy,comsan
grtdro1_XC86962.ogg.npy,grtdro1
comkin1_XC748945.ogg.npy,comkin1
brnhao1_XC295775.ogg.npy,brnhao1
comros_XC182521.ogg.npy,comros
rerswa1_XC423136.ogg.npy,rerswa1
whcbar1_XC635414.ogg.npy,whcbar1
grejun2_XC37514.ogg.npy,grejun2
indpit1_XC478480.ogg.npy,indpit1
grbeat1_XC572400.ogg.npy,grbeat1
asikoe2_XC788680.ogg.npy,asikoe2
grywag_XC812494.ogg.npy,grywag
asikoe2_XC812734.ogg.npy,asikoe2
vehpar1_XC439547.ogg.npy,vehpar1
kerlau2_XC856428.ogg.npy,kerlau2
placuc3_XC591480.ogg.npy,placuc3
blhori1_XC362968.ogg.npy,blhori1
grywag_XC373378.ogg.npy,grywag
litegr_XC687078.ogg.npy,litegr
whcbar1_XC196647.ogg.npy,whcbar1
paisto1_XC37574.ogg.npy,paisto1
houspa_XC505685.ogg.npy,houspa
blnmon1_XC490543.ogg.npy,blnmon1
oripip1_XC469476.ogg.npy,oripip1
greegr_XC709622.ogg.npy,greegr
graher1_XC381572.ogg.npy,graher1
bcnher_XC548600.ogg.npy,bcnher
eucdov_XC347428.ogg.npy,eucdov
yebbul3_XC346191.ogg.npy,yebbul3
commyn_XC187497.ogg.npy,commyn
comgre_XC846026.ogg.npy,comgre
grywag_XC588494.ogg.npy,grywag
blnmon1_XC282901.ogg.npy,blnmon1
commyn_XC281919.ogg.npy,commyn
revbul_XC454892.ogg.npy,revbul
blrwar1_XC575408.ogg.npy,blrwar1
houspa_XC279046.ogg.npy,houspa
purswa3_XC573342.ogg.npy,purswa3
whbsho3_XC856378.ogg.npy,whbsho3
gryfra_XC639518.ogg.npy,gryfra
barswa_XC728300.ogg.npy,barswa
whtkin2_XC156896.ogg.npy,whtkin2
bcnher_XC680550.ogg.npy,bcnher
comsan_XC600832.ogg.npy,comsan
crseag1_XC318993.ogg.npy,crseag1
whiter2_XC658335.ogg.npy,whiter2
rerswa1_XC133800.ogg.npy,rerswa1
litgre1_XC624469.ogg.npy,litgre1
comgre_XC671984.ogg.npy,comgre
whtkin2_XC614896.ogg.npy,whtkin2
lblwar1_XC687971.ogg.npy,lblwar1
commoo3_XC468902.ogg.npy,commoo3
grewar3_XC266870.ogg.npy,grewar3
grejun2_XC209347.ogg.npy,grejun2
bkwsti_XC283849.ogg.npy,bkwsti
comkin1_XC796091.ogg.npy,comkin1
commoo3_XC400805.ogg.npy,commoo3
woosan_XC825179.ogg.npy,woosan
grewar3_XC421572.ogg.npy,grewar3
tibfly3_XC756559.ogg.npy,tibfly3
comkin1_XC716236.ogg.npy,comkin1
kenplo1_XC479955.ogg.npy,kenplo1
whbbul2_XC481156.ogg.npy,whbbul2
junbab2_XC73740.ogg.npy,junbab2
commoo3_XC543185.ogg.npy,commoo3
lesyel1_XC276823.ogg.npy,lesyel1
comgre_XC733168.ogg.npy,comgre
blhori1_XC572660.ogg.npy,blhori1
woosan_XC431564.ogg.npy,woosan
comros_XC189887.ogg.npy,comros
rocpig_XC480209.ogg.npy,rocpig
yebbab1_XC392180.ogg.npy,yebbab1
bcnher_XC814042.ogg.npy,bcnher
comsan_XC801188.ogg.npy,comsan
bkwsti_XC657614.ogg.npy,bkwsti
blrwar1_XC734343.ogg.npy,blrwar1
litspi1_XC708251.ogg.npy,litspi1
zitcis1_XC179035.ogg.npy,zitcis1
comsan_XC725160.ogg.npy,comsan
placuc3_XC486683.ogg.npy,placuc3
barswa_XC208292.ogg.npy,barswa
sqtbul1_XC207757.ogg.npy,sqtbul1
woosan_XC730424.ogg.npy,woosan
barswa_XC433932.ogg.npy,barswa
comtai1_XC133739.ogg.npy,comtai1
ashwoo2_XC639720.ogg.npy,ashwoo2
graher1_XC497249.ogg.npy,graher1
plapri1_XC492386.ogg.npy,plapri1
houspa_XC544145.ogg.npy,houspa
grtdro1_XC205311.ogg.npy,grtdro1
bcnher_XC521292.ogg.npy,bcnher
eaywag1_XC746879.ogg.npy,eaywag1
putbab1_XC465691.ogg.npy,putbab1
hoopoe_XC798812.ogg.npy,hoopoe
bcnher_XC449100.ogg.npy,bcnher
purher1_XC823087.ogg.npy,purher1
piekin1_XC615612.ogg.npy,piekin1
asbfly_XC134896.ogg.npy,asbfly
houcro1_XC756303.ogg.npy,houcro1
wemhar1_XC758369.ogg.npy,wemhar1
insbab1_XC672095.ogg.npy,insbab1
eucdov_XC789608.ogg.npy,eucdov
blrwar1_XC567196.ogg.npy,blrwar1
categr_XC694719.ogg.npy,categr
insbab1_XC655447.ogg.npy,insbab1
indpit1_XC541424.ogg.npy,indpit1
kenplo1_XC765772.ogg.npy,kenplo1
hoopoe_XC436727.ogg.npy,hoopoe
brodro1_XC350880.ogg.npy,brodro1
comros_XC833883.ogg.npy,comros
crseag1_XC803962.ogg.npy,crseag1
eaywag1_XC679942.ogg.npy,eaywag1
brcful1_XC747112.ogg.npy,brcful1
blhori1_XC346182.ogg.npy,blhori1
comior1_XC545439.ogg.npy,comior1
lirplo_XC804577.ogg.npy,lirplo
zitcis1_XC536197.ogg.npy,zitcis1
litspi1_XC705583.ogg.npy,litspi1
grejun2_XC776891.ogg.npy,grejun2
whbwat1_XC198538.ogg.npy,whbwat1
commyn_XC336261.ogg.npy,commyn
grnwar1_XC646406.ogg.npy,grnwar1
comgre_XC686496.ogg.npy,comgre
eurcoo_XC667776.ogg.npy,eurcoo
ruftre2_XC607209.ogg.npy,ruftre2
orihob2_XC554876.ogg.npy,orihob2
commoo3_XC796437.ogg.npy,commoo3
asbfly_XC207738.ogg.npy,asbfly
grecou1_XC348083.ogg.npy,grecou1
crseag1_XC549583.ogg.npy,crseag1
comsan_XC836442.ogg.npy,comsan
lirplo_XC528269.ogg.npy,lirplo
gargan_XC630148.ogg.npy,gargan
commyn_XC812209.ogg.npy,commyn
wemhar1_XC645274.ogg.npy,wemhar1
barswa_XC320720.ogg.npy,barswa
comkin1_XC156445.ogg.npy,comkin1
graher1_XC824809.ogg.npy,graher1
litgre1_XC780434.ogg.npy,litgre1
litspi1_XC216928.ogg.npy,litspi1
barswa_XC674733.ogg.npy,barswa
zitcis1_XC431697.ogg.npy,zitcis1
brodro1_XC73058.ogg.npy,brodro1
blakit1_XC583029.ogg.npy,blakit1
ashdro1_XC815588.ogg.npy,ashdro1
commoo3_XC362200.ogg.npy,commoo3
putbab1_XC210534.ogg.npy,putbab1
shikra1_XC209200.ogg.npy,shikra1
blnmon1_XC446407.ogg.npy,blnmon1
plapri1_XC406635.ogg.npy,plapri1
houspa_XC347366.ogg.npy,houspa
woosan_XC669943.ogg.npy,woosan
comkin1_XC576288.ogg.npy,comkin1
grewar3_XC250440.ogg.npy,grewar3
purher1_XC412510.ogg.npy,purher1
bcnher_XC481923.ogg.npy,bcnher
categr_XC713118.ogg.npy,categr
woosan_XC746238.ogg.npy,woosan
comgre_XC554085.ogg.npy,comgre
bcnher_XC65998.ogg.npy,bcnher
eaywag1_XC675960.ogg.npy,eaywag1
brodro1_XC625550.ogg.npy,brodro1
comkin1_XC598009.ogg.npy,comkin1
greegr_XC512126.ogg.npy,greegr
scamin3_XC197607.ogg.npy,scamin3
spodov_XC193650.ogg.npy,spodov
grecou1_XC444275.ogg.npy,grecou1
rorpar_XC513544.ogg.npy,rorpar
comtai1_XC239910.ogg.npy,comtai1
categr_XC328548.ogg.npy,categr
litegr_XC750570.ogg.npy,litegr
greegr_XC292923.ogg.npy,greegr
junbab2_XC684287.ogg.npy,junbab2
junowl1_XC818543.ogg.npy,junowl1
grtdro1_XC610298.ogg.npy,grtdro1
bcnher_XC241679.ogg.npy,bcnher
hoopoe_XC856086.ogg.npy,hoopoe
grnsan_XC719810.ogg.npy,grnsan
ruftre2_XC430289.ogg.npy,ruftre2
eucdov_XC806609.ogg.npy,eucdov
ruftre2_XC209009.ogg.npy,ruftre2
woosan_XC342909.ogg.npy,woosan
grnsan_XC642069.ogg.npy,grnsan
inpher1_XC575116.ogg.npy,inpher1
kenplo1_XC836017.ogg.npy,kenplo1
grnsan_XC575668.ogg.npy,grnsan
grecou1_XC538075.ogg.npy,grecou1
woosan_XC401915.ogg.npy,woosan
comkin1_XC279604.ogg.npy,comkin1
brwowl1_XC768348.ogg.npy,brwowl1
copbar1_XC507753.ogg.npy,copbar1
bcnher_XC545729.ogg.npy,bcnher
ashpri1_XC569653.ogg.npy,ashpri1
nutman_XC828499.ogg.npy,nutman
crseag1_XC409275.ogg.npy,crseag1
lirplo_XC797742.ogg.npy,lirplo
comgre_XC758770.ogg.npy,comgre
hoopoe_XC815178.ogg.npy,hoopoe
grywag_XC559063.ogg.npy,grywag
brodro1_XC284858.ogg.npy,brodro1
hoopoe_XC799485.ogg.npy,hoopoe
wemhar1_XC689517.ogg.npy,wemhar1
zitcis1_XC745671.ogg.npy,zitcis1
rorpar_XC334309.ogg.npy,rorpar
ashpri1_XC613910.ogg.npy,ashpri1
commoo3_XC588426.ogg.npy,commoo3
barswa_XC663184.ogg.npy,barswa
bcnher_XC819726.ogg.npy,bcnher
whbwat1_XC724405.ogg.npy,whbwat1
bkskit1_XC360638.ogg.npy,bkskit1
shikra1_XC402113.ogg.npy,shikra1
ashpri1_XC568704.ogg.npy,ashpri1
comgre_XC801621.ogg.npy,comgre
blakit1_XC330330.ogg.npy,blakit1
comkin1_XC526240.ogg.npy,comkin1
wemhar1_XC796544.ogg.npy,wemhar1
isbduc1_XC195759.ogg.npy,isbduc1
bcnher_XC713547.ogg.npy,bcnher
purher1_XC827508.ogg.npy,purher1
grecou1_XC855061.ogg.npy,grecou1
asbfly_XC643642.ogg.npy,asbfly
comros_XC148840.ogg.npy,comros
btbeat1_XC304002.ogg.npy,btbeat1
eaywag1_XC437968.ogg.npy,eaywag1
brakit1_XC736313.ogg.npy,brakit1
houspa_XC629572.ogg.npy,houspa
bcnher_XC413040.ogg.npy,bcnher
eurcoo_XC508401.ogg.npy,eurcoo
indrob1_XC396938.ogg.npy,indrob1
inbrob1_XC744706.ogg.npy,inbrob1
plhpar1_XC590315.ogg.npy,plhpar1
vefnut1_XC741606.ogg.npy,vefnut1
commoo3_XC558226.ogg.npy,commoo3
houspa_XC344302.ogg.npy,houspa
comsan_XC484233.ogg.npy,comsan
bcnher_XC579689.ogg.npy,bcnher
woosan_XC814623.ogg.npy,woosan
gloibi_XC417662.ogg.npy,gloibi
bkwsti_XC500624.ogg.npy,bkwsti
copbar1_XC142516.ogg.npy,copbar1
hoopoe_XC646546.ogg.npy,hoopoe
comior1_XC600906.ogg.npy,comior1
comsan_XC425078.ogg.npy,comsan
grewar3_XC266049.ogg.npy,grewar3
spodov_XC776063.ogg.npy,spodov
comsan_XC732078.ogg.npy,comsan
woosan_XC827438.ogg.npy,woosan
piekin1_XC515832.ogg.npy,piekin1
grnsan_XC589084.ogg.npy,grnsan
yebbul3_XC756206.ogg.npy,yebbul3
bkwsti_XC666072.ogg.npy,bkwsti
woosan_XC587076.ogg.npy,woosan
comtai1_XC756500.ogg.npy,comtai1
grewar3_XC180478.ogg.npy,grewar3
grynig2_XC659582.ogg.npy,grynig2
rossta2_XC417466.ogg.npy,rossta2
purher1_XC826929.ogg.npy,purher1
comior1_XC554822.ogg.npy,comior1
commyn_XC463161.ogg.npy,commyn
comros_XC408274.ogg.npy,comros
zitcis1_XC305008.ogg.npy,zitcis1
sbeowl1_XC740388.ogg.npy,sbeowl1
grewar3_XC760551.ogg.npy,grewar3
categr_XC361552.ogg.npy,categr
graher1_XC770918.ogg.npy,graher1
eurcoo_XC367466.ogg.npy,eurcoo
grnsan_XC495145.ogg.npy,grnsan
hoopoe_XC643901.ogg.npy,hoopoe
comkin1_XC356280.ogg.npy,comkin1
bcnher_XC675694.ogg.npy,bcnher
putbab1_XC779383.ogg.npy,putbab1
brwjac1_XC394870.ogg.npy,brwjac1
blhori1_XC293876.ogg.npy,blhori1
barswa_XC746615.ogg.npy,barswa
houspa_XC642972.ogg.npy,houspa
rewlap1_XC392131.ogg.npy,rewlap1
bkskit1_XC350265.ogg.npy,bkskit1
comgre_XC801547.ogg.npy,comgre
shikra1_XC575197.ogg.npy,shikra1
whrmun_XC746792.ogg.npy,whrmun
rerswa1_XC436340.ogg.npy,rerswa1
blhori1_XC371943.ogg.npy,blhori1
litgre1_XC641382.ogg.npy,litgre1
commoo3_XC709909.ogg.npy,commoo3
comgre_XC522788.ogg.npy,comgre
ashwoo2_XC584166.ogg.npy,ashwoo2
grecou1_XC620473.ogg.npy,grecou1
comtai1_XC163910.ogg.npy,comtai1
zitcis1_XC570141.ogg.npy,zitcis1
junowl1_XC524190.ogg.npy,junowl1
zitcis1_XC413325.ogg.npy,zitcis1
grywag_XC759219.ogg.npy,grywag
spodov_XC477310.ogg.npy,spodov
whbwat1_XC211610.ogg.npy,whbwat1
greegr_XC705412.ogg.npy,greegr
woosan_XC671941.ogg.npy,woosan
eurcoo_XC784639.ogg.npy,eurcoo
bcnher_XC856593.ogg.npy,bcnher
asbfly_XC724266.ogg.npy,asbfly
zitcis1_XC298850.ogg.npy,zitcis1
spodov_XC447267.ogg.npy,spodov
grewar3_XC420093.ogg.npy,grewar3
eaywag1_XC175696.ogg.npy,eaywag1
blrwar1_XC152461.ogg.npy,blrwar1
purher1_XC306079.ogg.npy,purher1
grnsan_XC655468.ogg.npy,grnsan
eaywag1_XC145176.ogg.npy,eaywag1
comros_XC120452.ogg.npy,comros
eurcoo_XC605155.ogg.npy,eurcoo
rorpar_XC209713.ogg.npy,rorpar
ashpri1_XC570426.ogg.npy,ashpri1
piekin1_XC142725.ogg.npy,piekin1
cregos1_XC528908.ogg.npy,cregos1
bcnher_XC182583.ogg.npy,bcnher
emedov2_XC537458.ogg.npy,emedov2
comros_XC199287.ogg.npy,comros
purher1_XC590344.ogg.npy,purher1
comsan_XC725341.ogg.npy,comsan
comsan_XC668909.ogg.npy,comsan
bcnher_XC718092.ogg.npy,bcnher
blrwar1_XC809208.ogg.npy,blrwar1
litgre1_XC712658.ogg.npy,litgre1
whbbul2_XC163928.ogg.npy,whbbul2
grewar3_XC476638.ogg.npy,grewar3
commoo3_XC787451.ogg.npy,commoo3
eurbla2_XC571139.ogg.npy,eurbla2
shikra1_XC209531.ogg.npy,shikra1
eurcoo_XC628514.ogg.npy,eurcoo
greegr_XC605059.ogg.npy,greegr
lirplo_XC474729.ogg.npy,lirplo
lblwar1_XC296415.ogg.npy,lblwar1
rewlap1_XC684869.ogg.npy,rewlap1
eurcoo_XC781812.ogg.npy,eurcoo
comsan_XC794971.ogg.npy,comsan
bkwsti_XC667380.ogg.npy,bkwsti
comior1_XC571421.ogg.npy,comior1
lirplo_XC495877.ogg.npy,lirplo
rorpar_XC783589.ogg.npy,rorpar
grnwar1_XC543151.ogg.npy,grnwar1
barswa_XC184850.ogg.npy,barswa
marsan_XC495881.ogg.npy,marsan
barswa_XC664977.ogg.npy,barswa
bkskit1_XC353806.ogg.npy,bkskit1
litgre1_XC710317.ogg.npy,litgre1
junowl1_XC683121.ogg.npy,junowl1
asbfly_XC716727.ogg.npy,asbfly
grewar3_XC806754.ogg.npy,grewar3
rewlap1_XC446881.ogg.npy,rewlap1
categr_XC353847.ogg.npy,categr
btbeat1_XC665347.ogg.npy,btbeat1
emedov2_XC442739.ogg.npy,emedov2
woosan_XC581177.ogg.npy,woosan
barswa_XC747401.ogg.npy,barswa
comgre_XC782745.ogg.npy,comgre
rewbul_XC315609.ogg.npy,rewbul
bcnher_XC749154.ogg.npy,bcnher
commoo3_XC436938.ogg.npy,commoo3
comsan_XC801600.ogg.npy,comsan
comros_XC488571.ogg.npy,comros
eurcoo_XC833722.ogg.npy,eurcoo
litgre1_XC818173.ogg.npy,litgre1
nutman_XC764034.ogg.npy,nutman
hoopoe_XC597972.ogg.npy,hoopoe
bkwsti_XC368979.ogg.npy,bkwsti
grtdro1_XC150639.ogg.npy,grtdro1
cohcuc1_XC177780.ogg.npy,cohcuc1
blrwar1_XC653894.ogg.npy,blrwar1
cohcuc1_XC412343.ogg.npy,cohcuc1
greegr_XC412523.ogg.npy,greegr
commyn_XC546947.ogg.npy,commyn
graher1_XC546005.ogg.npy,graher1
comsan_XC268668.ogg.npy,comsan
litegr_XC629840.ogg.npy,litegr
comsan_XC819488.ogg.npy,comsan
grnsan_XC381438.ogg.npy,grnsan
labcro1_XC652474.ogg.npy,labcro1
litspi1_XC241955.ogg.npy,litspi1
purswa3_XC458036.ogg.npy,purswa3
eaywag1_XC270056.ogg.npy,eaywag1
putbab1_XC777034.ogg.npy,putbab1
indpit1_XC124745.ogg.npy,indpit1
grywag_XC677670.ogg.npy,grywag
blrwar1_XC656465.ogg.npy,blrwar1
comgre_XC646956.ogg.npy,comgre
lirplo_XC655438.ogg.npy,lirplo
grtdro1_XC610729.ogg.npy,grtdro1
bkwsti_XC268620.ogg.npy,bkwsti
bkwsti_XC737337.ogg.npy,bkwsti
hoopoe_XC648966.ogg.npy,hoopoe
blhori1_XC187019.ogg.npy,blhori1
blnmon1_XC770511.ogg.npy,blnmon1
comgre_XC633597.ogg.npy,comgre
grywag_XC738337.ogg.npy,grywag
wemhar1_XC770709.ogg.npy,wemhar1
purher1_XC237893.ogg.npy,purher1
bcnher_XC549290.ogg.npy,bcnher
comtai1_XC133740.ogg.npy,comtai1
mawthr1_XC342689.ogg.npy,mawthr1
brodro1_XC284394.ogg.npy,brodro1
ashdro1_XC114603.ogg.npy,ashdro1
grnwar1_XC275701.ogg.npy,grnwar1
comgre_XC836921.ogg.npy,comgre
rewbul_XC571201.ogg.npy,rewbul
comkin1_XC298035.ogg.npy,comkin1
rossta2_XC573356.ogg.npy,rossta2
eurcoo_XC202530.ogg.npy,eurcoo
asikoe2_XC208774.ogg.npy,asikoe2
comros_XC377328.ogg.npy,comros
stbkin1_XC496178.ogg.npy,stbkin1
comsan_XC831024.ogg.npy,comsan
brnshr_XC679573.ogg.npy,brnshr
comtai1_XC461764.ogg.npy,comtai1
greegr_XC285219.ogg.npy,greegr
houcro1_XC402083.ogg.npy,houcro1
litgre1_XC605095.ogg.npy,litgre1
bcnher_XC786389.ogg.npy,bcnher
bkskit1_XC353837.ogg.npy,bkskit1
eucdov_XC37443.ogg.npy,eucdov
putbab1_XC478279.ogg.npy,putbab1
comgre_XC821790.ogg.npy,comgre
grewar3_XC378013.ogg.npy,grewar3
thbwar1_XC458137.ogg.npy,thbwar1
graher1_XC600678.ogg.npy,graher1
eucdov_XC463252.ogg.npy,eucdov
bkwsti_XC774271.ogg.npy,bkwsti
grecou1_XC418177.ogg.npy,grecou1
eurcoo_XC478853.ogg.npy,eurcoo
labcro1_XC657612.ogg.npy,labcro1
graher1_XC678621.ogg.npy,graher1
gyhcaf1_XC114323.ogg.npy,gyhcaf1
blrwar1_XC621544.ogg.npy,blrwar1
kenplo1_XC765541.ogg.npy,kenplo1
barswa_XC740629.ogg.npy,barswa
eurcoo_XC289875.ogg.npy,eurcoo
eaywag1_XC140811.ogg.npy,eaywag1
bladro1_XC149038.ogg.npy,bladro1
barswa_XC721711.ogg.npy,barswa
litegr_XC545761.ogg.npy,litegr
cohcuc1_XC696705.ogg.npy,cohcuc1
lblwar1_XC395723.ogg.npy,lblwar1
bkwsti_XC260277.ogg.npy,bkwsti
yebbul3_XC196707.ogg.npy,yebbul3
bcnher_XC713290.ogg.npy,bcnher
rerswa1_XC385379.ogg.npy,rerswa1
whcbar1_XC342685.ogg.npy,whcbar1
ruftre2_XC116853.ogg.npy,ruftre2
comtai1_XC468285.ogg.npy,comtai1
sqtbul1_XC207161.ogg.npy,sqtbul1
grecou1_XC701711.ogg.npy,grecou1
vefnut1_XC497293.ogg.npy,vefnut1
commoo3_XC542893.ogg.npy,commoo3
brnhao1_XC696746.ogg.npy,brnhao1
rorpar_XC688957.ogg.npy,rorpar
grywag_XC547349.ogg.npy,grywag
graher1_XC608172.ogg.npy,graher1
woosan_XC184898.ogg.npy,woosan
bkwsti_XC429764.ogg.npy,bkwsti
purher1_XC710834.ogg.npy,purher1
rorpar_XC522615.ogg.npy,rorpar
houcro1_XC39428.ogg.npy,houcro1
zitcis1_XC176037.ogg.npy,zitcis1
marsan_XC184466.ogg.npy,marsan
litgre1_XC747913.ogg.npy,litgre1
gryfra_XC644011.ogg.npy,gryfra
bcnher_XC633127.ogg.npy,bcnher
labcro1_XC422043.ogg.npy,labcro1
litswi1_XC810705.ogg.npy,litswi1
copbar1_XC358708.ogg.npy,copbar1
spoowl1_XC390365.ogg.npy,spoowl1
eaywag1_XC673461.ogg.npy,eaywag1
emedov2_XC577912.ogg.npy,emedov2
comtai1_XC671490.ogg.npy,comtai1
comros_XC208343.ogg.npy,comros
lirplo_XC422428.ogg.npy,lirplo
grywag_XC777774.ogg.npy,grywag
comsan_XC817342.ogg.npy,comsan
grtdro1_XC504750.ogg.npy,grtdro1
comros_XC743413.ogg.npy,comros
grewar3_XC490808.ogg.npy,grewar3
comior1_XC706576.ogg.npy,comior1
lirplo_XC804751.ogg.npy,lirplo
houcro1_XC778600.ogg.npy,houcro1
rewlap1_XC461631.ogg.npy,rewlap1
gloibi_XC702388.ogg.npy,gloibi
houspa_XC167780.ogg.npy,houspa
thbwar1_XC755642.ogg.npy,thbwar1
grecou1_XC829150.ogg.npy,grecou1
bkwsti_XC403652.ogg.npy,bkwsti
comsan_XC743066.ogg.npy,comsan
houspa_XC150123.ogg.npy,houspa
comkin1_XC397189.ogg.npy,comkin1
graher1_XC695756.ogg.npy,graher1
bkwsti_XC650191.ogg.npy,bkwsti
eucdov_XC801847.ogg.npy,eucdov
blrwar1_XC662286.ogg.npy,blrwar1
ruftre2_XC403960.ogg.npy,ruftre2
grejun2_XC575108.ogg.npy,grejun2
comior1_XC197127.ogg.npy,comior1
bkwsti_XC338802.ogg.npy,bkwsti
greegr_XC247286.ogg.npy,greegr
rocpig_XC488173.ogg.npy,rocpig
kenplo1_XC718499.ogg.npy,kenplo1
goflea1_XC608665.ogg.npy,goflea1
commoo3_XC436271.ogg.npy,commoo3
comtai1_XC433062.ogg.npy,comtai1
blakit1_XC696493.ogg.npy,blakit1
tibfly3_XC643745.ogg.npy,tibfly3
tibfly3_XC795412.ogg.npy,tibfly3
gargan_XC234611.ogg.npy,gargan
blakit1_XC543648.ogg.npy,blakit1
graher1_XC695754.ogg.npy,graher1
grbeat1_XC118200.ogg.npy,grbeat1
eaywag1_XC745617.ogg.npy,eaywag1
eurcoo_XC643218.ogg.npy,eurcoo
houspa_XC698785.ogg.npy,houspa
ashdro1_XC429763.ogg.npy,ashdro1
laudov1_XC185715.ogg.npy,laudov1
pursun4_XC314009.ogg.npy,pursun4
kerlau2_XC856430.ogg.npy,kerlau2
woosan_XC380293.ogg.npy,woosan
stbkin1_XC578697.ogg.npy,stbkin1
whcbar1_XC394014.ogg.npy,whcbar1
greegr_XC432068.ogg.npy,greegr
comros_XC655820.ogg.npy,comros
comkin1_XC282126.ogg.npy,comkin1
brasta1_XC200264.ogg.npy,brasta1
commyn_XC175518.ogg.npy,commyn
brakit1_XC663576.ogg.npy,brakit1
insbab1_XC188852.ogg.npy,insbab1
bkwsti_XC180285.ogg.npy,bkwsti
asikoe2_XC364379.ogg.npy,asikoe2
brodro1_XC319057.ogg.npy,brodro1
comior1_XC754346.ogg.npy,comior1
junowl1_XC503424.ogg.npy,junowl1
litegr_XC439009.ogg.npy,litegr
bkwsti_XC721979.ogg.npy,bkwsti
blrwar1_XC252743.ogg.npy,blrwar1
eucdov_XC669831.ogg.npy,eucdov
comkin1_XC598257.ogg.npy,comkin1
comior1_XC631473.ogg.npy,comior1
hoopoe_XC265784.ogg.npy,hoopoe
gybpri1_XC571984.ogg.npy,gybpri1
comgre_XC484267.ogg.npy,comgre
grejun2_XC617066.ogg.npy,grejun2
categr_XC361546.ogg.npy,categr
woosan_XC567028.ogg.npy,woosan
bladro1_XC699918.ogg.npy,bladro1
grnsan_XC586152.ogg.npy,grnsan
eaywag1_XC239591.ogg.npy,eaywag1
blakit1_XC485740.ogg.npy,blakit1
zitcis1_XC312789.ogg.npy,zitcis1
eucdov_XC170936.ogg.npy,eucdov
putbab1_XC601392.ogg.npy,putbab1
cohcuc1_XC696707.ogg.npy,cohcuc1
purher1_XC819767.ogg.npy,purher1
litgre1_XC153870.ogg.npy,litgre1
whcbar1_XC786596.ogg.npy,whcbar1
vehpar1_XC37608.ogg.npy,vehpar1
grtdro1_XC528904.ogg.npy,grtdro1
pabflo1_XC652774.ogg.npy,pabflo1
grnwar1_XC387651.ogg.npy,grnwar1
whtkin2_XC463516.ogg.npy,whtkin2
eucdov_XC507346.ogg.npy,eucdov
bkwsti_XC573631.ogg.npy,bkwsti
brnhao1_XC756536.ogg.npy,brnhao1
comsan_XC744929.ogg.npy,comsan
comgre_XC385157.ogg.npy,comgre
litspi1_XC151078.ogg.npy,litspi1
litgre1_XC562902.ogg.npy,litgre1
graher1_XC581174.ogg.npy,graher1
gargan_XC656682.ogg.npy,gargan
grtdro1_XC401576.ogg.npy,grtdro1
ashpri1_XC594109.ogg.npy,ashpri1
eurcoo_XC595687.ogg.npy,eurcoo
woosan_XC578599.ogg.npy,woosan
grywag_XC19699.ogg.npy,grywag
bkwsti_XC347981.ogg.npy,bkwsti
houspa_XC312107.ogg.npy,houspa
indpit1_XC572626.ogg.npy,indpit1
zitcis1_XC767962.ogg.npy,zitcis1
laudov1_XC750378.ogg.npy,laudov1
comkin1_XC840480.ogg.npy,comkin1
eurcoo_XC485311.ogg.npy,eurcoo
bkwsti_XC554433.ogg.npy,bkwsti
eucdov_XC211916.ogg.npy,eucdov
rewbul_XC207914.ogg.npy,rewbul
copbar1_XC620132.ogg.npy,copbar1
grefla1_XC355102.ogg.npy,grefla1
bwfshr1_XC244035.ogg.npy,bwfshr1
graher1_XC839138.ogg.npy,graher1
comros_XC139347.ogg.npy,comros
blhori1_XC365148.ogg.npy,blhori1
commoo3_XC536436.ogg.npy,commoo3
lirplo_XC381761.ogg.npy,lirplo
rorpar_XC559630.ogg.npy,rorpar
heswoo1_XC453948.ogg.npy,heswoo1
grnsan_XC731974.ogg.npy,grnsan
rorpar_XC293078.ogg.npy,rorpar
blnmon1_XC192432.ogg.npy,blnmon1
compea_XC747634.ogg.npy,compea
grbeat1_XC276714.ogg.npy,grbeat1
kenplo1_XC376953.ogg.npy,kenplo1
grbeat1_XC196955.ogg.npy,grbeat1
whbwat1_XC764947.ogg.npy,whbwat1
purher1_XC676684.ogg.npy,purher1
comtai1_XC551973.ogg.npy,comtai1
categr_XC136312.ogg.npy,categr
grewar3_XC580312.ogg.npy,grewar3
comsan_XC455720.ogg.npy,comsan
eurcoo_XC524585.ogg.npy,eurcoo
grnwar1_XC135009.ogg.npy,grnwar1
comros_XC483453.ogg.npy,comros
eucdov_XC541520.ogg.npy,eucdov
bcnher_XC632420.ogg.npy,bcnher
eurcoo_XC854728.ogg.npy,eurcoo
comsan_XC643721.ogg.npy,comsan
blakit1_XC640160.ogg.npy,blakit1
barswa_XC570904.ogg.npy,barswa
eaywag1_XC740820.ogg.npy,eaywag1
marsan_XC722950.ogg.npy,marsan
nutman_XC736037.ogg.npy,nutman
comsan_XC574127.ogg.npy,comsan
comtai1_XC402080.ogg.npy,comtai1
greegr_XC307659.ogg.npy,greegr
graher1_XC496723.ogg.npy,graher1
comkin1_XC580508.ogg.npy,comkin1
graher1_XC619358.ogg.npy,graher1
eucdov_XC429410.ogg.npy,eucdov
rorpar_XC757943.ogg.npy,rorpar
litgre1_XC723740.ogg.npy,litgre1
plapri1_XC741678.ogg.npy,plapri1
wemhar1_XC614693.ogg.npy,wemhar1
whtkin2_XC767509.ogg.npy,whtkin2
blakit1_XC381736.ogg.npy,blakit1
gryfra_XC37512.ogg.npy,gryfra
comsan_XC548001.ogg.npy,comsan
blnmon1_XC464118.ogg.npy,blnmon1
emedov2_XC797691.ogg.npy,emedov2
rocpig_XC460854.ogg.npy,rocpig
greegr_XC465581.ogg.npy,greegr
grnwar1_XC724559.ogg.npy,grnwar1
gargan_XC365500.ogg.npy,gargan
tilwar1_XC191453.ogg.npy,tilwar1
rewlap1_XC577351.ogg.npy,rewlap1
gyhcaf1_XC772029.ogg.npy,gyhcaf1
brwowl1_XC409957.ogg.npy,brwowl1
zitcis1_XC561306.ogg.npy,zitcis1
grewar3_XC810537.ogg.npy,grewar3
litgre1_XC207947.ogg.npy,litgre1
litegr_XC718475.ogg.npy,litegr
aspswi1_XC741598.ogg.npy,aspswi1
rocpig_XC466256.ogg.npy,rocpig
wemhar1_XC780015.ogg.npy,wemhar1
bwfshr1_XC424236.ogg.npy,bwfshr1
brcful1_XC684965.ogg.npy,brcful1
wemhar1_XC586239.ogg.npy,wemhar1
spodov_XC348751.ogg.npy,spodov
eaywag1_XC765512.ogg.npy,eaywag1
indrol2_XC659806.ogg.npy,indrol2
grtdro1_XC151467.ogg.npy,grtdro1
grywag_XC636756.ogg.npy,grywag
graher1_XC301578.ogg.npy,graher1
grbeat1_XC207026.ogg.npy,grbeat1
grnsan_XC667847.ogg.npy,grnsan
spodov_XC433840.ogg.npy,spodov
comfla1_XC620863.ogg.npy,comfla1
barswa_XC643983.ogg.npy,barswa
houspa_XC151143.ogg.npy,houspa
rorpar_XC656331.ogg.npy,rorpar
rutfly6_XC524307.ogg.npy,rutfly6
zitcis1_XC570143.ogg.npy,zitcis1
blrwar1_XC565153.ogg.npy,blrwar1
barswa_XC558788.ogg.npy,barswa
grnsan_XC671707.ogg.npy,grnsan
cregos1_XC539085.ogg.npy,cregos1
rorpar_XC534231.ogg.npy,rorpar
insbab1_XC366255.ogg.npy,insbab1
grehor1_XC755737.ogg.npy,grehor1
eurcoo_XC720901.ogg.npy,eurcoo
comtai1_XC461766.ogg.npy,comtai1
bkwsti_XC801123.ogg.npy,bkwsti
asikoe2_XC362846.ogg.npy,asikoe2
dafbab1_XC207761.ogg.npy,dafbab1
whiter2_XC386364.ogg.npy,whiter2
litegr_XC288404.ogg.npy,litegr
kerlau2_XC856455.ogg.npy,kerlau2
bkskit1_XC433763.ogg.npy,bkskit1
rorpar_XC338695.ogg.npy,rorpar
piebus1_XC575097.ogg.npy,piebus1
grnwar1_XC741934.ogg.npy,grnwar1
copbar1_XC620131.ogg.npy,copbar1
rorpar_XC516402.ogg.npy,rorpar
bladro1_XC331912.ogg.npy,bladro1
moipig1_XC139710.ogg.npy,moipig1
zitcis1_XC463137.ogg.npy,zitcis1
blrwar1_XC733964.ogg.npy,blrwar1
eurcoo_XC712227.ogg.npy,eurcoo
marsan_XC569759.ogg.npy,marsan
comros_XC183528.ogg.npy,comros
rocpig_XC501133.ogg.npy,rocpig
lirplo_XC130826.ogg.npy,lirplo
brwowl1_XC637210.ogg.npy,brwowl1
purher1_XC826921.ogg.npy,purher1
copbar1_XC345155.ogg.npy,copbar1
nutman_XC746719.ogg.npy,nutman
blakit1_XC381734.ogg.npy,blakit1
comgre_XC787900.ogg.npy,comgre
piebus1_XC185034.ogg.npy,piebus1
whbwat1_XC362965.ogg.npy,whbwat1
nutman_XC217351.ogg.npy,nutman
eurcoo_XC402366.ogg.npy,eurcoo
grnsan_XC719630.ogg.npy,grnsan
woosan_XC585041.ogg.npy,woosan
rocpig_XC825052.ogg.npy,rocpig
bkskit1_XC352483.ogg.npy,bkskit1
houspa_XC469432.ogg.npy,houspa
eucdov_XC264228.ogg.npy,eucdov
litegr_XC788614.ogg.npy,litegr
gybpri1_XC768922.ogg.npy,gybpri1
grnsan_XC539339.ogg.npy,grnsan
insbab1_XC404222.ogg.npy,insbab1
indpit1_XC572368.ogg.npy,indpit1
woosan_XC240476.ogg.npy,woosan
houspa_XC541041.ogg.npy,houspa
greegr_XC627083.ogg.npy,greegr
litgre1_XC664024.ogg.npy,litgre1
goflea1_XC755736.ogg.npy,goflea1
categr_XC117115.ogg.npy,categr
tibfly3_XC344963.ogg.npy,tibfly3
commoo3_XC363180.ogg.npy,commoo3
heswoo1_XC620807.ogg.npy,heswoo1
junbab2_XC442499.ogg.npy,junbab2
wemhar1_XC671939.ogg.npy,wemhar1
comkin1_XC506782.ogg.npy,comkin1
grnsan_XC559769.ogg.npy,grnsan
bcnher_XC720542.ogg.npy,bcnher
gloibi_XC108826.ogg.npy,gloibi
eucdov_XC365606.ogg.npy,eucdov
bkwsti_XC194511.ogg.npy,bkwsti
shikra1_XC310822.ogg.npy,shikra1
brodro1_XC504187.ogg.npy,brodro1
grnwar1_XC675699.ogg.npy,grnwar1
wemhar1_XC558247.ogg.npy,wemhar1
bladro1_XC697577.ogg.npy,bladro1
comsan_XC830235.ogg.npy,comsan
whcbar1_XC574863.ogg.npy,whcbar1
whtkin2_XC736315.ogg.npy,whtkin2
pabflo1_XC756571.ogg.npy,pabflo1
whtkin2_XC575208.ogg.npy,whtkin2
bcnher_XC755741.ogg.npy,bcnher
brwowl1_XC196967.ogg.npy,brwowl1
bcnher_XC829221.ogg.npy,bcnher
woosan_XC430928.ogg.npy,woosan
purswa3_XC429769.ogg.npy,purswa3
rewbul_XC561007.ogg.npy,rewbul
blnmon1_XC786577.ogg.npy,blnmon1
rorpar_XC780690.ogg.npy,rorpar
bladro1_XC814832.ogg.npy,bladro1
rerswa1_XC278775.ogg.npy,rerswa1
whiter2_XC380976.ogg.npy,whiter2
bkskit1_XC416239.ogg.npy,bkskit1
lirplo_XC809443.ogg.npy,lirplo
litegr_XC683896.ogg.npy,litegr
whtkin2_XC559648.ogg.npy,whtkin2
bkwsti_XC440159.ogg.npy,bkwsti
blakit1_XC844045.ogg.npy,blakit1
forwag1_XC473791.ogg.npy,forwag1
putbab1_XC349819.ogg.npy,putbab1
labcro1_XC756611.ogg.npy,labcro1
eurcoo_XC623843.ogg.npy,eurcoo
woosan_XC557254.ogg.npy,woosan
piebus1_XC787627.ogg.npy,piebus1
barswa_XC651242.ogg.npy,barswa
cohcuc1_XC191169.ogg.npy,cohcuc1
eaywag1_XC513497.ogg.npy,eaywag1
litegr_XC821296.ogg.npy,litegr
grnsan_XC580688.ogg.npy,grnsan
graher1_XC497251.ogg.npy,graher1
tibfly3_XC19882.ogg.npy,tibfly3
grnsan_XC719714.ogg.npy,grnsan
houspa_XC669693.ogg.npy,houspa
comgre_XC112677.ogg.npy,comgre
bcnher_XC840271.ogg.npy,bcnher
comgre_XC435520.ogg.npy,comgre
grnsan_XC775401.ogg.npy,grnsan
blnmon1_XC441599.ogg.npy,blnmon1
kenplo1_XC845787.ogg.npy,kenplo1
comkin1_XC599506.ogg.npy,comkin1
bkwsti_XC449768.ogg.npy,bkwsti
blrwar1_XC570159.ogg.npy,blrwar1
eucdov_XC658231.ogg.npy,eucdov
comgre_XC467933.ogg.npy,comgre
bkwsti_XC570969.ogg.npy,bkwsti
grywag_XC669381.ogg.npy,grywag
grewar3_XC232980.ogg.npy,grewar3
blrwar1_XC657908.ogg.npy,blrwar1
ashdro1_XC404677.ogg.npy,ashdro1
rocpig_XC246586.ogg.npy,rocpig
comsan_XC828491.ogg.npy,comsan
lirplo_XC455910.ogg.npy,lirplo
asikoe2_XC534388.ogg.npy,asikoe2
rewlap1_XC825814.ogg.npy,rewlap1
ruftre2_XC572370.ogg.npy,ruftre2
gyhcaf1_XC700074.ogg.npy,gyhcaf1
comior1_XC207062.ogg.npy,comior1
woosan_XC490140.ogg.npy,woosan
rorpar_XC761185.ogg.npy,rorpar
grewar3_XC562086.ogg.npy,grewar3
insbab1_XC190733.ogg.npy,insbab1
greegr_XC331727.ogg.npy,greegr
rossta2_XC564138.ogg.npy,rossta2
comtai1_XC185447.ogg.npy,comtai1
zitcis1_XC260288.ogg.npy,zitcis1
hoopoe_XC815405.ogg.npy,hoopoe
grecou1_XC724417.ogg.npy,grecou1
comgre_XC796155.ogg.npy,comgre
zitcis1_XC756607.ogg.npy,zitcis1
rorpar_XC199488.ogg.npy,rorpar
grywag_XC407144.ogg.npy,grywag
eaywag1_XC338366.ogg.npy,eaywag1
putbab1_XC590317.ogg.npy,putbab1
houspa_XC167599.ogg.npy,houspa
commoo3_XC217691.ogg.npy,commoo3
ashpri1_XC568902.ogg.npy,ashpri1
rewbul_XC803072.ogg.npy,rewbul
grewar3_XC573375.ogg.npy,grewar3
blrwar1_XC625409.ogg.npy,blrwar1
commoo3_XC576284.ogg.npy,commoo3
plhpar1_XC74077.ogg.npy,plhpar1
ashdro1_XC706159.ogg.npy,ashdro1
grefla1_XC682668.ogg.npy,grefla1
whiter2_XC328632.ogg.npy,whiter2
tibfly3_XC423295.ogg.npy,tibfly3
comgre_XC746562.ogg.npy,comgre
comior1_XC857167.ogg.npy,comior1
commoo3_XC842198.ogg.npy,commoo3
comsan_XC237059.ogg.npy,comsan
barswa_XC446455.ogg.npy,barswa
grnsan_XC543197.ogg.npy,grnsan
blhori1_XC215267.ogg.npy,blhori1
wemhar1_XC145351.ogg.npy,wemhar1
barswa_XC317542.ogg.npy,barswa
lblwar1_XC687975.ogg.npy,lblwar1
integr_XC397702.ogg.npy,integr
grtdro1_XC490548.ogg.npy,grtdro1
comgre_XC492653.ogg.npy,comgre
comtai1_XC644999.ogg.npy,comtai1
lirplo_XC717324.ogg.npy,lirplo
bcnher_XC494214.ogg.npy,bcnher
gybpri1_XC511236.ogg.npy,gybpri1
bkwsti_XC477369.ogg.npy,bkwsti
barswa_XC592362.ogg.npy,barswa
rorpar_XC246668.ogg.npy,rorpar
rewbul_XC268364.ogg.npy,rewbul
greegr_XC737360.ogg.npy,greegr
pursun4_XC514827.ogg.npy,pursun4
nutman_XC498052.ogg.npy,nutman
bkwsti_XC649445.ogg.npy,bkwsti
rorpar_XC650123.ogg.npy,rorpar
blrwar1_XC490118.ogg.npy,blrwar1
commoo3_XC622555.ogg.npy,commoo3
grywag_XC750233.ogg.npy,grywag
stbkin1_XC855535.ogg.npy,stbkin1
junbab2_XC684277.ogg.npy,junbab2
rorpar_XC209562.ogg.npy,rorpar
whtkin2_XC652019.ogg.npy,whtkin2
hoopoe_XC247299.ogg.npy,hoopoe
comgre_XC731541.ogg.npy,comgre
hoopoe_XC551273.ogg.npy,hoopoe
comgre_XC463298.ogg.npy,comgre
piebus1_XC204653.ogg.npy,piebus1
litegr_XC322161.ogg.npy,litegr
blhori1_XC197599.ogg.npy,blhori1
grywag_XC202514.ogg.npy,grywag
rorpar_XC734019.ogg.npy,rorpar
crseag1_XC663825.ogg.npy,crseag1
rewbul_XC379640.ogg.npy,rewbul
houcro1_XC684879.ogg.npy,houcro1
junowl1_XC214016.ogg.npy,junowl1
asikoe2_XC267100.ogg.npy,asikoe2
houspa_XC256955.ogg.npy,houspa
barswa_XC371022.ogg.npy,barswa
grecou1_XC676588.ogg.npy,grecou1
houspa_XC773094.ogg.npy,houspa
forwag1_XC284539.ogg.npy,forwag1
gyhcaf1_XC782953.ogg.npy,gyhcaf1
grenig1_XC19681.ogg.npy,grenig1
comkin1_XC610380.ogg.npy,comkin1
putbab1_XC348102.ogg.npy,putbab1
grefla1_XC240332.ogg.npy,grefla1
commyn_XC558752.ogg.npy,commyn
pursun3_XC207650.ogg.npy,pursun3
litegr_XC333988.ogg.npy,litegr
pursun3_XC282342.ogg.npy,pursun3
comgre_XC201224.ogg.npy,comgre
vefnut1_XC249200.ogg.npy,vefnut1
eurcoo_XC336213.ogg.npy,eurcoo
bcnher_XC184166.ogg.npy,bcnher
grynig2_XC196578.ogg.npy,grynig2
brnshr_XC458238.ogg.npy,brnshr
pursun4_XC846089.ogg.npy,pursun4
lirplo_XC739142.ogg.npy,lirplo
piekin1_XC227643.ogg.npy,piekin1
plapri1_XC207255.ogg.npy,plapri1
plapri1_XC840882.ogg.npy,plapri1
bkrfla1_XC324155.ogg.npy,bkrfla1
grewar3_XC580302.ogg.npy,grewar3
comtai1_XC305915.ogg.npy,comtai1
crseag1_XC241631.ogg.npy,crseag1
grnsan_XC301657.ogg.npy,grnsan
barswa_XC406274.ogg.npy,barswa
inbrob1_XC207766.ogg.npy,inbrob1
labcro1_XC116534.ogg.npy,labcro1
crseag1_XC143550.ogg.npy,crseag1
comkin1_XC496581.ogg.npy,comkin1
comior1_XC150431.ogg.npy,comior1
bkwsti_XC564082.ogg.npy,bkwsti
houspa_XC627130.ogg.npy,houspa
plapri1_XC116816.ogg.npy,plapri1
litegr_XC800990.ogg.npy,litegr
litgre1_XC425742.ogg.npy,litgre1
woosan_XC492565.ogg.npy,woosan
cohcuc1_XC802650.ogg.npy,cohcuc1
pursun4_XC518870.ogg.npy,pursun4
rewlap1_XC439730.ogg.npy,rewlap1
grewar3_XC185505.ogg.npy,grewar3
eucdov_XC546141.ogg.npy,eucdov
woosan_XC589047.ogg.npy,woosan
bkwsti_XC725088.ogg.npy,bkwsti
whbwat1_XC701233.ogg.npy,whbwat1
grywag_XC401071.ogg.npy,grywag
asikoe2_XC518843.ogg.npy,asikoe2
comgre_XC507422.ogg.npy,comgre
zitcis1_XC399927.ogg.npy,zitcis1
comsan_XC492456.ogg.npy,comsan
blakit1_XC740070.ogg.npy,blakit1
barswa_XC663754.ogg.npy,barswa
indpit1_XC214009.ogg.npy,indpit1
eucdov_XC534194.ogg.npy,eucdov
crseag1_XC578380.ogg.npy,crseag1
barswa_XC418712.ogg.npy,barswa
comgre_XC25704.ogg.npy,comgre
comkin1_XC503769.ogg.npy,comkin1
gargan_XC632094.ogg.npy,gargan
rocpig_XC58488.ogg.npy,rocpig
hoopoe_XC281051.ogg.npy,hoopoe
hoopoe_XC846046.ogg.npy,hoopoe
piekin1_XC615841.ogg.npy,piekin1
emedov2_XC577916.ogg.npy,emedov2
copbar1_XC489160.ogg.npy,copbar1
comkin1_XC208368.ogg.npy,comkin1
asikoe2_XC778527.ogg.npy,asikoe2
categr_XC218727.ogg.npy,categr
houspa_XC527132.ogg.npy,houspa
whbwat1_XC402779.ogg.npy,whbwat1
litgre1_XC588357.ogg.npy,litgre1
gryfra_XC469359.ogg.npy,gryfra
copbar1_XC789091.ogg.npy,copbar1
stbkin1_XC197617.ogg.npy,stbkin1
brwowl1_XC355111.ogg.npy,brwowl1
comkin1_XC748948.ogg.npy,comkin1
bkskit1_XC350260.ogg.npy,bkskit1
houspa_XC322518.ogg.npy,houspa
zitcis1_XC745112.ogg.npy,zitcis1
eucdov_XC317585.ogg.npy,eucdov
purher1_XC374911.ogg.npy,purher1
blakit1_XC365801.ogg.npy,blakit1
woosan_XC400538.ogg.npy,woosan
grnsan_XC367221.ogg.npy,grnsan
graher1_XC441167.ogg.npy,graher1
copbar1_XC396819.ogg.npy,copbar1
thbwar1_XC298326.ogg.npy,thbwar1
eucdov_XC735944.ogg.npy,eucdov
bcnher_XC509469.ogg.npy,bcnher
lblwar1_XC209937.ogg.npy,lblwar1
litgre1_XC589694.ogg.npy,litgre1
rerswa1_XC699937.ogg.npy,rerswa1
grtdro1_XC603509.ogg.npy,grtdro1
blrwar1_XC810149.ogg.npy,blrwar1
bkwsti_XC782685.ogg.npy,bkwsti
barswa_XC555813.ogg.npy,barswa
laudov1_XC252647.ogg.npy,laudov1
purher1_XC545195.ogg.npy,purher1
ruftre2_XC844338.ogg.npy,ruftre2
brcful1_XC574864.ogg.npy,brcful1
comgre_XC580300.ogg.npy,comgre
grnsan_XC807895.ogg.npy,grnsan
whbtre1_XC350160.ogg.npy,whbtre1
stbkin1_XC525940.ogg.npy,stbkin1
barswa_XC687540.ogg.npy,barswa
ashdro1_XC37742.ogg.npy,ashdro1
rerswa1_XC423975.ogg.npy,rerswa1
categr_XC585965.ogg.npy,categr
commoo3_XC746179.ogg.npy,commoo3
eurcoo_XC291127.ogg.npy,eurcoo
eurcoo_XC509427.ogg.npy,eurcoo
pursun4_XC382149.ogg.npy,pursun4
yebbab1_XC588850.ogg.npy,yebbab1
rorpar_XC577645.ogg.npy,rorpar
whbtre1_XC783992.ogg.npy,whbtre1
revbul_XC630863.ogg.npy,revbul
brakit1_XC575565.ogg.npy,brakit1
piekin1_XC616493.ogg.npy,piekin1
blrwar1_XC134922.ogg.npy,blrwar1
grewar3_XC375799.ogg.npy,grewar3
houcro1_XC667033.ogg.npy,houcro1
comior1_XC189108.ogg.npy,comior1
bcnher_XC720133.ogg.npy,bcnher
plapri1_XC407497.ogg.npy,plapri1
gargan_XC766412.ogg.npy,gargan
putbab1_XC174931.ogg.npy,putbab1
lirplo_XC732726.ogg.npy,lirplo
comsan_XC597503.ogg.npy,comsan
laudov1_XC309754.ogg.npy,laudov1
sqtbul1_XC207744.ogg.npy,sqtbul1
eucdov_XC659763.ogg.npy,eucdov
comros_XC27695.ogg.npy,comros
comkin1_XC598309.ogg.npy,comkin1
whtkin2_XC514857.ogg.npy,whtkin2
eurcoo_XC542729.ogg.npy,eurcoo
bcnher_XC756940.ogg.npy,bcnher
brnshr_XC787973.ogg.npy,brnshr
grewar3_XC420665.ogg.npy,grewar3
barswa_XC458632.ogg.npy,barswa
grewar3_XC809438.ogg.npy,grewar3
commoo3_XC570325.ogg.npy,commoo3
commoo3_XC716402.ogg.npy,commoo3
plapri1_XC616391.ogg.npy,plapri1
eaywag1_XC530535.ogg.npy,eaywag1
comfla1_XC245924.ogg.npy,comfla1
gloibi_XC263315.ogg.npy,gloibi
bkwsti_XC175404.ogg.npy,bkwsti
houcro1_XC744704.ogg.npy,houcro1
comros_XC129529.ogg.npy,comros
spodov_XC323673.ogg.npy,spodov
oripip1_XC610929.ogg.npy,oripip1
bcnher_XC725859.ogg.npy,bcnher
eurcoo_XC406284.ogg.npy,eurcoo
woosan_XC144919.ogg.npy,woosan
bkskit1_XC361611.ogg.npy,bkskit1
commoo3_XC266566.ogg.npy,commoo3
blhori1_XC637736.ogg.npy,blhori1
grtdro1_XC151067.ogg.npy,grtdro1
crseag1_XC441717.ogg.npy,crseag1
asikoe2_XC163889.ogg.npy,asikoe2
lirplo_XC654973.ogg.npy,lirplo
grywag_XC367827.ogg.npy,grywag
piekin1_XC615631.ogg.npy,piekin1
blhori1_XC417133.ogg.npy,blhori1
litegr_XC448898.ogg.npy,litegr
eurbla2_XC572639.ogg.npy,eurbla2
thbwar1_XC304072.ogg.npy,thbwar1
comkin1_XC574200.ogg.npy,comkin1
greegr_XC560053.ogg.npy,greegr
grewar3_XC184025.ogg.npy,grewar3
categr_XC143602.ogg.npy,categr
commoo3_XC193430.ogg.npy,commoo3
litegr_XC692964.ogg.npy,litegr
plapri1_XC575214.ogg.npy,plapri1
comkin1_XC511641.ogg.npy,comkin1
blnmon1_XC192435.ogg.npy,blnmon1
grejun2_XC398932.ogg.npy,grejun2
hoopoe_XC408336.ogg.npy,hoopoe
copbar1_XC341340.ogg.npy,copbar1
yebbul3_XC346194.ogg.npy,yebbul3
litgre1_XC502950.ogg.npy,litgre1
bkwsti_XC657559.ogg.npy,bkwsti
comkin1_XC474191.ogg.npy,comkin1
commyn_XC73788.ogg.npy,commyn
litgre1_XC442038.ogg.npy,litgre1
laudov1_XC538063.ogg.npy,laudov1
labcro1_XC719751.ogg.npy,labcro1
grewar3_XC810788.ogg.npy,grewar3
graher1_XC686506.ogg.npy,graher1
eurcoo_XC316468.ogg.npy,eurcoo
comsan_XC799076.ogg.npy,comsan
wbbfly1_XC214022.ogg.npy,wbbfly1
revbul_XC441858.ogg.npy,revbul
eaywag1_XC306160.ogg.npy,eaywag1
eurcoo_XC466156.ogg.npy,eurcoo
commyn_XC546848.ogg.npy,commyn
purher1_XC802861.ogg.npy,purher1
goflea1_XC296437.ogg.npy,goflea1
inbrob1_XC191724.ogg.npy,inbrob1
barswa_XC179356.ogg.npy,barswa
barswa_XC142466.ogg.npy,barswa
blrwar1_XC181772.ogg.npy,blrwar1
zitcis1_XC338812.ogg.npy,zitcis1
commyn_XC571185.ogg.npy,commyn
junbab2_XC73739.ogg.npy,junbab2
hoopoe_XC367997.ogg.npy,hoopoe
whtkin2_XC403162.ogg.npy,whtkin2
grywag_XC320627.ogg.npy,grywag
grefla1_XC178147.ogg.npy,grefla1
piekin1_XC615627.ogg.npy,piekin1
comkin1_XC625505.ogg.npy,comkin1
comsan_XC668435.ogg.npy,comsan
indrob1_XC647281.ogg.npy,indrob1
lblwar1_XC470529.ogg.npy,lblwar1
pursun3_XC207648.ogg.npy,pursun3
indpit1_XC644772.ogg.npy,indpit1
inbrob1_XC812014.ogg.npy,inbrob1
bcnher_XC51861.ogg.npy,bcnher
comgre_XC661969.ogg.npy,comgre
purher1_XC545249.ogg.npy,purher1
inbrob1_XC133310.ogg.npy,inbrob1
wemhar1_XC581045.ogg.npy,wemhar1
bkskit1_XC350369.ogg.npy,bkskit1
whbbul2_XC163926.ogg.npy,whbbul2
laudov1_XC464449.ogg.npy,laudov1
litegr_XC629841.ogg.npy,litegr
rorpar_XC692060.ogg.npy,rorpar
litegr_XC333878.ogg.npy,litegr
comkin1_XC701102.ogg.npy,comkin1
bcnher_XC844559.ogg.npy,bcnher
comsan_XC636696.ogg.npy,comsan
litgre1_XC630675.ogg.npy,litgre1
whtkin2_XC304327.ogg.npy,whtkin2
litgre1_XC546796.ogg.npy,litgre1
houspa_XC700367.ogg.npy,houspa
pursun4_XC448609.ogg.npy,pursun4
comkin1_XC185465.ogg.npy,comkin1
bkwsti_XC268622.ogg.npy,bkwsti
gybpri1_XC792263.ogg.npy,gybpri1
grecou1_XC723677.ogg.npy,grecou1
brwowl1_XC637201.ogg.npy,brwowl1
grehor1_XC446096.ogg.npy,grehor1
putbab1_XC823519.ogg.npy,putbab1
comsan_XC580687.ogg.npy,comsan
ashpri1_XC551770.ogg.npy,ashpri1
whiter2_XC565041.ogg.npy,whiter2
bkwsti_XC340790.ogg.npy,bkwsti
spoowl1_XC170171.ogg.npy,spoowl1
houcro1_XC595359.ogg.npy,houcro1
whbwat1_XC540084.ogg.npy,whbwat1
hoopoe_XC469245.ogg.npy,hoopoe
rorpar_XC581310.ogg.npy,rorpar
grbeat1_XC303999.ogg.npy,grbeat1
eucdov_XC783322.ogg.npy,eucdov
greegr_XC606999.ogg.npy,greegr
categr_XC773428.ogg.npy,categr
grtdro1_XC683314.ogg.npy,grtdro1
rorpar_XC304930.ogg.npy,rorpar
whbwat1_XC705580.ogg.npy,whbwat1
copbar1_XC842013.ogg.npy,copbar1
labcro1_XC725971.ogg.npy,labcro1
thbwar1_XC604740.ogg.npy,thbwar1
piebus1_XC350555.ogg.npy,piebus1
comtai1_XC713877.ogg.npy,comtai1
lirplo_XC485450.ogg.npy,lirplo
wemhar1_XC430602.ogg.npy,wemhar1
comtai1_XC308578.ogg.npy,comtai1
comgre_XC803455.ogg.npy,comgre
junowl1_XC785571.ogg.npy,junowl1
bcnher_XC549164.ogg.npy,bcnher
asikoe2_XC585187.ogg.npy,asikoe2
litegr_XC376641.ogg.npy,litegr
gybpri1_XC775448.ogg.npy,gybpri1
rorpar_XC734023.ogg.npy,rorpar
litgre1_XC292133.ogg.npy,litgre1
comgre_XC642129.ogg.npy,comgre
barswa_XC854612.ogg.npy,barswa
grnsan_XC646230.ogg.npy,grnsan
grnwar1_XC524365.ogg.npy,grnwar1
commyn_XC295122.ogg.npy,commyn
piebus1_XC814459.ogg.npy,piebus1
ashpri1_XC186709.ogg.npy,ashpri1
litgre1_XC634899.ogg.npy,litgre1
eucdov_XC559917.ogg.npy,eucdov
comsan_XC556788.ogg.npy,comsan
gloibi_XC732682.ogg.npy,gloibi
rerswa1_XC740067.ogg.npy,rerswa1
grnsan_XC643412.ogg.npy,grnsan
crseag1_XC124351.ogg.npy,crseag1
putbab1_XC465692.ogg.npy,putbab1
aspswi1_XC323926.ogg.npy,aspswi1
whbbul2_XC163931.ogg.npy,whbbul2
brnhao1_XC782084.ogg.npy,brnhao1
comgre_XC666315.ogg.npy,comgre
blakit1_XC788756.ogg.npy,blakit1
comsan_XC739022.ogg.npy,comsan
comros_XC447663.ogg.npy,comros
rossta2_XC417269.ogg.npy,rossta2
kenplo1_XC785268.ogg.npy,kenplo1
comkin1_XC821830.ogg.npy,comkin1
eurcoo_XC536802.ogg.npy,eurcoo
pursun4_XC74154.ogg.npy,pursun4
comkin1_XC463078.ogg.npy,comkin1
comkin1_XC303061.ogg.npy,comkin1
rerswa1_XC278426.ogg.npy,rerswa1
commoo3_XC690298.ogg.npy,commoo3
rorpar_XC307253.ogg.npy,rorpar
litgre1_XC486168.ogg.npy,litgre1
graher1_XC321345.ogg.npy,graher1
grnsan_XC740330.ogg.npy,grnsan
blnmon1_XC204641.ogg.npy,blnmon1
tilwar1_XC803259.ogg.npy,tilwar1
crseag1_XC773551.ogg.npy,crseag1
plapri1_XC828938.ogg.npy,plapri1
junbab2_XC163136.ogg.npy,junbab2
blhori1_XC710265.ogg.npy,blhori1
copbar1_XC754473.ogg.npy,copbar1
eurcoo_XC804810.ogg.npy,eurcoo
rewbul_XC456918.ogg.npy,rewbul
zitcis1_XC469524.ogg.npy,zitcis1
bkskit1_XC664889.ogg.npy,bkskit1
bkwsti_XC656236.ogg.npy,bkwsti
blnmon1_XC343313.ogg.npy,blnmon1
gybpri1_XC641522.ogg.npy,gybpri1
comkin1_XC499526.ogg.npy,comkin1
whiter2_XC184345.ogg.npy,whiter2
litegr_XC305439.ogg.npy,litegr
brodro1_XC365151.ogg.npy,brodro1
eaywag1_XC659629.ogg.npy,eaywag1
blnmon1_XC497013.ogg.npy,blnmon1
lirplo_XC538720.ogg.npy,lirplo
commoo3_XC564073.ogg.npy,commoo3
blakit1_XC418987.ogg.npy,blakit1
grewar3_XC252001.ogg.npy,grewar3
eurcoo_XC554044.ogg.npy,eurcoo
litgre1_XC632484.ogg.npy,litgre1
comsan_XC582072.ogg.npy,comsan
zitcis1_XC354693.ogg.npy,zitcis1
bkwsti_XC685748.ogg.npy,bkwsti
grnsan_XC360702.ogg.npy,grnsan
grywag_XC806227.ogg.npy,grywag
grtdro1_XC362691.ogg.npy,grtdro1
sohmyn1_XC651303.ogg.npy,sohmyn1
greegr_XC161278.ogg.npy,greegr
rocpig_XC602019.ogg.npy,rocpig
asikoe2_XC461227.ogg.npy,asikoe2
bcnher_XC712829.ogg.npy,bcnher
pabflo1_XC778606.ogg.npy,pabflo1
marsan_XC833479.ogg.npy,marsan
shikra1_XC660991.ogg.npy,shikra1
rerswa1_XC436739.ogg.npy,rerswa1
grywag_XC771871.ogg.npy,grywag
comkin1_XC856801.ogg.npy,comkin1
houcro1_XC423565.ogg.npy,houcro1
houspa_XC632064.ogg.npy,houspa
lirplo_XC543491.ogg.npy,lirplo
pursun3_XC208770.ogg.npy,pursun3
litgre1_XC586701.ogg.npy,litgre1
comros_XC211629.ogg.npy,comros
comsan_XC581045.ogg.npy,comsan
barswa_XC363996.ogg.npy,barswa
bkwsti_XC544349.ogg.npy,bkwsti
lirplo_XC717083.ogg.npy,lirplo
blnmon1_XC497016.ogg.npy,blnmon1
graher1_XC509266.ogg.npy,graher1
pursun4_XC652006.ogg.npy,pursun4
kenplo1_XC718496.ogg.npy,kenplo1
junbab2_XC610907.ogg.npy,junbab2
revbul_XC573348.ogg.npy,revbul
comros_XC790081.ogg.npy,comros
spodov_XC179204.ogg.npy,spodov
ruftre2_XC441375.ogg.npy,ruftre2
bcnher_XC541169.ogg.npy,bcnher
crseag1_XC151501.ogg.npy,crseag1
litgre1_XC626140.ogg.npy,litgre1
tilwar1_XC42645.ogg.npy,tilwar1
hoopoe_XC655815.ogg.npy,hoopoe
plapri1_XC792521.ogg.npy,plapri1
grywag_XC437981.ogg.npy,grywag
litgre1_XC640580.ogg.npy,litgre1
woosan_XC381833.ogg.npy,woosan
whbwat1_XC365725.ogg.npy,whbwat1
eurbla2_XC325425.ogg.npy,eurbla2
comgre_XC665070.ogg.npy,comgre
grywag_XC807257.ogg.npy,grywag
putbab1_XC453707.ogg.npy,putbab1
eurcoo_XC658404.ogg.npy,eurcoo
mawthr1_XC196737.ogg.npy,mawthr1
eucdov_XC327587.ogg.npy,eucdov
spodov_XC778796.ogg.npy,spodov
commoo3_XC726176.ogg.npy,commoo3
lirplo_XC559879.ogg.npy,lirplo
litswi1_XC466810.ogg.npy,litswi1
asikoe2_XC784598.ogg.npy,asikoe2
bcnher_XC773573.ogg.npy,bcnher
whbwat1_XC445225.ogg.npy,whbwat1
blrwar1_XC826779.ogg.npy,blrwar1
grecou1_XC133772.ogg.npy,grecou1
rufwoo2_XC779576.ogg.npy,rufwoo2
whiter2_XC481852.ogg.npy,whiter2
greegr_XC309393.ogg.npy,greegr
brnshr_XC164809.ogg.npy,brnshr
cregos1_XC722764.ogg.npy,cregos1
thbwar1_XC485019.ogg.npy,thbwar1
barswa_XC595372.ogg.npy,barswa
putbab1_XC665059.ogg.npy,putbab1
whcbar1_XC192283.ogg.npy,whcbar1
asikoe2_XC252829.ogg.npy,asikoe2
commoo3_XC656237.ogg.npy,commoo3
grnwar1_XC578227.ogg.npy,grnwar1
grewar3_XC266210.ogg.npy,grewar3
comgre_XC663687.ogg.npy,comgre
whtkin2_XC562973.ogg.npy,whtkin2
gryfra_XC395091.ogg.npy,gryfra
bcnher_XC549340.ogg.npy,bcnher
hoopoe_XC431407.ogg.npy,hoopoe
comior1_XC303820.ogg.npy,comior1
houcro1_XC163860.ogg.npy,houcro1
labcro1_XC761265.ogg.npy,labcro1
rewlap1_XC690229.ogg.npy,rewlap1
cohcuc1_XC241127.ogg.npy,cohcuc1
litgre1_XC656632.ogg.npy,litgre1
bcnher_XC595625.ogg.npy,bcnher
houspa_XC440680.ogg.npy,houspa
comkin1_XC692350.ogg.npy,comkin1
whcbar1_XC178148.ogg.npy,whcbar1
brakit1_XC665742.ogg.npy,brakit1
eucdov_XC533282.ogg.npy,eucdov
rorpar_XC505122.ogg.npy,rorpar
houspa_XC557010.ogg.npy,houspa
asikoe2_XC578003.ogg.npy,asikoe2
graher1_XC282916.ogg.npy,graher1
hoopoe_XC803458.ogg.npy,hoopoe
scamin3_XC134751.ogg.npy,scamin3
greegr_XC452999.ogg.npy,greegr
comtai1_XC304462.ogg.npy,comtai1
comsan_XC755211.ogg.npy,comsan
lblwar1_XC806798.ogg.npy,lblwar1
houspa_XC795051.ogg.npy,houspa
marsan_XC493337.ogg.npy,marsan
blakit1_XC578427.ogg.npy,blakit1
ashpri1_XC665295.ogg.npy,ashpri1
rerswa1_XC399234.ogg.npy,rerswa1
gyhcaf1_XC295080.ogg.npy,gyhcaf1
scamin3_XC207737.ogg.npy,scamin3
grnwar1_XC135006.ogg.npy,grnwar1
whbwoo2_XC683644.ogg.npy,whbwoo2
shikra1_XC523463.ogg.npy,shikra1
grnsan_XC579370.ogg.npy,grnsan
woosan_XC201231.ogg.npy,woosan
purswa3_XC822001.ogg.npy,purswa3
piekin1_XC324927.ogg.npy,piekin1
eurcoo_XC640808.ogg.npy,eurcoo
thbwar1_XC612193.ogg.npy,thbwar1
grefla1_XC453730.ogg.npy,grefla1
categr_XC131326.ogg.npy,categr
comfla1_XC40035.ogg.npy,comfla1
litgre1_XC450300.ogg.npy,litgre1
litspi1_XC321615.ogg.npy,litspi1
placuc3_XC572952.ogg.npy,placuc3
stbkin1_XC478784.ogg.npy,stbkin1
indrol2_XC410423.ogg.npy,indrol2
categr_XC192968.ogg.npy,categr
commyn_XC198615.ogg.npy,commyn
grnsan_XC670788.ogg.npy,grnsan
gloibi_XC460768.ogg.npy,gloibi
whtkin2_XC209213.ogg.npy,whtkin2
marsan_XC733176.ogg.npy,marsan
bladro1_XC443635.ogg.npy,bladro1
grtdro1_XC304311.ogg.npy,grtdro1
rufbab3_XC19830.ogg.npy,rufbab3
aspfly1_XC157482.ogg.npy,aspfly1
bladro1_XC754309.ogg.npy,bladro1
bcnher_XC329641.ogg.npy,bcnher
orihob2_XC555574.ogg.npy,orihob2
grejun2_XC404358.ogg.npy,grejun2
zitcis1_XC175396.ogg.npy,zitcis1
rewbul_XC208293.ogg.npy,rewbul
rorpar_XC263583.ogg.npy,rorpar
graher1_XC698385.ogg.npy,graher1
maltro1_XC206370.ogg.npy,maltro1
grtdro1_XC559452.ogg.npy,grtdro1
eaywag1_XC821160.ogg.npy,eaywag1
insbab1_XC141358.ogg.npy,insbab1
putbab1_XC291082.ogg.npy,putbab1
comfla1_XC620866.ogg.npy,comfla1
categr_XC828995.ogg.npy,categr
blrwar1_XC567219.ogg.npy,blrwar1
woosan_XC648533.ogg.npy,woosan
litgre1_XC587016.ogg.npy,litgre1
blrwar1_XC572902.ogg.npy,blrwar1
brcful1_XC666044.ogg.npy,brcful1
whrmun_XC757131.ogg.npy,whrmun
pursun4_XC713198.ogg.npy,pursun4
grtdro1_XC788193.ogg.npy,grtdro1
brnhao1_XC469355.ogg.npy,brnhao1
commoo3_XC549063.ogg.npy,commoo3
grtdro1_XC651708.ogg.npy,grtdro1
comior1_XC362693.ogg.npy,comior1
spodov_XC381366.ogg.npy,spodov
eucdov_XC539836.ogg.npy,eucdov
insowl1_XC682027.ogg.npy,insowl1
commyn_XC110882.ogg.npy,commyn
commoo3_XC663970.ogg.npy,commoo3
brwowl1_XC742656.ogg.npy,brwowl1
pabflo1_XC476696.ogg.npy,pabflo1
labcro1_XC487529.ogg.npy,labcro1
comsan_XC734437.ogg.npy,comsan
oripip1_XC771612.ogg.npy,oripip1
comkin1_XC679705.ogg.npy,comkin1
blrwar1_XC566108.ogg.npy,blrwar1
categr_XC610382.ogg.npy,categr
commyn_XC521754.ogg.npy,commyn
eurcoo_XC552418.ogg.npy,eurcoo
blnmon1_XC195582.ogg.npy,blnmon1
comsan_XC502388.ogg.npy,comsan
commyn_XC183878.ogg.npy,commyn
commoo3_XC175417.ogg.npy,commoo3
stbkin1_XC360661.ogg.npy,stbkin1
houspa_XC546880.ogg.npy,houspa
eucdov_XC699124.ogg.npy,eucdov
vehpar1_XC497095.ogg.npy,vehpar1
bkwsti_XC683291.ogg.npy,bkwsti
lirplo_XC599389.ogg.npy,lirplo
comros_XC395381.ogg.npy,comros
whtkin2_XC376598.ogg.npy,whtkin2
zitcis1_XC763758.ogg.npy,zitcis1
bkskit1_XC361620.ogg.npy,bkskit1
brodro1_XC348307.ogg.npy,brodro1
whbwoo2_XC294128.ogg.npy,whbwoo2
barswa_XC584761.ogg.npy,barswa
graher1_XC673977.ogg.npy,graher1
comsan_XC584481.ogg.npy,comsan
comkin1_XC331892.ogg.npy,comkin1
lirplo_XC628026.ogg.npy,lirplo
grywag_XC623472.ogg.npy,grywag
comros_XC326219.ogg.npy,comros
plapri1_XC207647.ogg.npy,plapri1
categr_XC787916.ogg.npy,categr
grewar3_XC134198.ogg.npy,grewar3
zitcis1_XC776863.ogg.npy,zitcis1
labcro1_XC788710.ogg.npy,labcro1
grnwar1_XC778610.ogg.npy,grnwar1
commoo3_XC784988.ogg.npy,commoo3
comgre_XC828691.ogg.npy,comgre
woosan_XC530490.ogg.npy,woosan
kenplo1_XC376954.ogg.npy,kenplo1
bwfshr1_XC318997.ogg.npy,bwfshr1
eaywag1_XC646443.ogg.npy,eaywag1
bkwsti_XC658282.ogg.npy,bkwsti
piekin1_XC622135.ogg.npy,piekin1
tibfly3_XC646900.ogg.npy,tibfly3
comsan_XC594450.ogg.npy,comsan
zitcis1_XC710455.ogg.npy,zitcis1
kenplo1_XC333820.ogg.npy,kenplo1
eurcoo_XC471012.ogg.npy,eurcoo
rossta2_XC462167.ogg.npy,rossta2
zitcis1_XC263697.ogg.npy,zitcis1
litgre1_XC432137.ogg.npy,litgre1
bcnher_XC800981.ogg.npy,bcnher
copbar1_XC531533.ogg.npy,copbar1
whcbar1_XC209217.ogg.npy,whcbar1
piebus1_XC792272.ogg.npy,piebus1
blrwar1_XC568285.ogg.npy,blrwar1
lewduc1_XC578472.ogg.npy,lewduc1
grtdro1_XC786591.ogg.npy,grtdro1
kenplo1_XC341211.ogg.npy,kenplo1
hoopoe_XC279737.ogg.npy,hoopoe
barswa_XC428204.ogg.npy,barswa
litgre1_XC502958.ogg.npy,litgre1
blrwar1_XC113345.ogg.npy,blrwar1
purher1_XC585544.ogg.npy,purher1
greegr_XC686664.ogg.npy,greegr
revbul_XC308261.ogg.npy,revbul
kenplo1_XC785269.ogg.npy,kenplo1
eucdov_XC434630.ogg.npy,eucdov
litegr_XC562493.ogg.npy,litegr
comgre_XC774716.ogg.npy,comgre
grewar3_XC475580.ogg.npy,grewar3
blakit1_XC442334.ogg.npy,blakit1
revbul_XC541611.ogg.npy,revbul
whbwoo2_XC578929.ogg.npy,whbwoo2
gyhcaf1_XC841424.ogg.npy,gyhcaf1
placuc3_XC577952.ogg.npy,placuc3
whiter2_XC414720.ogg.npy,whiter2
lblwar1_XC584054.ogg.npy,lblwar1
houspa_XC572199.ogg.npy,houspa
wemhar1_XC620231.ogg.npy,wemhar1
blrwar1_XC148833.ogg.npy,blrwar1
houspa_XC583072.ogg.npy,houspa
barswa_XC371023.ogg.npy,barswa
purher1_XC635337.ogg.npy,purher1
stbkin1_XC216884.ogg.npy,stbkin1
blhori1_XC319058.ogg.npy,blhori1
comkin1_XC368882.ogg.npy,comkin1
labcro1_XC409444.ogg.npy,labcro1
kenplo1_XC182876.ogg.npy,kenplo1
gargan_XC715782.ogg.npy,gargan
comkin1_XC401456.ogg.npy,comkin1
comros_XC485959.ogg.npy,comros
orihob2_XC753016.ogg.npy,orihob2
grtdro1_XC384444.ogg.npy,grtdro1
litgre1_XC540723.ogg.npy,litgre1
indpit1_XC442329.ogg.npy,indpit1
eurcoo_XC539310.ogg.npy,eurcoo
eucdov_XC816573.ogg.npy,eucdov
wemhar1_XC184348.ogg.npy,wemhar1
houspa_XC139186.ogg.npy,houspa
comros_XC477362.ogg.npy,comros
zitcis1_XC332252.ogg.npy,zitcis1
eurcoo_XC543967.ogg.npy,eurcoo
comgre_XC292396.ogg.npy,comgre
comior1_XC441584.ogg.npy,comior1
rewlap1_XC686929.ogg.npy,rewlap1
stbkin1_XC659328.ogg.npy,stbkin1
grehor1_XC295013.ogg.npy,grehor1
kenplo1_XC338268.ogg.npy,kenplo1
oripip1_XC610931.ogg.npy,oripip1
wemhar1_XC777105.ogg.npy,wemhar1
hoopoe_XC818846.ogg.npy,hoopoe
grywag_XC504401.ogg.npy,grywag
eaywag1_XC417164.ogg.npy,eaywag1
rufbab3_XC306330.ogg.npy,rufbab3
asbfly_XC291450.ogg.npy,asbfly
grywag_XC505288.ogg.npy,grywag
asikoe2_XC362353.ogg.npy,asikoe2
crseag1_XC484946.ogg.npy,crseag1
grtdro1_XC151242.ogg.npy,grtdro1
zitcis1_XC530406.ogg.npy,zitcis1
graher1_XC382551.ogg.npy,graher1
litswi1_XC253697.ogg.npy,litswi1
litgre1_XC633303.ogg.npy,litgre1
barswa_XC372840.ogg.npy,barswa
bkwsti_XC216812.ogg.npy,bkwsti
whbwag1_XC196968.ogg.npy,whbwag1
grejun2_XC360481.ogg.npy,grejun2
lblwar1_XC267142.ogg.npy,lblwar1
thbwar1_XC667285.ogg.npy,thbwar1
comkin1_XC790598.ogg.npy,comkin1
hoopoe_XC278195.ogg.npy,hoopoe
crbsun2_XC114109.ogg.npy,crbsun2
wemhar1_XC620255.ogg.npy,wemhar1
marsan_XC383288.ogg.npy,marsan
plapri1_XC74456.ogg.npy,plapri1
blakit1_XC236021.ogg.npy,blakit1
putbab1_XC487711.ogg.npy,putbab1
bkwsti_XC481405.ogg.npy,bkwsti
plaflo1_XC267491.ogg.npy,plaflo1
eucdov_XC756073.ogg.npy,eucdov
brodro1_XC794353.ogg.npy,brodro1
zitcis1_XC356560.ogg.npy,zitcis1
commoo3_XC814114.ogg.npy,commoo3
insowl1_XC408103.ogg.npy,insowl1
bkwsti_XC408895.ogg.npy,bkwsti
lirplo_XC579404.ogg.npy,lirplo
litegr_XC376639.ogg.npy,litegr
comior1_XC151312.ogg.npy,comior1
comkin1_XC538941.ogg.npy,comkin1
eaywag1_XC671489.ogg.npy,eaywag1
grywag_XC659589.ogg.npy,grywag
grywag_XC183993.ogg.npy,grywag
comkin1_XC204736.ogg.npy,comkin1
crseag1_XC416842.ogg.npy,crseag1
vefnut1_XC777370.ogg.npy,vefnut1
eaywag1_XC584658.ogg.npy,eaywag1
comros_XC135388.ogg.npy,comros
whtkin2_XC714497.ogg.npy,whtkin2
brakit1_XC685003.ogg.npy,brakit1
asikoe2_XC423125.ogg.npy,asikoe2
zitcis1_XC542018.ogg.npy,zitcis1
tibfly3_XC537740.ogg.npy,tibfly3
comgre_XC742972.ogg.npy,comgre
litgre1_XC381772.ogg.npy,litgre1
eurcoo_XC795603.ogg.npy,eurcoo
blakit1_XC467754.ogg.npy,blakit1
graher1_XC595528.ogg.npy,graher1
crseag1_XC406115.ogg.npy,crseag1
gyhcaf1_XC242468.ogg.npy,gyhcaf1
eaywag1_XC800163.ogg.npy,eaywag1
eurcoo_XC501888.ogg.npy,eurcoo
putbab1_XC356526.ogg.npy,putbab1
greegr_XC515794.ogg.npy,greegr
bcnher_XC544188.ogg.npy,bcnher
blrwar1_XC731268.ogg.npy,blrwar1
asikoe2_XC807671.ogg.npy,asikoe2
graher1_XC667779.ogg.npy,graher1
litgre1_XC288742.ogg.npy,litgre1
grnsan_XC831441.ogg.npy,grnsan
blakit1_XC764988.ogg.npy,blakit1
ashwoo2_XC725374.ogg.npy,ashwoo2
putbab1_XC465695.ogg.npy,putbab1
blrwar1_XC595225.ogg.npy,blrwar1
wemhar1_XC618521.ogg.npy,wemhar1
moipig1_XC295166.ogg.npy,moipig1
junowl1_XC316837.ogg.npy,junowl1
blrwar1_XC802806.ogg.npy,blrwar1
rewbul_XC293226.ogg.npy,rewbul
eurcoo_XC302844.ogg.npy,eurcoo
btbeat1_XC665307.ogg.npy,btbeat1
whbwat1_XC712733.ogg.npy,whbwat1
crseag1_XC457339.ogg.npy,crseag1
eurcoo_XC548834.ogg.npy,eurcoo
blrwar1_XC375554.ogg.npy,blrwar1
eucdov_XC474769.ogg.npy,eucdov
vehpar1_XC715636.ogg.npy,vehpar1
grnwar1_XC482956.ogg.npy,grnwar1
grnsan_XC749136.ogg.npy,grnsan
bkskit1_XC350371.ogg.npy,bkskit1
comior1_XC735664.ogg.npy,comior1
graher1_XC560711.ogg.npy,graher1
whbwoo2_XC490561.ogg.npy,whbwoo2
piebus1_XC795424.ogg.npy,piebus1
eurcoo_XC547396.ogg.npy,eurcoo
brnshr_XC839443.ogg.npy,brnshr
eaywag1_XC376343.ogg.npy,eaywag1
rerswa1_XC293580.ogg.npy,rerswa1
bcnher_XC801766.ogg.npy,bcnher
commyn_XC444488.ogg.npy,commyn
greegr_XC607342.ogg.npy,greegr
comros_XC527309.ogg.npy,comros
houspa_XC414505.ogg.npy,houspa
revbul_XC578600.ogg.npy,revbul
btbeat1_XC741388.ogg.npy,btbeat1
blakit1_XC169593.ogg.npy,blakit1
grywag_XC709940.ogg.npy,grywag
grnsan_XC379243.ogg.npy,grnsan
bkskit1_XC351392.ogg.npy,bkskit1
houspa_XC701053.ogg.npy,houspa
whbwat1_XC151342.ogg.npy,whbwat1
cohcuc1_XC395626.ogg.npy,cohcuc1
grywag_XC792879.ogg.npy,grywag
ashdro1_XC705930.ogg.npy,ashdro1
grejun2_XC216654.ogg.npy,grejun2
isbduc1_XC571156.ogg.npy,isbduc1
kerlau2_XC537489.ogg.npy,kerlau2
comsan_XC554847.ogg.npy,comsan
barswa_XC361231.ogg.npy,barswa
rocpig_XC622216.ogg.npy,rocpig
blnmon1_XC503625.ogg.npy,blnmon1
comros_XC53811.ogg.npy,comros
graher1_XC496006.ogg.npy,graher1
grywag_XC662526.ogg.npy,grywag
labcro1_XC267642.ogg.npy,labcro1
ingori1_XC283191.ogg.npy,ingori1
eaywag1_XC790731.ogg.npy,eaywag1
rocpig_XC348079.ogg.npy,rocpig
blrwar1_XC808760.ogg.npy,blrwar1
comsan_XC422061.ogg.npy,comsan
malpar1_XC158217.ogg.npy,malpar1
eaywag1_XC316571.ogg.npy,eaywag1
zitcis1_XC634688.ogg.npy,zitcis1
grnsan_XC478932.ogg.npy,grnsan
grnsan_XC639075.ogg.npy,grnsan
insowl1_XC174579.ogg.npy,insowl1
gybpri1_XC383770.ogg.npy,gybpri1
comkin1_XC748944.ogg.npy,comkin1
litspi1_XC439699.ogg.npy,litspi1
whtkin2_XC537773.ogg.npy,whtkin2
blnmon1_XC741214.ogg.npy,blnmon1
categr_XC734540.ogg.npy,categr
comros_XC204984.ogg.npy,comros
asbfly_XC745831.ogg.npy,asbfly
eucdov_XC286389.ogg.npy,eucdov
grywag_XC766429.ogg.npy,grywag
gyhcaf1_XC845763.ogg.npy,gyhcaf1
comros_XC120952.ogg.npy,comros
insbab1_XC463630.ogg.npy,insbab1
barfly1_XC856471.ogg.npy,barfly1
whiter2_XC560608.ogg.npy,whiter2
bkwsti_XC406094.ogg.npy,bkwsti
grecou1_XC423656.ogg.npy,grecou1
smamin1_XC359469.ogg.npy,smamin1
eucdov_XC380918.ogg.npy,eucdov
commoo3_XC624882.ogg.npy,commoo3
grnsan_XC829102.ogg.npy,grnsan
whiter2_XC680271.ogg.npy,whiter2
comgre_XC678188.ogg.npy,comgre
zitcis1_XC523083.ogg.npy,zitcis1
blrwar1_XC688674.ogg.npy,blrwar1
maltro1_XC37528.ogg.npy,maltro1
spodov_XC612056.ogg.npy,spodov
whiter2_XC822703.ogg.npy,whiter2
kenplo1_XC840142.ogg.npy,kenplo1
greegr_XC129760.ogg.npy,greegr
categr_XC756285.ogg.npy,categr
comsan_XC665492.ogg.npy,comsan
litegr_XC592367.ogg.npy,litegr
tibfly3_XC440321.ogg.npy,tibfly3
bkwsti_XC496444.ogg.npy,bkwsti
blhori1_XC124194.ogg.npy,blhori1
spodov_XC804383.ogg.npy,spodov
ashdro1_XC855534.ogg.npy,ashdro1
litspi1_XC229003.ogg.npy,litspi1
comsan_XC557397.ogg.npy,comsan
whiter2_XC796000.ogg.npy,whiter2
comgre_XC821062.ogg.npy,comgre
comgre_XC670175.ogg.npy,comgre
barswa_XC575358.ogg.npy,barswa
graher1_XC522323.ogg.npy,graher1
bwfshr1_XC86932.ogg.npy,bwfshr1
rerswa1_XC334159.ogg.npy,rerswa1
brodro1_XC845129.ogg.npy,brodro1
grehor1_XC528867.ogg.npy,grehor1
eaywag1_XC765236.ogg.npy,eaywag1
grbeat1_XC198617.ogg.npy,grbeat1
eurcoo_XC483693.ogg.npy,eurcoo
graher1_XC171558.ogg.npy,graher1
eaywag1_XC799916.ogg.npy,eaywag1
woosan_XC589100.ogg.npy,woosan
asikoe2_XC728496.ogg.npy,asikoe2
eurcoo_XC528188.ogg.npy,eurcoo
bkrfla1_XC795413.ogg.npy,bkrfla1
stbkin1_XC158692.ogg.npy,stbkin1
purher1_XC742731.ogg.npy,purher1
grywag_XC486516.ogg.npy,grywag
comgre_XC590213.ogg.npy,comgre
graher1_XC587879.ogg.npy,graher1
litspi1_XC390754.ogg.npy,litspi1
asikoe2_XC362845.ogg.npy,asikoe2
grewar3_XC817795.ogg.npy,grewar3
zitcis1_XC789500.ogg.npy,zitcis1
zitcis1_XC596934.ogg.npy,zitcis1
commyn_XC284831.ogg.npy,commyn
comgre_XC580754.ogg.npy,comgre
blrwar1_XC342332.ogg.npy,blrwar1
commoo3_XC624315.ogg.npy,commoo3
cohcuc1_XC504865.ogg.npy,cohcuc1
whbwoo2_XC620582.ogg.npy,whbwoo2
nilfly2_XC856424.ogg.npy,nilfly2
bkwsti_XC791626.ogg.npy,bkwsti
kenplo1_XC845786.ogg.npy,kenplo1
comkin1_XC760733.ogg.npy,comkin1
eucdov_XC548335.ogg.npy,eucdov
lirplo_XC809522.ogg.npy,lirplo
gybpri1_XC572663.ogg.npy,gybpri1
comgre_XC666102.ogg.npy,comgre
grewar3_XC187080.ogg.npy,grewar3
comros_XC266637.ogg.npy,comros
graher1_XC261370.ogg.npy,graher1
grnsan_XC581568.ogg.npy,grnsan
whiter2_XC184856.ogg.npy,whiter2
rossta2_XC733462.ogg.npy,rossta2
graher1_XC184298.ogg.npy,graher1
grnsan_XC844528.ogg.npy,grnsan
bkwsti_XC201609.ogg.npy,bkwsti
hoopoe_XC447568.ogg.npy,hoopoe
blrwar1_XC688137.ogg.npy,blrwar1
tibfly3_XC163869.ogg.npy,tibfly3
comtai1_XC540316.ogg.npy,comtai1
hoopoe_XC181658.ogg.npy,hoopoe
woosan_XC380947.ogg.npy,woosan
pursun4_XC405329.ogg.npy,pursun4
greegr_XC605060.ogg.npy,greegr
wemhar1_XC553272.ogg.npy,wemhar1
bcnher_XC835631.ogg.npy,bcnher
grywag_XC456038.ogg.npy,grywag
labcro1_XC209191.ogg.npy,labcro1
hoopoe_XC410050.ogg.npy,hoopoe
purswa3_XC857307.ogg.npy,purswa3
junowl1_XC73789.ogg.npy,junowl1
blrwar1_XC372097.ogg.npy,blrwar1
lblwar1_XC608141.ogg.npy,lblwar1
comtai1_XC433061.ogg.npy,comtai1
houspa_XC364247.ogg.npy,houspa
grnsan_XC638535.ogg.npy,grnsan
eaywag1_XC752675.ogg.npy,eaywag1
shikra1_XC555534.ogg.npy,shikra1
commoo3_XC551524.ogg.npy,commoo3
comior1_XC150627.ogg.npy,comior1
eucdov_XC481132.ogg.npy,eucdov
comgre_XC497807.ogg.npy,comgre
blnmon1_XC594284.ogg.npy,blnmon1
commoo3_XC630470.ogg.npy,commoo3
cohcuc1_XC601770.ogg.npy,cohcuc1
grtdro1_XC296642.ogg.npy,grtdro1
brnshr_XC510751.ogg.npy,brnshr
comkin1_XC598020.ogg.npy,comkin1
brnhao1_XC773335.ogg.npy,brnhao1
whiter2_XC578628.ogg.npy,whiter2
grecou1_XC730721.ogg.npy,grecou1
purher1_XC380537.ogg.npy,purher1
commoo3_XC592969.ogg.npy,commoo3
houspa_XC506733.ogg.npy,houspa
woosan_XC381832.ogg.npy,woosan
houspa_XC791243.ogg.npy,houspa
grnwar1_XC209558.ogg.npy,grnwar1
woosan_XC743640.ogg.npy,woosan
grewar3_XC163408.ogg.npy,grewar3
hoopoe_XC611241.ogg.npy,hoopoe
blnmon1_XC497017.ogg.npy,blnmon1
hoopoe_XC820521.ogg.npy,hoopoe
bkskit1_XC360636.ogg.npy,bkskit1
grejun2_XC644234.ogg.npy,grejun2
eurcoo_XC639559.ogg.npy,eurcoo
comgre_XC488723.ogg.npy,comgre
labcro1_XC612350.ogg.npy,labcro1
rewbul_XC738293.ogg.npy,rewbul
blrwar1_XC378773.ogg.npy,blrwar1
hoopoe_XC714279.ogg.npy,hoopoe
grecou1_XC207249.ogg.npy,grecou1
comkin1_XC138877.ogg.npy,comkin1
brakit1_XC209216.ogg.npy,brakit1
litswi1_XC443718.ogg.npy,litswi1
grtdro1_XC205312.ogg.npy,grtdro1
sbeowl1_XC616965.ogg.npy,sbeowl1
blrwar1_XC662889.ogg.npy,blrwar1
graher1_XC770927.ogg.npy,graher1
asikoe2_XC589081.ogg.npy,asikoe2
barswa_XC579650.ogg.npy,barswa
rewbul_XC203393.ogg.npy,rewbul
whbwoo2_XC434181.ogg.npy,whbwoo2
lirplo_XC434121.ogg.npy,lirplo
commoo3_XC187965.ogg.npy,commoo3
rerswa1_XC464975.ogg.npy,rerswa1
comgre_XC833870.ogg.npy,comgre
grtdro1_XC845765.ogg.npy,grtdro1
houspa_XC840316.ogg.npy,houspa
hoopoe_XC375704.ogg.npy,hoopoe
brcful1_XC396108.ogg.npy,brcful1
blrwar1_XC565996.ogg.npy,blrwar1
grywag_XC633118.ogg.npy,grywag
lirplo_XC569295.ogg.npy,lirplo
comros_XC365772.ogg.npy,comros
bkwsti_XC381837.ogg.npy,bkwsti
grewar3_XC656629.ogg.npy,grewar3
comkin1_XC213554.ogg.npy,comkin1
comgre_XC649017.ogg.npy,comgre
bkwsti_XC788492.ogg.npy,bkwsti
brwowl1_XC359128.ogg.npy,brwowl1
bcnher_XC282895.ogg.npy,bcnher
lirplo_XC798531.ogg.npy,lirplo
lirplo_XC720509.ogg.npy,lirplo
btbeat1_XC779879.ogg.npy,btbeat1
zitcis1_XC336345.ogg.npy,zitcis1
stbkin1_XC734193.ogg.npy,stbkin1
graher1_XC496519.ogg.npy,graher1
thbwar1_XC340013.ogg.npy,thbwar1
marsan_XC26661.ogg.npy,marsan
commoo3_XC645668.ogg.npy,commoo3
ruftre2_XC469372.ogg.npy,ruftre2
insbab1_XC597725.ogg.npy,insbab1
indrob1_XC207644.ogg.npy,indrob1
bkskit1_XC350258.ogg.npy,bkskit1
rerswa1_XC722419.ogg.npy,rerswa1
inbrob1_XC604049.ogg.npy,inbrob1
oripip1_XC126843.ogg.npy,oripip1
litegr_XC333965.ogg.npy,litegr
litgre1_XC800801.ogg.npy,litgre1
lblwar1_XC687963.ogg.npy,lblwar1
eucdov_XC812544.ogg.npy,eucdov
comkin1_XC292123.ogg.npy,comkin1
rocpig_XC463507.ogg.npy,rocpig
barswa_XC584489.ogg.npy,barswa
woosan_XC785539.ogg.npy,woosan
grnsan_XC362384.ogg.npy,grnsan
comkin1_XC587765.ogg.npy,comkin1
ashdro1_XC290004.ogg.npy,ashdro1
greegr_XC171658.ogg.npy,greegr
ingori1_XC494861.ogg.npy,ingori1
labcro1_XC826864.ogg.npy,labcro1
hoopoe_XC491981.ogg.npy,hoopoe
zitcis1_XC465528.ogg.npy,zitcis1
commoo3_XC309631.ogg.npy,commoo3
jerbus2_XC647403.ogg.npy,jerbus2
blakit1_XC799862.ogg.npy,blakit1
rewlap1_XC733009.ogg.npy,rewlap1
barswa_XC247566.ogg.npy,barswa
comtai1_XC763953.ogg.npy,comtai1
eurcoo_XC429345.ogg.npy,eurcoo
whtkin2_XC208814.ogg.npy,whtkin2
darter2_XC123019.ogg.npy,darter2
barswa_XC457817.ogg.npy,barswa
lobsun2_XC335661.ogg.npy,lobsun2
grnsan_XC367641.ogg.npy,grnsan
kenplo1_XC845190.ogg.npy,kenplo1
rocpig_XC56697.ogg.npy,rocpig
eaywag1_XC765891.ogg.npy,eaywag1
comior1_XC616809.ogg.npy,comior1
labcro1_XC49776.ogg.npy,labcro1
asikoe2_XC175484.ogg.npy,asikoe2
eaywag1_XC792635.ogg.npy,eaywag1
purher1_XC748508.ogg.npy,purher1
woosan_XC565576.ogg.npy,woosan
woosan_XC690360.ogg.npy,woosan
woosan_XC743566.ogg.npy,woosan
comgre_XC666311.ogg.npy,comgre
whbwat1_XC783854.ogg.npy,whbwat1
grnsan_XC756897.ogg.npy,grnsan
gyhcaf1_XC859133.ogg.npy,gyhcaf1
whbbul2_XC209565.ogg.npy,whbbul2
lirplo_XC550646.ogg.npy,lirplo
rorpar_XC581082.ogg.npy,rorpar
comkin1_XC826967.ogg.npy,comkin1
comtai1_XC318847.ogg.npy,comtai1
whiter2_XC288508.ogg.npy,whiter2
asikoe2_XC787963.ogg.npy,asikoe2
bkwsti_XC629228.ogg.npy,bkwsti
barswa_XC458228.ogg.npy,barswa
comros_XC559677.ogg.npy,comros
grywag_XC256835.ogg.npy,grywag
crseag1_XC334000.ogg.npy,crseag1
ruftre2_XC428968.ogg.npy,ruftre2
commoo3_XC636773.ogg.npy,commoo3
commoo3_XC432931.ogg.npy,commoo3
comgre_XC618178.ogg.npy,comgre
bcnher_XC554387.ogg.npy,bcnher
grecou1_XC150711.ogg.npy,grecou1
asikoe2_XC701710.ogg.npy,asikoe2
hoopoe_XC650177.ogg.npy,hoopoe
oripip1_XC756627.ogg.npy,oripip1
litgre1_XC856386.ogg.npy,litgre1
hoopoe_XC654368.ogg.npy,hoopoe
grnsan_XC443763.ogg.npy,grnsan
purher1_XC589265.ogg.npy,purher1
gargan_XC711488.ogg.npy,gargan
litegr_XC726581.ogg.npy,litegr
comior1_XC793204.ogg.npy,comior1
rorpar_XC706713.ogg.npy,rorpar
grtdro1_XC464135.ogg.npy,grtdro1
comkin1_XC289869.ogg.npy,comkin1
wemhar1_XC608626.ogg.npy,wemhar1
woosan_XC821349.ogg.npy,woosan
asikoe2_XC163891.ogg.npy,asikoe2
revbul_XC790395.ogg.npy,revbul
bkwsti_XC491027.ogg.npy,bkwsti
indpit1_XC288099.ogg.npy,indpit1
purher1_XC551210.ogg.npy,purher1
bkwsti_XC734221.ogg.npy,bkwsti
grywag_XC526986.ogg.npy,grywag
hoopoe_XC163320.ogg.npy,hoopoe
comtai1_XC721355.ogg.npy,comtai1
comfla1_XC600904.ogg.npy,comfla1
comgre_XC314235.ogg.npy,comgre
grefla1_XC360243.ogg.npy,grefla1
eucdov_XC544639.ogg.npy,eucdov
litegr_XC333870.ogg.npy,litegr
eaywag1_XC660118.ogg.npy,eaywag1
eucdov_XC646069.ogg.npy,eucdov
wemhar1_XC298181.ogg.npy,wemhar1
lobsun2_XC164023.ogg.npy,lobsun2
comsan_XC814947.ogg.npy,comsan
bcnher_XC194386.ogg.npy,bcnher
eaywag1_XC825778.ogg.npy,eaywag1
hoopoe_XC659749.ogg.npy,hoopoe
gargan_XC634916.ogg.npy,gargan
graher1_XC384486.ogg.npy,graher1
blnmon1_XC784919.ogg.npy,blnmon1
woosan_XC841458.ogg.npy,woosan
brcful1_XC190735.ogg.npy,brcful1
blrwar1_XC659095.ogg.npy,blrwar1
grbeat1_XC240335.ogg.npy,grbeat1
grywag_XC756379.ogg.npy,grywag
rocpig_XC181094.ogg.npy,rocpig
ruftre2_XC134149.ogg.npy,ruftre2
brodro1_XC138667.ogg.npy,brodro1
rorpar_XC267026.ogg.npy,rorpar
comkin1_XC503152.ogg.npy,comkin1
commoo3_XC706971.ogg.npy,commoo3
grywag_XC549382.ogg.npy,grywag
grecou1_XC318688.ogg.npy,grecou1
greegr_XC765536.ogg.npy,greegr
woosan_XC487833.ogg.npy,woosan
forwag1_XC853705.ogg.npy,forwag1
revbul_XC267344.ogg.npy,revbul
rerswa1_XC307163.ogg.npy,rerswa1
bcnher_XC742880.ogg.npy,bcnher
sohmyn1_XC195264.ogg.npy,sohmyn1
eucdov_XC303270.ogg.npy,eucdov
eaywag1_XC334152.ogg.npy,eaywag1
marsan_XC833583.ogg.npy,marsan
spodov_XC521272.ogg.npy,spodov
indrob1_XC779037.ogg.npy,indrob1
asbfly_XC312456.ogg.npy,asbfly
litegr_XC331548.ogg.npy,litegr
bkwsti_XC838404.ogg.npy,bkwsti
plapri1_XC711527.ogg.npy,plapri1
laudov1_XC405379.ogg.npy,laudov1
bkwsti_XC642428.ogg.npy,bkwsti
purher1_XC496510.ogg.npy,purher1
eurcoo_XC416390.ogg.npy,eurcoo
bkwsti_XC721598.ogg.npy,bkwsti
insowl1_XC310619.ogg.npy,insowl1
kenplo1_XC711594.ogg.npy,kenplo1
whbwat1_XC604708.ogg.npy,whbwat1
greegr_XC161275.ogg.npy,greegr
emedov2_XC423282.ogg.npy,emedov2
brnshr_XC841415.ogg.npy,brnshr
grywag_XC124684.ogg.npy,grywag
blhori1_XC331401.ogg.npy,blhori1
barswa_XC720336.ogg.npy,barswa
greegr_XC113071.ogg.npy,greegr
wemhar1_XC129897.ogg.npy,wemhar1
shikra1_XC725209.ogg.npy,shikra1
eucdov_XC315789.ogg.npy,eucdov
hoopoe_XC815174.ogg.npy,hoopoe
litegr_XC854679.ogg.npy,litegr
comgre_XC643997.ogg.npy,comgre
stbkin1_XC576720.ogg.npy,stbkin1
grynig2_XC575163.ogg.npy,grynig2
rorpar_XC167772.ogg.npy,rorpar
grecou1_XC632739.ogg.npy,grecou1
comgre_XC692935.ogg.npy,comgre
comros_XC184798.ogg.npy,comros
zitcis1_XC317381.ogg.npy,zitcis1
thbwar1_XC485182.ogg.npy,thbwar1
houspa_XC793242.ogg.npy,houspa
eurcoo_XC725003.ogg.npy,eurcoo
grywag_XC812496.ogg.npy,grywag
gargan_XC650915.ogg.npy,gargan
purher1_XC641661.ogg.npy,purher1
grywag_XC745094.ogg.npy,grywag
woosan_XC687200.ogg.npy,woosan
grnsan_XC789759.ogg.npy,grnsan
grewar3_XC505992.ogg.npy,grewar3
graher1_XC697765.ogg.npy,graher1
junbab2_XC585618.ogg.npy,junbab2
asikoe2_XC576721.ogg.npy,asikoe2
ashdro1_XC496054.ogg.npy,ashdro1
comkin1_XC628463.ogg.npy,comkin1
bcnher_XC705385.ogg.npy,bcnher
bkwsti_XC667472.ogg.npy,bkwsti
gybpri1_XC195496.ogg.npy,gybpri1
bcnher_XC768445.ogg.npy,bcnher
redspu1_XC760790.ogg.npy,redspu1
graher1_XC681332.ogg.npy,graher1
putbab1_XC595535.ogg.npy,putbab1
gargan_XC608204.ogg.npy,gargan
houspa_XC650357.ogg.npy,houspa
ingori1_XC755734.ogg.npy,ingori1
rewbul_XC657057.ogg.npy,rewbul
grewar3_XC184267.ogg.npy,grewar3
houspa_XC391822.ogg.npy,houspa
piebus1_XC783813.ogg.npy,piebus1
blnmon1_XC560430.ogg.npy,blnmon1
litegr_XC505653.ogg.npy,litegr
lewduc1_XC328307.ogg.npy,lewduc1
houspa_XC571244.ogg.npy,houspa
tibfly3_XC645724.ogg.npy,tibfly3
bkcbul1_XC498568.ogg.npy,bkcbul1
blnmon1_XC49757.ogg.npy,blnmon1
rorpar_XC632116.ogg.npy,rorpar
redspu1_XC623939.ogg.npy,redspu1
rewbul_XC722975.ogg.npy,rewbul
grewar3_XC840545.ogg.npy,grewar3
piekin1_XC721366.ogg.npy,piekin1
brwowl1_XC845574.ogg.npy,brwowl1
blrwar1_XC659079.ogg.npy,blrwar1
bkwsti_XC636045.ogg.npy,bkwsti
rocpig_XC207424.ogg.npy,rocpig
grywag_XC686516.ogg.npy,grywag
zitcis1_XC378572.ogg.npy,zitcis1
rewlap1_XC732874.ogg.npy,rewlap1
grnsan_XC326538.ogg.npy,grnsan
gargan_XC318216.ogg.npy,gargan
lirplo_XC732698.ogg.npy,lirplo
graher1_XC841598.ogg.npy,graher1
cohcuc1_XC428970.ogg.npy,cohcuc1
commyn_XC185698.ogg.npy,commyn
whbwoo2_XC320204.ogg.npy,whbwoo2
commoo3_XC806581.ogg.npy,commoo3
comros_XC458144.ogg.npy,comros
woosan_XC578229.ogg.npy,woosan
comros_XC563798.ogg.npy,comros
eurcoo_XC631410.ogg.npy,eurcoo
bkwsti_XC641652.ogg.npy,bkwsti
labcro1_XC193710.ogg.npy,labcro1
mawthr1_XC455222.ogg.npy,mawthr1
blhori1_XC754317.ogg.npy,blhori1
woosan_XC717335.ogg.npy,woosan
blakit1_XC208348.ogg.npy,blakit1
bkskit1_XC353840.ogg.npy,bkskit1
comkin1_XC511677.ogg.npy,comkin1
rorpar_XC627332.ogg.npy,rorpar
graher1_XC602307.ogg.npy,graher1
woosan_XC668252.ogg.npy,woosan
gargan_XC644633.ogg.npy,gargan
eurcoo_XC796333.ogg.npy,eurcoo
forwag1_XC793871.ogg.npy,forwag1
gybpri1_XC153013.ogg.npy,gybpri1
putbab1_XC373321.ogg.npy,putbab1
barswa_XC800334.ogg.npy,barswa
whbwoo2_XC240391.ogg.npy,whbwoo2
comsan_XC674242.ogg.npy,comsan
comros_XC603148.ogg.npy,comros
commoo3_XC627955.ogg.npy,commoo3
commoo3_XC570330.ogg.npy,commoo3
dafbab1_XC796040.ogg.npy,dafbab1
gloibi_XC162094.ogg.npy,gloibi
whbbul2_XC342684.ogg.npy,whbbul2
whbtre1_XC335668.ogg.npy,whbtre1
barswa_XC458224.ogg.npy,barswa
rorpar_XC304928.ogg.npy,rorpar
whtkin2_XC778515.ogg.npy,whtkin2
shikra1_XC748885.ogg.npy,shikra1
comkin1_XC526239.ogg.npy,comkin1
grnsan_XC609387.ogg.npy,grnsan
cohcuc1_XC382501.ogg.npy,cohcuc1
rerswa1_XC467757.ogg.npy,rerswa1
houspa_XC182595.ogg.npy,houspa
blnmon1_XC629849.ogg.npy,blnmon1
lirplo_XC741103.ogg.npy,lirplo
blrwar1_XC659273.ogg.npy,blrwar1
grnsan_XC542190.ogg.npy,grnsan
tibfly3_XC487794.ogg.npy,tibfly3
nutman_XC607229.ogg.npy,nutman
eaywag1_XC802938.ogg.npy,eaywag1
greegr_XC298741.ogg.npy,greegr
barswa_XC458233.ogg.npy,barswa
grefla1_XC116546.ogg.npy,grefla1
whiter2_XC686250.ogg.npy,whiter2
brodro1_XC267075.ogg.npy,brodro1
copbar1_XC572499.ogg.npy,copbar1
eaywag1_XC638050.ogg.npy,eaywag1
brnshr_XC456209.ogg.npy,brnshr
blrwar1_XC478392.ogg.npy,blrwar1
gyhcaf1_XC617625.ogg.npy,gyhcaf1
lirplo_XC374914.ogg.npy,lirplo
putbab1_XC697554.ogg.npy,putbab1
rewbul_XC367162.ogg.npy,rewbul
pursun4_XC651988.ogg.npy,pursun4
lirplo_XC464306.ogg.npy,lirplo
kenplo1_XC718495.ogg.npy,kenplo1
insowl1_XC454320.ogg.npy,insowl1
houspa_XC583869.ogg.npy,houspa
goflea1_XC19678.ogg.npy,goflea1
eaywag1_XC656825.ogg.npy,eaywag1
eurcoo_XC558305.ogg.npy,eurcoo
graher1_XC124689.ogg.npy,graher1
bkskit1_XC351390.ogg.npy,bkskit1
purher1_XC637950.ogg.npy,purher1
zitcis1_XC127472.ogg.npy,zitcis1
houspa_XC623290.ogg.npy,houspa
purher1_XC827759.ogg.npy,purher1
barswa_XC480227.ogg.npy,barswa
hoopoe_XC358155.ogg.npy,hoopoe
comkin1_XC319035.ogg.npy,comkin1
asbfly_XC687954.ogg.npy,asbfly
litswi1_XC746533.ogg.npy,litswi1
brcful1_XC578217.ogg.npy,brcful1
comgre_XC510524.ogg.npy,comgre
grywag_XC421768.ogg.npy,grywag
ruftre2_XC168316.ogg.npy,ruftre2
whtkin2_XC362354.ogg.npy,whtkin2
asbfly_XC347563.ogg.npy,asbfly
bladro1_XC545433.ogg.npy,bladro1
lirplo_XC801462.ogg.npy,lirplo
litegr_XC307713.ogg.npy,litegr
graher1_XC838411.ogg.npy,graher1
blakit1_XC765298.ogg.npy,blakit1
vehpar1_XC857739.ogg.npy,vehpar1
ashdro1_XC631771.ogg.npy,ashdro1
zitcis1_XC655341.ogg.npy,zitcis1
houspa_XC179342.ogg.npy,houspa
commoo3_XC553325.ogg.npy,commoo3
eucdov_XC802284.ogg.npy,eucdov
labcro1_XC344447.ogg.npy,labcro1
lirplo_XC142810.ogg.npy,lirplo
comtai1_XC541999.ogg.npy,comtai1
rorpar_XC163922.ogg.npy,rorpar
graher1_XC555768.ogg.npy,graher1
thbwar1_XC485179.ogg.npy,thbwar1
putbab1_XC844004.ogg.npy,putbab1
comkin1_XC595519.ogg.npy,comkin1
whrmun_XC151218.ogg.npy,whrmun
grywag_XC439043.ogg.npy,grywag
zitcis1_XC659158.ogg.npy,zitcis1
commoo3_XC540579.ogg.npy,commoo3
plaflo1_XC777209.ogg.npy,plaflo1
mawthr1_XC296424.ogg.npy,mawthr1
commoo3_XC776232.ogg.npy,commoo3
litswi1_XC28675.ogg.npy,litswi1
lirplo_XC403605.ogg.npy,lirplo
litgre1_XC790566.ogg.npy,litgre1
labcro1_XC805740.ogg.npy,labcro1
litgre1_XC642744.ogg.npy,litgre1
crseag1_XC215858.ogg.npy,crseag1
stbkin1_XC215869.ogg.npy,stbkin1
barswa_XC458633.ogg.npy,barswa
lirplo_XC385929.ogg.npy,lirplo
houspa_XC588871.ogg.npy,houspa
copbar1_XC642353.ogg.npy,copbar1
rorpar_XC209727.ogg.npy,rorpar
gloibi_XC744144.ogg.npy,gloibi
scamin3_XC207733.ogg.npy,scamin3
blakit1_XC132063.ogg.npy,blakit1
gargan_XC649120.ogg.npy,gargan
grnsan_XC34109.ogg.npy,grnsan
lirplo_XC309208.ogg.npy,lirplo
putbab1_XC718035.ogg.npy,putbab1
bladro1_XC529842.ogg.npy,bladro1
gybpri1_XC73265.ogg.npy,gybpri1
rewbul_XC504283.ogg.npy,rewbul
bkskit1_XC350187.ogg.npy,bkskit1
purher1_XC679461.ogg.npy,purher1
grewar3_XC562084.ogg.npy,grewar3
plhpar1_XC776893.ogg.npy,plhpar1
lirplo_XC670439.ogg.npy,lirplo
grnsan_XC494004.ogg.npy,grnsan
graher1_XC389467.ogg.npy,graher1
graher1_XC587290.ogg.npy,graher1
comros_XC493012.ogg.npy,comros
purher1_XC731338.ogg.npy,purher1
blakit1_XC308177.ogg.npy,blakit1
brodro1_XC798024.ogg.npy,brodro1
marsan_XC722948.ogg.npy,marsan
grewar3_XC430647.ogg.npy,grewar3
grbeat1_XC589194.ogg.npy,grbeat1
grnsan_XC610046.ogg.npy,grnsan
graher1_XC716088.ogg.npy,graher1
comsan_XC631788.ogg.npy,comsan
whiter2_XC373681.ogg.npy,whiter2
bkskit1_XC351400.ogg.npy,bkskit1
tibfly3_XC295066.ogg.npy,tibfly3
houspa_XC577876.ogg.npy,houspa
eaywag1_XC526963.ogg.npy,eaywag1
grywag_XC346440.ogg.npy,grywag
rorpar_XC506681.ogg.npy,rorpar
grewar3_XC765124.ogg.npy,grewar3
ruftre2_XC795714.ogg.npy,ruftre2
putbab1_XC200640.ogg.npy,putbab1
categr_XC800987.ogg.npy,categr
grecou1_XC174976.ogg.npy,grecou1
ruftre2_XC493310.ogg.npy,ruftre2
comros_XC663016.ogg.npy,comros
grnsan_XC575899.ogg.npy,grnsan
lesyel1_XC37525.ogg.npy,lesyel1
brnshr_XC591614.ogg.npy,brnshr
copbar1_XC404204.ogg.npy,copbar1
brwowl1_XC436744.ogg.npy,brwowl1
commoo3_XC545259.ogg.npy,commoo3
whbbul2_XC207806.ogg.npy,whbbul2
barswa_XC669885.ogg.npy,barswa
whbwat1_XC318467.ogg.npy,whbwat1
comkin1_XC580507.ogg.npy,comkin1
comtai1_XC829165.ogg.npy,comtai1
bkwsti_XC558690.ogg.npy,bkwsti
comros_XC807960.ogg.npy,comros
spepic1_XC802723.ogg.npy,spepic1
comior1_XC754359.ogg.npy,comior1
gyhcaf1_XC835572.ogg.npy,gyhcaf1
comkin1_XC813723.ogg.npy,comkin1
hoopoe_XC807306.ogg.npy,hoopoe
barswa_XC690492.ogg.npy,barswa
grywag_XC420248.ogg.npy,grywag
bkskit1_XC353835.ogg.npy,bkskit1
barswa_XC690497.ogg.npy,barswa
lirplo_XC829051.ogg.npy,lirplo
barswa_XC763796.ogg.npy,barswa
purher1_XC676690.ogg.npy,purher1
comior1_XC294057.ogg.npy,comior1
scamin3_XC207770.ogg.npy,scamin3
copbar1_XC362180.ogg.npy,copbar1
whbwat1_XC190858.ogg.npy,whbwat1
spodov_XC396741.ogg.npy,spodov
plapri1_XC834657.ogg.npy,plapri1
tibfly3_XC512701.ogg.npy,tibfly3
rorpar_XC604484.ogg.npy,rorpar
comgre_XC717211.ogg.npy,comgre
tibfly3_XC424131.ogg.npy,tibfly3
grewar3_XC304437.ogg.npy,grewar3
eurcoo_XC518942.ogg.npy,eurcoo
bkwsti_XC761297.ogg.npy,bkwsti
blnmon1_XC330166.ogg.npy,blnmon1
eucdov_XC539220.ogg.npy,eucdov
comkin1_XC820084.ogg.npy,comkin1
moipig1_XC244087.ogg.npy,moipig1
rocpig_XC602012.ogg.npy,rocpig
hoopoe_XC370455.ogg.npy,hoopoe
categr_XC304255.ogg.npy,categr
comkin1_XC198905.ogg.npy,comkin1
rewlap1_XC223656.ogg.npy,rewlap1
eaywag1_XC765235.ogg.npy,eaywag1
barswa_XC411677.ogg.npy,barswa
rorpar_XC445919.ogg.npy,rorpar
marsan_XC733178.ogg.npy,marsan
eurcoo_XC633387.ogg.npy,eurcoo
lirplo_XC718353.ogg.npy,lirplo
commyn_XC519659.ogg.npy,commyn
goflea1_XC116539.ogg.npy,goflea1
whbwoo2_XC398446.ogg.npy,whbwoo2
wemhar1_XC175683.ogg.npy,wemhar1
eurcoo_XC786402.ogg.npy,eurcoo
rossta2_XC417467.ogg.npy,rossta2
purher1_XC563179.ogg.npy,purher1
houcro1_XC686122.ogg.npy,houcro1
rossta2_XC417464.ogg.npy,rossta2
whtkin2_XC200266.ogg.npy,whtkin2
eucdov_XC570543.ogg.npy,eucdov
eurcoo_XC475466.ogg.npy,eurcoo
commyn_XC736304.ogg.npy,commyn
bkskit1_XC360645.ogg.npy,bkskit1
eurcoo_XC774668.ogg.npy,eurcoo
sohmyn1_XC205234.ogg.npy,sohmyn1
rocpig_XC829901.ogg.npy,rocpig
eurcoo_XC791776.ogg.npy,eurcoo
sqtbul1_XC756563.ogg.npy,sqtbul1
ashpri1_XC401870.ogg.npy,ashpri1
zitcis1_XC378561.ogg.npy,zitcis1
barfly1_XC856020.ogg.npy,barfly1
barswa_XC380471.ogg.npy,barswa
gargan_XC416291.ogg.npy,gargan
grnwar1_XC736619.ogg.npy,grnwar1
litegr_XC333944.ogg.npy,litegr
purher1_XC572834.ogg.npy,purher1
chbeat1_XC797014.ogg.npy,chbeat1
bkwsti_XC789734.ogg.npy,bkwsti
greegr_XC290050.ogg.npy,greegr
comsan_XC199121.ogg.npy,comsan
pursun3_XC306701.ogg.npy,pursun3
litgre1_XC663244.ogg.npy,litgre1
commoo3_XC554342.ogg.npy,commoo3
comgre_XC734379.ogg.npy,comgre
bcnher_XC294018.ogg.npy,bcnher
bkwsti_XC480390.ogg.npy,bkwsti
bcnher_XC798556.ogg.npy,bcnher
graher1_XC806128.ogg.npy,graher1
barswa_XC303618.ogg.npy,barswa
bncwoo3_XC551837.ogg.npy,bncwoo3
insbab1_XC777175.ogg.npy,insbab1
gloibi_XC800054.ogg.npy,gloibi
categr_XC210378.ogg.npy,categr
comros_XC564156.ogg.npy,comros
blrwar1_XC579363.ogg.npy,blrwar1
spodov_XC545211.ogg.npy,spodov
rorpar_XC859070.ogg.npy,rorpar
eucdov_XC622421.ogg.npy,eucdov
aspswi1_XC696010.ogg.npy,aspswi1
grewar3_XC484202.ogg.npy,grewar3
comkin1_XC632931.ogg.npy,comkin1
grewar3_XC652509.ogg.npy,grewar3
spodov_XC616498.ogg.npy,spodov
bcnher_XC830455.ogg.npy,bcnher
comgre_XC663698.ogg.npy,comgre
grywag_XC636755.ogg.npy,grywag
barswa_XC802571.ogg.npy,barswa
bkskit1_XC350254.ogg.npy,bkskit1
ashpri1_XC592487.ogg.npy,ashpri1
grnsan_XC832809.ogg.npy,grnsan
eurcoo_XC266608.ogg.npy,eurcoo
litswi1_XC610968.ogg.npy,litswi1
bkskit1_XC350253.ogg.npy,bkskit1
stbkin1_XC496076.ogg.npy,stbkin1
bkwsti_XC667855.ogg.npy,bkwsti
hoopoe_XC756122.ogg.npy,hoopoe
whbwoo2_XC308934.ogg.npy,whbwoo2
bcnher_XC587876.ogg.npy,bcnher
thbwar1_XC146026.ogg.npy,thbwar1
comsan_XC501605.ogg.npy,comsan
forwag1_XC840824.ogg.npy,forwag1
barswa_XC636201.ogg.npy,barswa
eucdov_XC481133.ogg.npy,eucdov
barswa_XC790601.ogg.npy,barswa
barswa_XC539014.ogg.npy,barswa
eurcoo_XC706988.ogg.npy,eurcoo
comtai1_XC643393.ogg.npy,comtai1
comtai1_XC293547.ogg.npy,comtai1
purswa3_XC605218.ogg.npy,purswa3
spodov_XC666579.ogg.npy,spodov
thbwar1_XC859316.ogg.npy,thbwar1
greegr_XC569906.ogg.npy,greegr
blrwar1_XC806243.ogg.npy,blrwar1
litgre1_XC543291.ogg.npy,litgre1
houspa_XC624151.ogg.npy,houspa
bkskit1_XC350396.ogg.npy,bkskit1
blakit1_XC173826.ogg.npy,blakit1
litswi1_XC173033.ogg.npy,litswi1
whbwat1_XC150717.ogg.npy,whbwat1
grnwar1_XC567044.ogg.npy,grnwar1
kenplo1_XC358557.ogg.npy,kenplo1
cohcuc1_XC337045.ogg.npy,cohcuc1
commoo3_XC528120.ogg.npy,commoo3
laudov1_XC37522.ogg.npy,laudov1
commoo3_XC309633.ogg.npy,commoo3
grewar3_XC377338.ogg.npy,grewar3
ruftre2_XC585014.ogg.npy,ruftre2
piebus1_XC385679.ogg.npy,piebus1
blrwar1_XC572131.ogg.npy,blrwar1
eaywag1_XC676607.ogg.npy,eaywag1
eucdov_XC455705.ogg.npy,eucdov
rufwoo2_XC498031.ogg.npy,rufwoo2
categr_XC829325.ogg.npy,categr
graher1_XC425048.ogg.npy,graher1
commyn_XC612157.ogg.npy,commyn
comgre_XC463294.ogg.npy,comgre
litgre1_XC632648.ogg.npy,litgre1
zitcis1_XC310878.ogg.npy,zitcis1
eurcoo_XC622323.ogg.npy,eurcoo
comgre_XC360713.ogg.npy,comgre
spepic1_XC616538.ogg.npy,spepic1
grnsan_XC209015.ogg.npy,grnsan
whrmun_XC240461.ogg.npy,whrmun
zitcis1_XC268230.ogg.npy,zitcis1
zitcis1_XC323194.ogg.npy,zitcis1
litgre1_XC267214.ogg.npy,litgre1
comsan_XC746957.ogg.npy,comsan
asbfly_XC175797.ogg.npy,asbfly
grnsan_XC145366.ogg.npy,grnsan
nutman_XC430462.ogg.npy,nutman
litgre1_XC505367.ogg.npy,litgre1
whbbul2_XC288097.ogg.npy,whbbul2
insbab1_XC171607.ogg.npy,insbab1
commyn_XC469381.ogg.npy,commyn
categr_XC143596.ogg.npy,categr
graher1_XC333359.ogg.npy,graher1
asbfly_XC610735.ogg.npy,asbfly
comros_XC727386.ogg.npy,comros
grynig2_XC632671.ogg.npy,grynig2
houspa_XC310533.ogg.npy,houspa
bcnher_XC476387.ogg.npy,bcnher
houspa_XC553005.ogg.npy,houspa
lirplo_XC715393.ogg.npy,lirplo
copbar1_XC555516.ogg.npy,copbar1
litgre1_XC797417.ogg.npy,litgre1
litgre1_XC784241.ogg.npy,litgre1
bkwsti_XC725954.ogg.npy,bkwsti
asikoe2_XC319736.ogg.npy,asikoe2
rocpig_XC793581.ogg.npy,rocpig
rutfly6_XC614615.ogg.npy,rutfly6
blrwar1_XC477197.ogg.npy,blrwar1
comkin1_XC638653.ogg.npy,comkin1
grywag_XC507374.ogg.npy,grywag
comros_XC367339.ogg.npy,comros
grbeat1_XC37509.ogg.npy,grbeat1
litgre1_XC570920.ogg.npy,litgre1
comior1_XC152928.ogg.npy,comior1
bkwsti_XC795870.ogg.npy,bkwsti
houspa_XC142643.ogg.npy,houspa
rocpig_XC387816.ogg.npy,rocpig
comkin1_XC313956.ogg.npy,comkin1
whbwoo2_XC214024.ogg.npy,whbwoo2
piekin1_XC810655.ogg.npy,piekin1
commoo3_XC837502.ogg.npy,commoo3
greegr_XC515994.ogg.npy,greegr
blnmon1_XC351467.ogg.npy,blnmon1
chbeat1_XC607189.ogg.npy,chbeat1
bkskit1_XC352493.ogg.npy,bkskit1
comros_XC575281.ogg.npy,comros
eucdov_XC754280.ogg.npy,eucdov
comkin1_XC591060.ogg.npy,comkin1
greegr_XC779171.ogg.npy,greegr
houspa_XC430463.ogg.npy,houspa
woosan_XC559847.ogg.npy,woosan
asikoe2_XC579391.ogg.npy,asikoe2
forwag1_XC319050.ogg.npy,forwag1
eurcoo_XC571447.ogg.npy,eurcoo
bkwsti_XC817818.ogg.npy,bkwsti
asikoe2_XC331683.ogg.npy,asikoe2
comior1_XC31537.ogg.npy,comior1
gyhcaf1_XC855806.ogg.npy,gyhcaf1
pursun4_XC116822.ogg.npy,pursun4
litegr_XC696314.ogg.npy,litegr
ashdro1_XC37741.ogg.npy,ashdro1
blnmon1_XC567602.ogg.npy,blnmon1
commoo3_XC459715.ogg.npy,commoo3
asbfly_XC164848.ogg.npy,asbfly
purher1_XC733409.ogg.npy,purher1
plaflo1_XC614946.ogg.npy,plaflo1
spoowl1_XC740456.ogg.npy,spoowl1
barswa_XC171238.ogg.npy,barswa
bladro1_XC737858.ogg.npy,bladro1
eucdov_XC794188.ogg.npy,eucdov
spodov_XC164027.ogg.npy,spodov
houspa_XC470472.ogg.npy,houspa
grnsan_XC587624.ogg.npy,grnsan
brnshr_XC347316.ogg.npy,brnshr
eaywag1_XC399938.ogg.npy,eaywag1
eurbla2_XC574615.ogg.npy,eurbla2
grywag_XC470708.ogg.npy,grywag
commoo3_XC785405.ogg.npy,commoo3
blakit1_XC643685.ogg.npy,blakit1
comros_XC808596.ogg.npy,comros
piebus1_XC630261.ogg.npy,piebus1
brwjac1_XC466293.ogg.npy,brwjac1
purher1_XC794530.ogg.npy,purher1
hoopoe_XC308878.ogg.npy,hoopoe
comior1_XC594967.ogg.npy,comior1
grtdro1_XC336693.ogg.npy,grtdro1
insbab1_XC188851.ogg.npy,insbab1
comros_XC455895.ogg.npy,comros
tibfly3_XC653961.ogg.npy,tibfly3
greegr_XC196155.ogg.npy,greegr
litgre1_XC554410.ogg.npy,litgre1
rorpar_XC447309.ogg.npy,rorpar
gloibi_XC800220.ogg.npy,gloibi
whcbar1_XC460802.ogg.npy,whcbar1
grtdro1_XC151065.ogg.npy,grtdro1
comfla1_XC575543.ogg.npy,comfla1
eucdov_XC375391.ogg.npy,eucdov
woosan_XC494203.ogg.npy,woosan
whtkin2_XC303958.ogg.npy,whtkin2
rerswa1_XC330426.ogg.npy,rerswa1
eucdov_XC507347.ogg.npy,eucdov
grefla1_XC73177.ogg.npy,grefla1
grnsan_XC742909.ogg.npy,grnsan
woosan_XC374900.ogg.npy,woosan
insbab1_XC116382.ogg.npy,insbab1
asikoe2_XC802907.ogg.npy,asikoe2
labcro1_XC490133.ogg.npy,labcro1
zitcis1_XC667713.ogg.npy,zitcis1
litspi1_XC511722.ogg.npy,litspi1
cohcuc1_XC385498.ogg.npy,cohcuc1
spepic1_XC768457.ogg.npy,spepic1
comros_XC677725.ogg.npy,comros
asikoe2_XC253423.ogg.npy,asikoe2
hoopoe_XC666638.ogg.npy,hoopoe
bkwsti_XC795869.ogg.npy,bkwsti
stbkin1_XC254814.ogg.npy,stbkin1
indpit1_XC605965.ogg.npy,indpit1
laudov1_XC153491.ogg.npy,laudov1
barswa_XC25649.ogg.npy,barswa
eaywag1_XC687219.ogg.npy,eaywag1
brnhao1_XC608652.ogg.npy,brnhao1
piekin1_XC321592.ogg.npy,piekin1
grbeat1_XC209930.ogg.npy,grbeat1
comgre_XC831751.ogg.npy,comgre
blnmon1_XC457328.ogg.npy,blnmon1
cohcuc1_XC514749.ogg.npy,cohcuc1
brwowl1_XC824380.ogg.npy,brwowl1
putbab1_XC321624.ogg.npy,putbab1
bcnher_XC481939.ogg.npy,bcnher
grehor1_XC240631.ogg.npy,grehor1
houcro1_XC443036.ogg.npy,houcro1
oripip1_XC842318.ogg.npy,oripip1
nutman_XC769574.ogg.npy,nutman
grtdro1_XC151066.ogg.npy,grtdro1
rorpar_XC209171.ogg.npy,rorpar
comkin1_XC632928.ogg.npy,comkin1
blakit1_XC305003.ogg.npy,blakit1
grtdro1_XC464139.ogg.npy,grtdro1
forwag1_XC206000.ogg.npy,forwag1
categr_XC857912.ogg.npy,categr
zitcis1_XC301585.ogg.npy,zitcis1
comsan_XC802129.ogg.npy,comsan
kenplo1_XC808292.ogg.npy,kenplo1
litswi1_XC440301.ogg.npy,litswi1
junowl1_XC554215.ogg.npy,junowl1
comsan_XC691593.ogg.npy,comsan
bkwsti_XC664883.ogg.npy,bkwsti
piekin1_XC855528.ogg.npy,piekin1
rorpar_XC760789.ogg.npy,rorpar
comsan_XC822533.ogg.npy,comsan
barswa_XC820043.ogg.npy,barswa
hoopoe_XC428912.ogg.npy,hoopoe
graher1_XC630379.ogg.npy,graher1
rewbul_XC855229.ogg.npy,rewbul
comsan_XC795668.ogg.npy,comsan
blhori1_XC660404.ogg.npy,blhori1
litegr_XC333943.ogg.npy,litegr
commyn_XC364334.ogg.npy,commyn
rorpar_XC419853.ogg.npy,rorpar
gyhcaf1_XC683219.ogg.npy,gyhcaf1
litgre1_XC142135.ogg.npy,litgre1
gargan_XC584026.ogg.npy,gargan
grewar3_XC563551.ogg.npy,grewar3
rorpar_XC548853.ogg.npy,rorpar
litgre1_XC712025.ogg.npy,litgre1
commoo3_XC506348.ogg.npy,commoo3
houspa_XC165735.ogg.npy,houspa
graher1_XC496518.ogg.npy,graher1
hoopoe_XC798811.ogg.npy,hoopoe
gyhcaf1_XC631156.ogg.npy,gyhcaf1
asbfly_XC309402.ogg.npy,asbfly
gyhcaf1_XC431554.ogg.npy,gyhcaf1
tibfly3_XC304471.ogg.npy,tibfly3
zitcis1_XC743002.ogg.npy,zitcis1
blrwar1_XC343189.ogg.npy,blrwar1
cohcuc1_XC424232.ogg.npy,cohcuc1
houspa_XC791600.ogg.npy,houspa
comgre_XC585887.ogg.npy,comgre
rewbul_XC706117.ogg.npy,rewbul
rorpar_XC770741.ogg.npy,rorpar
eucdov_XC688721.ogg.npy,eucdov
bkskit1_XC352653.ogg.npy,bkskit1
labcro1_XC191644.ogg.npy,labcro1
rocpig_XC486872.ogg.npy,rocpig
greegr_XC650221.ogg.npy,greegr
junbab2_XC188853.ogg.npy,junbab2
wemhar1_XC709831.ogg.npy,wemhar1
bkwsti_XC788178.ogg.npy,bkwsti
rorpar_XC547224.ogg.npy,rorpar
eurcoo_XC682244.ogg.npy,eurcoo
eucdov_XC378443.ogg.npy,eucdov
woosan_XC577707.ogg.npy,woosan
grecou1_XC620475.ogg.npy,grecou1
barswa_XC690496.ogg.npy,barswa
whbwoo2_XC209854.ogg.npy,whbwoo2
whbwoo2_XC548110.ogg.npy,whbwoo2
gyhcaf1_XC121569.ogg.npy,gyhcaf1
bkskit1_XC352579.ogg.npy,bkskit1
plapri1_XC711513.ogg.npy,plapri1
barswa_XC819818.ogg.npy,barswa
whrmun_XC708253.ogg.npy,whrmun
comtai1_XC680922.ogg.npy,comtai1
litgre1_XC687079.ogg.npy,litgre1
plapri1_XC834656.ogg.npy,plapri1
nutman_XC204627.ogg.npy,nutman
comgre_XC680206.ogg.npy,comgre
lirplo_XC537700.ogg.npy,lirplo
plapri1_XC592535.ogg.npy,plapri1
asikoe2_XC207166.ogg.npy,asikoe2
houcro1_XC293565.ogg.npy,houcro1
comtai1_XC665776.ogg.npy,comtai1
blrwar1_XC808917.ogg.npy,blrwar1
commoo3_XC663631.ogg.npy,commoo3
lirplo_XC478105.ogg.npy,lirplo
litgre1_XC288739.ogg.npy,litgre1
thbwar1_XC340033.ogg.npy,thbwar1
whiter2_XC476922.ogg.npy,whiter2
grnsan_XC266346.ogg.npy,grnsan
nutman_XC198482.ogg.npy,nutman
comros_XC329599.ogg.npy,comros
wemhar1_XC586233.ogg.npy,wemhar1
houspa_XC793797.ogg.npy,houspa
houcro1_XC596425.ogg.npy,houcro1
labcro1_XC575529.ogg.npy,labcro1
eucdov_XC669825.ogg.npy,eucdov
gybpri1_XC634264.ogg.npy,gybpri1
redspu1_XC283501.ogg.npy,redspu1
whiter2_XC188321.ogg.npy,whiter2
zitcis1_XC482106.ogg.npy,zitcis1
eucdov_XC362647.ogg.npy,eucdov
commoo3_XC842371.ogg.npy,commoo3
graher1_XC739290.ogg.npy,graher1
eucdov_XC743817.ogg.npy,eucdov
bladro1_XC127131.ogg.npy,bladro1
spoowl1_XC397234.ogg.npy,spoowl1
eurcoo_XC537758.ogg.npy,eurcoo
litgre1_XC195531.ogg.npy,litgre1
litswi1_XC443710.ogg.npy,litswi1
woosan_XC471730.ogg.npy,woosan
sqtbul1_XC574731.ogg.npy,sqtbul1
whtkin2_XC347594.ogg.npy,whtkin2
comsan_XC579712.ogg.npy,comsan
pursun4_XC240354.ogg.npy,pursun4
grywag_XC576651.ogg.npy,grywag
maghor2_XC786588.ogg.npy,maghor2
jerbus2_XC644017.ogg.npy,jerbus2
gloibi_XC312185.ogg.npy,gloibi
gryfra_XC405324.ogg.npy,gryfra
commoo3_XC571756.ogg.npy,commoo3
comtai1_XC606918.ogg.npy,comtai1
gyhcaf1_XC773547.ogg.npy,gyhcaf1
categr_XC57415.ogg.npy,categr
woosan_XC401916.ogg.npy,woosan
shikra1_XC510776.ogg.npy,shikra1
litgre1_XC839037.ogg.npy,litgre1
grnsan_XC596960.ogg.npy,grnsan
grnsan_XC840042.ogg.npy,grnsan
grbeat1_XC461981.ogg.npy,grbeat1
commoo3_XC428499.ogg.npy,commoo3
cregos1_XC798816.ogg.npy,cregos1
grnwar1_XC724024.ogg.npy,grnwar1
tilwar1_XC329473.ogg.npy,tilwar1
forwag1_XC709140.ogg.npy,forwag1
grbeat1_XC686126.ogg.npy,grbeat1
whbwat1_XC843300.ogg.npy,whbwat1
blakit1_XC290067.ogg.npy,blakit1
rewbul_XC550168.ogg.npy,rewbul
grejun2_XC115782.ogg.npy,grejun2
bkskit1_XC353816.ogg.npy,bkskit1
comros_XC803570.ogg.npy,comros
eucdov_XC790241.ogg.npy,eucdov
litegr_XC589946.ogg.npy,litegr
commoo3_XC644436.ogg.npy,commoo3
woosan_XC580128.ogg.npy,woosan
asikoe2_XC138196.ogg.npy,asikoe2
zitcis1_XC359154.ogg.npy,zitcis1
whbtre1_XC390968.ogg.npy,whbtre1
sttwoo1_XC213965.ogg.npy,sttwoo1
kenplo1_XC552761.ogg.npy,kenplo1
litegr_XC838958.ogg.npy,litegr
blrwar1_XC809449.ogg.npy,blrwar1
compea_XC567971.ogg.npy,compea
bcnher_XC683492.ogg.npy,bcnher
zitcis1_XC378563.ogg.npy,zitcis1
comkin1_XC580500.ogg.npy,comkin1
ashdro1_XC858391.ogg.npy,ashdro1
revbul_XC115439.ogg.npy,revbul
spodov_XC724736.ogg.npy,spodov
brnhao1_XC643715.ogg.npy,brnhao1
putbab1_XC658744.ogg.npy,putbab1
plapri1_XC607213.ogg.npy,plapri1
sohmyn1_XC777528.ogg.npy,sohmyn1
pursun4_XC528980.ogg.npy,pursun4
piekin1_XC517412.ogg.npy,piekin1
mawthr1_XC605960.ogg.npy,mawthr1
eucdov_XC795938.ogg.npy,eucdov
brodro1_XC789819.ogg.npy,brodro1
litspi1_XC722436.ogg.npy,litspi1
eucdov_XC791487.ogg.npy,eucdov
purher1_XC432978.ogg.npy,purher1
grewar3_XC478536.ogg.npy,grewar3
blakit1_XC149913.ogg.npy,blakit1
rewlap1_XC637694.ogg.npy,rewlap1
tibfly3_XC645861.ogg.npy,tibfly3
woosan_XC492304.ogg.npy,woosan
woosan_XC184453.ogg.npy,woosan
eaywag1_XC588252.ogg.npy,eaywag1
kenplo1_XC494529.ogg.npy,kenplo1
rocpig_XC121677.ogg.npy,rocpig
pursun3_XC684253.ogg.npy,pursun3
grecou1_XC770515.ogg.npy,grecou1
tibfly3_XC195592.ogg.npy,tibfly3
bkwsti_XC698387.ogg.npy,bkwsti
comros_XC319735.ogg.npy,comros
plapri1_XC828510.ogg.npy,plapri1
commoo3_XC773430.ogg.npy,commoo3
eucdov_XC303586.ogg.npy,eucdov
rocpig_XC488172.ogg.npy,rocpig
rorpar_XC310531.ogg.npy,rorpar
grehor1_XC195809.ogg.npy,grehor1
comros_XC324517.ogg.npy,comros
litegr_XC741964.ogg.npy,litegr
zitcis1_XC761035.ogg.npy,zitcis1
wemhar1_XC467424.ogg.npy,wemhar1
litspi1_XC215861.ogg.npy,litspi1
eaywag1_XC645414.ogg.npy,eaywag1
rocpig_XC661807.ogg.npy,rocpig
zitcis1_XC690387.ogg.npy,zitcis1
graher1_XC128824.ogg.npy,graher1
grnsan_XC739346.ogg.npy,grnsan
eucdov_XC381882.ogg.npy,eucdov
rerswa1_XC638732.ogg.npy,rerswa1
eucdov_XC541497.ogg.npy,eucdov
rossta2_XC320047.ogg.npy,rossta2
comros_XC325194.ogg.npy,comros
sbeowl1_XC777391.ogg.npy,sbeowl1
categr_XC246912.ogg.npy,categr
grewar3_XC487468.ogg.npy,grewar3
grewar3_XC806046.ogg.npy,grewar3
comsan_XC722381.ogg.npy,comsan
asikoe2_XC722515.ogg.npy,asikoe2
blakit1_XC309401.ogg.npy,blakit1
lirplo_XC572144.ogg.npy,lirplo
brodro1_XC304218.ogg.npy,brodro1
asikoe2_XC196961.ogg.npy,asikoe2
woosan_XC687197.ogg.npy,woosan
lirplo_XC809600.ogg.npy,lirplo
blakit1_XC511559.ogg.npy,blakit1
grejun2_XC758304.ogg.npy,grejun2
whiter2_XC660728.ogg.npy,whiter2
crseag1_XC241042.ogg.npy,crseag1
bkwsti_XC788438.ogg.npy,bkwsti
blakit1_XC839886.ogg.npy,blakit1
grbeat1_XC782106.ogg.npy,grbeat1
grtdro1_XC151393.ogg.npy,grtdro1
barswa_XC841236.ogg.npy,barswa
grewar3_XC112487.ogg.npy,grewar3
rewlap1_XC302080.ogg.npy,rewlap1
commoo3_XC667946.ogg.npy,commoo3
whbwat1_XC637241.ogg.npy,whbwat1
asikoe2_XC731742.ogg.npy,asikoe2
comsan_XC548087.ogg.npy,comsan
categr_XC353850.ogg.npy,categr
putbab1_XC324122.ogg.npy,putbab1
comros_XC318225.ogg.npy,comros
lirplo_XC821026.ogg.npy,lirplo
whbtre1_XC282573.ogg.npy,whbtre1
rocpig_XC709206.ogg.npy,rocpig
blrwar1_XC207632.ogg.npy,blrwar1
whbwat1_XC845311.ogg.npy,whbwat1
asikoe2_XC531791.ogg.npy,asikoe2
whtkin2_XC437156.ogg.npy,whtkin2
labcro1_XC115149.ogg.npy,labcro1
grefla1_XC619762.ogg.npy,grefla1
stbkin1_XC243398.ogg.npy,stbkin1
categr_XC747776.ogg.npy,categr
woosan_XC831886.ogg.npy,woosan
asikoe2_XC414018.ogg.npy,asikoe2
orihob2_XC675438.ogg.npy,orihob2
putbab1_XC390017.ogg.npy,putbab1
litgre1_XC579299.ogg.npy,litgre1
goflea1_XC295440.ogg.npy,goflea1
purher1_XC381813.ogg.npy,purher1
litspi1_XC443912.ogg.npy,litspi1
lirplo_XC327543.ogg.npy,lirplo
oripip1_XC756580.ogg.npy,oripip1
graher1_XC603061.ogg.npy,graher1
commoo3_XC543196.ogg.npy,commoo3
lirplo_XC646434.ogg.npy,lirplo
comgre_XC647516.ogg.npy,comgre
ruftre2_XC469371.ogg.npy,ruftre2
bwfshr1_XC754303.ogg.npy,bwfshr1
blnmon1_XC558406.ogg.npy,blnmon1
barswa_XC741348.ogg.npy,barswa
putbab1_XC465683.ogg.npy,putbab1
eucdov_XC709678.ogg.npy,eucdov
nutman_XC770941.ogg.npy,nutman
rufbab3_XC362763.ogg.npy,rufbab3
grewar3_XC808802.ogg.npy,grewar3
crfbar1_XC490878.ogg.npy,crfbar1
asikoe2_XC575568.ogg.npy,asikoe2
rossta2_XC653843.ogg.npy,rossta2
bkskit1_XC360659.ogg.npy,bkskit1
piebus1_XC471613.ogg.npy,piebus1
commyn_XC542272.ogg.npy,commyn
kenplo1_XC660964.ogg.npy,kenplo1
comsan_XC743779.ogg.npy,comsan
revbul_XC836230.ogg.npy,revbul
crseag1_XC245915.ogg.npy,crseag1
woosan_XC523429.ogg.npy,woosan
crseag1_XC482238.ogg.npy,crseag1
grnsan_XC622364.ogg.npy,grnsan
putbab1_XC256283.ogg.npy,putbab1
ruftre2_XC208344.ogg.npy,ruftre2
blnmon1_XC631441.ogg.npy,blnmon1
graher1_XC638183.ogg.npy,graher1
woosan_XC804942.ogg.npy,woosan
rewbul_XC196576.ogg.npy,rewbul
comgre_XC307198.ogg.npy,comgre
blrwar1_XC375858.ogg.npy,blrwar1
whbwoo2_XC37763.ogg.npy,whbwoo2
grnwar1_XC724025.ogg.npy,grnwar1
hoopoe_XC437488.ogg.npy,hoopoe
gargan_XC733440.ogg.npy,gargan
whtkin2_XC621465.ogg.npy,whtkin2
rorpar_XC579355.ogg.npy,rorpar
junbab2_XC122848.ogg.npy,junbab2
comtai1_XC721346.ogg.npy,comtai1
eucdov_XC465533.ogg.npy,eucdov
comros_XC134546.ogg.npy,comros
rewbul_XC724419.ogg.npy,rewbul
woosan_XC728181.ogg.npy,woosan
comros_XC731119.ogg.npy,comros
indrob1_XC647287.ogg.npy,indrob1
whiter2_XC328384.ogg.npy,whiter2
comtai1_XC500734.ogg.npy,comtai1
whbbul2_XC163925.ogg.npy,whbbul2
brcful1_XC293700.ogg.npy,brcful1
bkwsti_XC572896.ogg.npy,bkwsti
rocpig_XC485506.ogg.npy,rocpig
grywag_XC190178.ogg.npy,grywag
commoo3_XC794123.ogg.npy,commoo3
grewar3_XC193712.ogg.npy,grewar3
grtdro1_XC858365.ogg.npy,grtdro1
blhori1_XC267359.ogg.npy,blhori1
asikoe2_XC785826.ogg.npy,asikoe2
grewar3_XC181139.ogg.npy,grewar3
commoo3_XC650129.ogg.npy,commoo3
bcnher_XC836479.ogg.npy,bcnher
goflea1_XC684242.ogg.npy,goflea1
asikoe2_XC659724.ogg.npy,asikoe2
graher1_XC598266.ogg.npy,graher1
grejun2_XC568952.ogg.npy,grejun2
gryfra_XC167566.ogg.npy,gryfra
zitcis1_XC148898.ogg.npy,zitcis1
woosan_XC25151.ogg.npy,woosan
grnwar1_XC135001.ogg.npy,grnwar1
eaywag1_XC795833.ogg.npy,eaywag1
greegr_XC188602.ogg.npy,greegr
nilfly2_XC856432.ogg.npy,nilfly2
labcro1_XC845132.ogg.npy,labcro1
sohmyn1_XC651286.ogg.npy,sohmyn1
comgre_XC680204.ogg.npy,comgre
cregos1_XC804344.ogg.npy,cregos1
eucdov_XC774641.ogg.npy,eucdov
bcnher_XC709529.ogg.npy,bcnher
woosan_XC715773.ogg.npy,woosan
litspi1_XC560839.ogg.npy,litspi1
comsan_XC824783.ogg.npy,comsan
barswa_XC458641.ogg.npy,barswa
whbbul2_XC575154.ogg.npy,whbbul2
litspi1_XC216927.ogg.npy,litspi1
houspa_XC360901.ogg.npy,houspa
commyn_XC659209.ogg.npy,commyn
piebus1_XC575100.ogg.npy,piebus1
eaywag1_XC535936.ogg.npy,eaywag1
gryfra_XC334051.ogg.npy,gryfra
piebus1_XC650884.ogg.npy,piebus1
blrwar1_XC347280.ogg.npy,blrwar1
eucdov_XC734500.ogg.npy,eucdov
cohcuc1_XC331243.ogg.npy,cohcuc1
ashpri1_XC401062.ogg.npy,ashpri1
comtai1_XC660403.ogg.npy,comtai1
eaywag1_XC795837.ogg.npy,eaywag1
junbab2_XC265465.ogg.npy,junbab2
rewbul_XC207913.ogg.npy,rewbul
comtai1_XC133741.ogg.npy,comtai1
junowl1_XC503426.ogg.npy,junowl1
lirplo_XC743464.ogg.npy,lirplo
indpit1_XC418037.ogg.npy,indpit1
blnmon1_XC842778.ogg.npy,blnmon1
grewar3_XC187081.ogg.npy,grewar3
sttwoo1_XC346561.ogg.npy,sttwoo1
spodov_XC443310.ogg.npy,spodov
grnsan_XC548796.ogg.npy,grnsan
bcnher_XC824406.ogg.npy,bcnher
comkin1_XC462875.ogg.npy,comkin1
lirplo_XC326658.ogg.npy,lirplo
brwowl1_XC607727.ogg.npy,brwowl1
grnsan_XC622365.ogg.npy,grnsan
ashpri1_XC577348.ogg.npy,ashpri1
graher1_XC592151.ogg.npy,graher1
comtai1_XC681102.ogg.npy,comtai1
brwjac1_XC698144.ogg.npy,brwjac1
kenplo1_XC801922.ogg.npy,kenplo1
indrob1_XC207256.ogg.npy,indrob1
wemhar1_XC586234.ogg.npy,wemhar1
comsan_XC741300.ogg.npy,comsan
comros_XC279010.ogg.npy,comros
brnhao1_XC744702.ogg.npy,brnhao1
graher1_XC726331.ogg.npy,graher1
rocpig_XC500494.ogg.npy,rocpig
revbul_XC116833.ogg.npy,revbul
spodov_XC214010.ogg.npy,spodov
hoopoe_XC397387.ogg.npy,hoopoe
brodro1_XC625553.ogg.npy,brodro1
categr_XC517403.ogg.npy,categr
grnsan_XC486588.ogg.npy,grnsan
grtdro1_XC151468.ogg.npy,grtdro1
eucdov_XC352470.ogg.npy,eucdov
bkwsti_XC840656.ogg.npy,bkwsti
brwowl1_XC348095.ogg.npy,brwowl1
zitcis1_XC143572.ogg.npy,zitcis1
comgre_XC434824.ogg.npy,comgre
isbduc1_XC114233.ogg.npy,isbduc1
plapri1_XC830734.ogg.npy,plapri1
grtdro1_XC611564.ogg.npy,grtdro1
grecou1_XC303849.ogg.npy,grecou1
plapri1_XC715950.ogg.npy,plapri1
eaywag1_XC630733.ogg.npy,eaywag1
asikoe2_XC396951.ogg.npy,asikoe2
whbbul2_XC633433.ogg.npy,whbbul2
rerswa1_XC837450.ogg.npy,rerswa1
purswa3_XC496483.ogg.npy,purswa3
rocpig_XC777163.ogg.npy,rocpig
asikoe2_XC813014.ogg.npy,asikoe2
kenplo1_XC138233.ogg.npy,kenplo1
eucdov_XC723028.ogg.npy,eucdov
rossta2_XC572187.ogg.npy,rossta2
houspa_XC652351.ogg.npy,houspa
yebbab1_XC19927.ogg.npy,yebbab1
ashdro1_XC388240.ogg.npy,ashdro1
hoopoe_XC856149.ogg.npy,hoopoe
oripip1_XC644722.ogg.npy,oripip1
comgre_XC829588.ogg.npy,comgre
comros_XC566431.ogg.npy,comros
aspfly1_XC86931.ogg.npy,aspfly1
purher1_XC284529.ogg.npy,purher1
blakit1_XC637973.ogg.npy,blakit1
houspa_XC243556.ogg.npy,houspa
rocpig_XC453906.ogg.npy,rocpig
grecou1_XC632735.ogg.npy,grecou1
lirplo_XC797764.ogg.npy,lirplo
lblwar1_XC786586.ogg.npy,lblwar1
purher1_XC493468.ogg.npy,purher1
blrwar1_XC653925.ogg.npy,blrwar1
comgre_XC396615.ogg.npy,comgre
hoopoe_XC370157.ogg.npy,hoopoe
blrwar1_XC732838.ogg.npy,blrwar1
asikoe2_XC487516.ogg.npy,asikoe2
houcro1_XC736131.ogg.npy,houcro1
commyn_XC207633.ogg.npy,commyn
purher1_XC680595.ogg.npy,purher1
crseag1_XC730962.ogg.npy,crseag1
grywag_XC724012.ogg.npy,grywag
copbar1_XC620130.ogg.npy,copbar1
bkwsti_XC613601.ogg.npy,bkwsti
commoo3_XC710638.ogg.npy,commoo3
comtai1_XC325428.ogg.npy,comtai1
orihob2_XC675441.ogg.npy,orihob2
dafbab1_XC296435.ogg.npy,dafbab1
bladro1_XC380370.ogg.npy,bladro1
eurcoo_XC630165.ogg.npy,eurcoo
zitcis1_XC768492.ogg.npy,zitcis1
gyhcaf1_XC618448.ogg.npy,gyhcaf1
hoopoe_XC809234.ogg.npy,hoopoe
zitcis1_XC717577.ogg.npy,zitcis1
plhpar1_XC777495.ogg.npy,plhpar1
woosan_XC586200.ogg.npy,woosan
eurcoo_XC780812.ogg.npy,eurcoo
asbfly_XC716486.ogg.npy,asbfly
bkwsti_XC408369.ogg.npy,bkwsti
brwjac1_XC697575.ogg.npy,brwjac1
mawthr1_XC396111.ogg.npy,mawthr1
labcro1_XC845341.ogg.npy,labcro1
brodro1_XC424127.ogg.npy,brodro1
grnsan_XC511702.ogg.npy,grnsan
comkin1_XC832055.ogg.npy,comkin1
woosan_XC551247.ogg.npy,woosan
ashpri1_XC626152.ogg.npy,ashpri1
plhpar1_XC74074.ogg.npy,plhpar1
blrwar1_XC569092.ogg.npy,blrwar1
litgre1_XC726358.ogg.npy,litgre1
lirplo_XC199596.ogg.npy,lirplo
comtai1_XC293875.ogg.npy,comtai1
orihob2_XC748714.ogg.npy,orihob2
zitcis1_XC724805.ogg.npy,zitcis1
grewar3_XC809753.ogg.npy,grewar3
wemhar1_XC786408.ogg.npy,wemhar1
grewar3_XC191628.ogg.npy,grewar3
comsan_XC455726.ogg.npy,comsan
piebus1_XC185429.ogg.npy,piebus1
categr_XC361549.ogg.npy,categr
comsan_XC831851.ogg.npy,comsan
comros_XC42433.ogg.npy,comros
grenig1_XC308905.ogg.npy,grenig1
houspa_XC215043.ogg.npy,houspa
litegr_XC585639.ogg.npy,litegr
blrwar1_XC568623.ogg.npy,blrwar1
rorpar_XC74356.ogg.npy,rorpar
hoopoe_XC790568.ogg.npy,hoopoe
eurcoo_XC545405.ogg.npy,eurcoo
comros_XC264047.ogg.npy,comros
eucdov_XC328462.ogg.npy,eucdov
rorpar_XC209719.ogg.npy,rorpar
thbwar1_XC458521.ogg.npy,thbwar1
pabflo1_XC491069.ogg.npy,pabflo1
commoo3_XC644385.ogg.npy,commoo3
litgre1_XC625072.ogg.npy,litgre1
tibfly3_XC548377.ogg.npy,tibfly3
laudov1_XC489304.ogg.npy,laudov1
commoo3_XC628214.ogg.npy,commoo3
purher1_XC794369.ogg.npy,purher1
hoopoe_XC726794.ogg.npy,hoopoe
eaywag1_XC765496.ogg.npy,eaywag1
whtkin2_XC652896.ogg.npy,whtkin2
bcnher_XC138482.ogg.npy,bcnher
whiter2_XC742687.ogg.npy,whiter2
rossta2_XC685685.ogg.npy,rossta2
plaflo1_XC493778.ogg.npy,plaflo1
vefnut1_XC858361.ogg.npy,vefnut1
rossta2_XC685678.ogg.npy,rossta2
rorpar_XC445741.ogg.npy,rorpar
barswa_XC182025.ogg.npy,barswa
gargan_XC790233.ogg.npy,gargan
comros_XC183904.ogg.npy,comros
litgre1_XC807971.ogg.npy,litgre1
woosan_XC266302.ogg.npy,woosan
comkin1_XC200055.ogg.npy,comkin1
bladro1_XC754310.ogg.npy,bladro1
putbab1_XC443130.ogg.npy,putbab1
crseag1_XC761424.ogg.npy,crseag1
ashwoo2_XC446304.ogg.npy,ashwoo2
eurcoo_XC664026.ogg.npy,eurcoo
graher1_XC513743.ogg.npy,graher1
junbab2_XC163932.ogg.npy,junbab2
indpit1_XC207623.ogg.npy,indpit1
rerswa1_XC835048.ogg.npy,rerswa1
gryfra_XC779680.ogg.npy,gryfra
eaywag1_XC806631.ogg.npy,eaywag1
barswa_XC585549.ogg.npy,barswa
grnsan_XC578613.ogg.npy,grnsan
eurcoo_XC548450.ogg.npy,eurcoo
barfly1_XC856387.ogg.npy,barfly1
whtkin2_XC646737.ogg.npy,whtkin2
bladro1_XC116430.ogg.npy,bladro1
blrwar1_XC568759.ogg.npy,blrwar1
grywag_XC588720.ogg.npy,grywag
lirplo_XC25556.ogg.npy,lirplo
whiter2_XC436896.ogg.npy,whiter2
tibfly3_XC240382.ogg.npy,tibfly3
hoopoe_XC844515.ogg.npy,hoopoe
compea_XC514026.ogg.npy,compea
grbeat1_XC602308.ogg.npy,grbeat1
whiter2_XC569110.ogg.npy,whiter2
comfla1_XC401922.ogg.npy,comfla1
grnsan_XC816710.ogg.npy,grnsan
houspa_XC644556.ogg.npy,houspa
lblwar1_XC319931.ogg.npy,lblwar1
woosan_XC557949.ogg.npy,woosan
comkin1_XC785694.ogg.npy,comkin1
gargan_XC649203.ogg.npy,gargan
litswi1_XC443709.ogg.npy,litswi1
lirplo_XC554987.ogg.npy,lirplo
rorpar_XC680458.ogg.npy,rorpar
grnsan_XC644242.ogg.npy,grnsan
comkin1_XC598207.ogg.npy,comkin1
blakit1_XC660526.ogg.npy,blakit1
woosan_XC577273.ogg.npy,woosan
lirplo_XC182469.ogg.npy,lirplo
hoopoe_XC789267.ogg.npy,hoopoe
eucdov_XC720099.ogg.npy,eucdov
eaywag1_XC747025.ogg.npy,eaywag1
gybpri1_XC488788.ogg.npy,gybpri1
labcro1_XC303761.ogg.npy,labcro1
greegr_XC123183.ogg.npy,greegr
kenplo1_XC333819.ogg.npy,kenplo1
houspa_XC360902.ogg.npy,houspa
grewar3_XC321352.ogg.npy,grewar3
grefla1_XC173231.ogg.npy,grefla1
pursun3_XC286658.ogg.npy,pursun3
comsan_XC584609.ogg.npy,comsan
graher1_XC848178.ogg.npy,graher1
eaywag1_XC650343.ogg.npy,eaywag1
commyn_XC445899.ogg.npy,commyn
rewbul_XC207899.ogg.npy,rewbul
hoopoe_XC789271.ogg.npy,hoopoe
graher1_XC732497.ogg.npy,graher1
wemhar1_XC624200.ogg.npy,wemhar1
comgre_XC829678.ogg.npy,comgre
brwowl1_XC633486.ogg.npy,brwowl1
grewar3_XC129539.ogg.npy,grewar3
plapri1_XC399008.ogg.npy,plapri1
pursun3_XC279021.ogg.npy,pursun3
kenplo1_XC718547.ogg.npy,kenplo1
eaywag1_XC471745.ogg.npy,eaywag1
comsan_XC637268.ogg.npy,comsan
plapri1_XC302514.ogg.npy,plapri1
rorpar_XC840569.ogg.npy,rorpar
rorpar_XC602203.ogg.npy,rorpar
eucdov_XC668315.ogg.npy,eucdov
houspa_XC815532.ogg.npy,houspa
piekin1_XC397810.ogg.npy,piekin1
asikoe2_XC611187.ogg.npy,asikoe2
oripip1_XC644720.ogg.npy,oripip1
bcnher_XC493572.ogg.npy,bcnher
blakit1_XC269712.ogg.npy,blakit1
grnwar1_XC207728.ogg.npy,grnwar1
eaywag1_XC416426.ogg.npy,eaywag1
rerswa1_XC749418.ogg.npy,rerswa1
rorpar_XC199339.ogg.npy,rorpar
zitcis1_XC374757.ogg.npy,zitcis1
blnmon1_XC797508.ogg.npy,blnmon1
woosan_XC187199.ogg.npy,woosan
redspu1_XC296423.ogg.npy,redspu1
hoopoe_XC683808.ogg.npy,hoopoe
plapri1_XC592636.ogg.npy,plapri1
junowl1_XC308275.ogg.npy,junowl1
bkwsti_XC781598.ogg.npy,bkwsti
commoo3_XC500259.ogg.npy,commoo3
bkskit1_XC351393.ogg.npy,bkskit1
comros_XC208331.ogg.npy,comros
eaywag1_XC431097.ogg.npy,eaywag1
lobsun2_XC19766.ogg.npy,lobsun2
junbab2_XC670313.ogg.npy,junbab2
eurcoo_XC569865.ogg.npy,eurcoo
litgre1_XC713103.ogg.npy,litgre1
blrwar1_XC479136.ogg.npy,blrwar1
zitcis1_XC558490.ogg.npy,zitcis1
zitcis1_XC793021.ogg.npy,zitcis1
grewar3_XC211045.ogg.npy,grewar3
gybpri1_XC319053.ogg.npy,gybpri1
woosan_XC305514.ogg.npy,woosan
bcnher_XC656876.ogg.npy,bcnher
eucdov_XC806606.ogg.npy,eucdov
grnsan_XC828863.ogg.npy,grnsan
grnsan_XC664801.ogg.npy,grnsan
asikoe2_XC189420.ogg.npy,asikoe2
whiter2_XC714123.ogg.npy,whiter2
putbab1_XC138644.ogg.npy,putbab1
rewlap1_XC606961.ogg.npy,rewlap1
brnhao1_XC466297.ogg.npy,brnhao1
wemhar1_XC262846.ogg.npy,wemhar1
comior1_XC57247.ogg.npy,comior1
eucdov_XC696154.ogg.npy,eucdov
houcro1_XC601411.ogg.npy,houcro1
lirplo_XC381756.ogg.npy,lirplo
comtai1_XC307413.ogg.npy,comtai1
bcnher_XC681854.ogg.npy,bcnher
litegr_XC779147.ogg.npy,litegr
grtdro1_XC116552.ogg.npy,grtdro1
eaywag1_XC718444.ogg.npy,eaywag1
barswa_XC415547.ogg.npy,barswa
houspa_XC322720.ogg.npy,houspa
comkin1_XC156446.ogg.npy,comkin1
grnsan_XC539699.ogg.npy,grnsan
litgre1_XC266563.ogg.npy,litgre1
hoopoe_XC787620.ogg.npy,hoopoe
houspa_XC233934.ogg.npy,houspa
plapri1_XC711505.ogg.npy,plapri1
indrob1_XC507730.ogg.npy,indrob1
brnshr_XC469463.ogg.npy,brnshr
bcnher_XC584799.ogg.npy,bcnher
grewar3_XC139391.ogg.npy,grewar3
rorpar_XC209712.ogg.npy,rorpar
grewar3_XC216107.ogg.npy,grewar3
brodro1_XC625556.ogg.npy,brodro1
zitcis1_XC615695.ogg.npy,zitcis1
whbwoo2_XC124428.ogg.npy,whbwoo2
eaywag1_XC378218.ogg.npy,eaywag1
zitcis1_XC568231.ogg.npy,zitcis1
bkskit1_XC350251.ogg.npy,bkskit1
bcnher_XC658584.ogg.npy,bcnher
btbeat1_XC779878.ogg.npy,btbeat1
graher1_XC686511.ogg.npy,graher1
bkskit1_XC350357.ogg.npy,bkskit1
revbul_XC117098.ogg.npy,revbul
insowl1_XC303713.ogg.npy,insowl1
bkwsti_XC474371.ogg.npy,bkwsti
revbul_XC223624.ogg.npy,revbul
plaflo1_XC163879.ogg.npy,plaflo1
grewar3_XC776095.ogg.npy,grewar3
eucdov_XC797623.ogg.npy,eucdov
asikoe2_XC558992.ogg.npy,asikoe2
laudov1_XC443638.ogg.npy,laudov1
yebbul3_XC387132.ogg.npy,yebbul3
eurcoo_XC705832.ogg.npy,eurcoo
litegr_XC403621.ogg.npy,litegr
labcro1_XC574366.ogg.npy,labcro1
categr_XC838624.ogg.npy,categr
commyn_XC577887.ogg.npy,commyn
rerswa1_XC701889.ogg.npy,rerswa1
whiter2_XC579201.ogg.npy,whiter2
rorpar_XC541890.ogg.npy,rorpar
houspa_XC835060.ogg.npy,houspa
comros_XC139004.ogg.npy,comros
greegr_XC340208.ogg.npy,greegr
commoo3_XC733888.ogg.npy,commoo3
rerswa1_XC826583.ogg.npy,rerswa1
commyn_XC503281.ogg.npy,commyn
comgre_XC801062.ogg.npy,comgre
eaywag1_XC718543.ogg.npy,eaywag1
whtkin2_XC600903.ogg.npy,whtkin2
bkwsti_XC645403.ogg.npy,bkwsti
bncwoo3_XC19612.ogg.npy,bncwoo3
eucdov_XC551229.ogg.npy,eucdov
gybpri1_XC487793.ogg.npy,gybpri1
lirplo_XC638624.ogg.npy,lirplo
woosan_XC553364.ogg.npy,woosan
grywag_XC202516.ogg.npy,grywag
comior1_XC802190.ogg.npy,comior1
houcro1_XC209201.ogg.npy,houcro1
barswa_XC636527.ogg.npy,barswa
rocpig_XC577661.ogg.npy,rocpig
grnsan_XC568858.ogg.npy,grnsan
comros_XC371257.ogg.npy,comros
rewlap1_XC462257.ogg.npy,rewlap1
houspa_XC679709.ogg.npy,houspa
indpit1_XC491004.ogg.npy,indpit1
bkskit1_XC583760.ogg.npy,bkskit1
barswa_XC667928.ogg.npy,barswa
rewlap1_XC665479.ogg.npy,rewlap1
asikoe2_XC400194.ogg.npy,asikoe2
barswa_XC721365.ogg.npy,barswa
ashdro1_XC114598.ogg.npy,ashdro1
rerswa1_XC753896.ogg.npy,rerswa1
comsan_XC795774.ogg.npy,comsan
laudov1_XC444435.ogg.npy,laudov1
comior1_XC268430.ogg.npy,comior1
comkin1_XC771375.ogg.npy,comkin1
commyn_XC520058.ogg.npy,commyn
inpher1_XC116748.ogg.npy,inpher1
zitcis1_XC559944.ogg.npy,zitcis1
wemhar1_XC184349.ogg.npy,wemhar1
kerlau2_XC856476.ogg.npy,kerlau2
comior1_XC616395.ogg.npy,comior1
rorpar_XC208665.ogg.npy,rorpar
greegr_XC661723.ogg.npy,greegr
comros_XC750945.ogg.npy,comros
comtai1_XC19647.ogg.npy,comtai1
comkin1_XC686761.ogg.npy,comkin1
grnsan_XC543442.ogg.npy,grnsan
sohmyn1_XC777529.ogg.npy,sohmyn1
compea_XC73135.ogg.npy,compea
comgre_XC304116.ogg.npy,comgre
lirplo_XC643887.ogg.npy,lirplo
bladro1_XC563398.ogg.npy,bladro1
woosan_XC799978.ogg.npy,woosan
lirplo_XC245758.ogg.npy,lirplo
kenplo1_XC785267.ogg.npy,kenplo1
pursun4_XC514852.ogg.npy,pursun4
grewar3_XC191263.ogg.npy,grewar3
bcnher_XC574400.ogg.npy,bcnher
piekin1_XC515975.ogg.npy,piekin1
grewar3_XC565715.ogg.npy,grewar3
eucdov_XC736416.ogg.npy,eucdov
commoo3_XC854727.ogg.npy,commoo3
plapri1_XC635572.ogg.npy,plapri1
zitcis1_XC544759.ogg.npy,zitcis1
pabflo1_XC541567.ogg.npy,pabflo1
eucdov_XC589369.ogg.npy,eucdov
putbab1_XC168287.ogg.npy,putbab1
lirplo_XC649316.ogg.npy,lirplo
categr_XC794287.ogg.npy,categr
indtit1_XC209049.ogg.npy,indtit1
gargan_XC734031.ogg.npy,gargan
bkskit1_XC513398.ogg.npy,bkskit1
houspa_XC544146.ogg.npy,houspa
commyn_XC551659.ogg.npy,commyn
comsan_XC569701.ogg.npy,comsan
gyhcaf1_XC606283.ogg.npy,gyhcaf1
grtdro1_XC336527.ogg.npy,grtdro1
rewbul_XC420425.ogg.npy,rewbul
brodro1_XC798112.ogg.npy,brodro1
litgre1_XC666444.ogg.npy,litgre1
categr_XC363098.ogg.npy,categr
comtai1_XC133730.ogg.npy,comtai1
purher1_XC467373.ogg.npy,purher1
comgre_XC821789.ogg.npy,comgre
houcro1_XC164026.ogg.npy,houcro1
grewar3_XC116619.ogg.npy,grewar3
comkin1_XC436253.ogg.npy,comkin1
stbkin1_XC525941.ogg.npy,stbkin1
piebus1_XC295429.ogg.npy,piebus1
commoo3_XC491002.ogg.npy,commoo3
commoo3_XC706983.ogg.npy,commoo3
brwjac1_XC400761.ogg.npy,brwjac1
bcnher_XC552020.ogg.npy,bcnher
bkwsti_XC487842.ogg.npy,bkwsti
grenig1_XC197393.ogg.npy,grenig1
brnshr_XC743391.ogg.npy,brnshr
blnmon1_XC496192.ogg.npy,blnmon1
comros_XC365773.ogg.npy,comros
comgre_XC460587.ogg.npy,comgre
hoopoe_XC646742.ogg.npy,hoopoe
plapri1_XC41380.ogg.npy,plapri1
grefla1_XC19683.ogg.npy,grefla1
purher1_XC664765.ogg.npy,purher1
paisto1_XC194955.ogg.npy,paisto1
spepic1_XC804337.ogg.npy,spepic1
graher1_XC569908.ogg.npy,graher1
litgre1_XC409766.ogg.npy,litgre1
ashdro1_XC239744.ogg.npy,ashdro1
wemhar1_XC263710.ogg.npy,wemhar1
indpit1_XC214008.ogg.npy,indpit1
bcnher_XC464577.ogg.npy,bcnher
eurcoo_XC552156.ogg.npy,eurcoo
blakit1_XC364942.ogg.npy,blakit1
commoo3_XC844780.ogg.npy,commoo3
comros_XC206257.ogg.npy,comros
comior1_XC730844.ogg.npy,comior1
comros_XC330344.ogg.npy,comros
eurcoo_XC711487.ogg.npy,eurcoo
comkin1_XC804707.ogg.npy,comkin1
brnhao1_XC503417.ogg.npy,brnhao1
bkwsti_XC788175.ogg.npy,bkwsti
pursun4_XC240355.ogg.npy,pursun4
bkwsti_XC310429.ogg.npy,bkwsti
comkin1_XC677475.ogg.npy,comkin1
comtai1_XC209053.ogg.npy,comtai1
blhori1_XC461602.ogg.npy,blhori1
btbeat1_XC126308.ogg.npy,btbeat1
grnsan_XC845842.ogg.npy,grnsan
indpit1_XC210837.ogg.npy,indpit1
grtdro1_XC86960.ogg.npy,grtdro1
btbeat1_XC430259.ogg.npy,btbeat1
commoo3_XC183637.ogg.npy,commoo3
putbab1_XC394052.ogg.npy,putbab1
vehpar1_XC490505.ogg.npy,vehpar1
eucdov_XC512601.ogg.npy,eucdov
zitcis1_XC568397.ogg.npy,zitcis1
litegr_XC333987.ogg.npy,litegr
categr_XC45472.ogg.npy,categr
grnsan_XC489035.ogg.npy,grnsan
houspa_XC416145.ogg.npy,houspa
hoopoe_XC312068.ogg.npy,hoopoe
comros_XC134729.ogg.npy,comros
categr_XC757065.ogg.npy,categr
greegr_XC389241.ogg.npy,greegr
putbab1_XC613288.ogg.npy,putbab1
rewbul_XC838782.ogg.npy,rewbul
cohcuc1_XC571502.ogg.npy,cohcuc1
comgre_XC819167.ogg.npy,comgre
isbduc1_XC358064.ogg.npy,isbduc1
kerlau2_XC736468.ogg.npy,kerlau2
purswa3_XC604209.ogg.npy,purswa3
gargan_XC630146.ogg.npy,gargan
woosan_XC841721.ogg.npy,woosan
comior1_XC119088.ogg.npy,comior1
whbwat1_XC809598.ogg.npy,whbwat1
rocpig_XC486873.ogg.npy,rocpig
lesyel1_XC584086.ogg.npy,lesyel1
comsan_XC296432.ogg.npy,comsan
graher1_XC587883.ogg.npy,graher1
barswa_XC263637.ogg.npy,barswa
blrwar1_XC825876.ogg.npy,blrwar1
eurcoo_XC548873.ogg.npy,eurcoo
eaywag1_XC790732.ogg.npy,eaywag1
grtdro1_XC181822.ogg.npy,grtdro1
commoo3_XC837574.ogg.npy,commoo3
indrol2_XC118197.ogg.npy,indrol2
gyhcaf1_XC291800.ogg.npy,gyhcaf1
pursun4_XC213697.ogg.npy,pursun4
bkwsti_XC263296.ogg.npy,bkwsti
comkin1_XC188961.ogg.npy,comkin1
asikoe2_XC540317.ogg.npy,asikoe2
labcro1_XC157274.ogg.npy,labcro1
rorpar_XC591671.ogg.npy,rorpar
insbab1_XC116381.ogg.npy,insbab1
comgre_XC831010.ogg.npy,comgre
bcnher_XC732216.ogg.npy,bcnher
bkwsti_XC649550.ogg.npy,bkwsti
stbkin1_XC813995.ogg.npy,stbkin1
greegr_XC323526.ogg.npy,greegr
rorpar_XC263128.ogg.npy,rorpar
grenig1_XC520245.ogg.npy,grenig1
purher1_XC362363.ogg.npy,purher1
plhpar1_XC776894.ogg.npy,plhpar1
barswa_XC632301.ogg.npy,barswa
rewbul_XC207917.ogg.npy,rewbul
bcnher_XC722928.ogg.npy,bcnher
comros_XC733969.ogg.npy,comros
graher1_XC440209.ogg.npy,graher1
grnwar1_XC561185.ogg.npy,grnwar1
tilwar1_XC285234.ogg.npy,tilwar1
junbab2_XC407475.ogg.npy,junbab2
grywag_XC561693.ogg.npy,grywag
whiter2_XC452751.ogg.npy,whiter2
litegr_XC667428.ogg.npy,litegr
graher1_XC544124.ogg.npy,graher1
goflea1_XC365186.ogg.npy,goflea1
wemhar1_XC648307.ogg.npy,wemhar1
litspi1_XC126807.ogg.npy,litspi1
crseag1_XC242268.ogg.npy,crseag1
graher1_XC497257.ogg.npy,graher1
zitcis1_XC372250.ogg.npy,zitcis1
whbtre1_XC296418.ogg.npy,whbtre1
litgre1_XC734387.ogg.npy,litgre1
comior1_XC684249.ogg.npy,comior1
oripip1_XC756581.ogg.npy,oripip1
comgre_XC711385.ogg.npy,comgre
commyn_XC335602.ogg.npy,commyn
bkwsti_XC570738.ogg.npy,bkwsti
comior1_XC164666.ogg.npy,comior1
woosan_XC184460.ogg.npy,woosan
barswa_XC672484.ogg.npy,barswa
woosan_XC314265.ogg.npy,woosan
bkwsti_XC805567.ogg.npy,bkwsti
gyhcaf1_XC399095.ogg.npy,gyhcaf1
junowl1_XC155372.ogg.npy,junowl1
pursun4_XC308260.ogg.npy,pursun4
blrwar1_XC247738.ogg.npy,blrwar1
yebbab1_XC756556.ogg.npy,yebbab1
rocpig_XC774965.ogg.npy,rocpig
litgre1_XC677253.ogg.npy,litgre1
bcnher_XC542993.ogg.npy,bcnher
wemhar1_XC796295.ogg.npy,wemhar1
rossta2_XC654481.ogg.npy,rossta2
litegr_XC687076.ogg.npy,litegr
eaywag1_XC761649.ogg.npy,eaywag1
gyhcaf1_XC782031.ogg.npy,gyhcaf1
comtai1_XC799375.ogg.npy,comtai1
brnshr_XC456210.ogg.npy,brnshr
asikoe2_XC743612.ogg.npy,asikoe2
greegr_XC452998.ogg.npy,greegr
comros_XC208345.ogg.npy,comros
blrwar1_XC568624.ogg.npy,blrwar1
rocpig_XC446270.ogg.npy,rocpig
commyn_XC208164.ogg.npy,commyn
junbab2_XC426165.ogg.npy,junbab2
kenplo1_XC371001.ogg.npy,kenplo1
grewar3_XC810789.ogg.npy,grewar3
barswa_XC361740.ogg.npy,barswa
putbab1_XC126879.ogg.npy,putbab1
blrwar1_XC807926.ogg.npy,blrwar1
asikoe2_XC433058.ogg.npy,asikoe2
zitcis1_XC689204.ogg.npy,zitcis1
grtdro1_XC402975.ogg.npy,grtdro1
hoopoe_XC652235.ogg.npy,hoopoe
kenplo1_XC808295.ogg.npy,kenplo1
rewbul_XC207908.ogg.npy,rewbul
moipig1_XC210497.ogg.npy,moipig1
comgre_XC507429.ogg.npy,comgre
blhori1_XC571465.ogg.npy,blhori1
ingori1_XC467416.ogg.npy,ingori1
grefla1_XC619760.ogg.npy,grefla1
eaywag1_XC729182.ogg.npy,eaywag1
blhori1_XC163489.ogg.npy,blhori1
litswi1_XC344780.ogg.npy,litswi1
zitcis1_XC741292.ogg.npy,zitcis1
putbab1_XC667042.ogg.npy,putbab1
woosan_XC381812.ogg.npy,woosan
purher1_XC712444.ogg.npy,purher1
grtdro1_XC284776.ogg.npy,grtdro1
eaywag1_XC672854.ogg.npy,eaywag1
bcnher_XC800503.ogg.npy,bcnher
plapri1_XC812275.ogg.npy,plapri1
comtai1_XC293545.ogg.npy,comtai1
rerswa1_XC777595.ogg.npy,rerswa1
grecou1_XC467966.ogg.npy,grecou1
grynig2_XC777393.ogg.npy,grynig2
bcnher_XC647549.ogg.npy,bcnher
grehor1_XC700260.ogg.npy,grehor1
eaywag1_XC585563.ogg.npy,eaywag1
blhori1_XC491045.ogg.npy,blhori1
gybpri1_XC419415.ogg.npy,gybpri1
spodov_XC380593.ogg.npy,spodov
rerswa1_XC178273.ogg.npy,rerswa1
whbwag1_XC610908.ogg.npy,whbwag1
grnsan_XC715322.ogg.npy,grnsan
ashpri1_XC306464.ogg.npy,ashpri1
grewar3_XC180541.ogg.npy,grewar3
bcnher_XC826612.ogg.npy,bcnher
stbkin1_XC151339.ogg.npy,stbkin1
houspa_XC703378.ogg.npy,houspa
stbkin1_XC192650.ogg.npy,stbkin1
commoo3_XC341739.ogg.npy,commoo3
grywag_XC527043.ogg.npy,grywag
hoopoe_XC307020.ogg.npy,hoopoe
blhori1_XC425096.ogg.npy,blhori1
grywag_XC608016.ogg.npy,grywag
graher1_XC669217.ogg.npy,graher1
rocpig_XC847146.ogg.npy,rocpig
eaywag1_XC672273.ogg.npy,eaywag1
sohmyn1_XC269243.ogg.npy,sohmyn1
barswa_XC690498.ogg.npy,barswa
pursun4_XC690230.ogg.npy,pursun4
grnsan_XC234595.ogg.npy,grnsan
hoopoe_XC457301.ogg.npy,hoopoe
piebus1_XC785415.ogg.npy,piebus1
inbrob1_XC367146.ogg.npy,inbrob1
eurbla2_XC648794.ogg.npy,eurbla2
wemhar1_XC812071.ogg.npy,wemhar1
greegr_XC705414.ogg.npy,greegr
wemhar1_XC419843.ogg.npy,wemhar1
comsan_XC385909.ogg.npy,comsan
ashdro1_XC139175.ogg.npy,ashdro1
hoopoe_XC374775.ogg.npy,hoopoe
graher1_XC744928.ogg.npy,graher1
wemhar1_XC145350.ogg.npy,wemhar1
commoo3_XC469047.ogg.npy,commoo3
comior1_XC461221.ogg.npy,comior1
comsan_XC492978.ogg.npy,comsan
grywag_XC320629.ogg.npy,grywag
whbwoo2_XC378297.ogg.npy,whbwoo2
lirplo_XC736830.ogg.npy,lirplo
indrol2_XC676839.ogg.npy,indrol2
comros_XC791231.ogg.npy,comros
blakit1_XC446128.ogg.npy,blakit1
purher1_XC839008.ogg.npy,purher1
greegr_XC597642.ogg.npy,greegr
rorpar_XC695604.ogg.npy,rorpar
whbwat1_XC365727.ogg.npy,whbwat1
ashpri1_XC116339.ogg.npy,ashpri1
malpar1_XC777671.ogg.npy,malpar1
greegr_XC603579.ogg.npy,greegr
piekin1_XC154207.ogg.npy,piekin1
bcnher_XC493110.ogg.npy,bcnher
asikoe2_XC659723.ogg.npy,asikoe2
blakit1_XC578424.ogg.npy,blakit1
sqtbul1_XC537496.ogg.npy,sqtbul1
grynig2_XC455675.ogg.npy,grynig2
kenplo1_XC718525.ogg.npy,kenplo1
bkskit1_XC353834.ogg.npy,bkskit1
rossta2_XC627035.ogg.npy,rossta2
grywag_XC198100.ogg.npy,grywag
barswa_XC690501.ogg.npy,barswa
rewlap1_XC652830.ogg.npy,rewlap1
whtkin2_XC302460.ogg.npy,whtkin2
eurcoo_XC385139.ogg.npy,eurcoo
houspa_XC127677.ogg.npy,houspa
gybpri1_XC643897.ogg.npy,gybpri1
pursun3_XC242415.ogg.npy,pursun3
purher1_XC794528.ogg.npy,purher1
houspa_XC581789.ogg.npy,houspa
comkin1_XC511644.ogg.npy,comkin1
thbwar1_XC607433.ogg.npy,thbwar1
bkskit1_XC353804.ogg.npy,bkskit1
pursun4_XC777295.ogg.npy,pursun4
hoopoe_XC410756.ogg.npy,hoopoe
asbfly_XC718355.ogg.npy,asbfly
houcro1_XC208279.ogg.npy,houcro1
indrol2_XC565947.ogg.npy,indrol2
btbeat1_XC150622.ogg.npy,btbeat1
lesyel1_XC620859.ogg.npy,lesyel1
asikoe2_XC304299.ogg.npy,asikoe2
litgre1_XC857826.ogg.npy,litgre1
comkin1_XC357710.ogg.npy,comkin1
wemhar1_XC512127.ogg.npy,wemhar1
brnshr_XC152927.ogg.npy,brnshr
comros_XC252038.ogg.npy,comros
hoopoe_XC646548.ogg.npy,hoopoe
putbab1_XC447975.ogg.npy,putbab1
litegr_XC526737.ogg.npy,litegr
grnsan_XC658481.ogg.npy,grnsan
comtai1_XC347935.ogg.npy,comtai1
eaywag1_XC795908.ogg.npy,eaywag1
comsan_XC526758.ogg.npy,comsan
eaywag1_XC800173.ogg.npy,eaywag1
rorpar_XC377324.ogg.npy,rorpar
whbbul2_XC196950.ogg.npy,whbbul2
zitcis1_XC403539.ogg.npy,zitcis1
hoopoe_XC560357.ogg.npy,hoopoe
houcro1_XC446886.ogg.npy,houcro1
blakit1_XC442940.ogg.npy,blakit1
comgre_XC686494.ogg.npy,comgre
bcnher_XC431999.ogg.npy,bcnher
grenig1_XC727491.ogg.npy,grenig1
bcnher_XC707713.ogg.npy,bcnher
eaywag1_XC334145.ogg.npy,eaywag1
grbeat1_XC621031.ogg.npy,grbeat1
gloibi_XC772501.ogg.npy,gloibi
litegr_XC779146.ogg.npy,litegr
bcnher_XC789654.ogg.npy,bcnher
eaywag1_XC306208.ogg.npy,eaywag1
ruftre2_XC696687.ogg.npy,ruftre2
houspa_XC835064.ogg.npy,houspa
grnsan_XC669510.ogg.npy,grnsan
blhori1_XC607195.ogg.npy,blhori1
eucdov_XC747494.ogg.npy,eucdov
bladro1_XC792259.ogg.npy,bladro1
blhori1_XC116433.ogg.npy,blhori1
bcnher_XC152401.ogg.npy,bcnher
asikoe2_XC729957.ogg.npy,asikoe2
pursun3_XC346137.ogg.npy,pursun3
putbab1_XC687977.ogg.npy,putbab1
barswa_XC306581.ogg.npy,barswa
comtai1_XC787660.ogg.npy,comtai1
blrwar1_XC567200.ogg.npy,blrwar1
hoopoe_XC717239.ogg.npy,hoopoe
bcnher_XC726227.ogg.npy,bcnher
gyhcaf1_XC720384.ogg.npy,gyhcaf1
eurcoo_XC402897.ogg.npy,eurcoo
litegr_XC576987.ogg.npy,litegr
grewar3_XC567553.ogg.npy,grewar3
blrwar1_XC135393.ogg.npy,blrwar1
grnsan_XC745145.ogg.npy,grnsan
eaywag1_XC588480.ogg.npy,eaywag1
grnsan_XC655469.ogg.npy,grnsan
eurcoo_XC716955.ogg.npy,eurcoo
whbwag1_XC590564.ogg.npy,whbwag1
grtdro1_XC327424.ogg.npy,grtdro1
barfly1_XC548373.ogg.npy,barfly1
grnsan_XC742206.ogg.npy,grnsan
hoopoe_XC655333.ogg.npy,hoopoe
gyhcaf1_XC293601.ogg.npy,gyhcaf1
grnsan_XC480962.ogg.npy,grnsan
grefla1_XC775165.ogg.npy,grefla1
rerswa1_XC423913.ogg.npy,rerswa1
blakit1_XC744738.ogg.npy,blakit1
woosan_XC856276.ogg.npy,woosan
copbar1_XC808583.ogg.npy,copbar1
eurcoo_XC790789.ogg.npy,eurcoo
bkwsti_XC658287.ogg.npy,bkwsti
pursun4_XC788187.ogg.npy,pursun4
moipig1_XC191876.ogg.npy,moipig1
comkin1_XC511650.ogg.npy,comkin1
litgre1_XC525871.ogg.npy,litgre1
wemhar1_XC614751.ogg.npy,wemhar1
woosan_XC216978.ogg.npy,woosan
grenig1_XC126403.ogg.npy,grenig1
grewar3_XC681748.ogg.npy,grewar3
labcro1_XC745941.ogg.npy,labcro1
comros_XC654449.ogg.npy,comros
blhori1_XC401182.ogg.npy,blhori1
greegr_XC150992.ogg.npy,greegr
lirplo_XC801072.ogg.npy,lirplo
houcro1_XC777634.ogg.npy,houcro1
zitcis1_XC401436.ogg.npy,zitcis1
graher1_XC309150.ogg.npy,graher1
rewbul_XC671013.ogg.npy,rewbul
graher1_XC530884.ogg.npy,graher1
whiter2_XC748837.ogg.npy,whiter2
eucdov_XC475096.ogg.npy,eucdov
houspa_XC818671.ogg.npy,houspa
crfbar1_XC302752.ogg.npy,crfbar1
labcro1_XC312586.ogg.npy,labcro1
lblwar1_XC652398.ogg.npy,lblwar1
inbrob1_XC265863.ogg.npy,inbrob1
barswa_XC337978.ogg.npy,barswa
purher1_XC794527.ogg.npy,purher1
litspi1_XC116771.ogg.npy,litspi1
rewlap1_XC544180.ogg.npy,rewlap1
whbwag1_XC316059.ogg.npy,whbwag1
kenplo1_XC552784.ogg.npy,kenplo1
comkin1_XC591055.ogg.npy,comkin1
commyn_XC194939.ogg.npy,commyn
bkwsti_XC665954.ogg.npy,bkwsti
smamin1_XC514098.ogg.npy,smamin1
commoo3_XC628522.ogg.npy,commoo3
comsan_XC836410.ogg.npy,comsan
stbkin1_XC613524.ogg.npy,stbkin1
eurcoo_XC803660.ogg.npy,eurcoo
barswa_XC660533.ogg.npy,barswa
commoo3_XC787446.ogg.npy,commoo3
eurcoo_XC266613.ogg.npy,eurcoo
ashpri1_XC116338.ogg.npy,ashpri1
comgre_XC825330.ogg.npy,comgre
forwag1_XC807375.ogg.npy,forwag1
eurcoo_XC543434.ogg.npy,eurcoo
blrwar1_XC572610.ogg.npy,blrwar1
blakit1_XC163904.ogg.npy,blakit1
litegr_XC838903.ogg.npy,litegr
putbab1_XC301815.ogg.npy,putbab1
zitcis1_XC749452.ogg.npy,zitcis1
hoopoe_XC611595.ogg.npy,hoopoe
labcro1_XC721439.ogg.npy,labcro1
ruftre2_XC433067.ogg.npy,ruftre2
eurcoo_XC724105.ogg.npy,eurcoo
litegr_XC464864.ogg.npy,litegr
lirplo_XC484240.ogg.npy,lirplo
comkin1_XC836655.ogg.npy,comkin1
brodro1_XC843785.ogg.npy,brodro1
bkskit1_XC350247.ogg.npy,bkskit1
comgre_XC615042.ogg.npy,comgre
houspa_XC327003.ogg.npy,houspa
spodov_XC787553.ogg.npy,spodov
gargan_XC361394.ogg.npy,gargan
plapri1_XC608344.ogg.npy,plapri1
cregos1_XC804346.ogg.npy,cregos1
woosan_XC584877.ogg.npy,woosan
comsan_XC381328.ogg.npy,comsan
lblwar1_XC191727.ogg.npy,lblwar1
eucdov_XC297454.ogg.npy,eucdov
commyn_XC183809.ogg.npy,commyn
comros_XC740499.ogg.npy,comros
gloibi_XC773516.ogg.npy,gloibi
sbeowl1_XC194754.ogg.npy,sbeowl1
eurbla2_XC256107.ogg.npy,eurbla2
piekin1_XC453350.ogg.npy,piekin1
comros_XC326022.ogg.npy,comros
asikoe2_XC591315.ogg.npy,asikoe2
kenplo1_XC376952.ogg.npy,kenplo1
commoo3_XC587998.ogg.npy,commoo3
comsan_XC503479.ogg.npy,comsan
insbab1_XC194546.ogg.npy,insbab1
rorpar_XC780506.ogg.npy,rorpar
blakit1_XC485741.ogg.npy,blakit1
ashwoo2_XC402826.ogg.npy,ashwoo2
comsan_XC330481.ogg.npy,comsan
comros_XC562779.ogg.npy,comros
grywag_XC480653.ogg.npy,grywag
blakit1_XC563574.ogg.npy,blakit1
graher1_XC782094.ogg.npy,graher1
grewar3_XC478349.ogg.npy,grewar3
lirplo_XC301079.ogg.npy,lirplo
grnsan_XC569780.ogg.npy,grnsan
graher1_XC176554.ogg.npy,graher1
kenplo1_XC379811.ogg.npy,kenplo1
nilfly2_XC548372.ogg.npy,nilfly2
commoo3_XC628931.ogg.npy,commoo3
woosan_XC737919.ogg.npy,woosan
zitcis1_XC809532.ogg.npy,zitcis1
comgre_XC436349.ogg.npy,comgre
lirplo_XC555094.ogg.npy,lirplo
comros_XC183173.ogg.npy,comros
grnsan_XC668290.ogg.npy,grnsan
wemhar1_XC175685.ogg.npy,wemhar1
comsan_XC501606.ogg.npy,comsan
stbkin1_XC406140.ogg.npy,stbkin1
bcnher_XC715318.ogg.npy,bcnher
lblwar1_XC157974.ogg.npy,lblwar1
wemhar1_XC575625.ogg.npy,wemhar1
hoopoe_XC170885.ogg.npy,hoopoe
hoopoe_XC134047.ogg.npy,hoopoe
grywag_XC753327.ogg.npy,grywag
graher1_XC738682.ogg.npy,graher1
whbwat1_XC606495.ogg.npy,whbwat1
greegr_XC365950.ogg.npy,greegr
piekin1_XC515974.ogg.npy,piekin1
bkwsti_XC749605.ogg.npy,bkwsti
grehor1_XC735693.ogg.npy,grehor1
grtdro1_XC126627.ogg.npy,grtdro1
rerswa1_XC196655.ogg.npy,rerswa1
comfla1_XC361850.ogg.npy,comfla1
barswa_XC669759.ogg.npy,barswa
whbwat1_XC442555.ogg.npy,whbwat1
blnmon1_XC799131.ogg.npy,blnmon1
hoopoe_XC303733.ogg.npy,hoopoe
greegr_XC607343.ogg.npy,greegr
grnwar1_XC472265.ogg.npy,grnwar1
litegr_XC333910.ogg.npy,litegr
asbfly_XC596043.ogg.npy,asbfly
placuc3_XC181935.ogg.npy,placuc3
grnsan_XC822866.ogg.npy,grnsan
zitcis1_XC481357.ogg.npy,zitcis1
commoo3_XC464977.ogg.npy,commoo3
purher1_XC319014.ogg.npy,purher1
gargan_XC542666.ogg.npy,gargan
litgre1_XC567965.ogg.npy,litgre1
comgre_XC824314.ogg.npy,comgre
graher1_XC355295.ogg.npy,graher1
litgre1_XC642743.ogg.npy,litgre1
maghor2_XC197740.ogg.npy,maghor2
eaywag1_XC673165.ogg.npy,eaywag1
graher1_XC570016.ogg.npy,graher1
rorpar_XC568863.ogg.npy,rorpar
eurcoo_XC656834.ogg.npy,eurcoo
oripip1_XC441381.ogg.npy,oripip1
barswa_XC330429.ogg.npy,barswa
blrwar1_XC181308.ogg.npy,blrwar1
litegr_XC685031.ogg.npy,litegr
eaywag1_XC145072.ogg.npy,eaywag1
bkwsti_XC684950.ogg.npy,bkwsti
comsan_XC691595.ogg.npy,comsan
wemhar1_XC715925.ogg.npy,wemhar1
grewar3_XC684274.ogg.npy,grewar3
comsan_XC695371.ogg.npy,comsan
grewar3_XC420478.ogg.npy,grewar3
grnsan_XC773148.ogg.npy,grnsan
sbeowl1_XC391346.ogg.npy,sbeowl1
rorpar_XC267021.ogg.npy,rorpar
rorpar_XC784681.ogg.npy,rorpar
eucdov_XC363124.ogg.npy,eucdov
brcful1_XC19613.ogg.npy,brcful1
indpit1_XC392157.ogg.npy,indpit1
woosan_XC733183.ogg.npy,woosan
woosan_XC743947.ogg.npy,woosan
graher1_XC587829.ogg.npy,graher1
rewlap1_XC253199.ogg.npy,rewlap1
comtai1_XC419830.ogg.npy,comtai1
eaywag1_XC477546.ogg.npy,eaywag1
litgre1_XC709778.ogg.npy,litgre1
woosan_XC827124.ogg.npy,woosan
houspa_XC167383.ogg.npy,houspa
blrwar1_XC181775.ogg.npy,blrwar1
greegr_XC655961.ogg.npy,greegr
whtkin2_XC308560.ogg.npy,whtkin2
bladro1_XC385500.ogg.npy,bladro1
rorpar_XC828982.ogg.npy,rorpar
comsan_XC197017.ogg.npy,comsan
bladro1_XC604358.ogg.npy,bladro1
wemhar1_XC793392.ogg.npy,wemhar1
litegr_XC333879.ogg.npy,litegr
nutman_XC685845.ogg.npy,nutman
stbkin1_XC636711.ogg.npy,stbkin1
comgre_XC403946.ogg.npy,comgre
wemhar1_XC801891.ogg.npy,wemhar1
rufbab3_XC331896.ogg.npy,rufbab3
nilfly2_XC239738.ogg.npy,nilfly2
aspfly1_XC760797.ogg.npy,aspfly1
commyn_XC544012.ogg.npy,commyn
goflea1_XC49768.ogg.npy,goflea1
eucdov_XC618519.ogg.npy,eucdov
grnwar1_XC197889.ogg.npy,grnwar1
grywag_XC401459.ogg.npy,grywag
rocpig_XC380349.ogg.npy,rocpig
sohmyn1_XC190809.ogg.npy,sohmyn1
labcro1_XC508021.ogg.npy,labcro1
pursun4_XC574321.ogg.npy,pursun4
comgre_XC146877.ogg.npy,comgre
grnsan_XC735224.ogg.npy,grnsan
smamin1_XC308252.ogg.npy,smamin1
grnsan_XC549702.ogg.npy,grnsan
rorpar_XC723251.ogg.npy,rorpar
grnwar1_XC208996.ogg.npy,grnwar1
malpar1_XC190756.ogg.npy,malpar1
nutman_XC209553.ogg.npy,nutman
comros_XC320447.ogg.npy,comros
bcnher_XC448799.ogg.npy,bcnher
comsan_XC686345.ogg.npy,comsan
comros_XC247820.ogg.npy,comros
grnsan_XC813151.ogg.npy,grnsan
ruftre2_XC346251.ogg.npy,ruftre2
comior1_XC570894.ogg.npy,comior1
houcro1_XC665874.ogg.npy,houcro1
comior1_XC192034.ogg.npy,comior1
wemhar1_XC618103.ogg.npy,wemhar1
spodov_XC756569.ogg.npy,spodov
putbab1_XC697555.ogg.npy,putbab1
rorpar_XC177634.ogg.npy,rorpar
hoopoe_XC788140.ogg.npy,hoopoe
bcnher_XC530927.ogg.npy,bcnher
eucdov_XC810137.ogg.npy,eucdov
comior1_XC243350.ogg.npy,comior1
whrmun_XC778724.ogg.npy,whrmun
comsan_XC501617.ogg.npy,comsan
barswa_XC364681.ogg.npy,barswa
comtai1_XC209046.ogg.npy,comtai1
asbfly_XC665386.ogg.npy,asbfly
rewbul_XC823524.ogg.npy,rewbul
plapri1_XC606960.ogg.npy,plapri1
zitcis1_XC266443.ogg.npy,zitcis1
bkskit1_XC671635.ogg.npy,bkskit1
eaywag1_XC355983.ogg.npy,eaywag1
labcro1_XC391267.ogg.npy,labcro1
rossta2_XC755713.ogg.npy,rossta2
litegr_XC584184.ogg.npy,litegr
commyn_XC73133.ogg.npy,commyn
grewar3_XC813863.ogg.npy,grewar3
putbab1_XC366262.ogg.npy,putbab1
putbab1_XC294914.ogg.npy,putbab1
rorpar_XC166079.ogg.npy,rorpar
blakit1_XC653986.ogg.npy,blakit1
tibfly3_XC331901.ogg.npy,tibfly3
ruftre2_XC120592.ogg.npy,ruftre2
spodov_XC459292.ogg.npy,spodov
houcro1_XC608055.ogg.npy,houcro1
asbfly_XC341612.ogg.npy,asbfly
labcro1_XC579185.ogg.npy,labcro1
woosan_XC804885.ogg.npy,woosan
categr_XC756293.ogg.npy,categr
comkin1_XC202467.ogg.npy,comkin1
woosan_XC643933.ogg.npy,woosan
grnsan_XC628231.ogg.npy,grnsan
categr_XC157743.ogg.npy,categr
gargan_XC340607.ogg.npy,gargan
eaywag1_XC155710.ogg.npy,eaywag1
blrwar1_XC560250.ogg.npy,blrwar1
comkin1_XC499043.ogg.npy,comkin1
inbrob1_XC312134.ogg.npy,inbrob1
ashpri1_XC699909.ogg.npy,ashpri1
whtkin2_XC365386.ogg.npy,whtkin2
eaywag1_XC145100.ogg.npy,eaywag1
ashdro1_XC329165.ogg.npy,ashdro1
grewar3_XC169607.ogg.npy,grewar3
whiter2_XC605105.ogg.npy,whiter2
bcnher_XC714165.ogg.npy,bcnher
compea_XC126241.ogg.npy,compea
comkin1_XC714117.ogg.npy,comkin1
grnwar1_XC798330.ogg.npy,grnwar1
rewbul_XC304469.ogg.npy,rewbul
bcnher_XC798775.ogg.npy,bcnher
comkin1_XC357709.ogg.npy,comkin1
comtai1_XC500616.ogg.npy,comtai1
rossta2_XC807778.ogg.npy,rossta2
brfowl1_XC361783.ogg.npy,brfowl1
rewbul_XC400923.ogg.npy,rewbul
grtdro1_XC352037.ogg.npy,grtdro1
comsan_XC636686.ogg.npy,comsan
grbeat1_XC569674.ogg.npy,grbeat1
crseag1_XC622022.ogg.npy,crseag1
yebbul3_XC632655.ogg.npy,yebbul3
lirplo_XC738521.ogg.npy,lirplo
comros_XC162683.ogg.npy,comros
woosan_XC565297.ogg.npy,woosan
grnwar1_XC482688.ogg.npy,grnwar1
asbfly_XC396238.ogg.npy,asbfly
gyhcaf1_XC573152.ogg.npy,gyhcaf1
whrmun_XC573343.ogg.npy,whrmun
gryfra_XC796874.ogg.npy,gryfra
mawthr1_XC648140.ogg.npy,mawthr1
houspa_XC780889.ogg.npy,houspa
piebus1_XC265266.ogg.npy,piebus1
placuc3_XC331891.ogg.npy,placuc3
rerswa1_XC423902.ogg.npy,rerswa1
rossta2_XC652559.ogg.npy,rossta2
litgre1_XC805169.ogg.npy,litgre1
rossta2_XC116614.ogg.npy,rossta2
woosan_XC381829.ogg.npy,woosan
rufwoo2_XC186498.ogg.npy,rufwoo2
rewlap1_XC802187.ogg.npy,rewlap1
spoowl1_XC636715.ogg.npy,spoowl1
bkwsti_XC120508.ogg.npy,bkwsti
graher1_XC185024.ogg.npy,graher1
lirplo_XC737710.ogg.npy,lirplo
eurcoo_XC783536.ogg.npy,eurcoo
grtdro1_XC606489.ogg.npy,grtdro1
whcbar1_XC573819.ogg.npy,whcbar1
bladro1_XC710125.ogg.npy,bladro1
brcful1_XC404360.ogg.npy,brcful1
marsan_XC385926.ogg.npy,marsan
houcro1_XC209192.ogg.npy,houcro1
blrwar1_XC477893.ogg.npy,blrwar1
bkskit1_XC353809.ogg.npy,bkskit1
whtkin2_XC721352.ogg.npy,whtkin2
comsan_XC738113.ogg.npy,comsan
comtai1_XC689844.ogg.npy,comtai1
crseag1_XC409338.ogg.npy,crseag1
blakit1_XC436199.ogg.npy,blakit1
comsan_XC469617.ogg.npy,comsan
ashpri1_XC530824.ogg.npy,ashpri1
gybpri1_XC736745.ogg.npy,gybpri1
bkskit1_XC352551.ogg.npy,bkskit1
insowl1_XC433063.ogg.npy,insowl1
rorpar_XC841186.ogg.npy,rorpar
eucdov_XC790243.ogg.npy,eucdov
aspfly1_XC210848.ogg.npy,aspfly1
aspswi1_XC783753.ogg.npy,aspswi1
litegr_XC576974.ogg.npy,litegr
commoo3_XC560135.ogg.npy,commoo3
grewar3_XC187511.ogg.npy,grewar3
bkskit1_XC350345.ogg.npy,bkskit1
indrol2_XC432461.ogg.npy,indrol2
comgre_XC823113.ogg.npy,comgre
rorpar_XC495558.ogg.npy,rorpar
comros_XC438937.ogg.npy,comros
comior1_XC216876.ogg.npy,comior1
bcnher_XC575510.ogg.npy,bcnher
grewar3_XC181135.ogg.npy,grewar3
eaywag1_XC677330.ogg.npy,eaywag1
blrwar1_XC659132.ogg.npy,blrwar1
houspa_XC752631.ogg.npy,houspa
asikoe2_XC787552.ogg.npy,asikoe2
eucdov_XC541576.ogg.npy,eucdov
commoo3_XC541828.ogg.npy,commoo3
rewbul_XC215848.ogg.npy,rewbul
comior1_XC575556.ogg.npy,comior1
oripip1_XC560516.ogg.npy,oripip1
zitcis1_XC596928.ogg.npy,zitcis1
barswa_XC412707.ogg.npy,barswa
eucdov_XC473920.ogg.npy,eucdov
grewar3_XC808525.ogg.npy,grewar3
asikoe2_XC731798.ogg.npy,asikoe2
comkin1_XC207123.ogg.npy,comkin1
junowl1_XC683123.ogg.npy,junowl1
rewbul_XC291896.ogg.npy,rewbul
tibfly3_XC404482.ogg.npy,tibfly3
litegr_XC500271.ogg.npy,litegr
hoopoe_XC179514.ogg.npy,hoopoe
whbwat1_XC150449.ogg.npy,whbwat1
indrol2_XC600798.ogg.npy,indrol2
gybpri1_XC295449.ogg.npy,gybpri1
grewar3_XC659659.ogg.npy,grewar3
whbwat1_XC362966.ogg.npy,whbwat1
whtkin2_XC621468.ogg.npy,whtkin2
grywag_XC456035.ogg.npy,grywag
marsan_XC840657.ogg.npy,marsan
tibfly3_XC303904.ogg.npy,tibfly3
rerswa1_XC721768.ogg.npy,rerswa1
putbab1_XC464798.ogg.npy,putbab1
comgre_XC686497.ogg.npy,comgre
asbfly_XC341611.ogg.npy,asbfly
comros_XC768920.ogg.npy,comros
eaywag1_XC670506.ogg.npy,eaywag1
spepic1_XC653914.ogg.npy,spepic1
lirplo_XC837832.ogg.npy,lirplo
lirplo_XC555828.ogg.npy,lirplo
grywag_XC605577.ogg.npy,grywag
graher1_XC587869.ogg.npy,graher1
blakit1_XC493735.ogg.npy,blakit1
ashwoo2_XC803328.ogg.npy,ashwoo2
brcful1_XC237686.ogg.npy,brcful1
brodro1_XC577846.ogg.npy,brodro1
grywag_XC832833.ogg.npy,grywag
bkskit1_XC352560.ogg.npy,bkskit1
blrwar1_XC659093.ogg.npy,blrwar1
comkin1_XC185462.ogg.npy,comkin1
commoo3_XC732742.ogg.npy,commoo3
brwowl1_XC531811.ogg.npy,brwowl1
houspa_XC791003.ogg.npy,houspa
plapri1_XC788001.ogg.npy,plapri1
comsan_XC681230.ogg.npy,comsan
houspa_XC108385.ogg.npy,houspa
tilwar1_XC816488.ogg.npy,tilwar1
zitcis1_XC668285.ogg.npy,zitcis1
laudov1_XC558438.ogg.npy,laudov1
eaywag1_XC489936.ogg.npy,eaywag1
commoo3_XC764958.ogg.npy,commoo3
gyhcaf1_XC775131.ogg.npy,gyhcaf1
shikra1_XC328068.ogg.npy,shikra1
plaflo1_XC302753.ogg.npy,plaflo1
houcro1_XC443752.ogg.npy,houcro1
grejun2_XC192898.ogg.npy,grejun2
brwowl1_XC151382.ogg.npy,brwowl1
litegr_XC683061.ogg.npy,litegr
comros_XC740498.ogg.npy,comros
rocpig_XC419252.ogg.npy,rocpig
forwag1_XC785115.ogg.npy,forwag1
greegr_XC161280.ogg.npy,greegr
eurcoo_XC554431.ogg.npy,eurcoo
copbar1_XC822911.ogg.npy,copbar1
eurcoo_XC783012.ogg.npy,eurcoo
woosan_XC717329.ogg.npy,woosan
comior1_XC321683.ogg.npy,comior1
grnsan_XC823250.ogg.npy,grnsan
brnshr_XC458256.ogg.npy,brnshr
lirplo_XC546386.ogg.npy,lirplo
commoo3_XC268554.ogg.npy,commoo3
bkwsti_XC514789.ogg.npy,bkwsti
whtkin2_XC715534.ogg.npy,whtkin2
grywag_XC771881.ogg.npy,grywag
bkskit1_XC585501.ogg.npy,bkskit1
bladro1_XC738852.ogg.npy,bladro1
comgre_XC592706.ogg.npy,comgre
commoo3_XC534787.ogg.npy,commoo3
rossta2_XC572186.ogg.npy,rossta2
eucdov_XC82758.ogg.npy,eucdov
piekin1_XC638453.ogg.npy,piekin1
rewlap1_XC484174.ogg.npy,rewlap1
grnsan_XC669039.ogg.npy,grnsan
gloibi_XC800221.ogg.npy,gloibi
putbab1_XC665575.ogg.npy,putbab1
bcnher_XC293553.ogg.npy,bcnher
grefla1_XC667571.ogg.npy,grefla1
comkin1_XC767393.ogg.npy,comkin1
indrob1_XC741507.ogg.npy,indrob1
junbab2_XC188865.ogg.npy,junbab2
bcnher_XC551675.ogg.npy,bcnher
bcnher_XC720203.ogg.npy,bcnher
redspu1_XC471046.ogg.npy,redspu1
shikra1_XC185040.ogg.npy,shikra1
ashwoo2_XC823502.ogg.npy,ashwoo2
barswa_XC337979.ogg.npy,barswa
ingori1_XC188484.ogg.npy,ingori1
litegr_XC499164.ogg.npy,litegr
rorpar_XC780692.ogg.npy,rorpar
kenplo1_XC526932.ogg.npy,kenplo1
eaywag1_XC120420.ogg.npy,eaywag1
kenplo1_XC341986.ogg.npy,kenplo1
kenplo1_XC555089.ogg.npy,kenplo1
grejun2_XC574331.ogg.npy,grejun2
litegr_XC829567.ogg.npy,litegr
greegr_XC513744.ogg.npy,greegr
pabflo1_XC619048.ogg.npy,pabflo1
junmyn1_XC208334.ogg.npy,junmyn1
comros_XC808278.ogg.npy,comros
goflea1_XC209564.ogg.npy,goflea1
commoo3_XC623592.ogg.npy,commoo3
bladro1_XC152984.ogg.npy,bladro1
litswi1_XC126262.ogg.npy,litswi1
woosan_XC146063.ogg.npy,woosan
junmyn1_XC208342.ogg.npy,junmyn1
copbar1_XC406127.ogg.npy,copbar1
spepic1_XC706693.ogg.npy,spepic1
blakit1_XC799861.ogg.npy,blakit1
tilwar1_XC817947.ogg.npy,tilwar1
comros_XC67248.ogg.npy,comros
grtdro1_XC329485.ogg.npy,grtdro1
woosan_XC424654.ogg.npy,woosan
blhori1_XC19589.ogg.npy,blhori1
woosan_XC363663.ogg.npy,woosan
bkwsti_XC558418.ogg.npy,bkwsti
asikoe2_XC574752.ogg.npy,asikoe2
rocpig_XC615956.ogg.npy,rocpig
eurcoo_XC573003.ogg.npy,eurcoo
grywag_XC499079.ogg.npy,grywag
grecou1_XC829151.ogg.npy,grecou1
comior1_XC551975.ogg.npy,comior1
greegr_XC777011.ogg.npy,greegr
whrmun_XC773397.ogg.npy,whrmun
commoo3_XC553966.ogg.npy,commoo3
scamin3_XC215868.ogg.npy,scamin3
asikoe2_XC514743.ogg.npy,asikoe2
comfla1_XC423279.ogg.npy,comfla1
bcnher_XC508101.ogg.npy,bcnher
blnmon1_XC631974.ogg.npy,blnmon1
rorpar_XC283707.ogg.npy,rorpar
rorpar_XC478013.ogg.npy,rorpar
yebbul3_XC138099.ogg.npy,yebbul3
copbar1_XC209943.ogg.npy,copbar1
comgre_XC797963.ogg.npy,comgre
wemhar1_XC411292.ogg.npy,wemhar1
grnsan_XC586039.ogg.npy,grnsan
hoopoe_XC793074.ogg.npy,hoopoe
commoo3_XC557181.ogg.npy,commoo3
grnsan_XC819014.ogg.npy,grnsan
rorpar_XC234984.ogg.npy,rorpar
moipig1_XC19775.ogg.npy,moipig1
gyhcaf1_XC759946.ogg.npy,gyhcaf1
zitcis1_XC377257.ogg.npy,zitcis1
purswa3_XC579300.ogg.npy,purswa3
graher1_XC841416.ogg.npy,graher1
houcro1_XC163861.ogg.npy,houcro1
whiter2_XC480132.ogg.npy,whiter2
comior1_XC397020.ogg.npy,comior1
barswa_XC482761.ogg.npy,barswa
woosan_XC821354.ogg.npy,woosan
commyn_XC684628.ogg.npy,commyn
comsan_XC667808.ogg.npy,comsan
litegr_XC669096.ogg.npy,litegr
rorpar_XC736982.ogg.npy,rorpar
graher1_XC548303.ogg.npy,graher1
btbeat1_XC536275.ogg.npy,btbeat1
lblwar1_XC374352.ogg.npy,lblwar1
grewar3_XC293679.ogg.npy,grewar3
purher1_XC745389.ogg.npy,purher1
commoo3_XC288605.ogg.npy,commoo3
comior1_XC207869.ogg.npy,comior1
litegr_XC829384.ogg.npy,litegr
bkwsti_XC740830.ogg.npy,bkwsti
comior1_XC572937.ogg.npy,comior1
grtdro1_XC396411.ogg.npy,grtdro1
blnmon1_XC775951.ogg.npy,blnmon1
asbfly_XC575547.ogg.npy,asbfly
asbfly_XC839572.ogg.npy,asbfly
houspa_XC234404.ogg.npy,houspa
gargan_XC732669.ogg.npy,gargan
oripip1_XC441382.ogg.npy,oripip1
grewar3_XC162674.ogg.npy,grewar3
labcro1_XC731222.ogg.npy,labcro1
litspi1_XC423067.ogg.npy,litspi1
eurcoo_XC633391.ogg.npy,eurcoo
plhpar1_XC643749.ogg.npy,plhpar1
litegr_XC519915.ogg.npy,litegr
rorpar_XC546321.ogg.npy,rorpar
eaywag1_XC825495.ogg.npy,eaywag1
blrwar1_XC732230.ogg.npy,blrwar1
litegr_XC591377.ogg.npy,litegr
ingori1_XC692989.ogg.npy,ingori1
houspa_XC703376.ogg.npy,houspa
eaywag1_XC208701.ogg.npy,eaywag1
lirplo_XC746590.ogg.npy,lirplo
comtai1_XC410318.ogg.npy,comtai1
comsan_XC645352.ogg.npy,comsan
grenig1_XC239295.ogg.npy,grenig1
grywag_XC484997.ogg.npy,grywag
comros_XC656635.ogg.npy,comros
rorpar_XC577652.ogg.npy,rorpar
stbkin1_XC681280.ogg.npy,stbkin1
categr_XC692762.ogg.npy,categr
kenplo1_XC789729.ogg.npy,kenplo1
indrob1_XC576918.ogg.npy,indrob1
lirplo_XC377472.ogg.npy,lirplo
whtkin2_XC381376.ogg.npy,whtkin2
sbeowl1_XC634455.ogg.npy,sbeowl1
brnhao1_XC124210.ogg.npy,brnhao1
hoopoe_XC202569.ogg.npy,hoopoe
mawthr1_XC324014.ogg.npy,mawthr1
gyhcaf1_XC266977.ogg.npy,gyhcaf1
graher1_XC546297.ogg.npy,graher1
rorpar_XC74357.ogg.npy,rorpar
gargan_XC710595.ogg.npy,gargan
comtai1_XC808691.ogg.npy,comtai1
eaywag1_XC372974.ogg.npy,eaywag1
laudov1_XC184811.ogg.npy,laudov1
comros_XC134711.ogg.npy,comros
commyn_XC183880.ogg.npy,commyn
bkwsti_XC718551.ogg.npy,bkwsti
grywag_XC316379.ogg.npy,grywag
bwfshr1_XC781851.ogg.npy,bwfshr1
blrwar1_XC621304.ogg.npy,blrwar1
ashpri1_XC754294.ogg.npy,ashpri1
comior1_XC571420.ogg.npy,comior1
grewar3_XC424686.ogg.npy,grewar3
commoo3_XC796704.ogg.npy,commoo3
comior1_XC268331.ogg.npy,comior1
spepic1_XC305586.ogg.npy,spepic1
kenplo1_XC835371.ogg.npy,kenplo1
rocpig_XC503270.ogg.npy,rocpig
spodov_XC434919.ogg.npy,spodov
whtkin2_XC797018.ogg.npy,whtkin2
grywag_XC692949.ogg.npy,grywag
graher1_XC497254.ogg.npy,graher1
gybpri1_XC385863.ogg.npy,gybpri1
houspa_XC234405.ogg.npy,houspa
sbeowl1_XC665462.ogg.npy,sbeowl1
indrob1_XC741506.ogg.npy,indrob1
graher1_XC817739.ogg.npy,graher1
comgre_XC665790.ogg.npy,comgre
rewlap1_XC683868.ogg.npy,rewlap1
grewar3_XC185062.ogg.npy,grewar3
zitcis1_XC432674.ogg.npy,zitcis1
hoopoe_XC289478.ogg.npy,hoopoe
lirplo_XC179512.ogg.npy,lirplo
eucdov_XC236608.ogg.npy,eucdov
grywag_XC563695.ogg.npy,grywag
bkrfla1_XC19591.ogg.npy,bkrfla1
sohmyn1_XC469477.ogg.npy,sohmyn1
rewlap1_XC295443.ogg.npy,rewlap1
lirplo_XC379244.ogg.npy,lirplo
pabflo1_XC475572.ogg.npy,pabflo1
hoopoe_XC291958.ogg.npy,hoopoe
comros_XC573411.ogg.npy,comros
comtai1_XC239754.ogg.npy,comtai1
heswoo1_XC206708.ogg.npy,heswoo1
houcro1_XC255927.ogg.npy,houcro1
rocpig_XC492939.ogg.npy,rocpig
ruftre2_XC603705.ogg.npy,ruftre2
bkwsti_XC338804.ogg.npy,bkwsti
sbeowl1_XC212914.ogg.npy,sbeowl1
comkin1_XC794204.ogg.npy,comkin1
whbwat1_XC138532.ogg.npy,whbwat1
comkin1_XC581602.ogg.npy,comkin1
brnshr_XC458240.ogg.npy,brnshr
bkwsti_XC793823.ogg.npy,bkwsti
commoo3_XC557292.ogg.npy,commoo3
thbwar1_XC777659.ogg.npy,thbwar1
grnsan_XC378419.ogg.npy,grnsan
cohcuc1_XC443586.ogg.npy,cohcuc1
eurcoo_XC778297.ogg.npy,eurcoo
labcro1_XC347906.ogg.npy,labcro1
zitcis1_XC768439.ogg.npy,zitcis1
comros_XC837037.ogg.npy,comros
gyhcaf1_XC536448.ogg.npy,gyhcaf1
wemhar1_XC363588.ogg.npy,wemhar1
jerbus2_XC190819.ogg.npy,jerbus2
hoopoe_XC480280.ogg.npy,hoopoe
junbab2_XC197112.ogg.npy,junbab2
whtkin2_XC365429.ogg.npy,whtkin2
commoo3_XC782919.ogg.npy,commoo3
blhori1_XC798561.ogg.npy,blhori1
comgre_XC182786.ogg.npy,comgre
moipig1_XC21782.ogg.npy,moipig1
bkrfla1_XC416112.ogg.npy,bkrfla1
bkwsti_XC436192.ogg.npy,bkwsti
ashpri1_XC73019.ogg.npy,ashpri1
eurcoo_XC559923.ogg.npy,eurcoo
comtai1_XC464800.ogg.npy,comtai1
brakit1_XC575563.ogg.npy,brakit1
kenplo1_XC765776.ogg.npy,kenplo1
rorpar_XC208666.ogg.npy,rorpar
grewar3_XC420091.ogg.npy,grewar3
comros_XC664853.ogg.npy,comros
goflea1_XC684244.ogg.npy,goflea1
rerswa1_XC697563.ogg.npy,rerswa1
comros_XC492510.ogg.npy,comros
zitcis1_XC526449.ogg.npy,zitcis1
asbfly_XC578908.ogg.npy,asbfly
barswa_XC370354.ogg.npy,barswa
brnshr_XC469465.ogg.npy,brnshr
comior1_XC631475.ogg.npy,comior1
litgre1_XC667343.ogg.npy,litgre1
rorpar_XC521695.ogg.npy,rorpar
lirplo_XC800521.ogg.npy,lirplo
whbwoo2_XC858983.ogg.npy,whbwoo2
aspfly1_XC129029.ogg.npy,aspfly1
commoo3_XC547381.ogg.npy,commoo3
whbwat1_XC266604.ogg.npy,whbwat1
blrwar1_XC560255.ogg.npy,blrwar1
houcro1_XC430824.ogg.npy,houcro1
gyhcaf1_XC820378.ogg.npy,gyhcaf1
ashpri1_XC592508.ogg.npy,ashpri1
asikoe2_XC665230.ogg.npy,asikoe2
gargan_XC733437.ogg.npy,gargan
grtdro1_XC685149.ogg.npy,grtdro1
zitcis1_XC826917.ogg.npy,zitcis1
litswi1_XC494123.ogg.npy,litswi1
bkwsti_XC733196.ogg.npy,bkwsti
brnshr_XC678443.ogg.npy,brnshr
comros_XC185474.ogg.npy,comros
spodov_XC497557.ogg.npy,spodov
grewar3_XC811701.ogg.npy,grewar3
rorpar_XC209726.ogg.npy,rorpar
graher1_XC496517.ogg.npy,graher1
compea_XC316935.ogg.npy,compea
eucdov_XC514027.ogg.npy,eucdov
grtdro1_XC196743.ogg.npy,grtdro1
spodov_XC710640.ogg.npy,spodov
crbsun2_XC178281.ogg.npy,crbsun2
spodov_XC291099.ogg.npy,spodov
purher1_XC581050.ogg.npy,purher1
comsan_XC554764.ogg.npy,comsan
rewbul_XC304282.ogg.npy,rewbul
whcbar1_XC574862.ogg.npy,whcbar1
blnmon1_XC424218.ogg.npy,blnmon1
barswa_XC197400.ogg.npy,barswa
bcnher_XC725325.ogg.npy,bcnher
comfla1_XC756483.ogg.npy,comfla1
copbar1_XC754241.ogg.npy,copbar1
indpit1_XC453355.ogg.npy,indpit1
litgre1_XC677251.ogg.npy,litgre1
grywag_XC764250.ogg.npy,grywag
ashpri1_XC441384.ogg.npy,ashpri1
grtdro1_XC402780.ogg.npy,grtdro1
crfbar1_XC404474.ogg.npy,crfbar1
grecou1_XC770516.ogg.npy,grecou1
zitcis1_XC803673.ogg.npy,zitcis1
comgre_XC454594.ogg.npy,comgre
comros_XC247044.ogg.npy,comros
eucdov_XC370631.ogg.npy,eucdov
comtai1_XC133734.ogg.npy,comtai1
whiter2_XC840779.ogg.npy,whiter2
comior1_XC783855.ogg.npy,comior1
piebus1_XC185320.ogg.npy,piebus1
hoopoe_XC677453.ogg.npy,hoopoe
bcnher_XC545376.ogg.npy,bcnher
bladro1_XC587456.ogg.npy,bladro1
wemhar1_XC859056.ogg.npy,wemhar1
brcful1_XC666157.ogg.npy,brcful1
graher1_XC608175.ogg.npy,graher1
gybpri1_XC430251.ogg.npy,gybpri1
maltro1_XC613275.ogg.npy,maltro1
rewlap1_XC713231.ogg.npy,rewlap1
piekin1_XC211621.ogg.npy,piekin1
categr_XC713096.ogg.npy,categr
bkrfla1_XC419783.ogg.npy,bkrfla1
grtdro1_XC372567.ogg.npy,grtdro1
gloibi_XC789669.ogg.npy,gloibi
blakit1_XC267250.ogg.npy,blakit1
litegr_XC827587.ogg.npy,litegr
grewar3_XC183688.ogg.npy,grewar3
ashwoo2_XC442123.ogg.npy,ashwoo2
grtdro1_XC490551.ogg.npy,grtdro1
lirplo_XC744493.ogg.npy,lirplo
blakit1_XC320849.ogg.npy,blakit1
pursun4_XC322220.ogg.npy,pursun4
kenplo1_XC367088.ogg.npy,kenplo1
whbwoo2_XC304557.ogg.npy,whbwoo2
litgre1_XC855630.ogg.npy,litgre1
litgre1_XC134080.ogg.npy,litgre1
barswa_XC377071.ogg.npy,barswa
grecou1_XC632742.ogg.npy,grecou1
graher1_XC672787.ogg.npy,graher1
eucdov_XC193522.ogg.npy,eucdov
grewar3_XC321351.ogg.npy,grewar3
bkwsti_XC376945.ogg.npy,bkwsti
eaywag1_XC702609.ogg.npy,eaywag1
lirplo_XC615583.ogg.npy,lirplo
houspa_XC468459.ogg.npy,houspa
comsan_XC571437.ogg.npy,comsan
gargan_XC484257.ogg.npy,gargan
asikoe2_XC648745.ogg.npy,asikoe2
purher1_XC770995.ogg.npy,purher1
litspi1_XC785891.ogg.npy,litspi1
comtai1_XC484451.ogg.npy,comtai1
litegr_XC669363.ogg.npy,litegr
grnsan_XC622362.ogg.npy,grnsan
rufwoo2_XC243983.ogg.npy,rufwoo2
orihob2_XC695674.ogg.npy,orihob2
whiter2_XC164617.ogg.npy,whiter2
bladro1_XC786974.ogg.npy,bladro1
bkskit1_XC350358.ogg.npy,bkskit1
bkwsti_XC718461.ogg.npy,bkwsti
comgre_XC485990.ogg.npy,comgre
lirplo_XC797032.ogg.npy,lirplo
barswa_XC501814.ogg.npy,barswa
bcnher_XC538087.ogg.npy,bcnher
litegr_XC569463.ogg.npy,litegr
barswa_XC458637.ogg.npy,barswa
litgre1_XC692545.ogg.npy,litgre1
kenplo1_XC338276.ogg.npy,kenplo1
rewbul_XC265112.ogg.npy,rewbul
litgre1_XC823151.ogg.npy,litgre1
rewbul_XC578212.ogg.npy,rewbul
kenplo1_XC209895.ogg.npy,kenplo1
marsan_XC294971.ogg.npy,marsan
comros_XC677484.ogg.npy,comros
categr_XC410973.ogg.npy,categr
maghor2_XC197609.ogg.npy,maghor2
asbfly_XC484489.ogg.npy,asbfly
eurcoo_XC465951.ogg.npy,eurcoo
comior1_XC734196.ogg.npy,comior1
gryfra_XC611583.ogg.npy,gryfra
bkwsti_XC644209.ogg.npy,bkwsti
blrwar1_XC118223.ogg.npy,blrwar1
grbeat1_XC699152.ogg.npy,grbeat1
comkin1_XC499081.ogg.npy,comkin1
graher1_XC261374.ogg.npy,graher1
eurcoo_XC235506.ogg.npy,eurcoo
brcful1_XC844288.ogg.npy,brcful1
bcnher_XC659411.ogg.npy,bcnher
comgre_XC742913.ogg.npy,comgre
bkskit1_XC352573.ogg.npy,bkskit1
comsan_XC559389.ogg.npy,comsan
kenplo1_XC338277.ogg.npy,kenplo1
grewar3_XC638906.ogg.npy,grewar3
wemhar1_XC365526.ogg.npy,wemhar1
houspa_XC784249.ogg.npy,houspa
whiter2_XC417679.ogg.npy,whiter2
barswa_XC698512.ogg.npy,barswa
eurcoo_XC626345.ogg.npy,eurcoo
graher1_XC788486.ogg.npy,graher1
categr_XC838331.ogg.npy,categr
whbtre1_XC783990.ogg.npy,whbtre1
comgre_XC507430.ogg.npy,comgre
grtdro1_XC161729.ogg.npy,grtdro1
rerswa1_XC700182.ogg.npy,rerswa1
maltro1_XC613274.ogg.npy,maltro1
gloibi_XC430607.ogg.npy,gloibi
grnsan_XC829274.ogg.npy,grnsan
comgre_XC668317.ogg.npy,comgre
comtai1_XC453362.ogg.npy,comtai1
litspi1_XC150862.ogg.npy,litspi1
woosan_XC484264.ogg.npy,woosan
eurcoo_XC793985.ogg.npy,eurcoo
rewbul_XC742428.ogg.npy,rewbul
houspa_XC665040.ogg.npy,houspa
rewbul_XC722774.ogg.npy,rewbul
comkin1_XC466569.ogg.npy,comkin1
purher1_XC339765.ogg.npy,purher1
comsan_XC27065.ogg.npy,comsan
mawthr1_XC455211.ogg.npy,mawthr1
piebus1_XC295428.ogg.npy,piebus1
plhpar1_XC444446.ogg.npy,plhpar1
eurcoo_XC709292.ogg.npy,eurcoo
woosan_XC400539.ogg.npy,woosan
litegr_XC577900.ogg.npy,litegr
rewbul_XC360449.ogg.npy,rewbul
plhpar1_XC604411.ogg.npy,plhpar1
graher1_XC549332.ogg.npy,graher1
comkin1_XC513994.ogg.npy,comkin1
comros_XC519990.ogg.npy,comros
grewar3_XC323475.ogg.npy,grewar3
blakit1_XC431988.ogg.npy,blakit1
rewbul_XC569505.ogg.npy,rewbul
comtai1_XC628438.ogg.npy,comtai1
whbwat1_XC442851.ogg.npy,whbwat1
graher1_XC695757.ogg.npy,graher1
grnwar1_XC405274.ogg.npy,grnwar1
revbul_XC116831.ogg.npy,revbul
asikoe2_XC209025.ogg.npy,asikoe2
insowl1_XC402845.ogg.npy,insowl1
putbab1_XC677306.ogg.npy,putbab1
graher1_XC695753.ogg.npy,graher1
brcful1_XC629435.ogg.npy,brcful1
comsan_XC686344.ogg.npy,comsan
grtdro1_XC158464.ogg.npy,grtdro1
brnhao1_XC284533.ogg.npy,brnhao1
blnmon1_XC684715.ogg.npy,blnmon1
bcnher_XC856308.ogg.npy,bcnher
woosan_XC573246.ogg.npy,woosan
greegr_XC277163.ogg.npy,greegr
barswa_XC702808.ogg.npy,barswa
woosan_XC356504.ogg.npy,woosan
rewlap1_XC400330.ogg.npy,rewlap1
bkskit1_XC360516.ogg.npy,bkskit1
grnsan_XC715363.ogg.npy,grnsan
shikra1_XC207634.ogg.npy,shikra1
rorpar_XC199486.ogg.npy,rorpar
litgre1_XC637845.ogg.npy,litgre1
houspa_XC324840.ogg.npy,houspa
lirplo_XC625183.ogg.npy,lirplo
brodro1_XC843971.ogg.npy,brodro1
rerswa1_XC433097.ogg.npy,rerswa1
comros_XC185099.ogg.npy,comros
grewar3_XC122407.ogg.npy,grewar3
purher1_XC298591.ogg.npy,purher1
brnshr_XC598451.ogg.npy,brnshr
litegr_XC750571.ogg.npy,litegr
asikoe2_XC589814.ogg.npy,asikoe2
houspa_XC557009.ogg.npy,houspa
litgre1_XC737392.ogg.npy,litgre1
purher1_XC191096.ogg.npy,purher1
ashpri1_XC425034.ogg.npy,ashpri1
labcro1_XC446405.ogg.npy,labcro1
labcro1_XC654944.ogg.npy,labcro1
purher1_XC655099.ogg.npy,purher1
crseag1_XC464125.ogg.npy,crseag1
btbeat1_XC152202.ogg.npy,btbeat1
litgre1_XC486188.ogg.npy,litgre1
whcbar1_XC578228.ogg.npy,whcbar1
insbab1_XC529860.ogg.npy,insbab1
blrwar1_XC480057.ogg.npy,blrwar1
bkwsti_XC599096.ogg.npy,bkwsti
whtkin2_XC615586.ogg.npy,whtkin2
revbul_XC129368.ogg.npy,revbul
eurcoo_XC554755.ogg.npy,eurcoo
comkin1_XC289575.ogg.npy,comkin1
comgre_XC466420.ogg.npy,comgre
comsan_XC829354.ogg.npy,comsan
hoopoe_XC431484.ogg.npy,hoopoe
barswa_XC664995.ogg.npy,barswa
comsan_XC660610.ogg.npy,comsan
whbtre1_XC665707.ogg.npy,whbtre1
putbab1_XC188680.ogg.npy,putbab1
eaywag1_XC416184.ogg.npy,eaywag1
rewbul_XC276805.ogg.npy,rewbul
grnsan_XC666749.ogg.npy,grnsan
bkwsti_XC301625.ogg.npy,bkwsti
oripip1_XC306479.ogg.npy,oripip1
graher1_XC742598.ogg.npy,graher1
categr_XC352659.ogg.npy,categr
eucdov_XC631469.ogg.npy,eucdov
lblwar1_XC296445.ogg.npy,lblwar1
whcbar1_XC574857.ogg.npy,whcbar1
zitcis1_XC768490.ogg.npy,zitcis1
blakit1_XC858024.ogg.npy,blakit1
vehpar1_XC497094.ogg.npy,vehpar1
woosan_XC829104.ogg.npy,woosan
comtai1_XC786978.ogg.npy,comtai1
comkin1_XC767390.ogg.npy,comkin1
asbfly_XC767510.ogg.npy,asbfly
sqtbul1_XC168285.ogg.npy,sqtbul1
junmyn1_XC209023.ogg.npy,junmyn1
commyn_XC194940.ogg.npy,commyn
barswa_XC720444.ogg.npy,barswa
commoo3_XC138575.ogg.npy,commoo3
barswa_XC253981.ogg.npy,barswa
graher1_XC801088.ogg.npy,graher1
comkin1_XC581625.ogg.npy,comkin1
hoopoe_XC365530.ogg.npy,hoopoe
grtdro1_XC441224.ogg.npy,grtdro1
houcro1_XC308330.ogg.npy,houcro1
grnsan_XC828569.ogg.npy,grnsan
kenplo1_XC371155.ogg.npy,kenplo1
eaywag1_XC339499.ogg.npy,eaywag1
grewar3_XC176008.ogg.npy,grewar3
grnwar1_XC164017.ogg.npy,grnwar1
brwowl1_XC715167.ogg.npy,brwowl1
greegr_XC171678.ogg.npy,greegr
laudov1_XC775463.ogg.npy,laudov1
litgre1_XC732575.ogg.npy,litgre1
rorpar_XC630911.ogg.npy,rorpar
eaywag1_XC322603.ogg.npy,eaywag1
labcro1_XC408567.ogg.npy,labcro1
litgre1_XC531910.ogg.npy,litgre1
grewar3_XC490809.ogg.npy,grewar3
ashwoo2_XC639737.ogg.npy,ashwoo2
eurcoo_XC545937.ogg.npy,eurcoo
kenplo1_XC795873.ogg.npy,kenplo1
heswoo1_XC744698.ogg.npy,heswoo1
blrwar1_XC180476.ogg.npy,blrwar1
goflea1_XC684240.ogg.npy,goflea1
asikoe2_XC786437.ogg.npy,asikoe2
lblwar1_XC470539.ogg.npy,lblwar1
commoo3_XC556745.ogg.npy,commoo3
eurbla2_XC574613.ogg.npy,eurbla2
bkwsti_XC379892.ogg.npy,bkwsti
lirplo_XC743676.ogg.npy,lirplo
whiter2_XC580160.ogg.npy,whiter2
houspa_XC282280.ogg.npy,houspa
bkwsti_XC788440.ogg.npy,bkwsti
blhori1_XC417215.ogg.npy,blhori1
bkskit1_XC350355.ogg.npy,bkskit1
graher1_XC784322.ogg.npy,graher1
inbrob1_XC265858.ogg.npy,inbrob1
hoopoe_XC737253.ogg.npy,hoopoe
graher1_XC645177.ogg.npy,graher1
comgre_XC686484.ogg.npy,comgre
rerswa1_XC800516.ogg.npy,rerswa1
commyn_XC659214.ogg.npy,commyn
lirplo_XC358065.ogg.npy,lirplo
eucdov_XC669830.ogg.npy,eucdov
barswa_XC361735.ogg.npy,barswa
indrob1_XC73389.ogg.npy,indrob1
asbfly_XC778717.ogg.npy,asbfly
plapri1_XC356655.ogg.npy,plapri1
piebus1_XC404479.ogg.npy,piebus1
spodov_XC345159.ogg.npy,spodov
hoopoe_XC657594.ogg.npy,hoopoe
eucdov_XC623227.ogg.npy,eucdov
bcnher_XC496729.ogg.npy,bcnher
comsan_XC822531.ogg.npy,comsan
laudov1_XC613382.ogg.npy,laudov1
grywag_XC507380.ogg.npy,grywag
litgre1_XC702303.ogg.npy,litgre1
bcnher_XC767009.ogg.npy,bcnher
eucdov_XC539472.ogg.npy,eucdov
inbrob1_XC312270.ogg.npy,inbrob1
whtkin2_XC208768.ogg.npy,whtkin2
rocpig_XC513867.ogg.npy,rocpig
crbsun2_XC298415.ogg.npy,crbsun2
bcnher_XC856090.ogg.npy,bcnher
bkwsti_XC260278.ogg.npy,bkwsti
zitcis1_XC302781.ogg.npy,zitcis1
litgre1_XC554313.ogg.npy,litgre1
grnwar1_XC569036.ogg.npy,grnwar1
grtdro1_XC798100.ogg.npy,grtdro1
rewlap1_XC151307.ogg.npy,rewlap1
bcnher_XC306165.ogg.npy,bcnher
sohmyn1_XC164021.ogg.npy,sohmyn1
revbul_XC671492.ogg.npy,revbul
whiter2_XC801928.ogg.npy,whiter2
piekin1_XC615762.ogg.npy,piekin1
wemhar1_XC474019.ogg.npy,wemhar1
goflea1_XC608663.ogg.npy,goflea1
eaywag1_XC337612.ogg.npy,eaywag1
woosan_XC310519.ogg.npy,woosan
hoopoe_XC278457.ogg.npy,hoopoe
comros_XC120468.ogg.npy,comros
comgre_XC395268.ogg.npy,comgre
graher1_XC526874.ogg.npy,graher1
maltro1_XC613276.ogg.npy,maltro1
greegr_XC747042.ogg.npy,greegr
kenplo1_XC550837.ogg.npy,kenplo1
barswa_XC676613.ogg.npy,barswa
litgre1_XC665315.ogg.npy,litgre1
graher1_XC419135.ogg.npy,graher1
laudov1_XC365842.ogg.npy,laudov1
asbfly_XC846616.ogg.npy,asbfly
scamin3_XC178302.ogg.npy,scamin3
blrwar1_XC431699.ogg.npy,blrwar1
grnsan_XC740286.ogg.npy,grnsan
grecou1_XC163842.ogg.npy,grecou1
graher1_XC580208.ogg.npy,graher1
blrwar1_XC826766.ogg.npy,blrwar1
eurcoo_XC628739.ogg.npy,eurcoo
lblwar1_XC663019.ogg.npy,lblwar1
categr_XC463749.ogg.npy,categr
grnsan_XC544818.ogg.npy,grnsan
gybpri1_XC802191.ogg.npy,gybpri1
rewlap1_XC116836.ogg.npy,rewlap1
asbfly_XC629846.ogg.npy,asbfly
hoopoe_XC467856.ogg.npy,hoopoe
rewbul_XC713116.ogg.npy,rewbul
blnmon1_XC507433.ogg.npy,blnmon1
grywag_XC729044.ogg.npy,grywag
grnsan_XC579827.ogg.npy,grnsan
whbwoo2_XC787734.ogg.npy,whbwoo2
gargan_XC739272.ogg.npy,gargan
eurbla2_XC574603.ogg.npy,eurbla2
stbkin1_XC396016.ogg.npy,stbkin1
comkin1_XC202495.ogg.npy,comkin1
bkwsti_XC716028.ogg.npy,bkwsti
eurcoo_XC548458.ogg.npy,eurcoo
brnshr_XC458254.ogg.npy,brnshr
graher1_XC762327.ogg.npy,graher1
rerswa1_XC701891.ogg.npy,rerswa1
comkin1_XC202473.ogg.npy,comkin1
grnsan_XC276361.ogg.npy,grnsan
woosan_XC742927.ogg.npy,woosan
asikoe2_XC446446.ogg.npy,asikoe2
grywag_XC656050.ogg.npy,grywag
blakit1_XC192707.ogg.npy,blakit1
tilwar1_XC189206.ogg.npy,tilwar1
litgre1_XC326140.ogg.npy,litgre1
eaywag1_XC318047.ogg.npy,eaywag1
ashwoo2_XC503383.ogg.npy,ashwoo2
emedov2_XC811515.ogg.npy,emedov2
shikra1_XC523320.ogg.npy,shikra1
categr_XC196079.ogg.npy,categr
comgre_XC577632.ogg.npy,comgre
eaywag1_XC772237.ogg.npy,eaywag1
comsan_XC667865.ogg.npy,comsan
tibfly3_XC442348.ogg.npy,tibfly3
grnsan_XC629196.ogg.npy,grnsan
comros_XC495383.ogg.npy,comros
comkin1_XC673724.ogg.npy,comkin1
woosan_XC838633.ogg.npy,woosan
houspa_XC268250.ogg.npy,houspa
commoo3_XC636837.ogg.npy,commoo3
eucdov_XC581067.ogg.npy,eucdov
grtdro1_XC595618.ogg.npy,grtdro1
kenplo1_XC155665.ogg.npy,kenplo1
bkwsti_XC833584.ogg.npy,bkwsti
houspa_XC808336.ogg.npy,houspa
bladro1_XC514822.ogg.npy,bladro1
asikoe2_XC307546.ogg.npy,asikoe2
lirplo_XC341209.ogg.npy,lirplo
categr_XC361548.ogg.npy,categr
bladro1_XC358515.ogg.npy,bladro1
blrwar1_XC573523.ogg.npy,blrwar1
litegr_XC807314.ogg.npy,litegr
zitcis1_XC263700.ogg.npy,zitcis1
zitcis1_XC333704.ogg.npy,zitcis1
commoo3_XC727079.ogg.npy,commoo3
barswa_XC584461.ogg.npy,barswa
grywag_XC821774.ogg.npy,grywag
graher1_XC602402.ogg.npy,graher1
eucdov_XC808771.ogg.npy,eucdov
litgre1_XC605092.ogg.npy,litgre1
bladro1_XC842308.ogg.npy,bladro1
bkwsti_XC675515.ogg.npy,bkwsti
grtdro1_XC303710.ogg.npy,grtdro1
indrob1_XC788218.ogg.npy,indrob1
litgre1_XC264235.ogg.npy,litgre1
shikra1_XC637308.ogg.npy,shikra1
litgre1_XC723274.ogg.npy,litgre1
bcnher_XC574101.ogg.npy,bcnher
bkskit1_XC360640.ogg.npy,bkskit1
rocpig_XC475650.ogg.npy,rocpig
hoopoe_XC560352.ogg.npy,hoopoe
stbkin1_XC582602.ogg.npy,stbkin1
woosan_XC747319.ogg.npy,woosan
barswa_XC383831.ogg.npy,barswa
comsan_XC662120.ogg.npy,comsan
bkwsti_XC718460.ogg.npy,bkwsti
zitcis1_XC572912.ogg.npy,zitcis1
spodov_XC519900.ogg.npy,spodov
comsan_XC582118.ogg.npy,comsan
houspa_XC741816.ogg.npy,houspa
wemhar1_XC246615.ogg.npy,wemhar1
ashpri1_XC576914.ogg.npy,ashpri1
blrwar1_XC185454.ogg.npy,blrwar1
asikoe2_XC761692.ogg.npy,asikoe2
brnshr_XC681928.ogg.npy,brnshr
comtai1_XC743832.ogg.npy,comtai1
whbwat1_XC191244.ogg.npy,whbwat1
comsan_XC586330.ogg.npy,comsan
rorpar_XC681281.ogg.npy,rorpar
grywag_XC621630.ogg.npy,grywag
moipig1_XC731225.ogg.npy,moipig1
bcnher_XC675226.ogg.npy,bcnher
bkwsti_XC718463.ogg.npy,bkwsti
categr_XC838627.ogg.npy,categr
indpit1_XC190757.ogg.npy,indpit1
grejun2_XC306331.ogg.npy,grejun2
revbul_XC590312.ogg.npy,revbul
lirplo_XC132402.ogg.npy,lirplo
wemhar1_XC692053.ogg.npy,wemhar1
comkin1_XC565479.ogg.npy,comkin1
whbwat1_XC756459.ogg.npy,whbwat1
bkskit1_XC360665.ogg.npy,bkskit1
comsan_XC569699.ogg.npy,comsan
grtdro1_XC578906.ogg.npy,grtdro1
barswa_XC186847.ogg.npy,barswa
whiter2_XC845420.ogg.npy,whiter2
ashdro1_XC450404.ogg.npy,ashdro1
eurcoo_XC544611.ogg.npy,eurcoo
putbab1_XC210540.ogg.npy,putbab1
gybpri1_XC74151.ogg.npy,gybpri1
isbduc1_XC295226.ogg.npy,isbduc1
blrwar1_XC658147.ogg.npy,blrwar1
grewar3_XC155474.ogg.npy,grewar3
rerswa1_XC672469.ogg.npy,rerswa1
comgre_XC738227.ogg.npy,comgre
bkwsti_XC723386.ogg.npy,bkwsti
barswa_XC677197.ogg.npy,barswa
bcnher_XC332466.ogg.npy,bcnher
gryfra_XC332453.ogg.npy,gryfra
blrwar1_XC565303.ogg.npy,blrwar1
rocpig_XC266218.ogg.npy,rocpig
eucdov_XC492752.ogg.npy,eucdov
comros_XC191617.ogg.npy,comros
woosan_XC797773.ogg.npy,woosan
whcbar1_XC232972.ogg.npy,whcbar1
litgre1_XC471216.ogg.npy,litgre1
blhori1_XC754313.ogg.npy,blhori1
barswa_XC669362.ogg.npy,barswa
comros_XC455897.ogg.npy,comros
eurcoo_XC680709.ogg.npy,eurcoo
eucdov_XC789780.ogg.npy,eucdov
comior1_XC313636.ogg.npy,comior1
ruftre2_XC461988.ogg.npy,ruftre2
bkskit1_XC352480.ogg.npy,bkskit1
commoo3_XC802258.ogg.npy,commoo3
categr_XC814122.ogg.npy,categr
bkskit1_XC352510.ogg.npy,bkskit1
putbab1_XC325245.ogg.npy,putbab1
inpher1_XC428562.ogg.npy,inpher1
comkin1_XC267326.ogg.npy,comkin1
eaywag1_XC494491.ogg.npy,eaywag1
whiter2_XC363666.ogg.npy,whiter2
wemhar1_XC733803.ogg.npy,wemhar1
houspa_XC618236.ogg.npy,houspa
hoopoe_XC788394.ogg.npy,hoopoe
purher1_XC837005.ogg.npy,purher1
kenplo1_XC817403.ogg.npy,kenplo1
litegr_XC138320.ogg.npy,litegr
thbwar1_XC485181.ogg.npy,thbwar1
blrwar1_XC571137.ogg.npy,blrwar1
comior1_XC198430.ogg.npy,comior1
marsan_XC371012.ogg.npy,marsan
junbab2_XC796046.ogg.npy,junbab2
grywag_XC438908.ogg.npy,grywag
whbwoo2_XC382905.ogg.npy,whbwoo2
grywag_XC614090.ogg.npy,grywag
grnsan_XC701432.ogg.npy,grnsan
comkin1_XC476305.ogg.npy,comkin1
grywag_XC672224.ogg.npy,grywag
purher1_XC725446.ogg.npy,purher1
whiter2_XC190978.ogg.npy,whiter2
emedov2_XC167080.ogg.npy,emedov2
rocpig_XC858319.ogg.npy,rocpig
rorpar_XC606442.ogg.npy,rorpar
grewar3_XC460732.ogg.npy,grewar3
comros_XC677729.ogg.npy,comros
asikoe2_XC332698.ogg.npy,asikoe2
wemhar1_XC206373.ogg.npy,wemhar1
lirplo_XC555090.ogg.npy,lirplo
comros_XC455906.ogg.npy,comros
gryfra_XC351857.ogg.npy,gryfra
eucdov_XC555157.ogg.npy,eucdov
spepic1_XC806906.ogg.npy,spepic1
ruftre2_XC116856.ogg.npy,ruftre2
eaywag1_XC507663.ogg.npy,eaywag1
blrwar1_XC604028.ogg.npy,blrwar1
grtdro1_XC820513.ogg.npy,grtdro1
eucdov_XC564836.ogg.npy,eucdov
brwjac1_XC247318.ogg.npy,brwjac1
comros_XC432568.ogg.npy,comros
eurcoo_XC709590.ogg.npy,eurcoo
commoo3_XC303948.ogg.npy,commoo3
eaywag1_XC603005.ogg.npy,eaywag1
graher1_XC637269.ogg.npy,graher1
woosan_XC267072.ogg.npy,woosan
bcnher_XC818218.ogg.npy,bcnher
zitcis1_XC745086.ogg.npy,zitcis1
whbwat1_XC807998.ogg.npy,whbwat1
blakit1_XC845779.ogg.npy,blakit1
graher1_XC764657.ogg.npy,graher1
blhori1_XC346330.ogg.npy,blhori1
comkin1_XC822551.ogg.npy,comkin1
grecou1_XC632738.ogg.npy,grecou1
litspi1_XC777297.ogg.npy,litspi1
crseag1_XC740462.ogg.npy,crseag1
hoopoe_XC308877.ogg.npy,hoopoe
comkin1_XC677956.ogg.npy,comkin1
brcful1_XC604275.ogg.npy,brcful1
rewbul_XC116837.ogg.npy,rewbul
zitcis1_XC584040.ogg.npy,zitcis1
commyn_XC756578.ogg.npy,commyn
litswi1_XC56560.ogg.npy,litswi1
lblwar1_XC633472.ogg.npy,lblwar1
bkcbul1_XC19671.ogg.npy,bkcbul1
ashdro1_XC181102.ogg.npy,ashdro1
laudov1_XC405376.ogg.npy,laudov1
litgre1_XC554664.ogg.npy,litgre1
rewbul_XC198762.ogg.npy,rewbul
litgre1_XC801184.ogg.npy,litgre1
houspa_XC140822.ogg.npy,houspa
blakit1_XC381845.ogg.npy,blakit1
blrwar1_XC420800.ogg.npy,blrwar1
eucdov_XC636428.ogg.npy,eucdov
barswa_XC373002.ogg.npy,barswa
gybpri1_XC447553.ogg.npy,gybpri1
greegr_XC161276.ogg.npy,greegr
litgre1_XC663870.ogg.npy,litgre1
rorpar_XC235165.ogg.npy,rorpar
crseag1_XC414726.ogg.npy,crseag1
grewar3_XC266734.ogg.npy,grewar3
blakit1_XC765299.ogg.npy,blakit1
bkskit1_XC350390.ogg.npy,bkskit1
aspswi1_XC766430.ogg.npy,aspswi1
whbwag1_XC568899.ogg.npy,whbwag1
stbkin1_XC516006.ogg.npy,stbkin1
lblwar1_XC406113.ogg.npy,lblwar1
commoo3_XC720972.ogg.npy,commoo3
graher1_XC587863.ogg.npy,graher1
graher1_XC538141.ogg.npy,graher1
comior1_XC730647.ogg.npy,comior1
litgre1_XC401711.ogg.npy,litgre1
brnshr_XC679574.ogg.npy,brnshr
laudov1_XC267211.ogg.npy,laudov1
laudov1_XC588096.ogg.npy,laudov1
whiter2_XC601207.ogg.npy,whiter2
grywag_XC155709.ogg.npy,grywag
rocpig_XC178529.ogg.npy,rocpig
whbwat1_XC764942.ogg.npy,whbwat1
comtai1_XC576715.ogg.npy,comtai1
whcbar1_XC425928.ogg.npy,whcbar1
commoo3_XC461396.ogg.npy,commoo3
woosan_XC330350.ogg.npy,woosan
hoopoe_XC387611.ogg.npy,hoopoe
comkin1_XC741371.ogg.npy,comkin1
hoopoe_XC555388.ogg.npy,hoopoe
cohcuc1_XC663579.ogg.npy,cohcuc1
insbab1_XC290170.ogg.npy,insbab1
comgre_XC823583.ogg.npy,comgre
nutman_XC839460.ogg.npy,nutman
shikra1_XC637297.ogg.npy,shikra1
barswa_XC429309.ogg.npy,barswa
pursun3_XC469367.ogg.npy,pursun3
barswa_XC677200.ogg.npy,barswa
graher1_XC587861.ogg.npy,graher1
spepic1_XC767355.ogg.npy,spepic1
comros_XC134813.ogg.npy,comros
whbwoo2_XC490562.ogg.npy,whbwoo2
blrwar1_XC660156.ogg.npy,blrwar1
indpit1_XC397779.ogg.npy,indpit1
rerswa1_XC390252.ogg.npy,rerswa1
comtai1_XC754691.ogg.npy,comtai1
grejun2_XC574340.ogg.npy,grejun2
woosan_XC500554.ogg.npy,woosan
eurcoo_XC375153.ogg.npy,eurcoo
comsan_XC817696.ogg.npy,comsan
hoopoe_XC179797.ogg.npy,hoopoe
blakit1_XC671543.ogg.npy,blakit1
thbwar1_XC527354.ogg.npy,thbwar1
houspa_XC447435.ogg.npy,houspa
grywag_XC769875.ogg.npy,grywag
pursun3_XC196953.ogg.npy,pursun3
rorpar_XC855829.ogg.npy,rorpar
aspswi1_XC362689.ogg.npy,aspswi1
bkwsti_XC557035.ogg.npy,bkwsti
piekin1_XC771283.ogg.npy,piekin1
zitcis1_XC405616.ogg.npy,zitcis1
kenplo1_XC185104.ogg.npy,kenplo1
piekin1_XC515828.ogg.npy,piekin1
comior1_XC713621.ogg.npy,comior1
graher1_XC193380.ogg.npy,graher1
comros_XC766286.ogg.npy,comros
blrwar1_XC562698.ogg.npy,blrwar1
eucdov_XC592919.ogg.npy,eucdov
laudov1_XC489188.ogg.npy,laudov1
purher1_XC310403.ogg.npy,purher1
grewar3_XC479641.ogg.npy,grewar3
wemhar1_XC333373.ogg.npy,wemhar1
wemhar1_XC782714.ogg.npy,wemhar1
rorpar_XC841185.ogg.npy,rorpar
rorpar_XC209718.ogg.npy,rorpar
wemhar1_XC608671.ogg.npy,wemhar1
spodov_XC607186.ogg.npy,spodov
brakit1_XC188232.ogg.npy,brakit1
gloibi_XC793080.ogg.npy,gloibi
barswa_XC624409.ogg.npy,barswa
woosan_XC835157.ogg.npy,woosan
blrwar1_XC185002.ogg.npy,blrwar1
zitcis1_XC667711.ogg.npy,zitcis1
woosan_XC777455.ogg.npy,woosan
categr_XC674737.ogg.npy,categr
eaywag1_XC594544.ogg.npy,eaywag1
comsan_XC580808.ogg.npy,comsan
comior1_XC198428.ogg.npy,comior1
pabflo1_XC541564.ogg.npy,pabflo1
barswa_XC665387.ogg.npy,barswa
comgre_XC747467.ogg.npy,comgre
hoopoe_XC449201.ogg.npy,hoopoe
gargan_XC535718.ogg.npy,gargan
comtai1_XC163906.ogg.npy,comtai1
comkin1_XC436260.ogg.npy,comkin1
grnsan_XC743928.ogg.npy,grnsan
woosan_XC190515.ogg.npy,woosan
zitcis1_XC378569.ogg.npy,zitcis1
bcnher_XC552929.ogg.npy,bcnher
grecou1_XC209197.ogg.npy,grecou1
zitcis1_XC376754.ogg.npy,zitcis1
grywag_XC663472.ogg.npy,grywag
whrmun_XC776543.ogg.npy,whrmun
moipig1_XC215865.ogg.npy,moipig1
ruftre2_XC553212.ogg.npy,ruftre2
asbfly_XC825177.ogg.npy,asbfly
litegr_XC795964.ogg.npy,litegr
comros_XC309536.ogg.npy,comros
whiter2_XC720744.ogg.npy,whiter2
comsan_XC319860.ogg.npy,comsan
putbab1_XC161803.ogg.npy,putbab1
stbkin1_XC294385.ogg.npy,stbkin1
plhpar1_XC197608.ogg.npy,plhpar1
rocpig_XC270097.ogg.npy,rocpig
comgre_XC742957.ogg.npy,comgre
lewduc1_XC276848.ogg.npy,lewduc1
forwag1_XC737332.ogg.npy,forwag1
blrwar1_XC479930.ogg.npy,blrwar1
commoo3_XC554559.ogg.npy,commoo3
comros_XC614691.ogg.npy,comros
putbab1_XC697556.ogg.npy,putbab1
grewar3_XC191634.ogg.npy,grewar3
stbkin1_XC178253.ogg.npy,stbkin1
eurcoo_XC711961.ogg.npy,eurcoo
barswa_XC624636.ogg.npy,barswa
comior1_XC610744.ogg.npy,comior1
rewbul_XC822405.ogg.npy,rewbul
litgre1_XC217890.ogg.npy,litgre1
crseag1_XC760793.ogg.npy,crseag1
graher1_XC495891.ogg.npy,graher1
grywag_XC25538.ogg.npy,grywag
barswa_XC378427.ogg.npy,barswa
houspa_XC541441.ogg.npy,houspa
houspa_XC546263.ogg.npy,houspa
lirplo_XC558585.ogg.npy,lirplo
kenplo1_XC812534.ogg.npy,kenplo1
bkwsti_XC327518.ogg.npy,bkwsti
ashwoo2_XC803329.ogg.npy,ashwoo2
categr_XC452565.ogg.npy,categr
asikoe2_XC339652.ogg.npy,asikoe2
grywag_XC198587.ogg.npy,grywag
asbfly_XC684073.ogg.npy,asbfly
hoopoe_XC237415.ogg.npy,hoopoe
comros_XC234674.ogg.npy,comros
tibfly3_XC643747.ogg.npy,tibfly3
bcnher_XC828997.ogg.npy,bcnher
graher1_XC570619.ogg.npy,graher1
revbul_XC308254.ogg.npy,revbul
eurcoo_XC636716.ogg.npy,eurcoo
barswa_XC570215.ogg.npy,barswa
comkin1_XC437408.ogg.npy,comkin1
grtdro1_XC684270.ogg.npy,grtdro1
grewar3_XC681746.ogg.npy,grewar3
rorpar_XC606439.ogg.npy,rorpar
bcnher_XC739192.ogg.npy,bcnher
grywag_XC582299.ogg.npy,grywag
purher1_XC818066.ogg.npy,purher1
grbeat1_XC553489.ogg.npy,grbeat1
commyn_XC379930.ogg.npy,commyn
crseag1_XC700953.ogg.npy,crseag1
eucdov_XC141942.ogg.npy,eucdov
comkin1_XC686033.ogg.npy,comkin1
whbwat1_XC709128.ogg.npy,whbwat1
comsan_XC309531.ogg.npy,comsan
bcnher_XC587855.ogg.npy,bcnher
eucdov_XC817420.ogg.npy,eucdov
shikra1_XC659804.ogg.npy,shikra1
copbar1_XC456683.ogg.npy,copbar1
blrwar1_XC732559.ogg.npy,blrwar1
comkin1_XC179048.ogg.npy,comkin1
sbeowl1_XC712582.ogg.npy,sbeowl1
oripip1_XC858467.ogg.npy,oripip1
litgre1_XC687413.ogg.npy,litgre1
gryfra_XC371176.ogg.npy,gryfra
grtdro1_XC785382.ogg.npy,grtdro1
lirplo_XC555106.ogg.npy,lirplo
bkskit1_XC196447.ogg.npy,bkskit1
brakit1_XC665743.ogg.npy,brakit1
lesyel1_XC151547.ogg.npy,lesyel1
eurcoo_XC579945.ogg.npy,eurcoo
grewar3_XC755982.ogg.npy,grewar3
junbab2_XC316813.ogg.npy,junbab2
lirplo_XC553077.ogg.npy,lirplo
zitcis1_XC746542.ogg.npy,zitcis1
eurcoo_XC495532.ogg.npy,eurcoo
whiter2_XC697724.ogg.npy,whiter2
bkwsti_XC284627.ogg.npy,bkwsti
litgre1_XC648712.ogg.npy,litgre1
comior1_XC276820.ogg.npy,comior1
commoo3_XC175420.ogg.npy,commoo3
zitcis1_XC724803.ogg.npy,zitcis1
laudov1_XC464966.ogg.npy,laudov1
houspa_XC695470.ogg.npy,houspa
greegr_XC796141.ogg.npy,greegr
grtdro1_XC398878.ogg.npy,grtdro1
categr_XC791098.ogg.npy,categr
comsan_XC581607.ogg.npy,comsan
graher1_XC744927.ogg.npy,graher1
blnmon1_XC632677.ogg.npy,blnmon1
eucdov_XC562198.ogg.npy,eucdov
kerlau2_XC856369.ogg.npy,kerlau2
jerbus2_XC744709.ogg.npy,jerbus2
woosan_XC687198.ogg.npy,woosan
bkskit1_XC361623.ogg.npy,bkskit1
thbwar1_XC755640.ogg.npy,thbwar1
bcnher_XC654352.ogg.npy,bcnher
litegr_XC333931.ogg.npy,litegr
commoo3_XC636547.ogg.npy,commoo3
rocpig_XC488175.ogg.npy,rocpig
grywag_XC593825.ogg.npy,grywag
wemhar1_XC562842.ogg.npy,wemhar1
asikoe2_XC323137.ogg.npy,asikoe2
houspa_XC175621.ogg.npy,houspa
litegr_XC333871.ogg.npy,litegr
greegr_XC454182.ogg.npy,greegr
barswa_XC602947.ogg.npy,barswa
comgre_XC796293.ogg.npy,comgre
whrmun_XC778691.ogg.npy,whrmun
plhpar1_XC74072.ogg.npy,plhpar1
piekin1_XC615619.ogg.npy,piekin1
rewlap1_XC277453.ogg.npy,rewlap1
brwowl1_XC114849.ogg.npy,brwowl1
vefnut1_XC113064.ogg.npy,vefnut1
comros_XC252352.ogg.npy,comros
grtdro1_XC151357.ogg.npy,grtdro1
pursun4_XC651998.ogg.npy,pursun4
asbfly_XC396237.ogg.npy,asbfly
lirplo_XC362608.ogg.npy,lirplo
commoo3_XC737268.ogg.npy,commoo3
pursun4_XC406119.ogg.npy,pursun4
eucdov_XC490221.ogg.npy,eucdov
grywag_XC675031.ogg.npy,grywag
labcro1_XC577874.ogg.npy,labcro1
rocpig_XC51716.ogg.npy,rocpig
piekin1_XC608521.ogg.npy,piekin1
kenplo1_XC718536.ogg.npy,kenplo1
kenplo1_XC358986.ogg.npy,kenplo1
bkskit1_XC350359.ogg.npy,bkskit1
grywag_XC126385.ogg.npy,grywag
junbab2_XC684276.ogg.npy,junbab2
oripip1_XC287974.ogg.npy,oripip1
grnsan_XC433970.ogg.npy,grnsan
bcnher_XC808815.ogg.npy,bcnher
bkwsti_XC804586.ogg.npy,bkwsti
nutman_XC761865.ogg.npy,nutman
litegr_XC697849.ogg.npy,litegr
kenplo1_XC318414.ogg.npy,kenplo1
bkwsti_XC548530.ogg.npy,bkwsti
eaywag1_XC338351.ogg.npy,eaywag1
labcro1_XC19736.ogg.npy,labcro1
junbab2_XC296426.ogg.npy,junbab2
graher1_XC795292.ogg.npy,graher1
comtai1_XC305737.ogg.npy,comtai1
comsan_XC556805.ogg.npy,comsan
bladro1_XC397355.ogg.npy,bladro1
ashdro1_XC583086.ogg.npy,ashdro1
eaywag1_XC370994.ogg.npy,eaywag1
rerswa1_XC423979.ogg.npy,rerswa1
pursun4_XC116820.ogg.npy,pursun4
grnwar1_XC208998.ogg.npy,grnwar1
labcro1_XC692670.ogg.npy,labcro1
eaywag1_XC586656.ogg.npy,eaywag1
blhori1_XC684407.ogg.npy,blhori1
comsan_XC838816.ogg.npy,comsan
lirplo_XC715779.ogg.npy,lirplo
moipig1_XC362122.ogg.npy,moipig1
litegr_XC333873.ogg.npy,litegr
grnwar1_XC472276.ogg.npy,grnwar1
rorpar_XC199135.ogg.npy,rorpar
shikra1_XC304986.ogg.npy,shikra1
rerswa1_XC699938.ogg.npy,rerswa1
grewar3_XC420982.ogg.npy,grewar3
putbab1_XC487066.ogg.npy,putbab1
indrob1_XC197115.ogg.npy,indrob1
commoo3_XC362257.ogg.npy,commoo3
sttwoo1_XC646710.ogg.npy,sttwoo1
bcnher_XC584151.ogg.npy,bcnher
piebus1_XC19802.ogg.npy,piebus1
rorpar_XC694154.ogg.npy,rorpar
comsan_XC185083.ogg.npy,comsan
rewlap1_XC445540.ogg.npy,rewlap1
zitcis1_XC733683.ogg.npy,zitcis1
eaywag1_XC765615.ogg.npy,eaywag1
grecou1_XC621007.ogg.npy,grecou1
indpit1_XC453369.ogg.npy,indpit1
comtai1_XC657958.ogg.npy,comtai1
litegr_XC333979.ogg.npy,litegr
rewlap1_XC214021.ogg.npy,rewlap1
barswa_XC457833.ogg.npy,barswa
grywag_XC27019.ogg.npy,grywag
lirplo_XC747057.ogg.npy,lirplo
barswa_XC553804.ogg.npy,barswa
redspu1_XC325427.ogg.npy,redspu1
houspa_XC183686.ogg.npy,houspa
eurcoo_XC555011.ogg.npy,eurcoo
bkwsti_XC661283.ogg.npy,bkwsti
grnsan_XC859058.ogg.npy,grnsan
grywag_XC412765.ogg.npy,grywag
brwowl1_XC209940.ogg.npy,brwowl1
whtkin2_XC614609.ogg.npy,whtkin2
bkwsti_XC781638.ogg.npy,bkwsti
purswa3_XC196259.ogg.npy,purswa3
commyn_XC825746.ogg.npy,commyn
houspa_XC678599.ogg.npy,houspa
lirplo_XC587565.ogg.npy,lirplo
lirplo_XC182466.ogg.npy,lirplo
crseag1_XC713654.ogg.npy,crseag1
litegr_XC333906.ogg.npy,litegr
litegr_XC610492.ogg.npy,litegr
rewlap1_XC367975.ogg.npy,rewlap1
comgre_XC192404.ogg.npy,comgre
commoo3_XC637465.ogg.npy,commoo3
purher1_XC597675.ogg.npy,purher1
grecou1_XC816863.ogg.npy,grecou1
blakit1_XC811134.ogg.npy,blakit1
grecou1_XC764542.ogg.npy,grecou1
whbwag1_XC123014.ogg.npy,whbwag1
grtdro1_XC461223.ogg.npy,grtdro1
blnmon1_XC345154.ogg.npy,blnmon1
comgre_XC765270.ogg.npy,comgre
bcnher_XC577898.ogg.npy,bcnher
purher1_XC647094.ogg.npy,purher1
tibfly3_XC643744.ogg.npy,tibfly3
barswa_XC488933.ogg.npy,barswa
asbfly_XC267681.ogg.npy,asbfly
brnhao1_XC534356.ogg.npy,brnhao1
eurcoo_XC539056.ogg.npy,eurcoo
piebus1_XC787628.ogg.npy,piebus1
brwowl1_XC494779.ogg.npy,brwowl1
bkwsti_XC775273.ogg.npy,bkwsti
lirplo_XC804198.ogg.npy,lirplo
rocpig_XC660926.ogg.npy,rocpig
junowl1_XC423767.ogg.npy,junowl1
grewar3_XC349805.ogg.npy,grewar3
thbwar1_XC768917.ogg.npy,thbwar1
wynlau1_XC619722.ogg.npy,wynlau1
laudov1_XC712841.ogg.npy,laudov1
bkwsti_XC360703.ogg.npy,bkwsti
commoo3_XC557330.ogg.npy,commoo3
labcro1_XC684247.ogg.npy,labcro1
eurcoo_XC465799.ogg.npy,eurcoo
eaywag1_XC600587.ogg.npy,eaywag1
commyn_XC73132.ogg.npy,commyn
indrob1_XC741505.ogg.npy,indrob1
ruftre2_XC440665.ogg.npy,ruftre2
litgre1_XC722755.ogg.npy,litgre1
wemhar1_XC628279.ogg.npy,wemhar1
hoopoe_XC729989.ogg.npy,hoopoe
comkin1_XC293528.ogg.npy,comkin1
comkin1_XC823378.ogg.npy,comkin1
piekin1_XC855533.ogg.npy,piekin1
nutman_XC637352.ogg.npy,nutman
comior1_XC711521.ogg.npy,comior1
lirplo_XC362597.ogg.npy,lirplo
brnhao1_XC608657.ogg.npy,brnhao1
grywag_XC836619.ogg.npy,grywag
asbfly_XC770507.ogg.npy,asbfly
rufwoo2_XC780277.ogg.npy,rufwoo2
blnmon1_XC403729.ogg.npy,blnmon1
asikoe2_XC812736.ogg.npy,asikoe2
litspi1_XC186547.ogg.npy,litspi1
cregos1_XC284410.ogg.npy,cregos1
brwowl1_XC575369.ogg.npy,brwowl1
ashwoo2_XC402514.ogg.npy,ashwoo2
grewar3_XC567427.ogg.npy,grewar3
blakit1_XC765079.ogg.npy,blakit1
litgre1_XC677254.ogg.npy,litgre1
woosan_XC562056.ogg.npy,woosan
hoopoe_XC316704.ogg.npy,hoopoe
bcnher_XC344142.ogg.npy,bcnher
bkskit1_XC352564.ogg.npy,bkskit1
litegr_XC845755.ogg.npy,litegr
houspa_XC698874.ogg.npy,houspa
commoo3_XC548564.ogg.npy,commoo3
grecou1_XC158458.ogg.npy,grecou1
grnwar1_XC639658.ogg.npy,grnwar1
blhori1_XC758000.ogg.npy,blhori1
btbeat1_XC396850.ogg.npy,btbeat1
houspa_XC671209.ogg.npy,houspa
eucdov_XC812545.ogg.npy,eucdov
kenplo1_XC836805.ogg.npy,kenplo1
grnsan_XC806163.ogg.npy,grnsan
blrwar1_XC181196.ogg.npy,blrwar1
categr_XC624047.ogg.npy,categr
pursun4_XC421991.ogg.npy,pursun4
bcnher_XC829193.ogg.npy,bcnher
comsan_XC795643.ogg.npy,comsan
blhori1_XC181191.ogg.npy,blhori1
eucdov_XC245751.ogg.npy,eucdov
rewbul_XC462813.ogg.npy,rewbul
houspa_XC173553.ogg.npy,houspa
comgre_XC720606.ogg.npy,comgre
thbwar1_XC485180.ogg.npy,thbwar1
grnsan_XC424250.ogg.npy,grnsan
grehor1_XC423284.ogg.npy,grehor1
zitcis1_XC337540.ogg.npy,zitcis1
grnsan_XC584394.ogg.npy,grnsan
piekin1_XC515831.ogg.npy,piekin1
indrob1_XC531016.ogg.npy,indrob1
grnwar1_XC303680.ogg.npy,grnwar1
whiter2_XC266240.ogg.npy,whiter2
mawthr1_XC129027.ogg.npy,mawthr1
goflea1_XC116540.ogg.npy,goflea1
whtkin2_XC345162.ogg.npy,whtkin2
blrwar1_XC568493.ogg.npy,blrwar1
comros_XC475684.ogg.npy,comros
hoopoe_XC308873.ogg.npy,hoopoe
rorpar_XC239850.ogg.npy,rorpar
lirplo_XC834738.ogg.npy,lirplo
litgre1_XC690152.ogg.npy,litgre1
blnmon1_XC754338.ogg.npy,blnmon1
blhori1_XC236675.ogg.npy,blhori1
woosan_XC723451.ogg.npy,woosan
litspi1_XC354578.ogg.npy,litspi1
commoo3_XC724832.ogg.npy,commoo3
comros_XC458530.ogg.npy,comros
bkskit1_XC352491.ogg.npy,bkskit1
indpit1_XC779884.ogg.npy,indpit1
tibfly3_XC164016.ogg.npy,tibfly3
comros_XC488280.ogg.npy,comros
comkin1_XC631106.ogg.npy,comkin1
bkwsti_XC145276.ogg.npy,bkwsti
litgre1_XC748166.ogg.npy,litgre1
comros_XC652641.ogg.npy,comros
spepic1_XC783875.ogg.npy,spepic1
gybpri1_XC362810.ogg.npy,gybpri1
eaywag1_XC800166.ogg.npy,eaywag1
malpar1_XC414770.ogg.npy,malpar1
comgre_XC267939.ogg.npy,comgre
ruftre2_XC464113.ogg.npy,ruftre2
lirplo_XC722275.ogg.npy,lirplo
rorpar_XC579354.ogg.npy,rorpar
plapri1_XC498841.ogg.npy,plapri1
litgre1_XC806247.ogg.npy,litgre1
bladro1_XC208794.ogg.npy,bladro1
barswa_XC585513.ogg.npy,barswa
commoo3_XC844232.ogg.npy,commoo3
grywag_XC251813.ogg.npy,grywag
blrwar1_XC660042.ogg.npy,blrwar1
grewar3_XC568121.ogg.npy,grewar3
yebbab1_XC531087.ogg.npy,yebbab1
barswa_XC585512.ogg.npy,barswa
barswa_XC698511.ogg.npy,barswa
comros_XC458152.ogg.npy,comros
bkskit1_XC351405.ogg.npy,bkskit1
grnsan_XC656836.ogg.npy,grnsan
grbeat1_XC584168.ogg.npy,grbeat1
lblwar1_XC265873.ogg.npy,lblwar1
bkskit1_XC432163.ogg.npy,bkskit1
junbab2_XC390361.ogg.npy,junbab2
commyn_XC73131.ogg.npy,commyn
kenplo1_XC341212.ogg.npy,kenplo1
grecou1_XC365425.ogg.npy,grecou1
barswa_XC669735.ogg.npy,barswa
shikra1_XC288090.ogg.npy,shikra1
whtkin2_XC468289.ogg.npy,whtkin2
litgre1_XC489673.ogg.npy,litgre1
rufbab3_XC497295.ogg.npy,rufbab3
bcnher_XC763192.ogg.npy,bcnher
graher1_XC589060.ogg.npy,graher1
whrmun_XC447338.ogg.npy,whrmun
rewlap1_XC318466.ogg.npy,rewlap1
grywag_XC755121.ogg.npy,grywag
rorpar_XC511968.ogg.npy,rorpar
grywag_XC430967.ogg.npy,grywag
whiter2_XC738068.ogg.npy,whiter2
eucdov_XC133855.ogg.npy,eucdov
nutman_XC709701.ogg.npy,nutman
tibfly3_XC209012.ogg.npy,tibfly3
graher1_XC776906.ogg.npy,graher1
litegr_XC576973.ogg.npy,litegr
rocpig_XC460673.ogg.npy,rocpig
grecou1_XC813892.ogg.npy,grecou1
blhori1_XC365196.ogg.npy,blhori1
comtai1_XC360410.ogg.npy,comtai1
grtdro1_XC528891.ogg.npy,grtdro1
heswoo1_XC857685.ogg.npy,heswoo1
gybpri1_XC499667.ogg.npy,gybpri1
grewar3_XC808524.ogg.npy,grewar3
blhori1_XC116437.ogg.npy,blhori1
blrwar1_XC423670.ogg.npy,blrwar1
rocpig_XC637685.ogg.npy,rocpig
wemhar1_XC196976.ogg.npy,wemhar1
houspa_XC638085.ogg.npy,houspa
btbeat1_XC209193.ogg.npy,btbeat1
graher1_XC791097.ogg.npy,graher1
bkwsti_XC733197.ogg.npy,bkwsti
comsan_XC725660.ogg.npy,comsan
spepic1_XC23009.ogg.npy,spepic1
blrwar1_XC267363.ogg.npy,blrwar1
categr_XC257319.ogg.npy,categr
ashwoo2_XC802715.ogg.npy,ashwoo2
comkin1_XC586204.ogg.npy,comkin1
grywag_XC267570.ogg.npy,grywag
comgre_XC526726.ogg.npy,comgre
whtkin2_XC278752.ogg.npy,whtkin2
purher1_XC590008.ogg.npy,purher1
rewbul_XC715605.ogg.npy,rewbul
orihob2_XC555232.ogg.npy,orihob2
woosan_XC580553.ogg.npy,woosan
commoo3_XC719861.ogg.npy,commoo3
indrob1_XC681282.ogg.npy,indrob1
lirplo_XC638953.ogg.npy,lirplo
orihob2_XC678960.ogg.npy,orihob2
grnsan_XC644953.ogg.npy,grnsan
moipig1_XC362112.ogg.npy,moipig1
barswa_XC317626.ogg.npy,barswa
laudov1_XC755358.ogg.npy,laudov1
litegr_XC696619.ogg.npy,litegr
commyn_XC521179.ogg.npy,commyn
litswi1_XC439711.ogg.npy,litswi1
comkin1_XC511667.ogg.npy,comkin1
piebus1_XC787776.ogg.npy,piebus1
grbeat1_XC569673.ogg.npy,grbeat1
wemhar1_XC189879.ogg.npy,wemhar1
gargan_XC176286.ogg.npy,gargan
bwfshr1_XC424235.ogg.npy,bwfshr1
copbar1_XC362355.ogg.npy,copbar1
eurcoo_XC171037.ogg.npy,eurcoo
emedov2_XC122003.ogg.npy,emedov2
zitcis1_XC465764.ogg.npy,zitcis1
eucdov_XC772329.ogg.npy,eucdov
grnsan_XC583161.ogg.npy,grnsan
eucdov_XC267940.ogg.npy,eucdov
ashdro1_XC210505.ogg.npy,ashdro1
woosan_XC638862.ogg.npy,woosan
comsan_XC738502.ogg.npy,comsan
crseag1_XC220906.ogg.npy,crseag1
bkskit1_XC186607.ogg.npy,bkskit1
litgre1_XC790027.ogg.npy,litgre1
comsan_XC552167.ogg.npy,comsan
hoopoe_XC410755.ogg.npy,hoopoe
eucdov_XC585365.ogg.npy,eucdov
zitcis1_XC474357.ogg.npy,zitcis1
asikoe2_XC646969.ogg.npy,asikoe2
gargan_XC431303.ogg.npy,gargan
barswa_XC752629.ogg.npy,barswa
compea_XC426172.ogg.npy,compea
oripip1_XC507869.ogg.npy,oripip1
woosan_XC738792.ogg.npy,woosan
labcro1_XC126788.ogg.npy,labcro1
greegr_XC778973.ogg.npy,greegr
ruftre2_XC215492.ogg.npy,ruftre2
mawthr1_XC490497.ogg.npy,mawthr1
bkwsti_XC835130.ogg.npy,bkwsti
rocpig_XC286655.ogg.npy,rocpig
bcnher_XC493577.ogg.npy,bcnher
grbeat1_XC699153.ogg.npy,grbeat1
eucdov_XC143438.ogg.npy,eucdov
categr_XC368934.ogg.npy,categr
copbar1_XC187028.ogg.npy,copbar1
litegr_XC535552.ogg.npy,litegr
houspa_XC187498.ogg.npy,houspa
whbsho3_XC826137.ogg.npy,whbsho3
rorpar_XC577644.ogg.npy,rorpar
revbul_XC573353.ogg.npy,revbul
blhori1_XC246647.ogg.npy,blhori1
litegr_XC333934.ogg.npy,litegr
brnshr_XC341301.ogg.npy,brnshr
barswa_XC796589.ogg.npy,barswa
lirplo_XC184340.ogg.npy,lirplo
litegr_XC659583.ogg.npy,litegr
whiter2_XC672131.ogg.npy,whiter2
whbwag1_XC575107.ogg.npy,whbwag1
bkwsti_XC827771.ogg.npy,bkwsti
houcro1_XC407853.ogg.npy,houcro1
houcro1_XC443067.ogg.npy,houcro1
hoopoe_XC520009.ogg.npy,hoopoe
rossta2_XC459548.ogg.npy,rossta2
bcnher_XC544373.ogg.npy,bcnher
comkin1_XC437194.ogg.npy,comkin1
junowl1_XC451764.ogg.npy,junowl1
eaywag1_XC431856.ogg.npy,eaywag1
rerswa1_XC829594.ogg.npy,rerswa1
comior1_XC781846.ogg.npy,comior1
cregos1_XC756437.ogg.npy,cregos1
spoowl1_XC418030.ogg.npy,spoowl1
eaywag1_XC317370.ogg.npy,eaywag1
junbab2_XC208585.ogg.npy,junbab2
wemhar1_XC185107.ogg.npy,wemhar1
comsan_XC590100.ogg.npy,comsan
litegr_XC512087.ogg.npy,litegr
gyhcaf1_XC368339.ogg.npy,gyhcaf1
brnhao1_XC336094.ogg.npy,brnhao1
asbfly_XC399102.ogg.npy,asbfly
bkwsti_XC338801.ogg.npy,bkwsti
grenig1_XC198095.ogg.npy,grenig1
plapri1_XC834659.ogg.npy,plapri1
junbab2_XC627841.ogg.npy,junbab2
asikoe2_XC461162.ogg.npy,asikoe2
rerswa1_XC810556.ogg.npy,rerswa1
litgre1_XC553756.ogg.npy,litgre1
woosan_XC345156.ogg.npy,woosan
tibfly3_XC207627.ogg.npy,tibfly3
commyn_XC816619.ogg.npy,commyn
bcnher_XC602869.ogg.npy,bcnher
grnsan_XC807142.ogg.npy,grnsan
comros_XC560259.ogg.npy,comros
whtkin2_XC614704.ogg.npy,whtkin2
litgre1_XC472527.ogg.npy,litgre1
commoo3_XC528115.ogg.npy,commoo3
rorpar_XC202283.ogg.npy,rorpar
comior1_XC19646.ogg.npy,comior1
grywag_XC266053.ogg.npy,grywag
ruftre2_XC593441.ogg.npy,ruftre2
comtai1_XC834670.ogg.npy,comtai1
gargan_XC737247.ogg.npy,gargan
labcro1_XC637217.ogg.npy,labcro1
woosan_XC190516.ogg.npy,woosan
hoopoe_XC343651.ogg.npy,hoopoe
comros_XC457669.ogg.npy,comros
commoo3_XC539626.ogg.npy,commoo3
brnshr_XC400854.ogg.npy,brnshr
rerswa1_XC767569.ogg.npy,rerswa1
categr_XC282494.ogg.npy,categr
forwag1_XC548380.ogg.npy,forwag1
labcro1_XC836896.ogg.npy,labcro1
spoowl1_XC778593.ogg.npy,spoowl1
rufwoo2_XC578928.ogg.npy,rufwoo2
grywag_XC453323.ogg.npy,grywag
comsan_XC215035.ogg.npy,comsan
putbab1_XC773564.ogg.npy,putbab1
wemhar1_XC518351.ogg.npy,wemhar1
brodro1_XC214132.ogg.npy,brodro1
grywag_XC486125.ogg.npy,grywag
comior1_XC582681.ogg.npy,comior1
eucdov_XC185434.ogg.npy,eucdov
woosan_XC573248.ogg.npy,woosan
commoo3_XC289487.ogg.npy,commoo3
gloibi_XC310508.ogg.npy,gloibi
rocpig_XC606455.ogg.npy,rocpig
pabflo1_XC652897.ogg.npy,pabflo1
comior1_XC663566.ogg.npy,comior1
rewlap1_XC403964.ogg.npy,rewlap1
rorpar_XC209194.ogg.npy,rorpar
eaywag1_XC597821.ogg.npy,eaywag1
lblwar1_XC639660.ogg.npy,lblwar1
purswa3_XC778659.ogg.npy,purswa3
rewbul_XC365207.ogg.npy,rewbul
bcnher_XC541691.ogg.npy,bcnher
blrwar1_XC378772.ogg.npy,blrwar1
comior1_XC365432.ogg.npy,comior1
comior1_XC710197.ogg.npy,comior1
blrwar1_XC757938.ogg.npy,blrwar1
whiter2_XC803023.ogg.npy,whiter2
houspa_XC721102.ogg.npy,houspa
bkskit1_XC350252.ogg.npy,bkskit1
chbeat1_XC639692.ogg.npy,chbeat1
zitcis1_XC801493.ogg.npy,zitcis1
litswi1_XC670154.ogg.npy,litswi1
comros_XC190924.ogg.npy,comros
insowl1_XC296427.ogg.npy,insowl1
bcnher_XC475211.ogg.npy,bcnher
thbwar1_XC858115.ogg.npy,thbwar1
ashdro1_XC841853.ogg.npy,ashdro1
commoo3_XC710752.ogg.npy,commoo3
comsan_XC724050.ogg.npy,comsan
litgre1_XC471768.ogg.npy,litgre1
lirplo_XC25072.ogg.npy,lirplo
brcful1_XC666155.ogg.npy,brcful1
grewar3_XC483674.ogg.npy,grewar3
bcnher_XC361996.ogg.npy,bcnher
ashwoo2_XC396949.ogg.npy,ashwoo2
litegr_XC341755.ogg.npy,litegr
ashdro1_XC684281.ogg.npy,ashdro1
houspa_XC548334.ogg.npy,houspa
smamin1_XC397187.ogg.npy,smamin1
commoo3_XC722227.ogg.npy,commoo3
rorpar_XC606449.ogg.npy,rorpar
blrwar1_XC575407.ogg.npy,blrwar1
bkskit1_XC361615.ogg.npy,bkskit1
ingori1_XC733450.ogg.npy,ingori1
bkwsti_XC338809.ogg.npy,bkwsti
whbwat1_XC772196.ogg.npy,whbwat1
commyn_XC680915.ogg.npy,commyn
grewar3_XC806590.ogg.npy,grewar3
litegr_XC807312.ogg.npy,litegr
houcro1_XC208278.ogg.npy,houcro1
eaywag1_XC761647.ogg.npy,eaywag1
grnsan_XC840041.ogg.npy,grnsan
eurcoo_XC279005.ogg.npy,eurcoo
grewar3_XC817792.ogg.npy,grewar3
whtkin2_XC436748.ogg.npy,whtkin2
asikoe2_XC287537.ogg.npy,asikoe2
barswa_XC773825.ogg.npy,barswa
eaywag1_XC591899.ogg.npy,eaywag1
grewar3_XC180639.ogg.npy,grewar3
asikoe2_XC302927.ogg.npy,asikoe2
gyhcaf1_XC116634.ogg.npy,gyhcaf1
oripip1_XC461329.ogg.npy,oripip1
houspa_XC175620.ogg.npy,houspa
comkin1_XC857971.ogg.npy,comkin1
grtdro1_XC124360.ogg.npy,grtdro1
grecou1_XC578717.ogg.npy,grecou1
litegr_XC680901.ogg.npy,litegr
asbfly_XC837545.ogg.npy,asbfly
blrwar1_XC571226.ogg.npy,blrwar1
lirplo_XC555091.ogg.npy,lirplo
ashpri1_XC195760.ogg.npy,ashpri1
rewlap1_XC74223.ogg.npy,rewlap1
blrwar1_XC420746.ogg.npy,blrwar1
blrwar1_XC569062.ogg.npy,blrwar1
vefnut1_XC571886.ogg.npy,vefnut1
rocpig_XC829895.ogg.npy,rocpig
zitcis1_XC474367.ogg.npy,zitcis1
rorpar_XC646206.ogg.npy,rorpar
graher1_XC494207.ogg.npy,graher1
crseag1_XC585855.ogg.npy,crseag1
litgre1_XC370798.ogg.npy,litgre1
grewar3_XC560117.ogg.npy,grewar3
commoo3_XC718679.ogg.npy,commoo3
blakit1_XC745869.ogg.npy,blakit1
crseag1_XC390340.ogg.npy,crseag1
blnmon1_XC730728.ogg.npy,blnmon1
indrol2_XC345160.ogg.npy,indrol2
pursun3_XC209932.ogg.npy,pursun3
rewbul_XC823525.ogg.npy,rewbul
whiter2_XC449770.ogg.npy,whiter2
grywag_XC588000.ogg.npy,grywag
comros_XC120459.ogg.npy,comros
btbeat1_XC824648.ogg.npy,btbeat1
litgre1_XC796410.ogg.npy,litgre1
hoopoe_XC402638.ogg.npy,hoopoe
barswa_XC193495.ogg.npy,barswa
comros_XC181309.ogg.npy,comros
lirplo_XC341210.ogg.npy,lirplo
rewbul_XC419054.ogg.npy,rewbul
blnmon1_XC494427.ogg.npy,blnmon1
comkin1_XC782309.ogg.npy,comkin1
rewbul_XC540001.ogg.npy,rewbul
bcnher_XC684949.ogg.npy,bcnher
pursun4_XC777296.ogg.npy,pursun4
comior1_XC393660.ogg.npy,comior1
mawthr1_XC442764.ogg.npy,mawthr1
grywag_XC445269.ogg.npy,grywag
zitcis1_XC268233.ogg.npy,zitcis1
indtit1_XC19741.ogg.npy,indtit1
gloibi_XC312184.ogg.npy,gloibi
comsan_XC134627.ogg.npy,comsan
thbwar1_XC700952.ogg.npy,thbwar1
grenig1_XC490557.ogg.npy,grenig1
bwfshr1_XC642711.ogg.npy,bwfshr1
bkwsti_XC175409.ogg.npy,bkwsti
commyn_XC533469.ogg.npy,commyn
cohcuc1_XC424230.ogg.npy,cohcuc1
rorpar_XC656950.ogg.npy,rorpar
brnshr_XC743388.ogg.npy,brnshr
spodov_XC742601.ogg.npy,spodov
zitcis1_XC764143.ogg.npy,zitcis1
gyhcaf1_XC116633.ogg.npy,gyhcaf1
blhori1_XC346329.ogg.npy,blhori1
commyn_XC598051.ogg.npy,commyn
indrol2_XC575121.ogg.npy,indrol2
eaywag1_XC679303.ogg.npy,eaywag1
blrwar1_XC659666.ogg.npy,blrwar1
zitcis1_XC704616.ogg.npy,zitcis1
grnsan_XC791829.ogg.npy,grnsan
rorpar_XC688959.ogg.npy,rorpar
rerswa1_XC382091.ogg.npy,rerswa1
zitcis1_XC709755.ogg.npy,zitcis1
bcnher_XC123687.ogg.npy,bcnher
lobsun2_XC207732.ogg.npy,lobsun2
litgre1_XC715307.ogg.npy,litgre1
comros_XC740500.ogg.npy,comros
woosan_XC651968.ogg.npy,woosan
whbwag1_XC404483.ogg.npy,whbwag1
eurcoo_XC362195.ogg.npy,eurcoo
piekin1_XC584680.ogg.npy,piekin1
labcro1_XC191726.ogg.npy,labcro1
brnshr_XC491994.ogg.npy,brnshr
blnmon1_XC343314.ogg.npy,blnmon1
darter2_XC756478.ogg.npy,darter2
grywag_XC182779.ogg.npy,grywag
whbbul2_XC295481.ogg.npy,whbbul2
asikoe2_XC812732.ogg.npy,asikoe2
graher1_XC692944.ogg.npy,graher1
litegr_XC333966.ogg.npy,litegr
zitcis1_XC504689.ogg.npy,zitcis1
litgre1_XC792110.ogg.npy,litgre1
emedov2_XC654498.ogg.npy,emedov2
barswa_XC663206.ogg.npy,barswa
bkskit1_XC353833.ogg.npy,bkskit1
nutman_XC175525.ogg.npy,nutman
hoopoe_XC318439.ogg.npy,hoopoe
bcnher_XC659247.ogg.npy,bcnher
eucdov_XC564091.ogg.npy,eucdov
gloibi_XC530552.ogg.npy,gloibi
hoopoe_XC827681.ogg.npy,hoopoe
zitcis1_XC845747.ogg.npy,zitcis1
bkwsti_XC629229.ogg.npy,bkwsti
labcro1_XC840178.ogg.npy,labcro1
pursun4_XC171729.ogg.npy,pursun4
grewar3_XC807268.ogg.npy,grewar3
blrwar1_XC659101.ogg.npy,blrwar1
comsan_XC677812.ogg.npy,comsan
comros_XC326165.ogg.npy,comros
zitcis1_XC307022.ogg.npy,zitcis1
eucdov_XC112763.ogg.npy,eucdov
graher1_XC541235.ogg.npy,graher1
barswa_XC651993.ogg.npy,barswa
purher1_XC600820.ogg.npy,purher1
purswa3_XC778689.ogg.npy,purswa3
eucdov_XC585928.ogg.npy,eucdov
hoopoe_XC365144.ogg.npy,hoopoe
marsan_XC733177.ogg.npy,marsan
nutman_XC202650.ogg.npy,nutman
grehor1_XC453727.ogg.npy,grehor1
hoopoe_XC844248.ogg.npy,hoopoe
woosan_XC653281.ogg.npy,woosan
grefla1_XC126431.ogg.npy,grefla1
graher1_XC289334.ogg.npy,graher1
grewar3_XC408758.ogg.npy,grewar3
gargan_XC649121.ogg.npy,gargan
comgre_XC741573.ogg.npy,comgre
btbeat1_XC336408.ogg.npy,btbeat1
hoopoe_XC807513.ogg.npy,hoopoe
comkin1_XC692958.ogg.npy,comkin1
graher1_XC267062.ogg.npy,graher1
blrwar1_XC482923.ogg.npy,blrwar1
bkskit1_XC360666.ogg.npy,bkskit1
comtai1_XC551660.ogg.npy,comtai1
whbwat1_XC501702.ogg.npy,whbwat1
whiter2_XC315974.ogg.npy,whiter2
blrwar1_XC663462.ogg.npy,blrwar1
grywag_XC586068.ogg.npy,grywag
bcnher_XC542097.ogg.npy,bcnher
bkwsti_XC605113.ogg.npy,bkwsti
zitcis1_XC758838.ogg.npy,zitcis1
kenplo1_XC376957.ogg.npy,kenplo1
ashdro1_XC685714.ogg.npy,ashdro1
hoopoe_XC504434.ogg.npy,hoopoe
blakit1_XC467575.ogg.npy,blakit1
woosan_XC827432.ogg.npy,woosan
lirplo_XC25888.ogg.npy,lirplo
grewar3_XC189792.ogg.npy,grewar3
brnhao1_XC507989.ogg.npy,brnhao1
eurcoo_XC648264.ogg.npy,eurcoo
putbab1_XC465689.ogg.npy,putbab1
rerswa1_XC371021.ogg.npy,rerswa1
whrmun_XC655950.ogg.npy,whrmun
commyn_XC812211.ogg.npy,commyn
blakit1_XC839847.ogg.npy,blakit1
grbeat1_XC621030.ogg.npy,grbeat1
grtdro1_XC721650.ogg.npy,grtdro1
stbkin1_XC295782.ogg.npy,stbkin1
eucdov_XC639403.ogg.npy,eucdov
kenplo1_XC338270.ogg.npy,kenplo1
whbsho3_XC404470.ogg.npy,whbsho3
gyhcaf1_XC269586.ogg.npy,gyhcaf1
ruftre2_XC577951.ogg.npy,ruftre2
mawthr1_XC571143.ogg.npy,mawthr1
gybpri1_XC334898.ogg.npy,gybpri1
bcnher_XC763259.ogg.npy,bcnher
zitcis1_XC794252.ogg.npy,zitcis1
whiter2_XC307305.ogg.npy,whiter2
litegr_XC412569.ogg.npy,litegr
comior1_XC347937.ogg.npy,comior1
rocpig_XC360364.ogg.npy,rocpig
litegr_XC333866.ogg.npy,litegr
btbeat1_XC839979.ogg.npy,btbeat1
commoo3_XC542751.ogg.npy,commoo3
commoo3_XC647976.ogg.npy,commoo3
eaywag1_XC670682.ogg.npy,eaywag1
eurcoo_XC414928.ogg.npy,eurcoo
litgre1_XC742652.ogg.npy,litgre1
grewar3_XC838979.ogg.npy,grewar3
grewar3_XC765125.ogg.npy,grewar3
wemhar1_XC552446.ogg.npy,wemhar1
houspa_XC496085.ogg.npy,houspa
chbeat1_XC819736.ogg.npy,chbeat1
rorpar_XC445740.ogg.npy,rorpar
comros_XC449203.ogg.npy,comros
comkin1_XC596116.ogg.npy,comkin1
greegr_XC645959.ogg.npy,greegr
comros_XC493009.ogg.npy,comros
bkskit1_XC351402.ogg.npy,bkskit1
rorpar_XC364537.ogg.npy,rorpar
grewar3_XC193711.ogg.npy,grewar3
indrol2_XC479117.ogg.npy,indrol2
kenplo1_XC184845.ogg.npy,kenplo1
eucdov_XC743812.ogg.npy,eucdov
grbeat1_XC621034.ogg.npy,grbeat1
woosan_XC579396.ogg.npy,woosan
gybpri1_XC207257.ogg.npy,gybpri1
comros_XC350474.ogg.npy,comros
bkwsti_XC782689.ogg.npy,bkwsti
brcful1_XC666045.ogg.npy,brcful1
rorpar_XC681557.ogg.npy,rorpar
hoopoe_XC376680.ogg.npy,hoopoe
brodro1_XC577840.ogg.npy,brodro1
comtai1_XC825542.ogg.npy,comtai1
blrwar1_XC803898.ogg.npy,blrwar1
hoopoe_XC140212.ogg.npy,hoopoe
kerlau2_XC856422.ogg.npy,kerlau2
thbwar1_XC266176.ogg.npy,thbwar1
litegr_XC333869.ogg.npy,litegr
bkwsti_XC795871.ogg.npy,bkwsti
brnhao1_XC371936.ogg.npy,brnhao1
houspa_XC527833.ogg.npy,houspa
commoo3_XC487693.ogg.npy,commoo3
kerlau2_XC386971.ogg.npy,kerlau2
comkin1_XC804554.ogg.npy,comkin1
revbul_XC507719.ogg.npy,revbul
blrwar1_XC320971.ogg.npy,blrwar1
brakit1_XC208281.ogg.npy,brakit1
whtkin2_XC117091.ogg.npy,whtkin2
rorpar_XC778585.ogg.npy,rorpar
comtai1_XC195589.ogg.npy,comtai1
comsan_XC823388.ogg.npy,comsan
kenplo1_XC485350.ogg.npy,kenplo1
bcnher_XC666966.ogg.npy,bcnher
hoopoe_XC536152.ogg.npy,hoopoe
ashwoo2_XC804139.ogg.npy,ashwoo2
brwowl1_XC114847.ogg.npy,brwowl1
putbab1_XC239780.ogg.npy,putbab1
gybpri1_XC381169.ogg.npy,gybpri1
eaywag1_XC189943.ogg.npy,eaywag1
ruftre2_XC431189.ogg.npy,ruftre2
bcnher_XC432143.ogg.npy,bcnher
whtkin2_XC599158.ogg.npy,whtkin2
grtdro1_XC684708.ogg.npy,grtdro1
houspa_XC388579.ogg.npy,houspa
graher1_XC695954.ogg.npy,graher1
comtai1_XC713876.ogg.npy,comtai1
piekin1_XC515973.ogg.npy,piekin1
eurcoo_XC549609.ogg.npy,eurcoo
litegr_XC845723.ogg.npy,litegr
bkskit1_XC361621.ogg.npy,bkskit1
zitcis1_XC477385.ogg.npy,zitcis1
commoo3_XC780170.ogg.npy,commoo3
litswi1_XC253699.ogg.npy,litswi1
bkwsti_XC795773.ogg.npy,bkwsti
grecou1_XC464298.ogg.npy,grecou1
commyn_XC183879.ogg.npy,commyn
insbab1_XC665060.ogg.npy,insbab1
putbab1_XC29582.ogg.npy,putbab1
brfowl1_XC824090.ogg.npy,brfowl1
grecou1_XC210460.ogg.npy,grecou1
bkwsti_XC646429.ogg.npy,bkwsti
comgre_XC838623.ogg.npy,comgre
blrwar1_XC565725.ogg.npy,blrwar1
grewar3_XC569817.ogg.npy,grewar3
comsan_XC667709.ogg.npy,comsan
grtdro1_XC150644.ogg.npy,grtdro1
pabflo1_XC267077.ogg.npy,pabflo1
litegr_XC492967.ogg.npy,litegr
asbfly_XC49755.ogg.npy,asbfly
piekin1_XC489201.ogg.npy,piekin1
comsan_XC496533.ogg.npy,comsan
eurcoo_XC312096.ogg.npy,eurcoo
grywag_XC440230.ogg.npy,grywag
houcro1_XC443481.ogg.npy,houcro1
lirplo_XC796813.ogg.npy,lirplo
rorpar_XC267022.ogg.npy,rorpar
hoopoe_XC857170.ogg.npy,hoopoe
eurcoo_XC302637.ogg.npy,eurcoo
revbul_XC207651.ogg.npy,revbul
eurcoo_XC776591.ogg.npy,eurcoo
comkin1_XC544241.ogg.npy,comkin1
eucdov_XC741683.ogg.npy,eucdov
bcnher_XC213658.ogg.npy,bcnher
eaywag1_XC593974.ogg.npy,eaywag1
goflea1_XC453724.ogg.npy,goflea1
hoopoe_XC185382.ogg.npy,hoopoe
ruftre2_XC758493.ogg.npy,ruftre2
bcnher_XC610143.ogg.npy,bcnher
gyhcaf1_XC599183.ogg.npy,gyhcaf1
comkin1_XC465806.ogg.npy,comkin1
whiter2_XC134053.ogg.npy,whiter2
houspa_XC741688.ogg.npy,houspa
brakit1_XC815593.ogg.npy,brakit1
bkskit1_XC360664.ogg.npy,bkskit1
grywag_XC376043.ogg.npy,grywag
blrwar1_XC376442.ogg.npy,blrwar1
categr_XC773427.ogg.npy,categr
forwag1_XC838779.ogg.npy,forwag1
grnsan_XC838660.ogg.npy,grnsan
bkwsti_XC613602.ogg.npy,bkwsti
litspi1_XC511720.ogg.npy,litspi1
litegr_XC555111.ogg.npy,litegr
wemhar1_XC620227.ogg.npy,wemhar1
wemhar1_XC769190.ogg.npy,wemhar1
whtkin2_XC677301.ogg.npy,whtkin2
greegr_XC512483.ogg.npy,greegr
comior1_XC214418.ogg.npy,comior1
asikoe2_XC809041.ogg.npy,asikoe2
comior1_XC606356.ogg.npy,comior1
comior1_XC524305.ogg.npy,comior1
eurcoo_XC794841.ogg.npy,eurcoo
greegr_XC684282.ogg.npy,greegr
barswa_XC801549.ogg.npy,barswa
spodov_XC304102.ogg.npy,spodov
asikoe2_XC359319.ogg.npy,asikoe2
eaywag1_XC523246.ogg.npy,eaywag1
woosan_XC827752.ogg.npy,woosan
eurcoo_XC208510.ogg.npy,eurcoo
comkin1_XC432063.ogg.npy,comkin1
brodro1_XC240309.ogg.npy,brodro1
eaywag1_XC373755.ogg.npy,eaywag1
purher1_XC584660.ogg.npy,purher1
houspa_XC594382.ogg.npy,houspa
whtkin2_XC633065.ogg.npy,whtkin2
bcnher_XC581630.ogg.npy,bcnher
blrwar1_XC728152.ogg.npy,blrwar1
pursun4_XC207247.ogg.npy,pursun4
crfbar1_XC215859.ogg.npy,crfbar1
pursun3_XC215847.ogg.npy,pursun3
hoopoe_XC567265.ogg.npy,hoopoe
labcro1_XC284761.ogg.npy,labcro1
grnsan_XC584802.ogg.npy,grnsan
asbfly_XC412228.ogg.npy,asbfly
marsan_XC811240.ogg.npy,marsan
bkwsti_XC388799.ogg.npy,bkwsti
eaywag1_XC675721.ogg.npy,eaywag1
eaywag1_XC675683.ogg.npy,eaywag1
comgre_XC266352.ogg.npy,comgre
comtai1_XC210480.ogg.npy,comtai1
gyhcaf1_XC613907.ogg.npy,gyhcaf1
houspa_XC623850.ogg.npy,houspa
graher1_XC261377.ogg.npy,graher1
grnsan_XC440121.ogg.npy,grnsan
thbwar1_XC484123.ogg.npy,thbwar1
grywag_XC733829.ogg.npy,grywag
gyhcaf1_XC583755.ogg.npy,gyhcaf1
rossta2_XC417080.ogg.npy,rossta2
commoo3_XC583766.ogg.npy,commoo3
purher1_XC645473.ogg.npy,purher1
rossta2_XC685765.ogg.npy,rossta2
grewar3_XC318106.ogg.npy,grewar3
comgre_XC668873.ogg.npy,comgre
graher1_XC608176.ogg.npy,graher1
eaywag1_XC718561.ogg.npy,eaywag1
nutman_XC399068.ogg.npy,nutman
eucdov_XC658224.ogg.npy,eucdov
eurcoo_XC465028.ogg.npy,eurcoo
purswa3_XC857306.ogg.npy,purswa3
zitcis1_XC743891.ogg.npy,zitcis1
sohmyn1_XC192896.ogg.npy,sohmyn1
blrwar1_XC568123.ogg.npy,blrwar1
rocpig_XC269762.ogg.npy,rocpig
graher1_XC494264.ogg.npy,graher1
eucdov_XC501104.ogg.npy,eucdov
bkwsti_XC795872.ogg.npy,bkwsti
comkin1_XC612200.ogg.npy,comkin1
ruftre2_XC510562.ogg.npy,ruftre2
bkwsti_XC365152.ogg.npy,bkwsti
eaywag1_XC811748.ogg.npy,eaywag1
putbab1_XC784055.ogg.npy,putbab1
eurcoo_XC623845.ogg.npy,eurcoo
zitcis1_XC732693.ogg.npy,zitcis1
grewar3_XC786583.ogg.npy,grewar3
commoo3_XC485626.ogg.npy,commoo3
rerswa1_XC775570.ogg.npy,rerswa1
kenplo1_XC480222.ogg.npy,kenplo1
zitcis1_XC788852.ogg.npy,zitcis1
plapri1_XC841197.ogg.npy,plapri1
bladro1_XC592541.ogg.npy,bladro1
labcro1_XC702121.ogg.npy,labcro1
hoopoe_XC312065.ogg.npy,hoopoe
rufbab3_XC123008.ogg.npy,rufbab3
comros_XC371643.ogg.npy,comros
bkskit1_XC351401.ogg.npy,bkskit1
eurcoo_XC176779.ogg.npy,eurcoo
comtai1_XC293542.ogg.npy,comtai1
sttwoo1_XC637334.ogg.npy,sttwoo1
grtdro1_XC190842.ogg.npy,grtdro1
comros_XC318411.ogg.npy,comros
bkwsti_XC804622.ogg.npy,bkwsti
grnsan_XC553753.ogg.npy,grnsan
rorpar_XC308042.ogg.npy,rorpar
plapri1_XC652617.ogg.npy,plapri1
comkin1_XC428528.ogg.npy,comkin1
graher1_XC673365.ogg.npy,graher1
whtkin2_XC720543.ogg.npy,whtkin2
greegr_XC116542.ogg.npy,greegr
lirplo_XC309205.ogg.npy,lirplo
labcro1_XC399282.ogg.npy,labcro1
barswa_XC674251.ogg.npy,barswa
commyn_XC661253.ogg.npy,commyn
grywag_XC673619.ogg.npy,grywag
whbwat1_XC756639.ogg.npy,whbwat1
eurcoo_XC633390.ogg.npy,eurcoo
bcnher_XC788132.ogg.npy,bcnher
eurcoo_XC528516.ogg.npy,eurcoo
lirplo_XC735108.ogg.npy,lirplo
blrwar1_XC562674.ogg.npy,blrwar1
whiter2_XC328383.ogg.npy,whiter2
grehor1_XC736314.ogg.npy,grehor1
houspa_XC694128.ogg.npy,houspa
zitcis1_XC287449.ogg.npy,zitcis1
laudov1_XC405373.ogg.npy,laudov1
eaywag1_XC185697.ogg.npy,eaywag1
whbwoo2_XC756132.ogg.npy,whbwoo2
comkin1_XC615938.ogg.npy,comkin1
comkin1_XC592341.ogg.npy,comkin1
ruftre2_XC42639.ogg.npy,ruftre2
bkskit1_XC352488.ogg.npy,bkskit1
grywag_XC545491.ogg.npy,grywag
eucdov_XC546146.ogg.npy,eucdov
comkin1_XC755663.ogg.npy,comkin1
whtkin2_XC209207.ogg.npy,whtkin2
maghor2_XC498560.ogg.npy,maghor2
hoopoe_XC377581.ogg.npy,hoopoe
whtkin2_XC392132.ogg.npy,whtkin2
rorpar_XC116842.ogg.npy,rorpar
comgre_XC234761.ogg.npy,comgre
asbfly_XC833987.ogg.npy,asbfly
eucdov_XC702307.ogg.npy,eucdov
bcnher_XC73031.ogg.npy,bcnher
comkin1_XC672952.ogg.npy,comkin1
woosan_XC649226.ogg.npy,woosan
rocpig_XC694123.ogg.npy,rocpig
inbrob1_XC312346.ogg.npy,inbrob1
hoopoe_XC551446.ogg.npy,hoopoe
blnmon1_XC558397.ogg.npy,blnmon1
grtdro1_XC723384.ogg.npy,grtdro1
comtai1_XC857646.ogg.npy,comtai1
woosan_XC841723.ogg.npy,woosan
putbab1_XC404233.ogg.npy,putbab1
eucdov_XC702360.ogg.npy,eucdov
bladro1_XC256111.ogg.npy,bladro1
marsan_XC714812.ogg.npy,marsan
categr_XC747220.ogg.npy,categr
comros_XC475585.ogg.npy,comros
comros_XC651497.ogg.npy,comros
barswa_XC775876.ogg.npy,barswa
grehor1_XC575142.ogg.npy,grehor1
comgre_XC736693.ogg.npy,comgre
houcro1_XC179154.ogg.npy,houcro1
comior1_XC717005.ogg.npy,comior1
barswa_XC820740.ogg.npy,barswa
rewlap1_XC319016.ogg.npy,rewlap1
grewar3_XC191630.ogg.npy,grewar3
purher1_XC487814.ogg.npy,purher1
whcbar1_XC788184.ogg.npy,whcbar1
asbfly_XC756532.ogg.npy,asbfly
grywag_XC820292.ogg.npy,grywag
graher1_XC547455.ogg.npy,graher1
bcnher_XC536417.ogg.npy,bcnher
comgre_XC755897.ogg.npy,comgre
woosan_XC808144.ogg.npy,woosan
bkwsti_XC787673.ogg.npy,bkwsti
blakit1_XC788899.ogg.npy,blakit1
houspa_XC462199.ogg.npy,houspa
grywag_XC808468.ogg.npy,grywag
rufwoo2_XC150998.ogg.npy,rufwoo2
cohcuc1_XC572403.ogg.npy,cohcuc1
plapri1_XC21835.ogg.npy,plapri1
grywag_XC232958.ogg.npy,grywag
comros_XC416175.ogg.npy,comros
plapri1_XC715867.ogg.npy,plapri1
bkwsti_XC786975.ogg.npy,bkwsti
maghor2_XC178255.ogg.npy,maghor2
grywag_XC456047.ogg.npy,grywag
lirplo_XC636695.ogg.npy,lirplo
brodro1_XC577839.ogg.npy,brodro1
eaywag1_XC589469.ogg.npy,eaywag1
grejun2_XC575109.ogg.npy,grejun2
shikra1_XC365078.ogg.npy,shikra1
comkin1_XC639357.ogg.npy,comkin1
copbar1_XC362179.ogg.npy,copbar1
spoowl1_XC591177.ogg.npy,spoowl1
grywag_XC696159.ogg.npy,grywag
greegr_XC781185.ogg.npy,greegr
bcnher_XC742241.ogg.npy,bcnher
kenplo1_XC765640.ogg.npy,kenplo1
lewduc1_XC777061.ogg.npy,lewduc1
graher1_XC643229.ogg.npy,graher1
grnsan_XC854517.ogg.npy,grnsan
zitcis1_XC506279.ogg.npy,zitcis1
comkin1_XC288654.ogg.npy,comkin1
comsan_XC838659.ogg.npy,comsan
comkin1_XC538943.ogg.npy,comkin1
pursun4_XC523161.ogg.npy,pursun4
barswa_XC209127.ogg.npy,barswa
rutfly6_XC817989.ogg.npy,rutfly6
barswa_XC841195.ogg.npy,barswa
whbwoo2_XC130403.ogg.npy,whbwoo2
lirplo_XC840854.ogg.npy,lirplo
bkskit1_XC619831.ogg.npy,bkskit1
spodov_XC665274.ogg.npy,spodov
lirplo_XC714717.ogg.npy,lirplo
blrwar1_XC657261.ogg.npy,blrwar1
gyhcaf1_XC490229.ogg.npy,gyhcaf1
marsan_XC649221.ogg.npy,marsan
ashdro1_XC686159.ogg.npy,ashdro1
graher1_XC190801.ogg.npy,graher1
grtdro1_XC845764.ogg.npy,grtdro1
heswoo1_XC665715.ogg.npy,heswoo1
houcro1_XC294462.ogg.npy,houcro1
comgre_XC854750.ogg.npy,comgre
gargan_XC581195.ogg.npy,gargan
comtai1_XC709268.ogg.npy,comtai1
comkin1_XC476785.ogg.npy,comkin1
zitcis1_XC720766.ogg.npy,zitcis1
ashdro1_XC312261.ogg.npy,ashdro1
comsan_XC578171.ogg.npy,comsan
blrwar1_XC192132.ogg.npy,blrwar1
ashpri1_XC543425.ogg.npy,ashpri1
rorpar_XC471332.ogg.npy,rorpar
labcro1_XC197814.ogg.npy,labcro1
brnshr_XC237035.ogg.npy,brnshr
tibfly3_XC113622.ogg.npy,tibfly3
piekin1_XC515913.ogg.npy,piekin1
plapri1_XC714780.ogg.npy,plapri1
whiter2_XC611747.ogg.npy,whiter2
graher1_XC646315.ogg.npy,graher1
brcful1_XC294876.ogg.npy,brcful1
grywag_XC720265.ogg.npy,grywag
comgre_XC199115.ogg.npy,comgre
spodov_XC710635.ogg.npy,spodov
gyhcaf1_XC296649.ogg.npy,gyhcaf1
eaywag1_XC471887.ogg.npy,eaywag1
comior1_XC303819.ogg.npy,comior1
bcnher_XC557296.ogg.npy,bcnher
rewlap1_XC510664.ogg.npy,rewlap1
bcnher_XC806129.ogg.npy,bcnher
grewar3_XC753208.ogg.npy,grewar3
eurcoo_XC389107.ogg.npy,eurcoo
compea_XC644024.ogg.npy,compea
nutman_XC789688.ogg.npy,nutman
bladro1_XC517666.ogg.npy,bladro1
grywag_XC496598.ogg.npy,grywag
oripip1_XC540143.ogg.npy,oripip1
whrmun_XC809320.ogg.npy,whrmun
grbeat1_XC359294.ogg.npy,grbeat1
litegr_XC683852.ogg.npy,litegr
grewar3_XC266867.ogg.npy,grewar3
rerswa1_XC267441.ogg.npy,rerswa1
litegr_XC333942.ogg.npy,litegr
grnsan_XC754737.ogg.npy,grnsan
comior1_XC799302.ogg.npy,comior1
houspa_XC232921.ogg.npy,houspa
grywag_XC773251.ogg.npy,grywag
placuc3_XC319152.ogg.npy,placuc3
comros_XC729854.ogg.npy,comros
zitcis1_XC526227.ogg.npy,zitcis1
houspa_XC553544.ogg.npy,houspa
revbul_XC74216.ogg.npy,revbul
asikoe2_XC738085.ogg.npy,asikoe2
hoopoe_XC378249.ogg.npy,hoopoe
blrwar1_XC654212.ogg.npy,blrwar1
woosan_XC833723.ogg.npy,woosan
woosan_XC217918.ogg.npy,woosan
rewbul_XC26326.ogg.npy,rewbul
indpit1_XC486801.ogg.npy,indpit1
grewar3_XC348261.ogg.npy,grewar3
kenplo1_XC717259.ogg.npy,kenplo1
purher1_XC845753.ogg.npy,purher1
grtdro1_XC756526.ogg.npy,grtdro1
hoopoe_XC858396.ogg.npy,hoopoe
litswi1_XC498620.ogg.npy,litswi1
greegr_XC319269.ogg.npy,greegr
gargan_XC365756.ogg.npy,gargan
commoo3_XC681894.ogg.npy,commoo3
lirplo_XC587064.ogg.npy,lirplo
bladro1_XC699917.ogg.npy,bladro1
bkrfla1_XC561070.ogg.npy,bkrfla1
grywag_XC211664.ogg.npy,grywag
pabflo1_XC207734.ogg.npy,pabflo1
spodov_XC721129.ogg.npy,spodov
eurcoo_XC457036.ogg.npy,eurcoo
eaywag1_XC641911.ogg.npy,eaywag1
rewlap1_XC296422.ogg.npy,rewlap1
woosan_XC556043.ogg.npy,woosan
zitcis1_XC452278.ogg.npy,zitcis1
lirplo_XC716693.ogg.npy,lirplo
comros_XC747096.ogg.npy,comros
copbar1_XC304987.ogg.npy,copbar1
gargan_XC360708.ogg.npy,gargan
whbbul2_XC208324.ogg.npy,whbbul2
litegr_XC720765.ogg.npy,litegr
houcro1_XC194310.ogg.npy,houcro1
putbab1_XC321751.ogg.npy,putbab1
purher1_XC568931.ogg.npy,purher1
graher1_XC683606.ogg.npy,graher1
bkwsti_XC716022.ogg.npy,bkwsti
comros_XC801284.ogg.npy,comros
litegr_XC601281.ogg.npy,litegr
bcnher_XC466179.ogg.npy,bcnher
litgre1_XC792111.ogg.npy,litgre1
grnsan_XC615244.ogg.npy,grnsan
comgre_XC488511.ogg.npy,comgre
plaflo1_XC209754.ogg.npy,plaflo1
bkwsti_XC411148.ogg.npy,bkwsti
woosan_XC805739.ogg.npy,woosan
litegr_XC827349.ogg.npy,litegr
forwag1_XC646287.ogg.npy,forwag1
comgre_XC838139.ogg.npy,comgre
barswa_XC138014.ogg.npy,barswa
insowl1_XC234093.ogg.npy,insowl1
tilwar1_XC768864.ogg.npy,tilwar1
greegr_XC193153.ogg.npy,greegr
heswoo1_XC206611.ogg.npy,heswoo1
purher1_XC715317.ogg.npy,purher1
comtai1_XC857371.ogg.npy,comtai1
brnshr_XC458244.ogg.npy,brnshr
brcful1_XC614614.ogg.npy,brcful1
oripip1_XC644727.ogg.npy,oripip1
rocpig_XC492116.ogg.npy,rocpig
woosan_XC146617.ogg.npy,woosan
grecou1_XC577639.ogg.npy,grecou1
comros_XC184135.ogg.npy,comros
labcro1_XC651918.ogg.npy,labcro1
ashwoo2_XC510578.ogg.npy,ashwoo2
eucdov_XC522041.ogg.npy,eucdov
bcnher_XC668846.ogg.npy,bcnher
aspswi1_XC304719.ogg.npy,aspswi1
litspi1_XC856062.ogg.npy,litspi1
whtkin2_XC196949.ogg.npy,whtkin2
comros_XC318409.ogg.npy,comros
bcnher_XC760601.ogg.npy,bcnher
comior1_XC362853.ogg.npy,comior1
wemhar1_XC363322.ogg.npy,wemhar1
asbfly_XC818340.ogg.npy,asbfly
rorpar_XC283346.ogg.npy,rorpar
eaywag1_XC145109.ogg.npy,eaywag1
comros_XC328380.ogg.npy,comros
nutman_XC594276.ogg.npy,nutman
grywag_XC507685.ogg.npy,grywag
stbkin1_XC124417.ogg.npy,stbkin1
pursun3_XC157474.ogg.npy,pursun3
putbab1_XC464775.ogg.npy,putbab1
zitcis1_XC156869.ogg.npy,zitcis1
barswa_XC567605.ogg.npy,barswa
rerswa1_XC796158.ogg.npy,rerswa1
eurcoo_XC774674.ogg.npy,eurcoo
whtkin2_XC507751.ogg.npy,whtkin2
commoo3_XC266607.ogg.npy,commoo3
houspa_XC210466.ogg.npy,houspa
zitcis1_XC839548.ogg.npy,zitcis1
brcful1_XC197597.ogg.npy,brcful1
comsan_XC319861.ogg.npy,comsan
rorpar_XC359402.ogg.npy,rorpar
comros_XC803368.ogg.npy,comros
oripip1_XC644730.ogg.npy,oripip1
whbwat1_XC253420.ogg.npy,whbwat1
comros_XC181372.ogg.npy,comros
grtdro1_XC336353.ogg.npy,grtdro1
comtai1_XC834668.ogg.npy,comtai1
rorpar_XC157418.ogg.npy,rorpar
bcnher_XC233693.ogg.npy,bcnher
blrwar1_XC163839.ogg.npy,blrwar1
wynlau1_XC411406.ogg.npy,wynlau1
eucdov_XC781164.ogg.npy,eucdov
bkwsti_XC718506.ogg.npy,bkwsti
graher1_XC633142.ogg.npy,graher1
purher1_XC812915.ogg.npy,purher1
rorpar_XC817304.ogg.npy,rorpar
lirplo_XC523189.ogg.npy,lirplo
grewar3_XC604040.ogg.npy,grewar3
comros_XC727080.ogg.npy,comros
brodro1_XC116462.ogg.npy,brodro1
eucdov_XC759296.ogg.npy,eucdov
comros_XC455896.ogg.npy,comros
brwowl1_XC768401.ogg.npy,brwowl1
yebbab1_XC756557.ogg.npy,yebbab1
grefla1_XC252133.ogg.npy,grefla1
ashdro1_XC639829.ogg.npy,ashdro1
bkwsti_XC555009.ogg.npy,bkwsti
woosan_XC758292.ogg.npy,woosan
comior1_XC153788.ogg.npy,comior1
commyn_XC335435.ogg.npy,commyn
blrwar1_XC588629.ogg.npy,blrwar1
lblwar1_XC191728.ogg.npy,lblwar1
rorpar_XC541889.ogg.npy,rorpar
comgre_XC746092.ogg.npy,comgre
litspi1_XC679484.ogg.npy,litspi1
asbfly_XC554430.ogg.npy,asbfly
woosan_XC140651.ogg.npy,woosan
eucdov_XC747422.ogg.npy,eucdov
hoopoe_XC627442.ogg.npy,hoopoe
commoo3_XC624755.ogg.npy,commoo3
zitcis1_XC720569.ogg.npy,zitcis1
bkwsti_XC481401.ogg.npy,bkwsti
asikoe2_XC604705.ogg.npy,asikoe2
placuc3_XC657847.ogg.npy,placuc3
eurcoo_XC545642.ogg.npy,eurcoo
woosan_XC648800.ogg.npy,woosan
ashdro1_XC359357.ogg.npy,ashdro1
hoopoe_XC308875.ogg.npy,hoopoe
gyhcaf1_XC491049.ogg.npy,gyhcaf1
litswi1_XC574610.ogg.npy,litswi1
comsan_XC526860.ogg.npy,comsan
blrwar1_XC588031.ogg.npy,blrwar1
spepic1_XC115690.ogg.npy,spepic1
asikoe2_XC648133.ogg.npy,asikoe2
gyhcaf1_XC73271.ogg.npy,gyhcaf1
zitcis1_XC333705.ogg.npy,zitcis1
eurcoo_XC819364.ogg.npy,eurcoo
whbbul2_XC663208.ogg.npy,whbbul2
grnsan_XC638428.ogg.npy,grnsan
litgre1_XC855421.ogg.npy,litgre1
litegr_XC795965.ogg.npy,litegr
grnsan_XC844186.ogg.npy,grnsan
asbfly_XC528852.ogg.npy,asbfly
mawthr1_XC197739.ogg.npy,mawthr1
asikoe2_XC788204.ogg.npy,asikoe2
bkwsti_XC797768.ogg.npy,bkwsti
comgre_XC587718.ogg.npy,comgre
litspi1_XC151075.ogg.npy,litspi1
comsan_XC557910.ogg.npy,comsan
whbwoo2_XC214023.ogg.npy,whbwoo2
bkskit1_XC433762.ogg.npy,bkskit1
lirplo_XC523193.ogg.npy,lirplo
bkwsti_XC332534.ogg.npy,bkwsti
lirplo_XC764467.ogg.npy,lirplo
labcro1_XC500568.ogg.npy,labcro1
hoopoe_XC337010.ogg.npy,hoopoe
kenplo1_XC836196.ogg.npy,kenplo1
grewar3_XC320976.ogg.npy,grewar3
woosan_XC263318.ogg.npy,woosan
purher1_XC595003.ogg.npy,purher1
comgre_XC842890.ogg.npy,comgre
categr_XC478434.ogg.npy,categr
bkskit1_XC351409.ogg.npy,bkskit1
commoo3_XC539539.ogg.npy,commoo3
grtdro1_XC703423.ogg.npy,grtdro1
zitcis1_XC337538.ogg.npy,zitcis1
grnsan_XC199700.ogg.npy,grnsan
eurcoo_XC628567.ogg.npy,eurcoo
barswa_XC324839.ogg.npy,barswa
grnsan_XC549260.ogg.npy,grnsan
litswi1_XC358257.ogg.npy,litswi1
whiter2_XC770344.ogg.npy,whiter2
zitcis1_XC572913.ogg.npy,zitcis1
commyn_XC503850.ogg.npy,commyn
wemhar1_XC709827.ogg.npy,wemhar1
chbeat1_XC399364.ogg.npy,chbeat1
rocpig_XC539061.ogg.npy,rocpig
junbab2_XC254999.ogg.npy,junbab2
categr_XC389992.ogg.npy,categr
lirplo_XC309209.ogg.npy,lirplo
comkin1_XC503772.ogg.npy,comkin1
zitcis1_XC128122.ogg.npy,zitcis1
grnwar1_XC605964.ogg.npy,grnwar1
brnshr_XC453343.ogg.npy,brnshr
comkin1_XC763689.ogg.npy,comkin1
litegr_XC407045.ogg.npy,litegr
barswa_XC645358.ogg.npy,barswa
hoopoe_XC551275.ogg.npy,hoopoe
litgre1_XC773539.ogg.npy,litgre1
piebus1_XC620440.ogg.npy,piebus1
putbab1_XC210541.ogg.npy,putbab1
rorpar_XC692061.ogg.npy,rorpar
litgre1_XC807842.ogg.npy,litgre1
tibfly3_XC207626.ogg.npy,tibfly3
comsan_XC798923.ogg.npy,comsan
gargan_XC733441.ogg.npy,gargan
comros_XC129461.ogg.npy,comros
comsan_XC578772.ogg.npy,comsan
litegr_XC750334.ogg.npy,litegr
blrwar1_XC503978.ogg.npy,blrwar1
ashwoo2_XC584167.ogg.npy,ashwoo2
inpher1_XC528963.ogg.npy,inpher1
brwowl1_XC436746.ogg.npy,brwowl1
bkwsti_XC401709.ogg.npy,bkwsti
purswa3_XC586194.ogg.npy,purswa3
thbwar1_XC728672.ogg.npy,thbwar1
rewbul_XC131479.ogg.npy,rewbul
cohcuc1_XC380739.ogg.npy,cohcuc1
bkwsti_XC721161.ogg.npy,bkwsti
blrwar1_XC391853.ogg.npy,blrwar1
greegr_XC143577.ogg.npy,greegr
comgre_XC679028.ogg.npy,comgre
gyhcaf1_XC335026.ogg.npy,gyhcaf1
labcro1_XC133745.ogg.npy,labcro1
piebus1_XC409258.ogg.npy,piebus1
bcnher_XC655444.ogg.npy,bcnher
grnsan_XC643072.ogg.npy,grnsan
insbab1_XC796962.ogg.npy,insbab1
gryfra_XC73268.ogg.npy,gryfra
lirplo_XC829052.ogg.npy,lirplo
blnmon1_XC192434.ogg.npy,blnmon1
grewar3_XC377339.ogg.npy,grewar3
litgre1_XC844727.ogg.npy,litgre1
zitcis1_XC689184.ogg.npy,zitcis1
eucdov_XC322745.ogg.npy,eucdov
grnsan_XC434778.ogg.npy,grnsan
comkin1_XC364951.ogg.npy,comkin1
houspa_XC167639.ogg.npy,houspa
comtai1_XC643669.ogg.npy,comtai1
rufwoo2_XC646643.ogg.npy,rufwoo2
hoopoe_XC265937.ogg.npy,hoopoe
bkwsti_XC144533.ogg.npy,bkwsti
commoo3_XC557180.ogg.npy,commoo3
grywag_XC842300.ogg.npy,grywag
zitcis1_XC745668.ogg.npy,zitcis1
graher1_XC630320.ogg.npy,graher1
piekin1_XC517391.ogg.npy,piekin1
lirplo_XC756067.ogg.npy,lirplo
forwag1_XC807373.ogg.npy,forwag1
gargan_XC120388.ogg.npy,gargan
blrwar1_XC568971.ogg.npy,blrwar1
bkskit1_XC360635.ogg.npy,bkskit1
litswi1_XC379681.ogg.npy,litswi1
bkwsti_XC788171.ogg.npy,bkwsti
putbab1_XC828285.ogg.npy,putbab1
forwag1_XC807379.ogg.npy,forwag1
eucdov_XC701043.ogg.npy,eucdov
litspi1_XC683316.ogg.npy,litspi1
rewbul_XC304280.ogg.npy,rewbul
ruftre2_XC743747.ogg.npy,ruftre2
purher1_XC562806.ogg.npy,purher1
categr_XC246911.ogg.npy,categr
eaywag1_XC757601.ogg.npy,eaywag1
categr_XC304251.ogg.npy,categr
ruftre2_XC531069.ogg.npy,ruftre2
brnhao1_XC372566.ogg.npy,brnhao1
woosan_XC663081.ogg.npy,woosan
putbab1_XC239507.ogg.npy,putbab1
whcbar1_XC214143.ogg.npy,whcbar1
aspfly1_XC206805.ogg.npy,aspfly1
grbeat1_XC318464.ogg.npy,grbeat1
compea_XC565301.ogg.npy,compea
grtdro1_XC396817.ogg.npy,grtdro1
comsan_XC432713.ogg.npy,comsan
whbwat1_XC549717.ogg.npy,whbwat1
graher1_XC489166.ogg.npy,graher1
hoopoe_XC560354.ogg.npy,hoopoe
copbar1_XC192036.ogg.npy,copbar1
eucdov_XC669773.ogg.npy,eucdov
grewar3_XC488928.ogg.npy,grewar3
hoopoe_XC327769.ogg.npy,hoopoe
eucdov_XC530699.ogg.npy,eucdov
comkin1_XC496573.ogg.npy,comkin1
comsan_XC569862.ogg.npy,comsan
litegr_XC333981.ogg.npy,litegr
purher1_XC638663.ogg.npy,purher1
houspa_XC288403.ogg.npy,houspa
categr_XC143599.ogg.npy,categr
plapri1_XC724474.ogg.npy,plapri1
houspa_XC794453.ogg.npy,houspa
eucdov_XC791264.ogg.npy,eucdov
mawthr1_XC400393.ogg.npy,mawthr1
bkwsti_XC845743.ogg.npy,bkwsti
putbab1_XC465693.ogg.npy,putbab1
eaywag1_XC743715.ogg.npy,eaywag1
litegr_XC734480.ogg.npy,litegr
grnsan_XC142641.ogg.npy,grnsan
zitcis1_XC288599.ogg.npy,zitcis1
spoowl1_XC442331.ogg.npy,spoowl1
woosan_XC189355.ogg.npy,woosan
plapri1_XC207625.ogg.npy,plapri1
eurcoo_XC605225.ogg.npy,eurcoo
comsan_XC648403.ogg.npy,comsan
kenplo1_XC837287.ogg.npy,kenplo1
houcro1_XC519656.ogg.npy,houcro1
grywag_XC367186.ogg.npy,grywag
brcful1_XC791249.ogg.npy,brcful1
cregos1_XC819484.ogg.npy,cregos1
thbwar1_XC164842.ogg.npy,thbwar1
comior1_XC590314.ogg.npy,comior1
barswa_XC659151.ogg.npy,barswa
comkin1_XC425999.ogg.npy,comkin1
wemhar1_XC440234.ogg.npy,wemhar1
comtai1_XC376186.ogg.npy,comtai1
barswa_XC823733.ogg.npy,barswa
ruftre2_XC116855.ogg.npy,ruftre2
grynig2_XC214014.ogg.npy,grynig2
plaflo1_XC659312.ogg.npy,plaflo1
kenplo1_XC135658.ogg.npy,kenplo1
eucdov_XC509319.ogg.npy,eucdov
piekin1_XC515891.ogg.npy,piekin1
comros_XC569085.ogg.npy,comros
labcro1_XC73288.ogg.npy,labcro1
woosan_XC644599.ogg.npy,woosan
tibfly3_XC163865.ogg.npy,tibfly3
aspswi1_XC116348.ogg.npy,aspswi1
eucdov_XC698964.ogg.npy,eucdov
whtkin2_XC754240.ogg.npy,whtkin2
rossta2_XC184802.ogg.npy,rossta2
labcro1_XC581690.ogg.npy,labcro1
blrwar1_XC659130.ogg.npy,blrwar1
brnshr_XC458253.ogg.npy,brnshr
rorpar_XC378731.ogg.npy,rorpar
litswi1_XC336800.ogg.npy,litswi1
pursun4_XC331240.ogg.npy,pursun4
hoopoe_XC166835.ogg.npy,hoopoe
litegr_XC560736.ogg.npy,litegr
orihob2_XC538855.ogg.npy,orihob2
blrwar1_XC151361.ogg.npy,blrwar1
grywag_XC767550.ogg.npy,grywag
litgre1_XC788483.ogg.npy,litgre1
piebus1_XC311738.ogg.npy,piebus1
comkin1_XC538132.ogg.npy,comkin1
whiter2_XC858316.ogg.npy,whiter2
aspfly1_XC687956.ogg.npy,aspfly1
bkwsti_XC338803.ogg.npy,bkwsti
rewbul_XC401925.ogg.npy,rewbul
spepic1_XC784689.ogg.npy,spepic1
zitcis1_XC630728.ogg.npy,zitcis1
stbkin1_XC843428.ogg.npy,stbkin1
rocpig_XC829898.ogg.npy,rocpig
rewbul_XC784986.ogg.npy,rewbul
revbul_XC514070.ogg.npy,revbul
labcro1_XC454329.ogg.npy,labcro1
commoo3_XC493031.ogg.npy,commoo3
zitcis1_XC829159.ogg.npy,zitcis1
whtkin2_XC705641.ogg.npy,whtkin2
eaywag1_XC370995.ogg.npy,eaywag1
rerswa1_XC333855.ogg.npy,rerswa1
whiter2_XC845740.ogg.npy,whiter2
gargan_XC279683.ogg.npy,gargan
purher1_XC817620.ogg.npy,purher1
jerbus2_XC484951.ogg.npy,jerbus2
graher1_XC807507.ogg.npy,graher1
comkin1_XC399083.ogg.npy,comkin1
greegr_XC161277.ogg.npy,greegr
litswi1_XC394496.ogg.npy,litswi1
purher1_XC586066.ogg.npy,purher1
whtkin2_XC615560.ogg.npy,whtkin2
lirplo_XC655138.ogg.npy,lirplo
eucdov_XC128851.ogg.npy,eucdov
whbwat1_XC676788.ogg.npy,whbwat1
vehpar1_XC213916.ogg.npy,vehpar1
houspa_XC790998.ogg.npy,houspa
grnwar1_XC199348.ogg.npy,grnwar1
pursun3_XC153015.ogg.npy,pursun3
plapri1_XC578469.ogg.npy,plapri1
eaywag1_XC832047.ogg.npy,eaywag1
copbar1_XC189660.ogg.npy,copbar1
zitcis1_XC580255.ogg.npy,zitcis1
zitcis1_XC301724.ogg.npy,zitcis1
hoopoe_XC560986.ogg.npy,hoopoe
comkin1_XC596958.ogg.npy,comkin1
eaywag1_XC828562.ogg.npy,eaywag1
rewlap1_XC359247.ogg.npy,rewlap1
bkwsti_XC795867.ogg.npy,bkwsti
graher1_XC672841.ogg.npy,graher1
shikra1_XC185038.ogg.npy,shikra1
houcro1_XC604023.ogg.npy,houcro1
gyhcaf1_XC606942.ogg.npy,gyhcaf1
indpit1_XC253591.ogg.npy,indpit1
crseag1_XC570921.ogg.npy,crseag1
comsan_XC266357.ogg.npy,comsan
houspa_XC557255.ogg.npy,houspa
piekin1_XC615840.ogg.npy,piekin1
bkwsti_XC466558.ogg.npy,bkwsti
asikoe2_XC349238.ogg.npy,asikoe2
litswi1_XC443720.ogg.npy,litswi1
spodov_XC40042.ogg.npy,spodov
zitcis1_XC190430.ogg.npy,zitcis1
rerswa1_XC334160.ogg.npy,rerswa1
bkwsti_XC605115.ogg.npy,bkwsti
grnsan_XC568857.ogg.npy,grnsan
yebbul3_XC214033.ogg.npy,yebbul3
bcnher_XC184124.ogg.npy,bcnher
putbab1_XC773622.ogg.npy,putbab1
whiter2_XC770347.ogg.npy,whiter2
bcnher_XC762071.ogg.npy,bcnher
comtai1_XC454040.ogg.npy,comtai1
rocpig_XC500495.ogg.npy,rocpig
jerbus2_XC215503.ogg.npy,jerbus2
rocpig_XC217673.ogg.npy,rocpig
blakit1_XC372290.ogg.npy,blakit1
bkwsti_XC845198.ogg.npy,bkwsti
lirplo_XC144426.ogg.npy,lirplo
houspa_XC260300.ogg.npy,houspa
litegr_XC596990.ogg.npy,litegr
woosan_XC380949.ogg.npy,woosan
categr_XC527812.ogg.npy,categr
labcro1_XC265731.ogg.npy,labcro1
asikoe2_XC307123.ogg.npy,asikoe2
bcnher_XC696384.ogg.npy,bcnher
commoo3_XC717326.ogg.npy,commoo3
oripip1_XC392912.ogg.npy,oripip1
zitcis1_XC633794.ogg.npy,zitcis1
whbwoo2_XC304558.ogg.npy,whbwoo2
bkskit1_XC353832.ogg.npy,bkskit1
nutman_XC771031.ogg.npy,nutman
litegr_XC675487.ogg.npy,litegr
blakit1_XC796458.ogg.npy,blakit1
malwoo1_XC282589.ogg.npy,malwoo1
litegr_XC750464.ogg.npy,litegr
litgre1_XC544638.ogg.npy,litgre1
grehor1_XC407841.ogg.npy,grehor1
gyhcaf1_XC151227.ogg.npy,gyhcaf1
greegr_XC649137.ogg.npy,greegr
grnsan_XC828218.ogg.npy,grnsan
comkin1_XC146469.ogg.npy,comkin1
barswa_XC511681.ogg.npy,barswa
lirplo_XC553874.ogg.npy,lirplo
nutman_XC797137.ogg.npy,nutman
shikra1_XC530646.ogg.npy,shikra1
thbwar1_XC141833.ogg.npy,thbwar1
ashpri1_XC578479.ogg.npy,ashpri1
categr_XC288324.ogg.npy,categr
spodov_XC441823.ogg.npy,spodov
insowl1_XC216497.ogg.npy,insowl1
comior1_XC683811.ogg.npy,comior1
eucdov_XC474809.ogg.npy,eucdov
brnshr_XC465711.ogg.npy,brnshr
whiter2_XC579203.ogg.npy,whiter2
litgre1_XC543483.ogg.npy,litgre1
hoopoe_XC750097.ogg.npy,hoopoe
plhpar1_XC237602.ogg.npy,plhpar1
ruftre2_XC207020.ogg.npy,ruftre2
comsan_XC663488.ogg.npy,comsan
brnhao1_XC766806.ogg.npy,brnhao1
houspa_XC544200.ogg.npy,houspa
zitcis1_XC307175.ogg.npy,zitcis1
graher1_XC801095.ogg.npy,graher1
eucdov_XC364621.ogg.npy,eucdov
graher1_XC795455.ogg.npy,graher1
labcro1_XC824066.ogg.npy,labcro1
sttwoo1_XC793609.ogg.npy,sttwoo1
comgre_XC829449.ogg.npy,comgre
blhori1_XC572652.ogg.npy,blhori1
litgre1_XC471590.ogg.npy,litgre1
brodro1_XC629315.ogg.npy,brodro1
piebus1_XC240348.ogg.npy,piebus1
comkin1_XC761560.ogg.npy,comkin1
eucdov_XC373865.ogg.npy,eucdov
comior1_XC676794.ogg.npy,comior1
ashpri1_XC845976.ogg.npy,ashpri1
wemhar1_XC313983.ogg.npy,wemhar1
commyn_XC157876.ogg.npy,commyn
comsan_XC829353.ogg.npy,comsan
greegr_XC709064.ogg.npy,greegr
spodov_XC267346.ogg.npy,spodov
comkin1_XC418913.ogg.npy,comkin1
commoo3_XC838658.ogg.npy,commoo3
rorpar_XC574717.ogg.npy,rorpar
zitcis1_XC359807.ogg.npy,zitcis1
nutman_XC213172.ogg.npy,nutman
grywag_XC589857.ogg.npy,grywag
ruftre2_XC116854.ogg.npy,ruftre2
piebus1_XC776970.ogg.npy,piebus1
comtai1_XC394262.ogg.npy,comtai1
purher1_XC184843.ogg.npy,purher1
barfly1_XC386967.ogg.npy,barfly1
pursun3_XC469366.ogg.npy,pursun3
grynig2_XC575171.ogg.npy,grynig2
spodov_XC504443.ogg.npy,spodov
rerswa1_XC701890.ogg.npy,rerswa1
grewar3_XC290121.ogg.npy,grewar3
bkwsti_XC198097.ogg.npy,bkwsti
comkin1_XC436249.ogg.npy,comkin1
grnsan_XC658891.ogg.npy,grnsan
woosan_XC307284.ogg.npy,woosan
bcnher_XC757753.ogg.npy,bcnher
putbab1_XC144313.ogg.npy,putbab1
zitcis1_XC724801.ogg.npy,zitcis1
comsan_XC587730.ogg.npy,comsan
rorpar_XC746905.ogg.npy,rorpar
blrwar1_XC826787.ogg.npy,blrwar1
brnhao1_XC775183.ogg.npy,brnhao1
litgre1_XC638601.ogg.npy,litgre1
hoopoe_XC416610.ogg.npy,hoopoe
grewar3_XC608880.ogg.npy,grewar3
shikra1_XC575195.ogg.npy,shikra1
graher1_XC307709.ogg.npy,graher1
lirplo_XC581539.ogg.npy,lirplo
woosan_XC488069.ogg.npy,woosan
houspa_XC462545.ogg.npy,houspa
litegr_XC683073.ogg.npy,litegr
copbar1_XC530839.ogg.npy,copbar1
purher1_XC291832.ogg.npy,purher1
woosan_XC672707.ogg.npy,woosan
bladro1_XC114643.ogg.npy,bladro1
bcnher_XC189778.ogg.npy,bcnher
grecou1_XC698155.ogg.npy,grecou1
junbab2_XC343893.ogg.npy,junbab2
houspa_XC697489.ogg.npy,houspa
whbwat1_XC583144.ogg.npy,whbwat1
houcro1_XC531724.ogg.npy,houcro1
houcro1_XC73378.ogg.npy,houcro1
lblwar1_XC191729.ogg.npy,lblwar1
asikoe2_XC324988.ogg.npy,asikoe2
wemhar1_XC801401.ogg.npy,wemhar1
rewbul_XC291448.ogg.npy,rewbul
barswa_XC472519.ogg.npy,barswa
bkskit1_XC779198.ogg.npy,bkskit1
categr_XC611986.ogg.npy,categr
bcnher_XC827289.ogg.npy,bcnher
gloibi_XC773518.ogg.npy,gloibi
commyn_XC40086.ogg.npy,commyn
comtai1_XC542379.ogg.npy,comtai1
lblwar1_XC487542.ogg.npy,lblwar1
comkin1_XC580243.ogg.npy,comkin1
labcro1_XC724412.ogg.npy,labcro1
comkin1_XC511668.ogg.npy,comkin1
bcnher_XC143604.ogg.npy,bcnher
ingori1_XC543894.ogg.npy,ingori1
ingori1_XC385501.ogg.npy,ingori1
bkwsti_XC338279.ogg.npy,bkwsti
greegr_XC338469.ogg.npy,greegr
eucdov_XC743811.ogg.npy,eucdov
bladro1_XC605129.ogg.npy,bladro1
eaywag1_XC25775.ogg.npy,eaywag1
grecou1_XC163948.ogg.npy,grecou1
whtkin2_XC284525.ogg.npy,whtkin2
putbab1_XC210537.ogg.npy,putbab1
ingori1_XC19735.ogg.npy,ingori1
pabflo1_XC741594.ogg.npy,pabflo1
eurcoo_XC543883.ogg.npy,eurcoo
woosan_XC668547.ogg.npy,woosan
zitcis1_XC282656.ogg.npy,zitcis1
bkcbul1_XC196567.ogg.npy,bkcbul1
eucdov_XC659769.ogg.npy,eucdov
litgre1_XC823148.ogg.npy,litgre1
purher1_XC363323.ogg.npy,purher1
blakit1_XC337368.ogg.npy,blakit1
gybpri1_XC207637.ogg.npy,gybpri1
rewlap1_XC606445.ogg.npy,rewlap1
yebbul3_XC353474.ogg.npy,yebbul3
plapri1_XC268572.ogg.npy,plapri1
rewbul_XC713465.ogg.npy,rewbul
spepic1_XC804432.ogg.npy,spepic1
junowl1_XC357881.ogg.npy,junowl1
graher1_XC801581.ogg.npy,graher1
compea_XC316937.ogg.npy,compea
comgre_XC528703.ogg.npy,comgre
tilwar1_XC817931.ogg.npy,tilwar1
litgre1_XC571554.ogg.npy,litgre1
labcro1_XC191642.ogg.npy,labcro1
grewar3_XC266477.ogg.npy,grewar3
barswa_XC381729.ogg.npy,barswa
brnhao1_XC327442.ogg.npy,brnhao1
zitcis1_XC178932.ogg.npy,zitcis1
woosan_XC368106.ogg.npy,woosan
piekin1_XC806909.ogg.npy,piekin1
gargan_XC787965.ogg.npy,gargan
stbkin1_XC723607.ogg.npy,stbkin1
blakit1_XC296008.ogg.npy,blakit1
whiter2_XC731270.ogg.npy,whiter2
gryfra_XC209511.ogg.npy,gryfra
categr_XC527808.ogg.npy,categr
zitcis1_XC727228.ogg.npy,zitcis1
grnwar1_XC197744.ogg.npy,grnwar1
inbrob1_XC312269.ogg.npy,inbrob1
shikra1_XC209605.ogg.npy,shikra1
houspa_XC380910.ogg.npy,houspa
grecou1_XC599852.ogg.npy,grecou1
shikra1_XC374784.ogg.npy,shikra1
eucdov_XC297326.ogg.npy,eucdov
zitcis1_XC383362.ogg.npy,zitcis1
categr_XC520659.ogg.npy,categr
commoo3_XC545090.ogg.npy,commoo3
lirplo_XC411000.ogg.npy,lirplo
rorpar_XC510543.ogg.npy,rorpar
litgre1_XC630181.ogg.npy,litgre1
asikoe2_XC665241.ogg.npy,asikoe2
eaywag1_XC585048.ogg.npy,eaywag1
grnsan_XC495162.ogg.npy,grnsan
graher1_XC826488.ogg.npy,graher1
comsan_XC823308.ogg.npy,comsan
laudov1_XC405369.ogg.npy,laudov1
asikoe2_XC779913.ogg.npy,asikoe2
comsan_XC646223.ogg.npy,comsan
bcnher_XC562999.ogg.npy,bcnher
oripip1_XC683282.ogg.npy,oripip1
comros_XC768479.ogg.npy,comros
junowl1_XC404219.ogg.npy,junowl1
comkin1_XC529948.ogg.npy,comkin1
comior1_XC237576.ogg.npy,comior1
labcro1_XC344448.ogg.npy,labcro1
brnshr_XC596970.ogg.npy,brnshr
piebus1_XC686232.ogg.npy,piebus1
blnmon1_XC572861.ogg.npy,blnmon1
blrwar1_XC658088.ogg.npy,blrwar1
eaywag1_XC624104.ogg.npy,eaywag1
comros_XC323477.ogg.npy,comros
comtai1_XC245905.ogg.npy,comtai1
maghor2_XC296773.ogg.npy,maghor2
bcnher_XC2797.ogg.npy,bcnher
comgre_XC828934.ogg.npy,comgre
zitcis1_XC422791.ogg.npy,zitcis1
litegr_XC628901.ogg.npy,litegr
comgre_XC585656.ogg.npy,comgre
greegr_XC447826.ogg.npy,greegr
purher1_XC640966.ogg.npy,purher1
bkskit1_XC762424.ogg.npy,bkskit1
commoo3_XC710779.ogg.npy,commoo3
commoo3_XC214103.ogg.npy,commoo3
commoo3_XC641192.ogg.npy,commoo3
bwfshr1_XC820722.ogg.npy,bwfshr1
whcbar1_XC574333.ogg.npy,whcbar1
grewar3_XC808912.ogg.npy,grewar3
grnsan_XC663941.ogg.npy,grnsan
zitcis1_XC208072.ogg.npy,zitcis1
litegr_XC576994.ogg.npy,litegr
pabflo1_XC207756.ogg.npy,pabflo1
rossta2_XC567399.ogg.npy,rossta2
eurcoo_XC190771.ogg.npy,eurcoo
labcro1_XC332822.ogg.npy,labcro1
gyhcaf1_XC770302.ogg.npy,gyhcaf1
whbwoo2_XC240390.ogg.npy,whbwoo2
insowl1_XC146390.ogg.npy,insowl1
comros_XC432093.ogg.npy,comros
blrwar1_XC659134.ogg.npy,blrwar1
whbbul2_XC19895.ogg.npy,whbbul2
putbab1_XC239781.ogg.npy,putbab1
rocpig_XC412827.ogg.npy,rocpig
blnmon1_XC166534.ogg.npy,blnmon1
eurcoo_XC540685.ogg.npy,eurcoo
whiter2_XC288962.ogg.npy,whiter2
lewduc1_XC693226.ogg.npy,lewduc1
barswa_XC394763.ogg.npy,barswa
whtkin2_XC306378.ogg.npy,whtkin2
grnsan_XC671725.ogg.npy,grnsan
litgre1_XC823082.ogg.npy,litgre1
revbul_XC115437.ogg.npy,revbul
labcro1_XC299718.ogg.npy,labcro1
brnshr_XC458252.ogg.npy,brnshr
woosan_XC266297.ogg.npy,woosan
comior1_XC389533.ogg.npy,comior1
blrwar1_XC807127.ogg.npy,blrwar1
piebus1_XC856056.ogg.npy,piebus1
bcnher_XC263289.ogg.npy,bcnher
commoo3_XC673729.ogg.npy,commoo3
comkin1_XC496571.ogg.npy,comkin1
rewlap1_XC514071.ogg.npy,rewlap1
comgre_XC832912.ogg.npy,comgre
bkskit1_XC801389.ogg.npy,bkskit1
rorpar_XC763361.ogg.npy,rorpar
comtai1_XC541369.ogg.npy,comtai1
nilfly2_XC788165.ogg.npy,nilfly2
putbab1_XC465687.ogg.npy,putbab1
bkwsti_XC514030.ogg.npy,bkwsti
eucdov_XC642683.ogg.npy,eucdov
blnmon1_XC214011.ogg.npy,blnmon1
gybpri1_XC447853.ogg.npy,gybpri1
eaywag1_XC790735.ogg.npy,eaywag1
grewar3_XC656645.ogg.npy,grewar3
whbtre1_XC211619.ogg.npy,whbtre1
purswa3_XC284531.ogg.npy,purswa3
zitcis1_XC722428.ogg.npy,zitcis1
houspa_XC459146.ogg.npy,houspa
hoopoe_XC471860.ogg.npy,hoopoe
whbwat1_XC730845.ogg.npy,whbwat1
greegr_XC570049.ogg.npy,greegr
eaywag1_XC360435.ogg.npy,eaywag1
houcro1_XC163857.ogg.npy,houcro1
zitcis1_XC789245.ogg.npy,zitcis1
litgre1_XC787947.ogg.npy,litgre1
bkwsti_XC724944.ogg.npy,bkwsti
bkrfla1_XC612026.ogg.npy,bkrfla1
grtdro1_XC335907.ogg.npy,grtdro1
inbrob1_XC608138.ogg.npy,inbrob1
grewar3_XC420094.ogg.npy,grewar3
asbfly_XC716738.ogg.npy,asbfly
woosan_XC530489.ogg.npy,woosan
categr_XC368932.ogg.npy,categr
blrwar1_XC192131.ogg.npy,blrwar1
labcro1_XC283559.ogg.npy,labcro1
eaywag1_XC670861.ogg.npy,eaywag1
plapri1_XC234154.ogg.npy,plapri1
putbab1_XC519459.ogg.npy,putbab1
rewbul_XC400982.ogg.npy,rewbul
lirplo_XC371856.ogg.npy,lirplo
rewbul_XC289671.ogg.npy,rewbul
compea_XC208672.ogg.npy,compea
stbkin1_XC359185.ogg.npy,stbkin1
gloibi_XC129140.ogg.npy,gloibi
laudov1_XC424339.ogg.npy,laudov1
eaywag1_XC744751.ogg.npy,eaywag1
comgre_XC799772.ogg.npy,comgre
bladro1_XC754307.ogg.npy,bladro1
whtkin2_XC297728.ogg.npy,whtkin2
bkwsti_XC544812.ogg.npy,bkwsti
ashwoo2_XC681275.ogg.npy,ashwoo2
whrmun_XC711687.ogg.npy,whrmun
purher1_XC839836.ogg.npy,purher1
rossta2_XC652558.ogg.npy,rossta2
jerbus2_XC412795.ogg.npy,jerbus2
comtai1_XC633435.ogg.npy,comtai1
insbab1_XC636403.ogg.npy,insbab1
blakit1_XC120438.ogg.npy,blakit1
eaywag1_XC825776.ogg.npy,eaywag1
litgre1_XC500213.ogg.npy,litgre1
hoopoe_XC240247.ogg.npy,hoopoe
greegr_XC463359.ogg.npy,greegr
btbeat1_XC460790.ogg.npy,btbeat1
bkwsti_XC729696.ogg.npy,bkwsti
comtai1_XC191211.ogg.npy,comtai1
bcnher_XC837579.ogg.npy,bcnher
grywag_XC591079.ogg.npy,grywag
lirplo_XC542074.ogg.npy,lirplo
grewar3_XC608692.ogg.npy,grewar3
laudov1_XC444434.ogg.npy,laudov1
grtdro1_XC595616.ogg.npy,grtdro1
blrwar1_XC506431.ogg.npy,blrwar1
eurcoo_XC639873.ogg.npy,eurcoo
woosan_XC494020.ogg.npy,woosan
labcro1_XC505559.ogg.npy,labcro1
bkskit1_XC361607.ogg.npy,bkskit1
rewlap1_XC808318.ogg.npy,rewlap1
thbwar1_XC785360.ogg.npy,thbwar1
eurcoo_XC834096.ogg.npy,eurcoo
litgre1_XC791035.ogg.npy,litgre1
gloibi_XC417661.ogg.npy,gloibi
brfowl1_XC824091.ogg.npy,brfowl1
houspa_XC414547.ogg.npy,houspa
woosan_XC747301.ogg.npy,woosan
commyn_XC281920.ogg.npy,commyn
wemhar1_XC243521.ogg.npy,wemhar1
marsan_XC138823.ogg.npy,marsan
hoopoe_XC808749.ogg.npy,hoopoe
pursun4_XC687328.ogg.npy,pursun4
comsan_XC751136.ogg.npy,comsan
bladro1_XC639179.ogg.npy,bladro1
zitcis1_XC639392.ogg.npy,zitcis1
ashdro1_XC684396.ogg.npy,ashdro1
grecou1_XC491039.ogg.npy,grecou1
bcnher_XC854859.ogg.npy,bcnher
crfbar1_XC540672.ogg.npy,crfbar1
comgre_XC667348.ogg.npy,comgre
commoo3_XC781137.ogg.npy,commoo3
gyhcaf1_XC115117.ogg.npy,gyhcaf1
litspi1_XC192481.ogg.npy,litspi1
eucdov_XC460920.ogg.npy,eucdov
litspi1_XC279170.ogg.npy,litspi1
comkin1_XC702693.ogg.npy,comkin1
litegr_XC147857.ogg.npy,litegr
grnwar1_XC480532.ogg.npy,grnwar1
bladro1_XC596718.ogg.npy,bladro1
comgre_XC724764.ogg.npy,comgre
lirplo_XC544214.ogg.npy,lirplo
spepic1_XC328297.ogg.npy,spepic1
comsan_XC835748.ogg.npy,comsan
comros_XC34998.ogg.npy,comros
grtdro1_XC452730.ogg.npy,grtdro1
blhori1_XC507750.ogg.npy,blhori1
grywag_XC749815.ogg.npy,grywag
graher1_XC607064.ogg.npy,graher1
woosan_XC814873.ogg.npy,woosan
litegr_XC687073.ogg.npy,litegr
grewar3_XC845828.ogg.npy,grewar3
rorpar_XC196663.ogg.npy,rorpar
grnsan_XC547341.ogg.npy,grnsan
bkskit1_XC350255.ogg.npy,bkskit1
brakit1_XC399255.ogg.npy,brakit1
wemhar1_XC552232.ogg.npy,wemhar1
commoo3_XC418795.ogg.npy,commoo3
barswa_XC669761.ogg.npy,barswa
lirplo_XC648430.ogg.npy,lirplo
barswa_XC609237.ogg.npy,barswa
comgre_XC425049.ogg.npy,comgre
kenplo1_XC411145.ogg.npy,kenplo1
comtai1_XC834666.ogg.npy,comtai1
bladro1_XC596816.ogg.npy,bladro1
rerswa1_XC171582.ogg.npy,rerswa1
grtdro1_XC610728.ogg.npy,grtdro1
ashdro1_XC114605.ogg.npy,ashdro1
litgre1_XC559857.ogg.npy,litgre1
whtkin2_XC365385.ogg.npy,whtkin2
blrwar1_XC185455.ogg.npy,blrwar1
commoo3_XC640180.ogg.npy,commoo3
eaywag1_XC800547.ogg.npy,eaywag1
graher1_XC772085.ogg.npy,graher1
categr_XC139953.ogg.npy,categr
plhpar1_XC504997.ogg.npy,plhpar1
gloibi_XC744143.ogg.npy,gloibi
comgre_XC686482.ogg.npy,comgre
eurcoo_XC651220.ogg.npy,eurcoo
whiter2_XC480128.ogg.npy,whiter2
rocpig_XC684168.ogg.npy,rocpig
eurcoo_XC623257.ogg.npy,eurcoo
houspa_XC151115.ogg.npy,houspa
copbar1_XC453734.ogg.npy,copbar1
eaywag1_XC712471.ogg.npy,eaywag1
houcro1_XC163859.ogg.npy,houcro1
commoo3_XC641214.ogg.npy,commoo3
eucdov_XC144764.ogg.npy,eucdov
comros_XC405220.ogg.npy,comros
bkwsti_XC507085.ogg.npy,bkwsti
comgre_XC455627.ogg.npy,comgre
lirplo_XC745293.ogg.npy,lirplo
rerswa1_XC371367.ogg.npy,rerswa1
grtdro1_XC665378.ogg.npy,grtdro1
categr_XC197438.ogg.npy,categr
rocpig_XC387815.ogg.npy,rocpig
graher1_XC513447.ogg.npy,graher1
hoopoe_XC176956.ogg.npy,hoopoe
grefla1_XC214518.ogg.npy,grefla1
comros_XC458151.ogg.npy,comros
rewbul_XC126901.ogg.npy,rewbul
brnshr_XC267578.ogg.npy,brnshr
wemhar1_XC659997.ogg.npy,wemhar1
comgre_XC838140.ogg.npy,comgre
bkskit1_XC361612.ogg.npy,bkskit1
greegr_XC694714.ogg.npy,greegr
spodov_XC484952.ogg.npy,spodov
brnshr_XC684081.ogg.npy,brnshr
placuc3_XC181301.ogg.npy,placuc3
blhori1_XC122996.ogg.npy,blhori1
comkin1_XC434131.ogg.npy,comkin1
comros_XC372676.ogg.npy,comros
grywag_XC310222.ogg.npy,grywag
comsan_XC738503.ogg.npy,comsan
junbab2_XC775622.ogg.npy,junbab2
labcro1_XC811530.ogg.npy,labcro1
categr_XC352660.ogg.npy,categr
thbwar1_XC458520.ogg.npy,thbwar1
whtkin2_XC197605.ogg.npy,whtkin2
litgre1_XC571553.ogg.npy,litgre1
bcnher_XC836515.ogg.npy,bcnher
houcro1_XC743658.ogg.npy,houcro1
grnsan_XC829497.ogg.npy,grnsan
comgre_XC64628.ogg.npy,comgre
grywag_XC790658.ogg.npy,grywag
zitcis1_XC330942.ogg.npy,zitcis1
litegr_XC333974.ogg.npy,litegr
bkwsti_XC662166.ogg.npy,bkwsti
grewar3_XC576341.ogg.npy,grewar3
zitcis1_XC570085.ogg.npy,zitcis1
grywag_XC749828.ogg.npy,grywag
piebus1_XC138465.ogg.npy,piebus1
greegr_XC357715.ogg.npy,greegr
bkskit1_XC373396.ogg.npy,bkskit1
commoo3_XC725348.ogg.npy,commoo3
comkin1_XC680210.ogg.npy,comkin1
barswa_XC819819.ogg.npy,barswa
lirplo_XC809519.ogg.npy,lirplo
blhori1_XC754315.ogg.npy,blhori1
grywag_XC856788.ogg.npy,grywag
moipig1_XC150745.ogg.npy,moipig1
junowl1_XC507441.ogg.npy,junowl1
zitcis1_XC634028.ogg.npy,zitcis1
litegr_XC665471.ogg.npy,litegr
grewar3_XC31572.ogg.npy,grewar3
eaywag1_XC795434.ogg.npy,eaywag1
commoo3_XC551721.ogg.npy,commoo3
comkin1_XC397358.ogg.npy,comkin1
rewlap1_XC362839.ogg.npy,rewlap1
grywag_XC457124.ogg.npy,grywag
comtai1_XC633050.ogg.npy,comtai1
whiter2_XC138597.ogg.npy,whiter2
grywag_XC798741.ogg.npy,grywag
blrwar1_XC570213.ogg.npy,blrwar1
blnmon1_XC637738.ogg.npy,blnmon1
mawthr1_XC490498.ogg.npy,mawthr1
kenplo1_XC376959.ogg.npy,kenplo1
zitcis1_XC127906.ogg.npy,zitcis1
hoopoe_XC263714.ogg.npy,hoopoe
blrwar1_XC659068.ogg.npy,blrwar1
blrwar1_XC141038.ogg.npy,blrwar1
woosan_XC746240.ogg.npy,woosan
eurcoo_XC587616.ogg.npy,eurcoo
shikra1_XC575198.ogg.npy,shikra1
lewduc1_XC295227.ogg.npy,lewduc1
purher1_XC310404.ogg.npy,purher1
junowl1_XC787692.ogg.npy,junowl1
zitcis1_XC287727.ogg.npy,zitcis1
greegr_XC674495.ogg.npy,greegr
spoowl1_XC311911.ogg.npy,spoowl1
indrob1_XC649002.ogg.npy,indrob1
grywag_XC636016.ogg.npy,grywag
placuc3_XC663099.ogg.npy,placuc3
greegr_XC654338.ogg.npy,greegr
grewar3_XC189781.ogg.npy,grewar3
ashpri1_XC209228.ogg.npy,ashpri1
junowl1_XC267078.ogg.npy,junowl1
blnmon1_XC143757.ogg.npy,blnmon1
lirplo_XC844238.ogg.npy,lirplo
eurcoo_XC528641.ogg.npy,eurcoo
brnshr_XC149565.ogg.npy,brnshr
commoo3_XC381180.ogg.npy,commoo3
whtkin2_XC633064.ogg.npy,whtkin2
aspswi1_XC680904.ogg.npy,aspswi1
litgre1_XC400550.ogg.npy,litgre1
bkwsti_XC580256.ogg.npy,bkwsti
bcnher_XC610157.ogg.npy,bcnher
litegr_XC333881.ogg.npy,litegr
eaywag1_XC657192.ogg.npy,eaywag1
litgre1_XC605090.ogg.npy,litgre1
mawthr1_XC214018.ogg.npy,mawthr1
wemhar1_XC377177.ogg.npy,wemhar1
purher1_XC150480.ogg.npy,purher1
purher1_XC459832.ogg.npy,purher1
bcnher_XC795606.ogg.npy,bcnher
commyn_XC555308.ogg.npy,commyn
marsan_XC134895.ogg.npy,marsan
grywag_XC718419.ogg.npy,grywag
grefla1_XC820702.ogg.npy,grefla1
rorpar_XC503243.ogg.npy,rorpar
rewbul_XC490876.ogg.npy,rewbul
woosan_XC666750.ogg.npy,woosan
ashdro1_XC429030.ogg.npy,ashdro1
bcnher_XC540060.ogg.npy,bcnher
woosan_XC740483.ogg.npy,woosan
forwag1_XC408290.ogg.npy,forwag1
litgre1_XC276754.ogg.npy,litgre1
eucdov_XC384380.ogg.npy,eucdov
brcful1_XC404467.ogg.npy,brcful1
grewar3_XC573422.ogg.npy,grewar3
stbkin1_XC362717.ogg.npy,stbkin1
grnwar1_XC163915.ogg.npy,grnwar1
putbab1_XC163892.ogg.npy,putbab1
eurcoo_XC553627.ogg.npy,eurcoo
woosan_XC715781.ogg.npy,woosan
kenplo1_XC429600.ogg.npy,kenplo1
kenplo1_XC808293.ogg.npy,kenplo1
eucdov_XC371039.ogg.npy,eucdov
cregos1_XC698796.ogg.npy,cregos1
spoowl1_XC433064.ogg.npy,spoowl1
putbab1_XC773578.ogg.npy,putbab1
eucdov_XC747408.ogg.npy,eucdov
pursun4_XC165447.ogg.npy,pursun4
lblwar1_XC296414.ogg.npy,lblwar1
thbwar1_XC761422.ogg.npy,thbwar1
whtkin2_XC551671.ogg.npy,whtkin2
rewbul_XC490875.ogg.npy,rewbul
ruftre2_XC276822.ogg.npy,ruftre2
pabflo1_XC652776.ogg.npy,pabflo1
comtai1_XC372565.ogg.npy,comtai1
comros_XC204983.ogg.npy,comros
woosan_XC381824.ogg.npy,woosan
litswi1_XC305771.ogg.npy,litswi1
grtdro1_XC306989.ogg.npy,grtdro1
grewar3_XC417434.ogg.npy,grewar3
putbab1_XC313298.ogg.npy,putbab1
spodov_XC491970.ogg.npy,spodov
blrwar1_XC655094.ogg.npy,blrwar1
comsan_XC667812.ogg.npy,comsan
purher1_XC356656.ogg.npy,purher1
grtdro1_XC124359.ogg.npy,grtdro1
litegr_XC577784.ogg.npy,litegr
blrwar1_XC575234.ogg.npy,blrwar1
blrwar1_XC422048.ogg.npy,blrwar1
pabflo1_XC392125.ogg.npy,pabflo1
eurcoo_XC733198.ogg.npy,eurcoo
woosan_XC664544.ogg.npy,woosan
laudov1_XC73961.ogg.npy,laudov1
wemhar1_XC608649.ogg.npy,wemhar1
barswa_XC321212.ogg.npy,barswa
rorpar_XC474519.ogg.npy,rorpar
revbul_XC116830.ogg.npy,revbul
graher1_XC678622.ogg.npy,graher1
comgre_XC814688.ogg.npy,comgre
stbkin1_XC715604.ogg.npy,stbkin1
whtkin2_XC797016.ogg.npy,whtkin2
grywag_XC507390.ogg.npy,grywag
comsan_XC755976.ogg.npy,comsan
hoopoe_XC410992.ogg.npy,hoopoe
stbkin1_XC620425.ogg.npy,stbkin1
plapri1_XC829166.ogg.npy,plapri1
comkin1_XC623937.ogg.npy,comkin1
hoopoe_XC208153.ogg.npy,hoopoe
rocpig_XC528216.ogg.npy,rocpig
scamin3_XC203049.ogg.npy,scamin3
whbwag1_XC452738.ogg.npy,whbwag1
bkskit1_XC360651.ogg.npy,bkskit1
gybpri1_XC576905.ogg.npy,gybpri1
rorpar_XC246308.ogg.npy,rorpar
ingori1_XC385584.ogg.npy,ingori1
grywag_XC470976.ogg.npy,grywag
lirplo_XC657082.ogg.npy,lirplo
whiter2_XC480127.ogg.npy,whiter2
eucdov_XC355152.ogg.npy,eucdov
comgre_XC25707.ogg.npy,comgre
eurcoo_XC189936.ogg.npy,eurcoo
woosan_XC587085.ogg.npy,woosan
asikoe2_XC812796.ogg.npy,asikoe2
bladro1_XC580935.ogg.npy,bladro1
comgre_XC691567.ogg.npy,comgre
comsan_XC650270.ogg.npy,comsan
barswa_XC486142.ogg.npy,barswa
grewar3_XC375013.ogg.npy,grewar3
commoo3_XC296281.ogg.npy,commoo3
ashdro1_XC690695.ogg.npy,ashdro1
grbeat1_XC338843.ogg.npy,grbeat1
comgre_XC801580.ogg.npy,comgre
pursun4_XC303864.ogg.npy,pursun4
eurcoo_XC306750.ogg.npy,eurcoo
comros_XC476450.ogg.npy,comros
sqtbul1_XC354399.ogg.npy,sqtbul1
brnhao1_XC610759.ogg.npy,brnhao1
indpit1_XC152816.ogg.npy,indpit1
hoopoe_XC310261.ogg.npy,hoopoe
greegr_XC161273.ogg.npy,greegr
brodro1_XC625554.ogg.npy,brodro1
commoo3_XC543820.ogg.npy,commoo3
graher1_XC543834.ogg.npy,graher1
comsan_XC553777.ogg.npy,comsan
zitcis1_XC568233.ogg.npy,zitcis1
marsan_XC327250.ogg.npy,marsan
comgre_XC827705.ogg.npy,comgre
bkwsti_XC327524.ogg.npy,bkwsti
grnsan_XC686474.ogg.npy,grnsan
rocpig_XC689835.ogg.npy,rocpig
barswa_XC746614.ogg.npy,barswa
rorpar_XC246305.ogg.npy,rorpar
eucdov_XC747506.ogg.npy,eucdov
commoo3_XC572686.ogg.npy,commoo3
grenig1_XC697692.ogg.npy,grenig1
vefnut1_XC289786.ogg.npy,vefnut1
ruftre2_XC165307.ogg.npy,ruftre2
greegr_XC357981.ogg.npy,greegr
comior1_XC756619.ogg.npy,comior1
comros_XC651670.ogg.npy,comros
ashpri1_XC424247.ogg.npy,ashpri1
barswa_XC187314.ogg.npy,barswa
gyhcaf1_XC505538.ogg.npy,gyhcaf1
grecou1_XC545984.ogg.npy,grecou1
whcbar1_XC702715.ogg.npy,whcbar1
comtai1_XC723973.ogg.npy,comtai1
gybpri1_XC173239.ogg.npy,gybpri1
bkwsti_XC469770.ogg.npy,bkwsti
lblwar1_XC687976.ogg.npy,lblwar1
wemhar1_XC377176.ogg.npy,wemhar1
rorpar_XC679949.ogg.npy,rorpar
revbul_XC684870.ogg.npy,revbul
blhori1_XC662749.ogg.npy,blhori1
spodov_XC665481.ogg.npy,spodov
greegr_XC515993.ogg.npy,greegr
commoo3_XC315890.ogg.npy,commoo3
rewbul_XC840807.ogg.npy,rewbul
eurcoo_XC839900.ogg.npy,eurcoo
blrwar1_XC561869.ogg.npy,blrwar1
eaywag1_XC589112.ogg.npy,eaywag1
lobsun2_XC207772.ogg.npy,lobsun2
hoopoe_XC264882.ogg.npy,hoopoe
pursun3_XC697551.ogg.npy,pursun3
maghor2_XC125716.ogg.npy,maghor2
lirplo_XC745761.ogg.npy,lirplo
comsan_XC738993.ogg.npy,comsan
grywag_XC252267.ogg.npy,grywag
grnsan_XC683705.ogg.npy,grnsan
wemhar1_XC142644.ogg.npy,wemhar1
piebus1_XC756603.ogg.npy,piebus1
comgre_XC585786.ogg.npy,comgre
grnsan_XC656946.ogg.npy,grnsan
asikoe2_XC767731.ogg.npy,asikoe2
bkwsti_XC835991.ogg.npy,bkwsti
comsan_XC754437.ogg.npy,comsan
comkin1_XC146486.ogg.npy,comkin1
commoo3_XC570317.ogg.npy,commoo3
thbwar1_XC340012.ogg.npy,thbwar1
whiter2_XC729863.ogg.npy,whiter2
piekin1_XC615765.ogg.npy,piekin1
greegr_XC515943.ogg.npy,greegr
grefla1_XC580881.ogg.npy,grefla1
grnsan_XC497272.ogg.npy,grnsan
hoopoe_XC573209.ogg.npy,hoopoe
barswa_XC457829.ogg.npy,barswa
lirplo_XC490190.ogg.npy,lirplo
eurcoo_XC779448.ogg.npy,eurcoo
whiter2_XC190979.ogg.npy,whiter2
hoopoe_XC306213.ogg.npy,hoopoe
graher1_XC702251.ogg.npy,graher1
emedov2_XC415633.ogg.npy,emedov2
gyhcaf1_XC490228.ogg.npy,gyhcaf1
comsan_XC501508.ogg.npy,comsan
comtai1_XC776523.ogg.npy,comtai1
bkwsti_XC748623.ogg.npy,bkwsti
grnsan_XC822474.ogg.npy,grnsan
houspa_XC603162.ogg.npy,houspa
lirplo_XC482665.ogg.npy,lirplo
whbwat1_XC40044.ogg.npy,whbwat1
wemhar1_XC345760.ogg.npy,wemhar1
lirplo_XC591320.ogg.npy,lirplo
lirplo_XC341977.ogg.npy,lirplo
grnwar1_XC740623.ogg.npy,grnwar1
btbeat1_XC513403.ogg.npy,btbeat1
lirplo_XC567259.ogg.npy,lirplo
zitcis1_XC277478.ogg.npy,zitcis1
plapri1_XC596957.ogg.npy,plapri1
zitcis1_XC372504.ogg.npy,zitcis1
litegr_XC333933.ogg.npy,litegr
eucdov_XC636427.ogg.npy,eucdov
grnsan_XC745877.ogg.npy,grnsan
grnsan_XC716631.ogg.npy,grnsan
grtdro1_XC352069.ogg.npy,grtdro1
commoo3_XC571455.ogg.npy,commoo3
bcnher_XC829992.ogg.npy,bcnher
revbul_XC567163.ogg.npy,revbul
eurcoo_XC737655.ogg.npy,eurcoo
eurcoo_XC626041.ogg.npy,eurcoo
litgre1_XC469458.ogg.npy,litgre1
tibfly3_XC663929.ogg.npy,tibfly3
eurcoo_XC583508.ogg.npy,eurcoo
grtdro1_XC595617.ogg.npy,grtdro1
hoopoe_XC718549.ogg.npy,hoopoe
gyhcaf1_XC601097.ogg.npy,gyhcaf1
eaywag1_XC668467.ogg.npy,eaywag1
purher1_XC715887.ogg.npy,purher1
woosan_XC672720.ogg.npy,woosan
litegr_XC338299.ogg.npy,litegr
rorpar_XC340402.ogg.npy,rorpar
eaywag1_XC687209.ogg.npy,eaywag1
ruftre2_XC573357.ogg.npy,ruftre2
eucdov_XC267935.ogg.npy,eucdov
zitcis1_XC303866.ogg.npy,zitcis1
ashdro1_XC365197.ogg.npy,ashdro1
ingori1_XC337338.ogg.npy,ingori1
greegr_XC158114.ogg.npy,greegr
bcnher_XC547032.ogg.npy,bcnher
comros_XC743755.ogg.npy,comros
blrwar1_XC375553.ogg.npy,blrwar1
comgre_XC742912.ogg.npy,comgre
brwowl1_XC637211.ogg.npy,brwowl1
bkskit1_XC351399.ogg.npy,bkskit1
gloibi_XC263317.ogg.npy,gloibi
graher1_XC697730.ogg.npy,graher1
blnmon1_XC308590.ogg.npy,blnmon1
blrwar1_XC653540.ogg.npy,blrwar1
eurcoo_XC774670.ogg.npy,eurcoo
bkwsti_XC526030.ogg.npy,bkwsti
indpit1_XC417388.ogg.npy,indpit1
comsan_XC579400.ogg.npy,comsan
zitcis1_XC282917.ogg.npy,zitcis1
whtkin2_XC652829.ogg.npy,whtkin2
litgre1_XC497799.ogg.npy,litgre1
litgre1_XC336888.ogg.npy,litgre1
greegr_XC627082.ogg.npy,greegr
grnsan_XC246017.ogg.npy,grnsan
indpit1_XC743067.ogg.npy,indpit1
litspi1_XC197380.ogg.npy,litspi1
brodro1_XC267364.ogg.npy,brodro1
woosan_XC153897.ogg.npy,woosan
kenplo1_XC836018.ogg.npy,kenplo1
pursun4_XC635411.ogg.npy,pursun4
grnsan_XC738522.ogg.npy,grnsan
categr_XC289295.ogg.npy,categr
grewar3_XC684273.ogg.npy,grewar3
comtai1_XC293874.ogg.npy,comtai1
houspa_XC185030.ogg.npy,houspa
litegr_XC294611.ogg.npy,litegr
asikoe2_XC753727.ogg.npy,asikoe2
nutman_XC295802.ogg.npy,nutman
commoo3_XC826053.ogg.npy,commoo3
wemhar1_XC262826.ogg.npy,wemhar1
rerswa1_XC423903.ogg.npy,rerswa1
bkwsti_XC335154.ogg.npy,bkwsti
brodro1_XC390457.ogg.npy,brodro1
blnmon1_XC659841.ogg.npy,blnmon1
hoopoe_XC459931.ogg.npy,hoopoe
comgre_XC686504.ogg.npy,comgre
hoopoe_XC362842.ogg.npy,hoopoe
lblwar1_XC324107.ogg.npy,lblwar1
comros_XC486681.ogg.npy,comros
lewduc1_XC733109.ogg.npy,lewduc1
comsan_XC586341.ogg.npy,comsan
putbab1_XC464799.ogg.npy,putbab1
blnmon1_XC785892.ogg.npy,blnmon1
greegr_XC167213.ogg.npy,greegr
grnwar1_XC537741.ogg.npy,grnwar1
kenplo1_XC765774.ogg.npy,kenplo1
litegr_XC507305.ogg.npy,litegr
categr_XC57418.ogg.npy,categr
eaywag1_XC588270.ogg.npy,eaywag1
kenplo1_XC727615.ogg.npy,kenplo1
grnsan_XC494495.ogg.npy,grnsan
barswa_XC423007.ogg.npy,barswa
cohcuc1_XC241126.ogg.npy,cohcuc1
zitcis1_XC568228.ogg.npy,zitcis1
litgre1_XC422341.ogg.npy,litgre1
laudov1_XC467531.ogg.npy,laudov1
eaywag1_XC790729.ogg.npy,eaywag1
wynlau1_XC197252.ogg.npy,wynlau1
rewbul_XC462797.ogg.npy,rewbul
piekin1_XC855529.ogg.npy,piekin1
litgre1_XC537562.ogg.npy,litgre1
eurcoo_XC436465.ogg.npy,eurcoo
rorpar_XC179220.ogg.npy,rorpar
eaywag1_XC675980.ogg.npy,eaywag1
insbab1_XC187147.ogg.npy,insbab1
blakit1_XC414948.ogg.npy,blakit1
lblwar1_XC265872.ogg.npy,lblwar1
lblwar1_XC343925.ogg.npy,lblwar1
lirplo_XC544186.ogg.npy,lirplo
comros_XC189539.ogg.npy,comros
eurcoo_XC551713.ogg.npy,eurcoo
brnshr_XC161637.ogg.npy,brnshr
litspi1_XC724788.ogg.npy,litspi1
houspa_XC679108.ogg.npy,houspa
litswi1_XC443715.ogg.npy,litswi1
comkin1_XC497732.ogg.npy,comkin1
piekin1_XC575149.ogg.npy,piekin1
wemhar1_XC130668.ogg.npy,wemhar1
plapri1_XC592502.ogg.npy,plapri1
categr_XC125870.ogg.npy,categr
comsan_XC151332.ogg.npy,comsan
litswi1_XC710190.ogg.npy,litswi1
comkin1_XC150030.ogg.npy,comkin1
putbab1_XC665580.ogg.npy,putbab1
litegr_XC568256.ogg.npy,litegr
brodro1_XC573329.ogg.npy,brodro1
plapri1_XC283451.ogg.npy,plapri1
houcro1_XC523319.ogg.npy,houcro1
grnsan_XC736400.ogg.npy,grnsan
bkwsti_XC641566.ogg.npy,bkwsti
crbsun2_XC216651.ogg.npy,crbsun2
grywag_XC650696.ogg.npy,grywag
crseag1_XC431817.ogg.npy,crseag1
comgre_XC670128.ogg.npy,comgre
zitcis1_XC289353.ogg.npy,zitcis1
comkin1_XC511673.ogg.npy,comkin1
eurcoo_XC469908.ogg.npy,eurcoo
graher1_XC147213.ogg.npy,graher1
grnsan_XC674391.ogg.npy,grnsan
comros_XC477025.ogg.npy,comros
wemhar1_XC771167.ogg.npy,wemhar1
commoo3_XC721585.ogg.npy,commoo3
kenplo1_XC568337.ogg.npy,kenplo1
crfbar1_XC214226.ogg.npy,crfbar1
comros_XC139003.ogg.npy,comros
hoopoe_XC787093.ogg.npy,hoopoe
litegr_XC333875.ogg.npy,litegr
rerswa1_XC627383.ogg.npy,rerswa1
comior1_XC657607.ogg.npy,comior1
bcnher_XC709867.ogg.npy,bcnher
asikoe2_XC572366.ogg.npy,asikoe2
kenplo1_XC671979.ogg.npy,kenplo1
litegr_XC840511.ogg.npy,litegr
brcful1_XC126275.ogg.npy,brcful1
houcro1_XC677302.ogg.npy,houcro1
comkin1_XC843424.ogg.npy,comkin1
asikoe2_XC551992.ogg.npy,asikoe2
grywag_XC445268.ogg.npy,grywag
ruftre2_XC319388.ogg.npy,ruftre2
bcnher_XC630522.ogg.npy,bcnher
darter2_XC190983.ogg.npy,darter2
barswa_XC468456.ogg.npy,barswa
greegr_XC57590.ogg.npy,greegr
litgre1_XC738321.ogg.npy,litgre1
blrwar1_XC653893.ogg.npy,blrwar1
asikoe2_XC208905.ogg.npy,asikoe2
graher1_XC673323.ogg.npy,graher1
rerswa1_XC310321.ogg.npy,rerswa1
brnhao1_XC124208.ogg.npy,brnhao1
comros_XC185705.ogg.npy,comros
kenplo1_XC835534.ogg.npy,kenplo1
litegr_XC856824.ogg.npy,litegr
eaywag1_XC589277.ogg.npy,eaywag1
wemhar1_XC466537.ogg.npy,wemhar1
gargan_XC787445.ogg.npy,gargan
comfla1_XC756482.ogg.npy,comfla1
comros_XC594832.ogg.npy,comros
graher1_XC487206.ogg.npy,graher1
comsan_XC644604.ogg.npy,comsan
bcnher_XC642133.ogg.npy,bcnher
junbab2_XC529858.ogg.npy,junbab2
grewar3_XC671970.ogg.npy,grewar3
whbbul2_XC209001.ogg.npy,whbbul2
grewar3_XC423319.ogg.npy,grewar3
blrwar1_XC182274.ogg.npy,blrwar1
gybpri1_XC741504.ogg.npy,gybpri1
comtai1_XC499019.ogg.npy,comtai1
purher1_XC430424.ogg.npy,purher1
graher1_XC303042.ogg.npy,graher1
whbwoo2_XC808247.ogg.npy,whbwoo2
commyn_XC395089.ogg.npy,commyn
woosan_XC746580.ogg.npy,woosan
grenig1_XC151613.ogg.npy,grenig1
grnsan_XC696134.ogg.npy,grnsan
bkwsti_XC418408.ogg.npy,bkwsti
eucdov_XC583136.ogg.npy,eucdov
lirplo_XC801546.ogg.npy,lirplo
crseag1_XC761689.ogg.npy,crseag1
sbeowl1_XC194753.ogg.npy,sbeowl1
brwowl1_XC755929.ogg.npy,brwowl1
labcro1_XC464637.ogg.npy,labcro1
compea_XC677381.ogg.npy,compea
litgre1_XC475081.ogg.npy,litgre1
blnmon1_XC464121.ogg.npy,blnmon1
grecou1_XC777662.ogg.npy,grecou1
commoo3_XC545308.ogg.npy,commoo3
comsan_XC667850.ogg.npy,comsan
laudov1_XC153494.ogg.npy,laudov1
lirplo_XC844518.ogg.npy,lirplo
putbab1_XC613226.ogg.npy,putbab1
whtkin2_XC433760.ogg.npy,whtkin2
laudov1_XC157422.ogg.npy,laudov1
sqtbul1_XC630938.ogg.npy,sqtbul1
hoopoe_XC804620.ogg.npy,hoopoe
commyn_XC185702.ogg.npy,commyn
btbeat1_XC581420.ogg.npy,btbeat1
thbwar1_XC394029.ogg.npy,thbwar1
grywag_XC393743.ogg.npy,grywag
barswa_XC494921.ogg.npy,barswa
bcnher_XC765400.ogg.npy,bcnher
houspa_XC587187.ogg.npy,houspa
rorpar_XC393234.ogg.npy,rorpar
hoopoe_XC247298.ogg.npy,hoopoe
barswa_XC559606.ogg.npy,barswa
laudov1_XC406131.ogg.npy,laudov1
labcro1_XC840607.ogg.npy,labcro1
blnmon1_XC503624.ogg.npy,blnmon1
bkskit1_XC352576.ogg.npy,bkskit1
comkin1_XC565477.ogg.npy,comkin1
spodov_XC293551.ogg.npy,spodov
whcbar1_XC232802.ogg.npy,whcbar1
piekin1_XC616028.ogg.npy,piekin1
brodro1_XC37744.ogg.npy,brodro1
rewlap1_XC358150.ogg.npy,rewlap1
barswa_XC423008.ogg.npy,barswa
comsan_XC552846.ogg.npy,comsan
litgre1_XC626977.ogg.npy,litgre1
bncwoo3_XC741495.ogg.npy,bncwoo3
comtai1_XC305210.ogg.npy,comtai1
purher1_XC649751.ogg.npy,purher1
whbwat1_XC764944.ogg.npy,whbwat1
litegr_XC441059.ogg.npy,litegr
tibfly3_XC196708.ogg.npy,tibfly3
comkin1_XC495024.ogg.npy,comkin1
litegr_XC611627.ogg.npy,litegr
comros_XC197589.ogg.npy,comros
litgre1_XC354513.ogg.npy,litgre1
piebus1_XC185430.ogg.npy,piebus1
grtdro1_XC683297.ogg.npy,grtdro1
houspa_XC835083.ogg.npy,houspa
piebus1_XC550719.ogg.npy,piebus1
comros_XC328077.ogg.npy,comros
graher1_XC743546.ogg.npy,graher1
grnsan_XC717660.ogg.npy,grnsan
comros_XC569924.ogg.npy,comros
comtai1_XC594968.ogg.npy,comtai1
grenig1_XC422674.ogg.npy,grenig1
woosan_XC376849.ogg.npy,woosan
putbab1_XC465694.ogg.npy,putbab1
lobsun2_XC652067.ogg.npy,lobsun2
junbab2_XC554019.ogg.npy,junbab2
emedov2_XC129165.ogg.npy,emedov2
barswa_XC765297.ogg.npy,barswa
stbkin1_XC423256.ogg.npy,stbkin1
rocpig_XC485507.ogg.npy,rocpig
marsan_XC835955.ogg.npy,marsan
eurcoo_XC777912.ogg.npy,eurcoo
commoo3_XC563723.ogg.npy,commoo3
blnmon1_XC319056.ogg.npy,blnmon1
cohcuc1_XC253418.ogg.npy,cohcuc1
brnhao1_XC158670.ogg.npy,brnhao1
blrwar1_XC655221.ogg.npy,blrwar1
zitcis1_XC337542.ogg.npy,zitcis1
commoo3_XC629985.ogg.npy,commoo3
eucdov_XC722742.ogg.npy,eucdov
purher1_XC826970.ogg.npy,purher1
grewar3_XC630505.ogg.npy,grewar3
bcnher_XC568927.ogg.npy,bcnher
pabflo1_XC652775.ogg.npy,pabflo1
crseag1_XC523491.ogg.npy,crseag1
brnshr_XC278535.ogg.npy,brnshr
blakit1_XC628280.ogg.npy,blakit1
eucdov_XC647599.ogg.npy,eucdov
rerswa1_XC423904.ogg.npy,rerswa1
purher1_XC496415.ogg.npy,purher1
rorpar_XC579336.ogg.npy,rorpar
blrwar1_XC567058.ogg.npy,blrwar1
brnshr_XC591613.ogg.npy,brnshr
grywag_XC809340.ogg.npy,grywag
comros_XC135402.ogg.npy,comros
comkin1_XC750723.ogg.npy,comkin1
commoo3_XC436203.ogg.npy,commoo3
revbul_XC157864.ogg.npy,revbul
brodro1_XC37745.ogg.npy,brodro1
commyn_XC195262.ogg.npy,commyn
barswa_XC385612.ogg.npy,barswa
oripip1_XC169093.ogg.npy,oripip1
bkwsti_XC263298.ogg.npy,bkwsti
grynig2_XC575166.ogg.npy,grynig2
greegr_XC255881.ogg.npy,greegr
zitcis1_XC208071.ogg.npy,zitcis1
eucdov_XC754279.ogg.npy,eucdov
ruftre2_XC637746.ogg.npy,ruftre2
brnshr_XC574738.ogg.npy,brnshr
brnshr_XC692458.ogg.npy,brnshr
litgre1_XC202529.ogg.npy,litgre1
ruftre2_XC779582.ogg.npy,ruftre2
rorpar_XC855826.ogg.npy,rorpar
piekin1_XC203057.ogg.npy,piekin1
houspa_XC790349.ogg.npy,houspa
ashdro1_XC450402.ogg.npy,ashdro1
blrwar1_XC659665.ogg.npy,blrwar1
comros_XC378784.ogg.npy,comros
dafbab1_XC381931.ogg.npy,dafbab1
eaywag1_XC583486.ogg.npy,eaywag1
comsan_XC580492.ogg.npy,comsan
whiter2_XC695000.ogg.npy,whiter2
grewar3_XC246723.ogg.npy,grewar3
comgre_XC110306.ogg.npy,comgre
brakit1_XC284777.ogg.npy,brakit1
grtdro1_XC316688.ogg.npy,grtdro1
barswa_XC327364.ogg.npy,barswa
comsan_XC385914.ogg.npy,comsan
comior1_XC31538.ogg.npy,comior1
eaywag1_XC673590.ogg.npy,eaywag1
comior1_XC321875.ogg.npy,comior1
litgre1_XC718299.ogg.npy,litgre1
ruftre2_XC425927.ogg.npy,ruftre2
grywag_XC792749.ogg.npy,grywag
grywag_XC575684.ogg.npy,grywag
eaywag1_XC687220.ogg.npy,eaywag1
litgre1_XC381775.ogg.npy,litgre1
ruftre2_XC450776.ogg.npy,ruftre2
comkin1_XC454178.ogg.npy,comkin1
grnsan_XC669509.ogg.npy,grnsan
graher1_XC418908.ogg.npy,graher1
gyhcaf1_XC116707.ogg.npy,gyhcaf1
pursun4_XC286862.ogg.npy,pursun4
gybpri1_XC613961.ogg.npy,gybpri1
litegr_XC690555.ogg.npy,litegr
barswa_XC585551.ogg.npy,barswa
bkwsti_XC827762.ogg.npy,bkwsti
grywag_XC520269.ogg.npy,grywag
asbfly_XC827640.ogg.npy,asbfly
woosan_XC746578.ogg.npy,woosan
rufbab3_XC792234.ogg.npy,rufbab3
crbsun2_XC402208.ogg.npy,crbsun2
graher1_XC692942.ogg.npy,graher1
grywag_XC457872.ogg.npy,grywag
litgre1_XC506218.ogg.npy,litgre1
eaywag1_XC587640.ogg.npy,eaywag1
thbwar1_XC755644.ogg.npy,thbwar1
lewduc1_XC207641.ogg.npy,lewduc1
lblwar1_XC265869.ogg.npy,lblwar1
grecou1_XC386937.ogg.npy,grecou1
bcnher_XC277486.ogg.npy,bcnher
rerswa1_XC179801.ogg.npy,rerswa1
graher1_XC704391.ogg.npy,graher1
graher1_XC802297.ogg.npy,graher1
graher1_XC821061.ogg.npy,graher1
thbwar1_XC611356.ogg.npy,thbwar1
houspa_XC444806.ogg.npy,houspa
blrwar1_XC569385.ogg.npy,blrwar1
lirplo_XC838962.ogg.npy,lirplo
grywag_XC602711.ogg.npy,grywag
litgre1_XC580848.ogg.npy,litgre1
blnmon1_XC179440.ogg.npy,blnmon1
woosan_XC805741.ogg.npy,woosan
rewlap1_XC509587.ogg.npy,rewlap1
ingori1_XC573900.ogg.npy,ingori1
grewar3_XC802971.ogg.npy,grewar3
grywag_XC783763.ogg.npy,grywag
greegr_XC234687.ogg.npy,greegr
bcnher_XC631639.ogg.npy,bcnher
houspa_XC372954.ogg.npy,houspa
compea_XC31571.ogg.npy,compea
lobsun2_XC392064.ogg.npy,lobsun2
thbwar1_XC755636.ogg.npy,thbwar1
blakit1_XC662373.ogg.npy,blakit1
barswa_XC779619.ogg.npy,barswa
graher1_XC545275.ogg.npy,graher1
grynig2_XC197110.ogg.npy,grynig2
litegr_XC585005.ogg.npy,litegr
laudov1_XC309749.ogg.npy,laudov1
eurcoo_XC774667.ogg.npy,eurcoo
houcro1_XC42630.ogg.npy,houcro1
bladro1_XC441852.ogg.npy,bladro1
ashdro1_XC214278.ogg.npy,ashdro1
hoopoe_XC376646.ogg.npy,hoopoe
greegr_XC428239.ogg.npy,greegr
grywag_XC843637.ogg.npy,grywag
graher1_XC540680.ogg.npy,graher1
pursun3_XC284857.ogg.npy,pursun3
brnshr_XC858111.ogg.npy,brnshr
stbkin1_XC446282.ogg.npy,stbkin1
litgre1_XC575370.ogg.npy,litgre1
jerbus2_XC41370.ogg.npy,jerbus2
eaywag1_XC507667.ogg.npy,eaywag1
asbfly_XC770506.ogg.npy,asbfly
rocpig_XC116226.ogg.npy,rocpig
grnsan_XC570211.ogg.npy,grnsan
indrol2_XC514856.ogg.npy,indrol2
eucdov_XC547932.ogg.npy,eucdov
commoo3_XC704499.ogg.npy,commoo3
categr_XC196081.ogg.npy,categr
grtdro1_XC684257.ogg.npy,grtdro1
rorpar_XC161048.ogg.npy,rorpar
purher1_XC586283.ogg.npy,purher1
bladro1_XC505293.ogg.npy,bladro1
vefnut1_XC207786.ogg.npy,vefnut1
brnshr_XC341303.ogg.npy,brnshr
bkwsti_XC807581.ogg.npy,bkwsti
blakit1_XC628626.ogg.npy,blakit1
gyhcaf1_XC19710.ogg.npy,gyhcaf1
comsan_XC808867.ogg.npy,comsan
bkskit1_XC352555.ogg.npy,bkskit1
ashwoo2_XC741945.ogg.npy,ashwoo2
goflea1_XC605970.ogg.npy,goflea1
purher1_XC808814.ogg.npy,purher1
ashpri1_XC214126.ogg.npy,ashpri1
zitcis1_XC799742.ogg.npy,zitcis1
blrwar1_XC377804.ogg.npy,blrwar1
bkskit1_XC353811.ogg.npy,bkskit1
houspa_XC659812.ogg.npy,houspa
lirplo_XC726107.ogg.npy,lirplo
comgre_XC807758.ogg.npy,comgre
insbab1_XC380046.ogg.npy,insbab1
moipig1_XC470503.ogg.npy,moipig1
brwowl1_XC575368.ogg.npy,brwowl1
forwag1_XC763950.ogg.npy,forwag1
comsan_XC554039.ogg.npy,comsan
bladro1_XC677311.ogg.npy,bladro1
btbeat1_XC741390.ogg.npy,btbeat1
rorpar_XC746907.ogg.npy,rorpar
rorpar_XC845916.ogg.npy,rorpar
bcnher_XC798414.ogg.npy,bcnher
brcful1_XC196965.ogg.npy,brcful1
grnwar1_XC135011.ogg.npy,grnwar1
comsan_XC807233.ogg.npy,comsan
piekin1_XC775824.ogg.npy,piekin1
kenplo1_XC718497.ogg.npy,kenplo1
litegr_XC749692.ogg.npy,litegr
grewar3_XC185061.ogg.npy,grewar3
lirplo_XC384966.ogg.npy,lirplo
barswa_XC713037.ogg.npy,barswa
woosan_XC346062.ogg.npy,woosan
rerswa1_XC423906.ogg.npy,rerswa1
graher1_XC716012.ogg.npy,graher1
thbwar1_XC484890.ogg.npy,thbwar1
goflea1_XC209549.ogg.npy,goflea1
rewlap1_XC579399.ogg.npy,rewlap1
junowl1_XC503421.ogg.npy,junowl1
litgre1_XC429611.ogg.npy,litgre1
grnsan_XC658873.ogg.npy,grnsan
rocpig_XC347881.ogg.npy,rocpig
comior1_XC207162.ogg.npy,comior1
litegr_XC667651.ogg.npy,litegr
purher1_XC199123.ogg.npy,purher1
shikra1_XC591136.ogg.npy,shikra1
comtai1_XC459289.ogg.npy,comtai1
eurcoo_XC355583.ogg.npy,eurcoo
commoo3_XC554369.ogg.npy,commoo3
zitcis1_XC378696.ogg.npy,zitcis1
rocpig_XC773361.ogg.npy,rocpig
lblwar1_XC420968.ogg.npy,lblwar1
barswa_XC361751.ogg.npy,barswa
lirplo_XC329531.ogg.npy,lirplo
comior1_XC684106.ogg.npy,comior1
commoo3_XC626601.ogg.npy,commoo3
lirplo_XC484440.ogg.npy,lirplo
commyn_XC823812.ogg.npy,commyn
litspi1_XC184819.ogg.npy,litspi1
cregos1_XC171627.ogg.npy,cregos1
gybpri1_XC641510.ogg.npy,gybpri1
grenig1_XC371938.ogg.npy,grenig1
piebus1_XC40060.ogg.npy,piebus1
eaywag1_XC800177.ogg.npy,eaywag1
kenplo1_XC718520.ogg.npy,kenplo1
grywag_XC763315.ogg.npy,grywag
bcnher_XC547031.ogg.npy,bcnher
comgre_XC547944.ogg.npy,comgre
barswa_XC585553.ogg.npy,barswa
goflea1_XC779886.ogg.npy,goflea1
woosan_XC381329.ogg.npy,woosan
zitcis1_XC562228.ogg.npy,zitcis1
hoopoe_XC800831.ogg.npy,hoopoe
litgre1_XC481392.ogg.npy,litgre1
grtdro1_XC40036.ogg.npy,grtdro1
labcro1_XC615438.ogg.npy,labcro1
comgre_XC500613.ogg.npy,comgre
compea_XC507743.ogg.npy,compea
grtdro1_XC684399.ogg.npy,grtdro1
litegr_XC730186.ogg.npy,litegr
bcnher_XC827749.ogg.npy,bcnher
greegr_XC794542.ogg.npy,greegr
whtkin2_XC381030.ogg.npy,whtkin2
putbab1_XC210461.ogg.npy,putbab1
brwowl1_XC614376.ogg.npy,brwowl1
labcro1_XC702434.ogg.npy,labcro1
ashdro1_XC450403.ogg.npy,ashdro1
tibfly3_XC192654.ogg.npy,tibfly3
thbwar1_XC777628.ogg.npy,thbwar1
litgre1_XC611428.ogg.npy,litgre1
rerswa1_XC243483.ogg.npy,rerswa1
eucdov_XC466118.ogg.npy,eucdov
rorpar_XC288737.ogg.npy,rorpar
whbwoo2_XC620583.ogg.npy,whbwoo2
whbwoo2_XC124427.ogg.npy,whbwoo2
lirplo_XC809517.ogg.npy,lirplo
grtdro1_XC317402.ogg.npy,grtdro1
rerswa1_XC148621.ogg.npy,rerswa1
blhori1_XC73047.ogg.npy,blhori1
lirplo_XC162639.ogg.npy,lirplo
eaywag1_XC669888.ogg.npy,eaywag1
commyn_XC362679.ogg.npy,commyn
putbab1_XC198330.ogg.npy,putbab1
commoo3_XC310421.ogg.npy,commoo3
crseag1_XC39157.ogg.npy,crseag1
grnsan_XC648739.ogg.npy,grnsan
barswa_XC549186.ogg.npy,barswa
piekin1_XC369952.ogg.npy,piekin1
commoo3_XC554365.ogg.npy,commoo3
btbeat1_XC214417.ogg.npy,btbeat1
lirplo_XC578093.ogg.npy,lirplo
eucdov_XC764517.ogg.npy,eucdov
woosan_XC687196.ogg.npy,woosan
graher1_XC497258.ogg.npy,graher1
eurcoo_XC436998.ogg.npy,eurcoo
categr_XC368935.ogg.npy,categr
commoo3_XC787876.ogg.npy,commoo3
eaywag1_XC403563.ogg.npy,eaywag1
comtai1_XC418572.ogg.npy,comtai1
grnsan_XC658288.ogg.npy,grnsan
compea_XC507737.ogg.npy,compea
litegr_XC356691.ogg.npy,litegr
houspa_XC627467.ogg.npy,houspa
hoopoe_XC796675.ogg.npy,hoopoe
thbwar1_XC542433.ogg.npy,thbwar1
barswa_XC667954.ogg.npy,barswa
grnsan_XC704740.ogg.npy,grnsan
bkwsti_XC698431.ogg.npy,bkwsti
litegr_XC411321.ogg.npy,litegr
greegr_XC764651.ogg.npy,greegr
gloibi_XC108823.ogg.npy,gloibi
blhori1_XC346526.ogg.npy,blhori1
whbwat1_XC447294.ogg.npy,whbwat1
eucdov_XC124694.ogg.npy,eucdov
bkskit1_XC350342.ogg.npy,bkskit1
blrwar1_XC575242.ogg.npy,blrwar1
gargan_XC655116.ogg.npy,gargan
houspa_XC372955.ogg.npy,houspa
pursun4_XC651992.ogg.npy,pursun4
asbfly_XC453302.ogg.npy,asbfly
indrob1_XC442451.ogg.npy,indrob1
hoopoe_XC308879.ogg.npy,hoopoe
zitcis1_XC498839.ogg.npy,zitcis1
grewar3_XC182937.ogg.npy,grewar3
grnwar1_XC480533.ogg.npy,grnwar1
forwag1_XC838777.ogg.npy,forwag1
crseag1_XC572658.ogg.npy,crseag1
lesyel1_XC210584.ogg.npy,lesyel1
pursun4_XC676583.ogg.npy,pursun4
bcnher_XC701343.ogg.npy,bcnher
categr_XC322747.ogg.npy,categr
wemhar1_XC501772.ogg.npy,wemhar1
eucdov_XC816462.ogg.npy,eucdov
houspa_XC624156.ogg.npy,houspa
grywag_XC441549.ogg.npy,grywag
woosan_XC663128.ogg.npy,woosan
putbab1_XC462243.ogg.npy,putbab1
copbar1_XC451375.ogg.npy,copbar1
comros_XC418135.ogg.npy,comros
tibfly3_XC470486.ogg.npy,tibfly3
woosan_XC704756.ogg.npy,woosan
pabflo1_XC536071.ogg.npy,pabflo1
brodro1_XC445638.ogg.npy,brodro1
gyhcaf1_XC805189.ogg.npy,gyhcaf1
wemhar1_XC331377.ogg.npy,wemhar1
eucdov_XC668880.ogg.npy,eucdov
rorpar_XC760108.ogg.npy,rorpar
eurcoo_XC710632.ogg.npy,eurcoo
eucdov_XC469798.ogg.npy,eucdov
grewar3_XC431696.ogg.npy,grewar3
blrwar1_XC732637.ogg.npy,blrwar1
bkskit1_XC360637.ogg.npy,bkskit1
commyn_XC509296.ogg.npy,commyn
litspi1_XC150830.ogg.npy,litspi1
litegr_XC333937.ogg.npy,litegr
commyn_XC635697.ogg.npy,commyn
grefla1_XC415780.ogg.npy,grefla1
bladro1_XC580643.ogg.npy,bladro1
lirplo_XC822671.ogg.npy,lirplo
rossta2_XC184803.ogg.npy,rossta2
comsan_XC140115.ogg.npy,comsan
asikoe2_XC841652.ogg.npy,asikoe2
brodro1_XC142455.ogg.npy,brodro1
bkwsti_XC351850.ogg.npy,bkwsti
grecou1_XC442844.ogg.npy,grecou1
tibfly3_XC413635.ogg.npy,tibfly3
grtdro1_XC721648.ogg.npy,grtdro1
asbfly_XC716740.ogg.npy,asbfly
crbsun2_XC214027.ogg.npy,crbsun2
comgre_XC364864.ogg.npy,comgre
bkskit1_XC350388.ogg.npy,bkskit1
eurcoo_XC619994.ogg.npy,eurcoo
bkwsti_XC444850.ogg.npy,bkwsti
blnmon1_XC632675.ogg.npy,blnmon1
bladro1_XC514817.ogg.npy,bladro1
commoo3_XC544989.ogg.npy,commoo3
litegr_XC236581.ogg.npy,litegr
thbwar1_XC305513.ogg.npy,thbwar1
comros_XC373545.ogg.npy,comros
bladro1_XC712556.ogg.npy,bladro1
gargan_XC733434.ogg.npy,gargan
rocpig_XC74354.ogg.npy,rocpig
whiter2_XC801929.ogg.npy,whiter2
laudov1_XC447656.ogg.npy,laudov1
insbab1_XC157740.ogg.npy,insbab1
eucdov_XC73172.ogg.npy,eucdov
grecou1_XC483651.ogg.npy,grecou1
eurcoo_XC628531.ogg.npy,eurcoo
lobsun2_XC301964.ogg.npy,lobsun2
lirplo_XC636694.ogg.npy,lirplo
whbbul2_XC207662.ogg.npy,whbbul2
bladro1_XC380606.ogg.npy,bladro1
eurcoo_XC436396.ogg.npy,eurcoo
ruftre2_XC775814.ogg.npy,ruftre2
hoopoe_XC267330.ogg.npy,hoopoe
barswa_XC471962.ogg.npy,barswa
houspa_XC168578.ogg.npy,houspa
eurcoo_XC406279.ogg.npy,eurcoo
compea_XC452044.ogg.npy,compea
gargan_XC25883.ogg.npy,gargan
labcro1_XC523445.ogg.npy,labcro1
putbab1_XC304965.ogg.npy,putbab1
comgre_XC740477.ogg.npy,comgre
dafbab1_XC197745.ogg.npy,dafbab1
marsan_XC493069.ogg.npy,marsan
eucdov_XC659767.ogg.npy,eucdov
comgre_XC717212.ogg.npy,comgre
whbwat1_XC637258.ogg.npy,whbwat1
shikra1_XC723549.ogg.npy,shikra1
litegr_XC636768.ogg.npy,litegr
litegr_XC643482.ogg.npy,litegr
gargan_XC793036.ogg.npy,gargan
grecou1_XC664187.ogg.npy,grecou1
comfla1_XC665385.ogg.npy,comfla1
eurcoo_XC528502.ogg.npy,eurcoo
zitcis1_XC598045.ogg.npy,zitcis1
lewduc1_XC295161.ogg.npy,lewduc1
eurcoo_XC701503.ogg.npy,eurcoo
graher1_XC528150.ogg.npy,graher1
hoopoe_XC265939.ogg.npy,hoopoe
vehpar1_XC439545.ogg.npy,vehpar1
cregos1_XC307621.ogg.npy,cregos1
barswa_XC142633.ogg.npy,barswa
crseag1_XC637266.ogg.npy,crseag1
eurcoo_XC742435.ogg.npy,eurcoo
hoopoe_XC179276.ogg.npy,hoopoe
lirplo_XC647877.ogg.npy,lirplo
categr_XC478387.ogg.npy,categr
comtai1_XC464774.ogg.npy,comtai1
bkskit1_XC583279.ogg.npy,bkskit1
houcro1_XC530998.ogg.npy,houcro1
houspa_XC175618.ogg.npy,houspa
rerswa1_XC463162.ogg.npy,rerswa1
labcro1_XC133743.ogg.npy,labcro1
grywag_XC796053.ogg.npy,grywag
hoopoe_XC697952.ogg.npy,hoopoe
brakit1_XC456866.ogg.npy,brakit1
laudov1_XC334281.ogg.npy,laudov1
whrmun_XC777298.ogg.npy,whrmun
brodro1_XC569936.ogg.npy,brodro1
rerswa1_XC835051.ogg.npy,rerswa1
houspa_XC854595.ogg.npy,houspa
copbar1_XC303993.ogg.npy,copbar1
orihob2_XC555705.ogg.npy,orihob2
bkskit1_XC352578.ogg.npy,bkskit1
houspa_XC641211.ogg.npy,houspa
blakit1_XC636323.ogg.npy,blakit1
eaywag1_XC145102.ogg.npy,eaywag1
rewbul_XC306990.ogg.npy,rewbul
rorpar_XC638006.ogg.npy,rorpar
spodov_XC260139.ogg.npy,spodov
hoopoe_XC746793.ogg.npy,hoopoe
labcro1_XC548963.ogg.npy,labcro1
copbar1_XC585194.ogg.npy,copbar1
comior1_XC268433.ogg.npy,comior1
comtai1_XC126749.ogg.npy,comtai1
lblwar1_XC164014.ogg.npy,lblwar1
brnhao1_XC668501.ogg.npy,brnhao1
gargan_XC631488.ogg.npy,gargan
comkin1_XC436258.ogg.npy,comkin1
gyhcaf1_XC307400.ogg.npy,gyhcaf1
lirplo_XC374924.ogg.npy,lirplo
whiter2_XC270177.ogg.npy,whiter2
commyn_XC659211.ogg.npy,commyn
brcful1_XC113463.ogg.npy,brcful1
comros_XC417614.ogg.npy,comros
litgre1_XC730365.ogg.npy,litgre1
sohmyn1_XC564482.ogg.npy,sohmyn1
rocpig_XC208882.ogg.npy,rocpig
litspi1_XC721636.ogg.npy,litspi1
comkin1_XC565476.ogg.npy,comkin1
litgre1_XC636265.ogg.npy,litgre1
eucdov_XC621402.ogg.npy,eucdov
whtkin2_XC460735.ogg.npy,whtkin2
eucdov_XC669775.ogg.npy,eucdov
hoopoe_XC184744.ogg.npy,hoopoe
barfly1_XC856473.ogg.npy,barfly1
bkwsti_XC596095.ogg.npy,bkwsti
grywag_XC375254.ogg.npy,grywag
indrob1_XC644201.ogg.npy,indrob1
brnshr_XC823496.ogg.npy,brnshr
spodov_XC766589.ogg.npy,spodov
copbar1_XC519462.ogg.npy,copbar1
lirplo_XC643236.ogg.npy,lirplo
graher1_XC664797.ogg.npy,graher1
pabflo1_XC652767.ogg.npy,pabflo1
rorpar_XC163097.ogg.npy,rorpar
whiter2_XC858212.ogg.npy,whiter2
graher1_XC377397.ogg.npy,graher1
rorpar_XC845915.ogg.npy,rorpar
ingori1_XC404369.ogg.npy,ingori1
brnshr_XC345744.ogg.npy,brnshr
kenplo1_XC743064.ogg.npy,kenplo1
gyhcaf1_XC818936.ogg.npy,gyhcaf1
litgre1_XC788293.ogg.npy,litgre1
brwowl1_XC490594.ogg.npy,brwowl1
comgre_XC775337.ogg.npy,comgre
grywag_XC235137.ogg.npy,grywag
grnsan_XC209147.ogg.npy,grnsan
grywag_XC456024.ogg.npy,grywag
grtdro1_XC320570.ogg.npy,grtdro1
putbab1_XC116819.ogg.npy,putbab1
grnsan_XC577905.ogg.npy,grnsan
blnmon1_XC163899.ogg.npy,blnmon1
plapri1_XC452277.ogg.npy,plapri1
eurcoo_XC554082.ogg.npy,eurcoo
putbab1_XC464794.ogg.npy,putbab1
bcnher_XC800502.ogg.npy,bcnher
lblwar1_XC687968.ogg.npy,lblwar1
commoo3_XC625979.ogg.npy,commoo3
hoopoe_XC271739.ogg.npy,hoopoe
copbar1_XC404202.ogg.npy,copbar1
asikoe2_XC803097.ogg.npy,asikoe2
houspa_XC658167.ogg.npy,houspa
blakit1_XC695515.ogg.npy,blakit1
commyn_XC402380.ogg.npy,commyn
heswoo1_XC400760.ogg.npy,heswoo1
purher1_XC825238.ogg.npy,purher1
lirplo_XC155666.ogg.npy,lirplo
whrmun_XC840195.ogg.npy,whrmun
whcbar1_XC574718.ogg.npy,whcbar1
blrwar1_XC120471.ogg.npy,blrwar1
lirplo_XC797130.ogg.npy,lirplo
grtdro1_XC621762.ogg.npy,grtdro1
bcnher_XC827580.ogg.npy,bcnher
graher1_XC590051.ogg.npy,graher1
maghor2_XC125500.ogg.npy,maghor2
comsan_XC646093.ogg.npy,comsan
litspi1_XC241960.ogg.npy,litspi1
comtai1_XC793874.ogg.npy,comtai1
ashdro1_XC163463.ogg.npy,ashdro1
zitcis1_XC175386.ogg.npy,zitcis1
eaywag1_XC471567.ogg.npy,eaywag1
eaywag1_XC675935.ogg.npy,eaywag1
plapri1_XC844653.ogg.npy,plapri1
lirplo_XC145768.ogg.npy,lirplo
bkwsti_XC406093.ogg.npy,bkwsti
grnsan_XC584756.ogg.npy,grnsan
comkin1_XC174215.ogg.npy,comkin1
ashpri1_XC73018.ogg.npy,ashpri1
comkin1_XC511665.ogg.npy,comkin1
comros_XC664573.ogg.npy,comros
brwowl1_XC453714.ogg.npy,brwowl1
kenplo1_XC430012.ogg.npy,kenplo1
integr_XC840667.ogg.npy,integr
lirplo_XC364693.ogg.npy,lirplo
comgre_XC761947.ogg.npy,comgre
categr_XC304257.ogg.npy,categr
junowl1_XC503422.ogg.npy,junowl1
brodro1_XC464144.ogg.npy,brodro1
woosan_XC492652.ogg.npy,woosan
pursun4_XC402388.ogg.npy,pursun4
houspa_XC268247.ogg.npy,houspa
grnsan_XC704741.ogg.npy,grnsan
grefla1_XC73178.ogg.npy,grefla1
pursun4_XC784019.ogg.npy,pursun4
eurcoo_XC263999.ogg.npy,eurcoo
junbab2_XC116753.ogg.npy,junbab2
laudov1_XC304217.ogg.npy,laudov1
eaywag1_XC746576.ogg.npy,eaywag1
graher1_XC844588.ogg.npy,graher1
gargan_XC393835.ogg.npy,gargan
whiter2_XC446358.ogg.npy,whiter2
commoo3_XC644878.ogg.npy,commoo3
crseag1_XC810563.ogg.npy,crseag1
lblwar1_XC814097.ogg.npy,lblwar1
purher1_XC582093.ogg.npy,purher1
grnsan_XC735365.ogg.npy,grnsan
commoo3_XC817819.ogg.npy,commoo3
litegr_XC464863.ogg.npy,litegr
houspa_XC527803.ogg.npy,houspa
comior1_XC187029.ogg.npy,comior1
litspi1_XC57248.ogg.npy,litspi1
bkwsti_XC828231.ogg.npy,bkwsti
comkin1_XC669038.ogg.npy,comkin1
blrwar1_XC655340.ogg.npy,blrwar1
blrwar1_XC183638.ogg.npy,blrwar1
rocpig_XC623844.ogg.npy,rocpig
bkskit1_XC350382.ogg.npy,bkskit1
woosan_XC799979.ogg.npy,woosan
crbsun2_XC792294.ogg.npy,crbsun2
greegr_XC591078.ogg.npy,greegr
thbwar1_XC803371.ogg.npy,thbwar1
comkin1_XC596868.ogg.npy,comkin1
blrwar1_XC574767.ogg.npy,blrwar1
comtai1_XC305917.ogg.npy,comtai1
blnmon1_XC345151.ogg.npy,blnmon1
litegr_XC332727.ogg.npy,litegr
putbab1_XC645207.ogg.npy,putbab1
grywag_XC776056.ogg.npy,grywag
whbsho3_XC548369.ogg.npy,whbsho3
rocpig_XC315410.ogg.npy,rocpig
comgre_XC182744.ogg.npy,comgre
sohmyn1_XC744700.ogg.npy,sohmyn1
comsan_XC686330.ogg.npy,comsan
stbkin1_XC406138.ogg.npy,stbkin1
comsan_XC520584.ogg.npy,comsan
bkskit1_XC350386.ogg.npy,bkskit1
junowl1_XC417598.ogg.npy,junowl1
grnsan_XC502937.ogg.npy,grnsan
bkskit1_XC352553.ogg.npy,bkskit1
stbkin1_XC746980.ogg.npy,stbkin1
bkwsti_XC663366.ogg.npy,bkwsti
whiter2_XC733522.ogg.npy,whiter2
woosan_XC187383.ogg.npy,woosan
comtai1_XC779579.ogg.npy,comtai1
bkwsti_XC444852.ogg.npy,bkwsti
gloibi_XC314387.ogg.npy,gloibi
whbwat1_XC549718.ogg.npy,whbwat1
grtdro1_XC413636.ogg.npy,grtdro1
rufwoo2_XC191217.ogg.npy,rufwoo2
grewar3_XC681745.ogg.npy,grewar3
crseag1_XC616811.ogg.npy,crseag1
crseag1_XC505514.ogg.npy,crseag1
grtdro1_XC559426.ogg.npy,grtdro1
litegr_XC718474.ogg.npy,litegr
hoopoe_XC810151.ogg.npy,hoopoe
woosan_XC820544.ogg.npy,woosan
ashpri1_XC665297.ogg.npy,ashpri1
gargan_XC131152.ogg.npy,gargan
eaywag1_XC372971.ogg.npy,eaywag1
bkskit1_XC360515.ogg.npy,bkskit1
lobsun2_XC428888.ogg.npy,lobsun2
comior1_XC580710.ogg.npy,comior1
barswa_XC677844.ogg.npy,barswa
indrob1_XC73390.ogg.npy,indrob1
whiter2_XC803024.ogg.npy,whiter2
pabflo1_XC621595.ogg.npy,pabflo1
grnsan_XC773000.ogg.npy,grnsan
kenplo1_XC812531.ogg.npy,kenplo1
indpit1_XC19738.ogg.npy,indpit1
barfly1_XC856460.ogg.npy,barfly1
wemhar1_XC646164.ogg.npy,wemhar1
woosan_XC476064.ogg.npy,woosan
litgre1_XC578474.ogg.npy,litgre1
gyhcaf1_XC769762.ogg.npy,gyhcaf1
comsan_XC162544.ogg.npy,comsan
commyn_XC281916.ogg.npy,commyn
grewar3_XC251835.ogg.npy,grewar3
categr_XC679852.ogg.npy,categr
comgre_XC629747.ogg.npy,comgre
bkskit1_XC350380.ogg.npy,bkskit1
marsan_XC120426.ogg.npy,marsan
grtdro1_XC607184.ogg.npy,grtdro1
houspa_XC661494.ogg.npy,houspa
lirplo_XC181981.ogg.npy,lirplo
blhori1_XC187018.ogg.npy,blhori1
whiter2_XC327428.ogg.npy,whiter2
asikoe2_XC433669.ogg.npy,asikoe2
plapri1_XC777461.ogg.npy,plapri1
bladro1_XC200267.ogg.npy,bladro1
barfly1_XC856481.ogg.npy,barfly1
indpit1_XC206396.ogg.npy,indpit1
copbar1_XC528823.ogg.npy,copbar1
ashdro1_XC396854.ogg.npy,ashdro1
graher1_XC570013.ogg.npy,graher1
commyn_XC196959.ogg.npy,commyn
eurcoo_XC702526.ogg.npy,eurcoo
blakit1_XC466853.ogg.npy,blakit1
grywag_XC686515.ogg.npy,grywag
bladro1_XC239438.ogg.npy,bladro1
zitcis1_XC150462.ogg.npy,zitcis1
cregos1_XC682319.ogg.npy,cregos1
zitcis1_XC474374.ogg.npy,zitcis1
bcnher_XC550741.ogg.npy,bcnher
asikoe2_XC553185.ogg.npy,asikoe2
houcro1_XC199820.ogg.npy,houcro1
whiter2_XC201851.ogg.npy,whiter2
woosan_XC679589.ogg.npy,woosan
grecou1_XC711688.ogg.npy,grecou1
ashpri1_XC346524.ogg.npy,ashpri1
laudov1_XC514027.ogg.npy,laudov1
tibfly3_XC741607.ogg.npy,tibfly3
inpher1_XC453352.ogg.npy,inpher1
nutman_XC797135.ogg.npy,nutman
copbar1_XC460805.ogg.npy,copbar1
woosan_XC742132.ogg.npy,woosan
blnmon1_XC799471.ogg.npy,blnmon1
eurcoo_XC630652.ogg.npy,eurcoo
brfowl1_XC593653.ogg.npy,brfowl1
nutman_XC441707.ogg.npy,nutman
rorpar_XC208775.ogg.npy,rorpar
woosan_XC629318.ogg.npy,woosan
asikoe2_XC392992.ogg.npy,asikoe2
grewar3_XC591332.ogg.npy,grewar3
kenplo1_XC371000.ogg.npy,kenplo1
blnmon1_XC86935.ogg.npy,blnmon1
kenplo1_XC726148.ogg.npy,kenplo1
orihob2_XC678958.ogg.npy,orihob2
greegr_XC437424.ogg.npy,greegr
junowl1_XC683122.ogg.npy,junowl1
rewbul_XC718265.ogg.npy,rewbul
whtkin2_XC306846.ogg.npy,whtkin2
lirplo_XC552417.ogg.npy,lirplo
piekin1_XC517409.ogg.npy,piekin1
litspi1_XC511719.ogg.npy,litspi1
gyhcaf1_XC722655.ogg.npy,gyhcaf1
blrwar1_XC659070.ogg.npy,blrwar1
grewar3_XC306994.ogg.npy,grewar3
comsan_XC586331.ogg.npy,comsan
comsan_XC467130.ogg.npy,comsan
barswa_XC486210.ogg.npy,barswa
rufwoo2_XC779757.ogg.npy,rufwoo2
marsan_XC733181.ogg.npy,marsan
shikra1_XC437636.ogg.npy,shikra1
zitcis1_XC633009.ogg.npy,zitcis1
comfla1_XC401921.ogg.npy,comfla1
blhori1_XC710194.ogg.npy,blhori1
whiter2_XC803062.ogg.npy,whiter2
litgre1_XC713121.ogg.npy,litgre1
bkwsti_XC790544.ogg.npy,bkwsti
zitcis1_XC827436.ogg.npy,zitcis1
rewlap1_XC317385.ogg.npy,rewlap1
litegr_XC805947.ogg.npy,litegr
bcnher_XC678482.ogg.npy,bcnher
hoopoe_XC365529.ogg.npy,hoopoe
lirplo_XC770759.ogg.npy,lirplo
eucdov_XC794189.ogg.npy,eucdov
spodov_XC783974.ogg.npy,spodov
comtai1_XC118008.ogg.npy,comtai1
grywag_XC336724.ogg.npy,grywag
grywag_XC750636.ogg.npy,grywag
whbwag1_XC282592.ogg.npy,whbwag1
asikoe2_XC240257.ogg.npy,asikoe2
zitcis1_XC858550.ogg.npy,zitcis1
blnmon1_XC716556.ogg.npy,blnmon1
barswa_XC619830.ogg.npy,barswa
plhpar1_XC485131.ogg.npy,plhpar1
eucdov_XC669768.ogg.npy,eucdov
eaywag1_XC828776.ogg.npy,eaywag1
litegr_XC507945.ogg.npy,litegr
blhori1_XC785946.ogg.npy,blhori1
litgre1_XC634459.ogg.npy,litgre1
whbbul2_XC453725.ogg.npy,whbbul2
malwoo1_XC168845.ogg.npy,malwoo1
comros_XC25065.ogg.npy,comros
litegr_XC753453.ogg.npy,litegr
copbar1_XC403742.ogg.npy,copbar1
asikoe2_XC208907.ogg.npy,asikoe2
grywag_XC420675.ogg.npy,grywag
comior1_XC322640.ogg.npy,comior1
crseag1_XC639442.ogg.npy,crseag1
sohmyn1_XC786592.ogg.npy,sohmyn1
comtai1_XC834669.ogg.npy,comtai1
eurcoo_XC508396.ogg.npy,eurcoo
plapri1_XC142753.ogg.npy,plapri1
whbwat1_XC712735.ogg.npy,whbwat1
woosan_XC579711.ogg.npy,woosan
rorpar_XC584366.ogg.npy,rorpar
gyhcaf1_XC335027.ogg.npy,gyhcaf1
bcnher_XC481710.ogg.npy,bcnher
eaywag1_XC829045.ogg.npy,eaywag1
rerswa1_XC637458.ogg.npy,rerswa1
ashdro1_XC290288.ogg.npy,ashdro1
comkin1_XC315331.ogg.npy,comkin1
kenplo1_XC333824.ogg.npy,kenplo1
indrol2_XC214459.ogg.npy,indrol2
kenplo1_XC765542.ogg.npy,kenplo1
barswa_XC309701.ogg.npy,barswa
asbfly_XC499134.ogg.npy,asbfly
commoo3_XC710100.ogg.npy,commoo3
bkwsti_XC184425.ogg.npy,bkwsti
woosan_XC663490.ogg.npy,woosan
rerswa1_XC587199.ogg.npy,rerswa1
litspi1_XC286720.ogg.npy,litspi1
eucdov_XC522754.ogg.npy,eucdov
rerswa1_XC178393.ogg.npy,rerswa1
stbkin1_XC357465.ogg.npy,stbkin1
lirplo_XC374231.ogg.npy,lirplo
eucdov_XC483399.ogg.npy,eucdov
eucdov_XC480213.ogg.npy,eucdov
blrwar1_XC420666.ogg.npy,blrwar1
barswa_XC248036.ogg.npy,barswa
bkskit1_XC360655.ogg.npy,bkskit1
brodro1_XC617628.ogg.npy,brodro1
gyhcaf1_XC491051.ogg.npy,gyhcaf1
comior1_XC858548.ogg.npy,comior1
crbsun2_XC786580.ogg.npy,crbsun2
eucdov_XC723553.ogg.npy,eucdov
eurcoo_XC808756.ogg.npy,eurcoo
labcro1_XC202838.ogg.npy,labcro1
crseag1_XC482239.ogg.npy,crseag1
rorpar_XC662744.ogg.npy,rorpar
blhori1_XC124196.ogg.npy,blhori1
comior1_XC786240.ogg.npy,comior1
plapri1_XC646845.ogg.npy,plapri1
rorpar_XC856222.ogg.npy,rorpar
lirplo_XC682025.ogg.npy,lirplo
blhori1_XC464788.ogg.npy,blhori1
grnsan_XC436467.ogg.npy,grnsan
grywag_XC595778.ogg.npy,grywag
hoopoe_XC162589.ogg.npy,hoopoe
brcful1_XC612201.ogg.npy,brcful1
greegr_XC256098.ogg.npy,greegr
eucdov_XC310660.ogg.npy,eucdov
insbab1_XC213330.ogg.npy,insbab1
zitcis1_XC263698.ogg.npy,zitcis1
brnhao1_XC394036.ogg.npy,brnhao1
grewar3_XC824532.ogg.npy,grewar3
zitcis1_XC554857.ogg.npy,zitcis1
lirplo_XC639809.ogg.npy,lirplo
commoo3_XC554927.ogg.npy,commoo3
blrwar1_XC478413.ogg.npy,blrwar1
comkin1_XC153629.ogg.npy,comkin1
eurcoo_XC585648.ogg.npy,eurcoo
woosan_XC431212.ogg.npy,woosan
graher1_XC573925.ogg.npy,graher1
litgre1_XC652735.ogg.npy,litgre1
litspi1_XC342506.ogg.npy,litspi1
brnshr_XC458242.ogg.npy,brnshr
hoopoe_XC309444.ogg.npy,hoopoe
pursun3_XC430477.ogg.npy,pursun3
moipig1_XC178249.ogg.npy,moipig1
whtkin2_XC698979.ogg.npy,whtkin2
zitcis1_XC824997.ogg.npy,zitcis1
grnsan_XC520129.ogg.npy,grnsan
blhori1_XC740468.ogg.npy,blhori1
bcnher_XC796526.ogg.npy,bcnher
eurcoo_XC597486.ogg.npy,eurcoo
gargan_XC792064.ogg.npy,gargan
putbab1_XC316365.ogg.npy,putbab1
comior1_XC730884.ogg.npy,comior1
hoopoe_XC611596.ogg.npy,hoopoe
pursun3_XC653654.ogg.npy,pursun3
pursun4_XC424188.ogg.npy,pursun4
comros_XC373016.ogg.npy,comros
wemhar1_XC175709.ogg.npy,wemhar1
houspa_XC521289.ogg.npy,houspa
rewbul_XC715612.ogg.npy,rewbul
asikoe2_XC788192.ogg.npy,asikoe2
comior1_XC779685.ogg.npy,comior1
grecou1_XC447335.ogg.npy,grecou1
gryfra_XC644009.ogg.npy,gryfra
houcro1_XC346129.ogg.npy,houcro1
litgre1_XC501094.ogg.npy,litgre1
grehor1_XC400322.ogg.npy,grehor1
grnsan_XC542515.ogg.npy,grnsan
comsan_XC581732.ogg.npy,comsan
bwfshr1_XC700605.ogg.npy,bwfshr1
litgre1_XC550751.ogg.npy,litgre1
compea_XC844935.ogg.npy,compea
eurcoo_XC552383.ogg.npy,eurcoo
pursun4_XC541651.ogg.npy,pursun4
ashdro1_XC210374.ogg.npy,ashdro1
brnshr_XC594269.ogg.npy,brnshr
lirplo_XC263696.ogg.npy,lirplo
blrwar1_XC654497.ogg.npy,blrwar1
asikoe2_XC786033.ogg.npy,asikoe2
zitcis1_XC434461.ogg.npy,zitcis1
rorpar_XC845917.ogg.npy,rorpar
litegr_XC757553.ogg.npy,litegr
kenplo1_XC655041.ogg.npy,kenplo1
wemhar1_XC801322.ogg.npy,wemhar1
grbeat1_XC577285.ogg.npy,grbeat1
junbab2_XC142707.ogg.npy,junbab2
labcro1_XC388534.ogg.npy,labcro1
commoo3_XC268739.ogg.npy,commoo3
grnsan_XC745495.ogg.npy,grnsan
comros_XC681742.ogg.npy,comros
btbeat1_XC19601.ogg.npy,btbeat1
grewar3_XC456610.ogg.npy,grewar3
junbab2_XC796047.ogg.npy,junbab2
barswa_XC679411.ogg.npy,barswa
comsan_XC809526.ogg.npy,comsan
pabflo1_XC392178.ogg.npy,pabflo1
whbwoo2_XC490566.ogg.npy,whbwoo2
lirplo_XC527172.ogg.npy,lirplo
lirplo_XC785158.ogg.npy,lirplo
tibfly3_XC683986.ogg.npy,tibfly3
forwag1_XC814058.ogg.npy,forwag1
ashpri1_XC754290.ogg.npy,ashpri1
comgre_XC672544.ogg.npy,comgre
comfla1_XC365435.ogg.npy,comfla1
grewar3_XC324009.ogg.npy,grewar3
bkwsti_XC584704.ogg.npy,bkwsti
rorpar_XC267024.ogg.npy,rorpar
zitcis1_XC292988.ogg.npy,zitcis1
purher1_XC743777.ogg.npy,purher1
houspa_XC554654.ogg.npy,houspa
comtai1_XC293586.ogg.npy,comtai1
litgre1_XC821288.ogg.npy,litgre1
whcbar1_XC574713.ogg.npy,whcbar1
gargan_XC360227.ogg.npy,gargan
spodov_XC304725.ogg.npy,spodov
categr_XC713106.ogg.npy,categr
categr_XC327832.ogg.npy,categr
grtdro1_XC461008.ogg.npy,grtdro1
comsan_XC828845.ogg.npy,comsan
laudov1_XC444436.ogg.npy,laudov1
grecou1_XC453348.ogg.npy,grecou1
commoo3_XC545755.ogg.npy,commoo3
barswa_XC725594.ogg.npy,barswa
purher1_XC827205.ogg.npy,purher1
eurcoo_XC732223.ogg.npy,eurcoo
grecou1_XC845377.ogg.npy,grecou1
lirplo_XC562810.ogg.npy,lirplo
eucdov_XC454593.ogg.npy,eucdov
bcnher_XC794441.ogg.npy,bcnher
houspa_XC697283.ogg.npy,houspa
greegr_XC453357.ogg.npy,greegr
litgre1_XC567962.ogg.npy,litgre1
eaywag1_XC183667.ogg.npy,eaywag1
bcnher_XC85246.ogg.npy,bcnher
eurcoo_XC674448.ogg.npy,eurcoo
blnmon1_XC192632.ogg.npy,blnmon1
barswa_XC744642.ogg.npy,barswa
zitcis1_XC583640.ogg.npy,zitcis1
grtdro1_XC528834.ogg.npy,grtdro1
purher1_XC711956.ogg.npy,purher1
eurcoo_XC734283.ogg.npy,eurcoo
eaywag1_XC312182.ogg.npy,eaywag1
grnsan_XC713511.ogg.npy,grnsan
brcful1_XC612668.ogg.npy,brcful1
comros_XC560296.ogg.npy,comros
blrwar1_XC507680.ogg.npy,blrwar1
litgre1_XC718218.ogg.npy,litgre1
paisto1_XC351853.ogg.npy,paisto1
bladro1_XC771295.ogg.npy,bladro1
gybpri1_XC541994.ogg.npy,gybpri1
rorpar_XC464292.ogg.npy,rorpar
commoo3_XC535530.ogg.npy,commoo3
bkwsti_XC442265.ogg.npy,bkwsti
eucdov_XC268867.ogg.npy,eucdov
comfla1_XC296207.ogg.npy,comfla1
grnsan_XC500337.ogg.npy,grnsan
piekin1_XC195765.ogg.npy,piekin1
barswa_XC667239.ogg.npy,barswa
commyn_XC184794.ogg.npy,commyn
yebbab1_XC406116.ogg.npy,yebbab1
graher1_XC545996.ogg.npy,graher1
greegr_XC638749.ogg.npy,greegr
marsan_XC383290.ogg.npy,marsan
houspa_XC859067.ogg.npy,houspa
houspa_XC326676.ogg.npy,houspa
hoopoe_XC108366.ogg.npy,hoopoe
barswa_XC368012.ogg.npy,barswa
bkwsti_XC418409.ogg.npy,bkwsti
gryfra_XC667223.ogg.npy,gryfra
grecou1_XC778392.ogg.npy,grecou1
purher1_XC668916.ogg.npy,purher1
litgre1_XC702100.ogg.npy,litgre1
comtai1_XC725371.ogg.npy,comtai1
litswi1_XC153681.ogg.npy,litswi1
bkwsti_XC562311.ogg.npy,bkwsti
pursun4_XC639220.ogg.npy,pursun4
bcnher_XC656878.ogg.npy,bcnher
gryfra_XC459287.ogg.npy,gryfra
purher1_XC734234.ogg.npy,purher1
mawthr1_XC178305.ogg.npy,mawthr1
brwowl1_XC833711.ogg.npy,brwowl1
copbar1_XC209551.ogg.npy,copbar1
rewbul_XC214229.ogg.npy,rewbul
bcnher_XC744818.ogg.npy,bcnher
crseag1_XC509308.ogg.npy,crseag1
redspu1_XC284532.ogg.npy,redspu1
labcro1_XC115148.ogg.npy,labcro1
spepic1_XC768458.ogg.npy,spepic1
bcnher_XC669542.ogg.npy,bcnher
blakit1_XC129825.ogg.npy,blakit1
purher1_XC670683.ogg.npy,purher1
gybpri1_XC858986.ogg.npy,gybpri1
piebus1_XC185036.ogg.npy,piebus1
copbar1_XC212061.ogg.npy,copbar1
whtkin2_XC135397.ogg.npy,whtkin2
eucdov_XC668319.ogg.npy,eucdov
comgre_XC507428.ogg.npy,comgre
litgre1_XC567951.ogg.npy,litgre1
lirplo_XC541216.ogg.npy,lirplo
graher1_XC768226.ogg.npy,graher1
gyhcaf1_XC292228.ogg.npy,gyhcaf1
putbab1_XC665571.ogg.npy,putbab1
zitcis1_XC658793.ogg.npy,zitcis1
litegr_XC515900.ogg.npy,litegr
comgre_XC740788.ogg.npy,comgre
grbeat1_XC118201.ogg.npy,grbeat1
comior1_XC192031.ogg.npy,comior1
forwag1_XC758848.ogg.npy,forwag1
commoo3_XC761604.ogg.npy,commoo3
comros_XC247484.ogg.npy,comros
labcro1_XC579948.ogg.npy,labcro1
spodov_XC443312.ogg.npy,spodov
bkwsti_XC282920.ogg.npy,bkwsti
asbfly_XC342638.ogg.npy,asbfly
whbwat1_XC138531.ogg.npy,whbwat1
wemhar1_XC175684.ogg.npy,wemhar1
bcnher_XC668952.ogg.npy,bcnher
labcro1_XC577848.ogg.npy,labcro1
tibfly3_XC209014.ogg.npy,tibfly3
purher1_XC667458.ogg.npy,purher1
blrwar1_XC659105.ogg.npy,blrwar1
commyn_XC331552.ogg.npy,commyn
woosan_XC740798.ogg.npy,woosan
ashdro1_XC773323.ogg.npy,ashdro1
comtai1_XC307406.ogg.npy,comtai1
comsan_XC796316.ogg.npy,comsan
lirplo_XC743839.ogg.npy,lirplo
whcbar1_XC411580.ogg.npy,whcbar1
zitcis1_XC471718.ogg.npy,zitcis1
woosan_XC742928.ogg.npy,woosan
houcro1_XC532303.ogg.npy,houcro1
grywag_XC482992.ogg.npy,grywag
grnsan_XC545234.ogg.npy,grnsan
spepic1_XC303984.ogg.npy,spepic1
grewar3_XC375448.ogg.npy,grewar3
houspa_XC835063.ogg.npy,houspa
greegr_XC673449.ogg.npy,greegr
barswa_XC169360.ogg.npy,barswa
blnmon1_XC741215.ogg.npy,blnmon1
graher1_XC707170.ogg.npy,graher1
gyhcaf1_XC491048.ogg.npy,gyhcaf1
bladro1_XC840786.ogg.npy,bladro1
inbrob1_XC19733.ogg.npy,inbrob1
eaywag1_XC542446.ogg.npy,eaywag1
bkwsti_XC578971.ogg.npy,bkwsti
cregos1_XC575553.ogg.npy,cregos1
rufbab3_XC165293.ogg.npy,rufbab3
whbsho3_XC856490.ogg.npy,whbsho3
malpar1_XC404465.ogg.npy,malpar1
blnmon1_XC351465.ogg.npy,blnmon1
bkwsti_XC749446.ogg.npy,bkwsti
bkwsti_XC685751.ogg.npy,bkwsti
brnshr_XC458251.ogg.npy,brnshr
litgre1_XC741696.ogg.npy,litgre1
labcro1_XC255059.ogg.npy,labcro1
comros_XC199245.ogg.npy,comros
bkwsti_XC807177.ogg.npy,bkwsti
blakit1_XC466286.ogg.npy,blakit1
commyn_XC469075.ogg.npy,commyn
blakit1_XC811135.ogg.npy,blakit1
bkwsti_XC283844.ogg.npy,bkwsti
shikra1_XC301277.ogg.npy,shikra1
labcro1_XC626468.ogg.npy,labcro1
graher1_XC601949.ogg.npy,graher1
rorpar_XC845025.ogg.npy,rorpar
comros_XC620922.ogg.npy,comros
bcnher_XC590462.ogg.npy,bcnher
barswa_XC757868.ogg.npy,barswa
grewar3_XC134760.ogg.npy,grewar3
tibfly3_XC796015.ogg.npy,tibfly3
blhori1_XC125383.ogg.npy,blhori1
bladro1_XC440526.ogg.npy,bladro1
brodro1_XC736489.ogg.npy,brodro1
comros_XC200456.ogg.npy,comros
comtai1_XC489159.ogg.npy,comtai1
grtdro1_XC175837.ogg.npy,grtdro1
rorpar_XC535796.ogg.npy,rorpar
grewar3_XC145183.ogg.npy,grewar3
wemhar1_XC552448.ogg.npy,wemhar1
wemhar1_XC649769.ogg.npy,wemhar1
litgre1_XC810044.ogg.npy,litgre1
whtkin2_XC149784.ogg.npy,whtkin2
comsan_XC431425.ogg.npy,comsan
comtai1_XC785734.ogg.npy,comtai1
zitcis1_XC768494.ogg.npy,zitcis1
malpar1_XC785362.ogg.npy,malpar1
litgre1_XC463907.ogg.npy,litgre1
comsan_XC582947.ogg.npy,comsan
rorpar_XC263126.ogg.npy,rorpar
rorpar_XC36477.ogg.npy,rorpar
litswi1_XC203039.ogg.npy,litswi1
pursun4_XC454341.ogg.npy,pursun4
eucdov_XC617135.ogg.npy,eucdov
lobsun2_XC487971.ogg.npy,lobsun2
comkin1_XC496572.ogg.npy,comkin1
grewar3_XC194418.ogg.npy,grewar3
commoo3_XC185246.ogg.npy,commoo3
rorpar_XC356734.ogg.npy,rorpar
rerswa1_XC423900.ogg.npy,rerswa1
laudov1_XC336389.ogg.npy,laudov1
labcro1_XC204599.ogg.npy,labcro1
zitcis1_XC564094.ogg.npy,zitcis1
comsan_XC338206.ogg.npy,comsan
grywag_XC483466.ogg.npy,grywag
categr_XC45474.ogg.npy,categr
litegr_XC411011.ogg.npy,litegr
comros_XC135790.ogg.npy,comros
eaywag1_XC56695.ogg.npy,eaywag1
eaywag1_XC642035.ogg.npy,eaywag1
zitcis1_XC508022.ogg.npy,zitcis1
graher1_XC646924.ogg.npy,graher1
gryfra_XC611581.ogg.npy,gryfra
barswa_XC652315.ogg.npy,barswa
houspa_XC704130.ogg.npy,houspa
commoo3_XC586138.ogg.npy,commoo3
eucdov_XC821006.ogg.npy,eucdov
spodov_XC725662.ogg.npy,spodov
shikra1_XC201572.ogg.npy,shikra1
grewar3_XC342322.ogg.npy,grewar3
eaywag1_XC334141.ogg.npy,eaywag1
comkin1_XC795701.ogg.npy,comkin1
blrwar1_XC561845.ogg.npy,blrwar1
grtdro1_XC19686.ogg.npy,grtdro1
forwag1_XC806804.ogg.npy,forwag1
eaywag1_XC744973.ogg.npy,eaywag1
grecou1_XC632724.ogg.npy,grecou1
pursun3_XC306703.ogg.npy,pursun3
zitcis1_XC276727.ogg.npy,zitcis1
nutman_XC594267.ogg.npy,nutman
comgre_XC748918.ogg.npy,comgre
lirplo_XC523192.ogg.npy,lirplo
blakit1_XC823305.ogg.npy,blakit1
graher1_XC649642.ogg.npy,graher1
rorpar_XC294389.ogg.npy,rorpar
comkin1_XC496579.ogg.npy,comkin1
gargan_XC708967.ogg.npy,gargan
rutfly6_XC19840.ogg.npy,rutfly6
revbul_XC392133.ogg.npy,revbul
whbtre1_XC19894.ogg.npy,whbtre1
woosan_XC788053.ogg.npy,woosan
eucdov_XC316367.ogg.npy,eucdov
bcnher_XC692582.ogg.npy,bcnher
nutman_XC235006.ogg.npy,nutman
lirplo_XC545122.ogg.npy,lirplo
cohcuc1_XC667557.ogg.npy,cohcuc1
gyhcaf1_XC92655.ogg.npy,gyhcaf1
bcnher_XC267057.ogg.npy,bcnher
asbfly_XC741062.ogg.npy,asbfly
houspa_XC791127.ogg.npy,houspa
comkin1_XC215924.ogg.npy,comkin1
dafbab1_XC661287.ogg.npy,dafbab1
purher1_XC125789.ogg.npy,purher1
blrwar1_XC662006.ogg.npy,blrwar1
stbkin1_XC786594.ogg.npy,stbkin1
bcnher_XC827610.ogg.npy,bcnher
commoo3_XC459202.ogg.npy,commoo3
spodov_XC786220.ogg.npy,spodov
greegr_XC287953.ogg.npy,greegr
kenplo1_XC185101.ogg.npy,kenplo1
categr_XC45473.ogg.npy,categr
grejun2_XC574336.ogg.npy,grejun2
litegr_XC585643.ogg.npy,litegr
eaywag1_XC316889.ogg.npy,eaywag1
comsan_XC672722.ogg.npy,comsan
brwjac1_XC466294.ogg.npy,brwjac1
comgre_XC785527.ogg.npy,comgre
grecou1_XC163845.ogg.npy,grecou1
kenplo1_XC639299.ogg.npy,kenplo1
eaywag1_XC544240.ogg.npy,eaywag1
grecou1_XC415705.ogg.npy,grecou1
barswa_XC564035.ogg.npy,barswa
bkwsti_XC633415.ogg.npy,bkwsti
graher1_XC590148.ogg.npy,graher1
commyn_XC400882.ogg.npy,commyn
purher1_XC480204.ogg.npy,purher1
purher1_XC681449.ogg.npy,purher1
bladro1_XC580936.ogg.npy,bladro1
houcro1_XC808314.ogg.npy,houcro1
eucdov_XC205916.ogg.npy,eucdov
grywag_XC795563.ogg.npy,grywag
litgre1_XC797805.ogg.npy,litgre1
bkwsti_XC546368.ogg.npy,bkwsti
brodro1_XC428967.ogg.npy,brodro1
litgre1_XC710861.ogg.npy,litgre1
rorpar_XC669425.ogg.npy,rorpar
grewar3_XC319865.ogg.npy,grewar3
whbwoo2_XC469388.ogg.npy,whbwoo2
commyn_XC704442.ogg.npy,commyn
bcnher_XC243449.ogg.npy,bcnher
grywag_XC812488.ogg.npy,grywag
grecou1_XC571427.ogg.npy,grecou1
litegr_XC577901.ogg.npy,litegr
rorpar_XC757705.ogg.npy,rorpar
comgre_XC580642.ogg.npy,comgre
brnshr_XC458249.ogg.npy,brnshr
litegr_XC701677.ogg.npy,litegr
litgre1_XC788448.ogg.npy,litgre1
purher1_XC816658.ogg.npy,purher1
pursun4_XC544179.ogg.npy,pursun4
woosan_XC814695.ogg.npy,woosan
grnsan_XC719930.ogg.npy,grnsan
graher1_XC432996.ogg.npy,graher1
asikoe2_XC729705.ogg.npy,asikoe2
gloibi_XC785628.ogg.npy,gloibi
litspi1_XC807854.ogg.npy,litspi1
bkskit1_XC350365.ogg.npy,bkskit1
litegr_XC333992.ogg.npy,litegr
eaywag1_XC790720.ogg.npy,eaywag1
comior1_XC841198.ogg.npy,comior1
grnwar1_XC741930.ogg.npy,grnwar1
whiter2_XC720986.ogg.npy,whiter2
comsan_XC667806.ogg.npy,comsan
grewar3_XC817793.ogg.npy,grewar3
whtkin2_XC600800.ogg.npy,whtkin2
brcful1_XC721638.ogg.npy,brcful1
woosan_XC378022.ogg.npy,woosan
graher1_XC711534.ogg.npy,graher1
bladro1_XC356443.ogg.npy,bladro1
comros_XC372699.ogg.npy,comros
commoo3_XC709569.ogg.npy,commoo3
spodov_XC710627.ogg.npy,spodov
gyhcaf1_XC491052.ogg.npy,gyhcaf1
comkin1_XC689882.ogg.npy,comkin1
houspa_XC326659.ogg.npy,houspa
bkwsti_XC658944.ogg.npy,bkwsti
revbul_XC573346.ogg.npy,revbul
whbwoo2_XC776482.ogg.npy,whbwoo2
comros_XC199489.ogg.npy,comros
grywag_XC448586.ogg.npy,grywag
indrob1_XC647278.ogg.npy,indrob1
comsan_XC435523.ogg.npy,comsan
bkwsti_XC424039.ogg.npy,bkwsti
comsan_XC585285.ogg.npy,comsan
greegr_XC257307.ogg.npy,greegr
mawthr1_XC211615.ogg.npy,mawthr1
whiter2_XC178202.ogg.npy,whiter2
grtdro1_XC858364.ogg.npy,grtdro1
brwowl1_XC746561.ogg.npy,brwowl1
graher1_XC580772.ogg.npy,graher1
comros_XC559584.ogg.npy,comros
pursun3_XC469365.ogg.npy,pursun3
commoo3_XC694488.ogg.npy,commoo3
gargan_XC411032.ogg.npy,gargan
litgre1_XC585762.ogg.npy,litgre1
gyhcaf1_XC382823.ogg.npy,gyhcaf1
cregos1_XC539078.ogg.npy,cregos1
comkin1_XC674470.ogg.npy,comkin1
kenplo1_XC494532.ogg.npy,kenplo1
comkin1_XC607364.ogg.npy,comkin1
insowl1_XC792535.ogg.npy,insowl1
tibfly3_XC643739.ogg.npy,tibfly3
whcbar1_XC460800.ogg.npy,whcbar1
bcnher_XC753950.ogg.npy,bcnher
rewbul_XC307714.ogg.npy,rewbul
inbrob1_XC681624.ogg.npy,inbrob1
zitcis1_XC567945.ogg.npy,zitcis1
grywag_XC486565.ogg.npy,grywag
comros_XC378783.ogg.npy,comros
zitcis1_XC495904.ogg.npy,zitcis1
rocpig_XC500497.ogg.npy,rocpig
grecou1_XC621009.ogg.npy,grecou1
graher1_XC667653.ogg.npy,graher1
blrwar1_XC826043.ogg.npy,blrwar1
plapri1_XC839170.ogg.npy,plapri1
whtkin2_XC169565.ogg.npy,whtkin2
comior1_XC376482.ogg.npy,comior1
litgre1_XC580889.ogg.npy,litgre1
grnsan_XC828219.ogg.npy,grnsan
houspa_XC302911.ogg.npy,houspa
purher1_XC796443.ogg.npy,purher1
comgre_XC500461.ogg.npy,comgre
grnsan_XC746431.ogg.npy,grnsan
kenplo1_XC522273.ogg.npy,kenplo1
eucdov_XC647374.ogg.npy,eucdov
graher1_XC526866.ogg.npy,graher1
gybpri1_XC316823.ogg.npy,gybpri1
wemhar1_XC42183.ogg.npy,wemhar1
asikoe2_XC194196.ogg.npy,asikoe2
piebus1_XC142724.ogg.npy,piebus1
whbwoo2_XC490565.ogg.npy,whbwoo2
comros_XC482925.ogg.npy,comros
comgre_XC686486.ogg.npy,comgre
commoo3_XC534419.ogg.npy,commoo3
whiter2_XC284556.ogg.npy,whiter2
rocpig_XC465539.ogg.npy,rocpig
rerswa1_XC723730.ogg.npy,rerswa1
whbwoo2_XC158218.ogg.npy,whbwoo2
blakit1_XC495888.ogg.npy,blakit1
lirplo_XC551259.ogg.npy,lirplo
lesyel1_XC366014.ogg.npy,lesyel1
indpit1_XC139543.ogg.npy,indpit1
bcnher_XC826993.ogg.npy,bcnher
comros_XC324518.ogg.npy,comros
rorpar_XC430604.ogg.npy,rorpar
comkin1_XC149671.ogg.npy,comkin1
rorpar_XC688327.ogg.npy,rorpar
brakit1_XC386935.ogg.npy,brakit1
bkskit1_XC352570.ogg.npy,bkskit1
rocpig_XC364890.ogg.npy,rocpig
grnsan_XC568008.ogg.npy,grnsan
lirplo_XC485451.ogg.npy,lirplo
bkskit1_XC350266.ogg.npy,bkskit1
lesyel1_XC390463.ogg.npy,lesyel1
eurcoo_XC668242.ogg.npy,eurcoo
indpit1_XC453370.ogg.npy,indpit1
grtdro1_XC566148.ogg.npy,grtdro1
purher1_XC678821.ogg.npy,purher1
wemhar1_XC262852.ogg.npy,wemhar1
commoo3_XC638904.ogg.npy,commoo3
litspi1_XC179567.ogg.npy,litspi1
graher1_XC552847.ogg.npy,graher1
bkwsti_XC269382.ogg.npy,bkwsti
litegr_XC333949.ogg.npy,litegr
rorpar_XC631830.ogg.npy,rorpar
litgre1_XC551463.ogg.npy,litgre1
revbul_XC207652.ogg.npy,revbul
houspa_XC578210.ogg.npy,houspa
blnmon1_XC642921.ogg.npy,blnmon1
bkwsti_XC507337.ogg.npy,bkwsti
ashdro1_XC396580.ogg.npy,ashdro1
whbwat1_XC447222.ogg.npy,whbwat1
rocpig_XC661810.ogg.npy,rocpig
blrwar1_XC732585.ogg.npy,blrwar1
barswa_XC187796.ogg.npy,barswa
gargan_XC711715.ogg.npy,gargan
eurcoo_XC538448.ogg.npy,eurcoo
zitcis1_XC621551.ogg.npy,zitcis1
grecou1_XC761594.ogg.npy,grecou1
litegr_XC294610.ogg.npy,litegr
bladro1_XC546083.ogg.npy,bladro1
comkin1_XC133838.ogg.npy,comkin1
comkin1_XC670137.ogg.npy,comkin1
comros_XC396977.ogg.npy,comros
hoopoe_XC318438.ogg.npy,hoopoe
wemhar1_XC269746.ogg.npy,wemhar1
tibfly3_XC428965.ogg.npy,tibfly3
comkin1_XC361638.ogg.npy,comkin1
insowl1_XC301142.ogg.npy,insowl1
blrwar1_XC184748.ogg.npy,blrwar1
houspa_XC678677.ogg.npy,houspa
comgre_XC175341.ogg.npy,comgre
graher1_XC185087.ogg.npy,graher1
eucdov_XC167578.ogg.npy,eucdov
commyn_XC571182.ogg.npy,commyn
woosan_XC146456.ogg.npy,woosan
barswa_XC657995.ogg.npy,barswa
comgre_XC276845.ogg.npy,comgre
whrmun_XC207664.ogg.npy,whrmun
categr_XC108820.ogg.npy,categr
purswa3_XC797490.ogg.npy,purswa3
zitcis1_XC633803.ogg.npy,zitcis1
zitcis1_XC333706.ogg.npy,zitcis1
spodov_XC469220.ogg.npy,spodov
bkwsti_XC666048.ogg.npy,bkwsti
orihob2_XC745215.ogg.npy,orihob2
blnmon1_XC295001.ogg.npy,blnmon1
hoopoe_XC686113.ogg.npy,hoopoe
brodro1_XC151512.ogg.npy,brodro1
purher1_XC732686.ogg.npy,purher1
vehpar1_XC209752.ogg.npy,vehpar1
commoo3_XC149725.ogg.npy,commoo3
asbfly_XC505369.ogg.npy,asbfly
kenplo1_XC579849.ogg.npy,kenplo1
labcro1_XC802906.ogg.npy,labcro1
grbeat1_XC590326.ogg.npy,grbeat1
lirplo_XC420653.ogg.npy,lirplo
ashdro1_XC815396.ogg.npy,ashdro1
blrwar1_XC653808.ogg.npy,blrwar1
eurbla2_XC574611.ogg.npy,eurbla2
hoopoe_XC644371.ogg.npy,hoopoe
piekin1_XC855527.ogg.npy,piekin1
lblwar1_XC324173.ogg.npy,lblwar1
commoo3_XC549134.ogg.npy,commoo3
zitcis1_XC662202.ogg.npy,zitcis1
whiter2_XC823866.ogg.npy,whiter2
aspfly1_XC444464.ogg.npy,aspfly1
greegr_XC437079.ogg.npy,greegr
spepic1_XC629222.ogg.npy,spepic1
eaywag1_XC792642.ogg.npy,eaywag1
graher1_XC754743.ogg.npy,graher1
gybpri1_XC576908.ogg.npy,gybpri1
comros_XC255336.ogg.npy,comros
lesyel1_XC356427.ogg.npy,lesyel1
inbrob1_XC800683.ogg.npy,inbrob1
woosan_XC557396.ogg.npy,woosan
eaywag1_XC118267.ogg.npy,eaywag1
revbul_XC317126.ogg.npy,revbul
barswa_XC278555.ogg.npy,barswa
kenplo1_XC318418.ogg.npy,kenplo1
lewduc1_XC190973.ogg.npy,lewduc1
eurcoo_XC635738.ogg.npy,eurcoo
blrwar1_XC650323.ogg.npy,blrwar1
zitcis1_XC773830.ogg.npy,zitcis1
zitcis1_XC797511.ogg.npy,zitcis1
brnshr_XC293458.ogg.npy,brnshr
grewar3_XC378012.ogg.npy,grewar3
grewar3_XC745754.ogg.npy,grewar3
zitcis1_XC578320.ogg.npy,zitcis1
rorpar_XC489801.ogg.npy,rorpar
heswoo1_XC357149.ogg.npy,heswoo1
wemhar1_XC721047.ogg.npy,wemhar1
greegr_XC678629.ogg.npy,greegr
spoowl1_XC487525.ogg.npy,spoowl1
grewar3_XC378859.ogg.npy,grewar3
comkin1_XC146468.ogg.npy,comkin1
bkwsti_XC737336.ogg.npy,bkwsti
kenplo1_XC414680.ogg.npy,kenplo1
zitcis1_XC801596.ogg.npy,zitcis1
ashwoo2_XC169810.ogg.npy,ashwoo2
eaywag1_XC151528.ogg.npy,eaywag1
blrwar1_XC826060.ogg.npy,blrwar1
commoo3_XC790079.ogg.npy,commoo3
comkin1_XC518056.ogg.npy,comkin1
sttwoo1_XC637337.ogg.npy,sttwoo1
crseag1_XC530269.ogg.npy,crseag1
houspa_XC318067.ogg.npy,houspa
thbwar1_XC352389.ogg.npy,thbwar1
gyhcaf1_XC786026.ogg.npy,gyhcaf1
litgre1_XC333106.ogg.npy,litgre1
comsan_XC494789.ogg.npy,comsan
blhori1_XC798564.ogg.npy,blhori1
litgre1_XC669663.ogg.npy,litgre1
asikoe2_XC715821.ogg.npy,asikoe2
lblwar1_XC687961.ogg.npy,lblwar1
comkin1_XC494721.ogg.npy,comkin1
plapri1_XC399873.ogg.npy,plapri1
comsan_XC489016.ogg.npy,comsan
bkwsti_XC592464.ogg.npy,bkwsti
revbul_XC110523.ogg.npy,revbul
graher1_XC829330.ogg.npy,graher1
ruftre2_XC283556.ogg.npy,ruftre2
houspa_XC183867.ogg.npy,houspa
whcbar1_XC296420.ogg.npy,whcbar1
woosan_XC380950.ogg.npy,woosan
laudov1_XC405377.ogg.npy,laudov1
comgre_XC686493.ogg.npy,comgre
litegr_XC576312.ogg.npy,litegr
spodov_XC441821.ogg.npy,spodov
brnshr_XC458258.ogg.npy,brnshr
barswa_XC423524.ogg.npy,barswa
gyhcaf1_XC560428.ogg.npy,gyhcaf1
grywag_XC701896.ogg.npy,grywag
spodov_XC723871.ogg.npy,spodov
zitcis1_XC581217.ogg.npy,zitcis1
blrwar1_XC417232.ogg.npy,blrwar1
bcnher_XC801256.ogg.npy,bcnher
spodov_XC510575.ogg.npy,spodov
putbab1_XC781016.ogg.npy,putbab1
comkin1_XC742886.ogg.npy,comkin1
comros_XC527257.ogg.npy,comros
rerswa1_XC423976.ogg.npy,rerswa1
eucdov_XC37442.ogg.npy,eucdov
zitcis1_XC511186.ogg.npy,zitcis1
commoo3_XC781082.ogg.npy,commoo3
lirplo_XC814043.ogg.npy,lirplo
litgre1_XC554320.ogg.npy,litgre1
purher1_XC480203.ogg.npy,purher1
wemhar1_XC627646.ogg.npy,wemhar1
comkin1_XC602783.ogg.npy,comkin1
asbfly_XC713467.ogg.npy,asbfly
graher1_XC436470.ogg.npy,graher1
comkin1_XC686763.ogg.npy,comkin1
eurcoo_XC696734.ogg.npy,eurcoo
bkwsti_XC581043.ogg.npy,bkwsti
comsan_XC632676.ogg.npy,comsan
commoo3_XC378482.ogg.npy,commoo3
nutman_XC588179.ogg.npy,nutman
lewduc1_XC733108.ogg.npy,lewduc1
zitcis1_XC180969.ogg.npy,zitcis1
grnwar1_XC598919.ogg.npy,grnwar1
ruftre2_XC571494.ogg.npy,ruftre2
lirplo_XC182465.ogg.npy,lirplo
junowl1_XC571460.ogg.npy,junowl1
bladro1_XC430262.ogg.npy,bladro1
btbeat1_XC804450.ogg.npy,btbeat1
barswa_XC602949.ogg.npy,barswa
barswa_XC644162.ogg.npy,barswa
comros_XC664854.ogg.npy,comros
zitcis1_XC643601.ogg.npy,zitcis1
litgre1_XC821908.ogg.npy,litgre1
lirplo_XC529871.ogg.npy,lirplo
eaywag1_XC480025.ogg.npy,eaywag1
emedov2_XC826189.ogg.npy,emedov2
bcnher_XC99573.ogg.npy,bcnher
grewar3_XC810536.ogg.npy,grewar3
insbab1_XC418166.ogg.npy,insbab1
gargan_XC651912.ogg.npy,gargan
litswi1_XC443717.ogg.npy,litswi1
rufwoo2_XC482231.ogg.npy,rufwoo2
yebbab1_XC284848.ogg.npy,yebbab1
rocpig_XC569664.ogg.npy,rocpig
bkwsti_XC270022.ogg.npy,bkwsti
asikoe2_XC331545.ogg.npy,asikoe2
commyn_XC607249.ogg.npy,commyn
brwowl1_XC303757.ogg.npy,brwowl1
pursun4_XC364333.ogg.npy,pursun4
zitcis1_XC666339.ogg.npy,zitcis1
litegr_XC448972.ogg.npy,litegr
comros_XC27955.ogg.npy,comros
woosan_XC128179.ogg.npy,woosan
greegr_XC285221.ogg.npy,greegr
ashdro1_XC429029.ogg.npy,ashdro1
rorpar_XC508360.ogg.npy,rorpar
isbduc1_XC580929.ogg.npy,isbduc1
blakit1_XC572731.ogg.npy,blakit1
grnsan_XC266344.ogg.npy,grnsan
eurcoo_XC637561.ogg.npy,eurcoo
litspi1_XC632290.ogg.npy,litspi1
hoopoe_XC480798.ogg.npy,hoopoe
stbkin1_XC266782.ogg.npy,stbkin1
graher1_XC312496.ogg.npy,graher1
rorpar_XC309919.ogg.npy,rorpar
rerswa1_XC794985.ogg.npy,rerswa1
blrwar1_XC658145.ogg.npy,blrwar1
comkin1_XC282125.ogg.npy,comkin1
grejun2_XC214029.ogg.npy,grejun2
eaywag1_XC480690.ogg.npy,eaywag1
eurcoo_XC270250.ogg.npy,eurcoo
emedov2_XC151051.ogg.npy,emedov2
woosan_XC585184.ogg.npy,woosan
putbab1_XC778971.ogg.npy,putbab1
comkin1_XC763946.ogg.npy,comkin1
indrob1_XC197114.ogg.npy,indrob1
marsan_XC557848.ogg.npy,marsan
piekin1_XC615763.ogg.npy,piekin1
commyn_XC579693.ogg.npy,commyn
grywag_XC833428.ogg.npy,grywag
crseag1_XC576632.ogg.npy,crseag1
insowl1_XC409518.ogg.npy,insowl1
houspa_XC818676.ogg.npy,houspa
brcful1_XC769796.ogg.npy,brcful1
pomgrp2_XC278927.ogg.npy,pomgrp2
blrwar1_XC611502.ogg.npy,blrwar1
comkin1_XC595142.ogg.npy,comkin1
blrwar1_XC756628.ogg.npy,blrwar1
bcnher_XC487804.ogg.npy,bcnher
comsan_XC689927.ogg.npy,comsan
lewduc1_XC377619.ogg.npy,lewduc1
comgre_XC840934.ogg.npy,comgre
blhori1_XC628386.ogg.npy,blhori1
whiter2_XC190980.ogg.npy,whiter2
plapri1_XC834658.ogg.npy,plapri1
rewbul_XC577850.ogg.npy,rewbul
grywag_XC728310.ogg.npy,grywag
gargan_XC737245.ogg.npy,gargan
lirplo_XC423395.ogg.npy,lirplo
litgre1_XC301651.ogg.npy,litgre1
laudov1_XC613392.ogg.npy,laudov1
lirplo_XC837686.ogg.npy,lirplo
eaywag1_XC743045.ogg.npy,eaywag1
bkskit1_XC352497.ogg.npy,bkskit1
eurcoo_XC855626.ogg.npy,eurcoo
blhori1_XC598916.ogg.npy,blhori1
insowl1_XC646891.ogg.npy,insowl1
hoopoe_XC312069.ogg.npy,hoopoe
laudov1_XC195520.ogg.npy,laudov1
litgre1_XC336884.ogg.npy,litgre1
grewar3_XC809437.ogg.npy,grewar3
ashdro1_XC114599.ogg.npy,ashdro1
commoo3_XC732731.ogg.npy,commoo3
bkcbul1_XC214026.ogg.npy,bkcbul1
woosan_XC382304.ogg.npy,woosan
ruftre2_XC412836.ogg.npy,ruftre2
brodro1_XC279181.ogg.npy,brodro1
litegr_XC333950.ogg.npy,litegr
whbtre1_XC786595.ogg.npy,whbtre1
comros_XC148820.ogg.npy,comros
litegr_XC236290.ogg.npy,litegr
grewar3_XC818944.ogg.npy,grewar3
houspa_XC174920.ogg.npy,houspa
eurcoo_XC571457.ogg.npy,eurcoo
greegr_XC277289.ogg.npy,greegr
bcnher_XC815878.ogg.npy,bcnher
comsan_XC665628.ogg.npy,comsan
nutman_XC607220.ogg.npy,nutman
laudov1_XC444438.ogg.npy,laudov1
whtkin2_XC163894.ogg.npy,whtkin2
whbbul2_XC335670.ogg.npy,whbbul2
houspa_XC475447.ogg.npy,houspa
zitcis1_XC722325.ogg.npy,zitcis1
lirplo_XC411001.ogg.npy,lirplo
graher1_XC150273.ogg.npy,graher1
commoo3_XC732187.ogg.npy,commoo3
laudov1_XC738670.ogg.npy,laudov1
graher1_XC528653.ogg.npy,graher1
spodov_XC203400.ogg.npy,spodov
revbul_XC839252.ogg.npy,revbul
grtdro1_XC687594.ogg.npy,grtdro1
gryfra_XC779860.ogg.npy,gryfra
comros_XC442818.ogg.npy,comros
crseag1_XC296208.ogg.npy,crseag1
shikra1_XC523456.ogg.npy,shikra1
bkwsti_XC138430.ogg.npy,bkwsti
kenplo1_XC338264.ogg.npy,kenplo1
barswa_XC702807.ogg.npy,barswa
commoo3_XC570318.ogg.npy,commoo3
wemhar1_XC130828.ogg.npy,wemhar1
comtai1_XC304223.ogg.npy,comtai1
comsan_XC585634.ogg.npy,comsan
blakit1_XC422724.ogg.npy,blakit1
houcro1_XC116613.ogg.npy,houcro1
grewar3_XC560115.ogg.npy,grewar3
grehor1_XC732374.ogg.npy,grehor1
kenplo1_XC785271.ogg.npy,kenplo1
comros_XC34997.ogg.npy,comros
gargan_XC542668.ogg.npy,gargan
pursun3_XC572638.ogg.npy,pursun3
rorpar_XC856357.ogg.npy,rorpar
crseag1_XC466084.ogg.npy,crseag1
eaywag1_XC591877.ogg.npy,eaywag1
litgre1_XC727875.ogg.npy,litgre1
comsan_XC795992.ogg.npy,comsan
comsan_XC556795.ogg.npy,comsan
rewbul_XC460803.ogg.npy,rewbul
comtai1_XC396911.ogg.npy,comtai1
kenplo1_XC844781.ogg.npy,kenplo1
blrwar1_XC247643.ogg.npy,blrwar1
kenplo1_XC494533.ogg.npy,kenplo1
graher1_XC603386.ogg.npy,graher1
whrmun_XC757204.ogg.npy,whrmun
asbfly_XC589132.ogg.npy,asbfly
mawthr1_XC406066.ogg.npy,mawthr1
whiter2_XC381842.ogg.npy,whiter2
graher1_XC623576.ogg.npy,graher1
asikoe2_XC738946.ogg.npy,asikoe2
comkin1_XC738159.ogg.npy,comkin1
bkskit1_XC351404.ogg.npy,bkskit1
placuc3_XC417108.ogg.npy,placuc3
comsan_XC668056.ogg.npy,comsan
heswoo1_XC777839.ogg.npy,heswoo1
bcnher_XC741694.ogg.npy,bcnher
rorpar_XC287990.ogg.npy,rorpar
grtdro1_XC450264.ogg.npy,grtdro1
eucdov_XC775736.ogg.npy,eucdov
bkskit1_XC353805.ogg.npy,bkskit1
lirplo_XC732687.ogg.npy,lirplo
spodov_XC539820.ogg.npy,spodov
indrob1_XC529867.ogg.npy,indrob1
bcnher_XC578200.ogg.npy,bcnher
ashdro1_XC794311.ogg.npy,ashdro1
woosan_XC544863.ogg.npy,woosan
piekin1_XC700146.ogg.npy,piekin1
whiter2_XC263345.ogg.npy,whiter2
blrwar1_XC184717.ogg.npy,blrwar1
aspswi1_XC578477.ogg.npy,aspswi1
labcro1_XC204651.ogg.npy,labcro1
barswa_XC713327.ogg.npy,barswa
grnwar1_XC727578.ogg.npy,grnwar1
comros_XC476464.ogg.npy,comros
shikra1_XC637299.ogg.npy,shikra1
graher1_XC313107.ogg.npy,graher1
comsan_XC822530.ogg.npy,comsan
comros_XC651507.ogg.npy,comros
woosan_XC799418.ogg.npy,woosan
eurcoo_XC175432.ogg.npy,eurcoo
bkwsti_XC568204.ogg.npy,bkwsti
eurcoo_XC464761.ogg.npy,eurcoo
grnsan_XC738287.ogg.npy,grnsan
litgre1_XC670689.ogg.npy,litgre1
thbwar1_XC508626.ogg.npy,thbwar1
barswa_XC263623.ogg.npy,barswa
eaywag1_XC675940.ogg.npy,eaywag1
marsan_XC720079.ogg.npy,marsan
gyhcaf1_XC345683.ogg.npy,gyhcaf1
eaywag1_XC586213.ogg.npy,eaywag1
comkin1_XC631107.ogg.npy,comkin1
rufwoo2_XC151090.ogg.npy,rufwoo2
eurcoo_XC553789.ogg.npy,eurcoo
rewbul_XC304455.ogg.npy,rewbul
hoopoe_XC145090.ogg.npy,hoopoe
tilwar1_XC42646.ogg.npy,tilwar1
comkin1_XC200250.ogg.npy,comkin1
grewar3_XC163087.ogg.npy,grewar3
comsan_XC556791.ogg.npy,comsan
greegr_XC854860.ogg.npy,greegr
hoopoe_XC635854.ogg.npy,hoopoe
commoo3_XC315363.ogg.npy,commoo3
crseag1_XC762002.ogg.npy,crseag1
brodro1_XC504185.ogg.npy,brodro1
comros_XC328381.ogg.npy,comros
litgre1_XC726651.ogg.npy,litgre1
bcnher_XC724173.ogg.npy,bcnher
zitcis1_XC716987.ogg.npy,zitcis1
rorpar_XC561983.ogg.npy,rorpar
grtdro1_XC256284.ogg.npy,grtdro1
comros_XC319403.ogg.npy,comros
comkin1_XC744661.ogg.npy,comkin1
piekin1_XC616495.ogg.npy,piekin1
barswa_XC286592.ogg.npy,barswa
cohcuc1_XC716995.ogg.npy,cohcuc1
graher1_XC113123.ogg.npy,graher1
crseag1_XC756528.ogg.npy,crseag1
litegr_XC202040.ogg.npy,litegr
comgre_XC350228.ogg.npy,comgre
bladro1_XC635645.ogg.npy,bladro1
blrwar1_XC183835.ogg.npy,blrwar1
rorpar_XC687960.ogg.npy,rorpar
whiter2_XC857025.ogg.npy,whiter2
crseag1_XC808413.ogg.npy,crseag1
eaywag1_XC384801.ogg.npy,eaywag1
lirplo_XC790877.ogg.npy,lirplo
gybpri1_XC641519.ogg.npy,gybpri1
blrwar1_XC478411.ogg.npy,blrwar1
wemhar1_XC617533.ogg.npy,wemhar1
whbwat1_XC365726.ogg.npy,whbwat1
malpar1_XC19767.ogg.npy,malpar1
grnsan_XC633454.ogg.npy,grnsan
grewar3_XC639487.ogg.npy,grewar3
blakit1_XC189743.ogg.npy,blakit1
insowl1_XC756585.ogg.npy,insowl1
hoopoe_XC728876.ogg.npy,hoopoe
bkskit1_XC353817.ogg.npy,bkskit1
grnsan_XC814761.ogg.npy,grnsan
lirplo_XC266279.ogg.npy,lirplo
eurcoo_XC545093.ogg.npy,eurcoo
blakit1_XC467577.ogg.npy,blakit1
whbwoo2_XC453763.ogg.npy,whbwoo2
blrwar1_XC208321.ogg.npy,blrwar1
vehpar1_XC607188.ogg.npy,vehpar1
ashdro1_XC293436.ogg.npy,ashdro1
greegr_XC765285.ogg.npy,greegr
ashpri1_XC598048.ogg.npy,ashpri1
rorpar_XC626940.ogg.npy,rorpar
ashwoo2_XC829157.ogg.npy,ashwoo2
eurcoo_XC714556.ogg.npy,eurcoo
houspa_XC811634.ogg.npy,houspa
rossta2_XC825830.ogg.npy,rossta2
grtdro1_XC699943.ogg.npy,grtdro1
blnmon1_XC206710.ogg.npy,blnmon1
btbeat1_XC613959.ogg.npy,btbeat1
rocpig_XC695799.ogg.npy,rocpig
plaflo1_XC163881.ogg.npy,plaflo1
eaywag1_XC484849.ogg.npy,eaywag1
insowl1_XC305214.ogg.npy,insowl1
blhori1_XC643938.ogg.npy,blhori1
barswa_XC643880.ogg.npy,barswa
houspa_XC436305.ogg.npy,houspa
grbeat1_XC576602.ogg.npy,grbeat1
comgre_XC654276.ogg.npy,comgre
eucdov_XC519525.ogg.npy,eucdov
spepic1_XC787967.ogg.npy,spepic1
gryfra_XC73267.ogg.npy,gryfra
blhori1_XC416102.ogg.npy,blhori1
purher1_XC829254.ogg.npy,purher1
comtai1_XC375649.ogg.npy,comtai1
gybpri1_XC363614.ogg.npy,gybpri1
hoopoe_XC472356.ogg.npy,hoopoe
eucdov_XC114079.ogg.npy,eucdov
grefla1_XC399093.ogg.npy,grefla1
thbwar1_XC841655.ogg.npy,thbwar1
eurbla2_XC520393.ogg.npy,eurbla2
comgre_XC717255.ogg.npy,comgre
wemhar1_XC614711.ogg.npy,wemhar1
litspi1_XC661272.ogg.npy,litspi1
copbar1_XC701873.ogg.npy,copbar1
grtdro1_XC770572.ogg.npy,grtdro1
zitcis1_XC467401.ogg.npy,zitcis1
litgre1_XC473807.ogg.npy,litgre1
comgre_XC785531.ogg.npy,comgre
wemhar1_XC782713.ogg.npy,wemhar1
bkskit1_XC352565.ogg.npy,bkskit1
brnhao1_XC778966.ogg.npy,brnhao1
gyhcaf1_XC491054.ogg.npy,gyhcaf1
crseag1_XC122033.ogg.npy,crseag1
eurcoo_XC704375.ogg.npy,eurcoo
barswa_XC658037.ogg.npy,barswa
greegr_XC473082.ogg.npy,greegr
wemhar1_XC689516.ogg.npy,wemhar1
brodro1_XC625557.ogg.npy,brodro1
nutman_XC268840.ogg.npy,nutman
grnsan_XC842850.ogg.npy,grnsan
spodov_XC463317.ogg.npy,spodov
labcro1_XC479569.ogg.npy,labcro1
comros_XC247638.ogg.npy,comros
grtdro1_XC575145.ogg.npy,grtdro1
barswa_XC808423.ogg.npy,barswa
spodov_XC291106.ogg.npy,spodov
plapri1_XC559665.ogg.npy,plapri1
comsan_XC347433.ogg.npy,comsan
whbwat1_XC439487.ogg.npy,whbwat1
comgre_XC818252.ogg.npy,comgre
rossta2_XC755715.ogg.npy,rossta2
redspu1_XC540542.ogg.npy,redspu1
grewar3_XC461985.ogg.npy,grewar3
graher1_XC587018.ogg.npy,graher1
grewar3_XC611643.ogg.npy,grewar3
categr_XC501019.ogg.npy,categr
blhori1_XC124199.ogg.npy,blhori1
grewar3_XC375801.ogg.npy,grewar3
lirplo_XC482669.ogg.npy,lirplo
whtkin2_XC573898.ogg.npy,whtkin2
bcnher_XC263291.ogg.npy,bcnher
cohcuc1_XC368335.ogg.npy,cohcuc1
litgre1_XC802084.ogg.npy,litgre1
graher1_XC748098.ogg.npy,graher1
comgre_XC842856.ogg.npy,comgre
nutman_XC207443.ogg.npy,nutman
comros_XC415553.ogg.npy,comros
rewlap1_XC37585.ogg.npy,rewlap1
bcnher_XC748847.ogg.npy,bcnher
bcnher_XC429315.ogg.npy,bcnher
houspa_XC627922.ogg.npy,houspa
indrol2_XC362062.ogg.npy,indrol2
ruftre2_XC157275.ogg.npy,ruftre2
gryfra_XC308191.ogg.npy,gryfra
commoo3_XC545627.ogg.npy,commoo3
eucdov_XC58766.ogg.npy,eucdov
eaywag1_XC675679.ogg.npy,eaywag1
labcro1_XC398992.ogg.npy,labcro1
greegr_XC715673.ogg.npy,greegr
pursun4_XC362059.ogg.npy,pursun4
brnshr_XC756450.ogg.npy,brnshr
greegr_XC295629.ogg.npy,greegr
litgre1_XC314998.ogg.npy,litgre1
greegr_XC431288.ogg.npy,greegr
junbab2_XC390358.ogg.npy,junbab2
btbeat1_XC702038.ogg.npy,btbeat1
comior1_XC793208.ogg.npy,comior1
eucdov_XC165397.ogg.npy,eucdov
bkwsti_XC807329.ogg.npy,bkwsti
malpar1_XC178252.ogg.npy,malpar1
grnwar1_XC482832.ogg.npy,grnwar1
commyn_XC528935.ogg.npy,commyn
pabflo1_XC406120.ogg.npy,pabflo1
woosan_XC433124.ogg.npy,woosan
comkin1_XC267955.ogg.npy,comkin1
graher1_XC460940.ogg.npy,graher1
grywag_XC522321.ogg.npy,grywag
purher1_XC246202.ogg.npy,purher1
zitcis1_XC546358.ogg.npy,zitcis1
lirplo_XC804970.ogg.npy,lirplo
houspa_XC316309.ogg.npy,houspa
gyhcaf1_XC720386.ogg.npy,gyhcaf1
lirplo_XC576945.ogg.npy,lirplo
bkskit1_XC353828.ogg.npy,bkskit1
asikoe2_XC412822.ogg.npy,asikoe2
comgre_XC266142.ogg.npy,comgre
nutman_XC447362.ogg.npy,nutman
grnsan_XC685589.ogg.npy,grnsan
sohmyn1_XC651285.ogg.npy,sohmyn1
bkwsti_XC563136.ogg.npy,bkwsti
comsan_XC557085.ogg.npy,comsan
woosan_XC733182.ogg.npy,woosan
greegr_XC613310.ogg.npy,greegr
comsan_XC578771.ogg.npy,comsan
eurcoo_XC714402.ogg.npy,eurcoo
eaywag1_XC134810.ogg.npy,eaywag1
rerswa1_XC735053.ogg.npy,rerswa1
litegr_XC712230.ogg.npy,litegr
grywag_XC256836.ogg.npy,grywag
houspa_XC557782.ogg.npy,houspa
grnsan_XC832783.ogg.npy,grnsan
purher1_XC793708.ogg.npy,purher1
litgre1_XC823142.ogg.npy,litgre1
commyn_XC469357.ogg.npy,commyn
brodro1_XC284392.ogg.npy,brodro1
grywag_XC831021.ogg.npy,grywag
ashpri1_XC73016.ogg.npy,ashpri1
labcro1_XC470232.ogg.npy,labcro1
whtkin2_XC289072.ogg.npy,whtkin2
grnsan_XC554236.ogg.npy,grnsan
grewar3_XC293694.ogg.npy,grewar3
ruftre2_XC399006.ogg.npy,ruftre2
rewbul_XC213004.ogg.npy,rewbul
sohmyn1_XC192973.ogg.npy,sohmyn1
hoopoe_XC707584.ogg.npy,hoopoe
commoo3_XC829440.ogg.npy,commoo3
plapri1_XC406650.ogg.npy,plapri1
wynlau1_XC404468.ogg.npy,wynlau1
hoopoe_XC697586.ogg.npy,hoopoe
brodro1_XC769793.ogg.npy,brodro1
comgre_XC686483.ogg.npy,comgre
kenplo1_XC183065.ogg.npy,kenplo1
comgre_XC554185.ogg.npy,comgre
eurcoo_XC625645.ogg.npy,eurcoo
eaywag1_XC622857.ogg.npy,eaywag1
whcbar1_XC574172.ogg.npy,whcbar1
eaywag1_XC765509.ogg.npy,eaywag1
eucdov_XC507340.ogg.npy,eucdov
comior1_XC362692.ogg.npy,comior1
wemhar1_XC291096.ogg.npy,wemhar1
litgre1_XC182084.ogg.npy,litgre1
grywag_XC183992.ogg.npy,grywag
whiter2_XC284555.ogg.npy,whiter2
graher1_XC487201.ogg.npy,graher1
revbul_XC110492.ogg.npy,revbul
eucdov_XC829905.ogg.npy,eucdov
goflea1_XC422670.ogg.npy,goflea1
houspa_XC621256.ogg.npy,houspa
eucdov_XC580520.ogg.npy,eucdov
grnsan_XC664804.ogg.npy,grnsan
eucdov_XC370150.ogg.npy,eucdov
comgre_XC193335.ogg.npy,comgre
wemhar1_XC269744.ogg.npy,wemhar1
graher1_XC492247.ogg.npy,graher1
bkwsti_XC277591.ogg.npy,bkwsti
forwag1_XC654101.ogg.npy,forwag1
blnmon1_XC292510.ogg.npy,blnmon1
gargan_XC756273.ogg.npy,gargan
grnsan_XC639562.ogg.npy,grnsan
grewar3_XC561479.ogg.npy,grewar3
junbab2_XC197113.ogg.npy,junbab2
bkwsti_XC553529.ogg.npy,bkwsti
blrwar1_XC138157.ogg.npy,blrwar1
wemhar1_XC796540.ogg.npy,wemhar1
whtkin2_XC770531.ogg.npy,whtkin2
grywag_XC633116.ogg.npy,grywag
eaywag1_XC765052.ogg.npy,eaywag1
comros_XC318044.ogg.npy,comros
comros_XC585059.ogg.npy,comros
eaywag1_XC616927.ogg.npy,eaywag1
greegr_XC336032.ogg.npy,greegr
grewar3_XC318066.ogg.npy,grewar3
comkin1_XC807503.ogg.npy,comkin1
bncwoo3_XC138654.ogg.npy,bncwoo3
bcnher_XC545676.ogg.npy,bcnher
litgre1_XC797803.ogg.npy,litgre1
woosan_XC431109.ogg.npy,woosan
blrwar1_XC574716.ogg.npy,blrwar1
whbbul2_XC652567.ogg.npy,whbbul2
comgre_XC770580.ogg.npy,comgre
whiter2_XC414722.ogg.npy,whiter2
brcful1_XC612669.ogg.npy,brcful1
litgre1_XC814715.ogg.npy,litgre1
litgre1_XC833289.ogg.npy,litgre1
gryfra_XC197827.ogg.npy,gryfra
bkwsti_XC487848.ogg.npy,bkwsti
barswa_XC656535.ogg.npy,barswa
ashdro1_XC265674.ogg.npy,ashdro1
plapri1_XC507446.ogg.npy,plapri1
asikoe2_XC799273.ogg.npy,asikoe2
copbar1_XC797864.ogg.npy,copbar1
purswa3_XC382828.ogg.npy,purswa3
bkskit1_XC350387.ogg.npy,bkskit1
lirplo_XC374919.ogg.npy,lirplo
eaywag1_XC765230.ogg.npy,eaywag1
aspfly1_XC210237.ogg.npy,aspfly1
putbab1_XC447111.ogg.npy,putbab1
ruftre2_XC607206.ogg.npy,ruftre2
rewlap1_XC756441.ogg.npy,rewlap1
houcro1_XC208875.ogg.npy,houcro1
litegr_XC627003.ogg.npy,litegr
eaywag1_XC528316.ogg.npy,eaywag1
emedov2_XC756529.ogg.npy,emedov2
plapri1_XC714356.ogg.npy,plapri1
litgre1_XC364626.ogg.npy,litgre1
bkwsti_XC684951.ogg.npy,bkwsti
commyn_XC447270.ogg.npy,commyn
spodov_XC163930.ogg.npy,spodov
litegr_XC718523.ogg.npy,litegr
grtdro1_XC282477.ogg.npy,grtdro1
brnshr_XC386460.ogg.npy,brnshr
mawthr1_XC400394.ogg.npy,mawthr1
comsan_XC736942.ogg.npy,comsan
purher1_XC477665.ogg.npy,purher1
indrob1_XC452276.ogg.npy,indrob1
commyn_XC331396.ogg.npy,commyn
stbkin1_XC482361.ogg.npy,stbkin1
litegr_XC778654.ogg.npy,litegr
barswa_XC378412.ogg.npy,barswa
piekin1_XC515892.ogg.npy,piekin1
hoopoe_XC472504.ogg.npy,hoopoe
pursun3_XC213334.ogg.npy,pursun3
houspa_XC587766.ogg.npy,houspa
brasta1_XC424374.ogg.npy,brasta1
yebbul3_XC401461.ogg.npy,yebbul3
bcnher_XC709240.ogg.npy,bcnher
hoopoe_XC808508.ogg.npy,hoopoe
shikra1_XC296421.ogg.npy,shikra1
junbab2_XC164942.ogg.npy,junbab2
gybpri1_XC326854.ogg.npy,gybpri1
comsan_XC815389.ogg.npy,comsan
rorpar_XC553257.ogg.npy,rorpar
grywag_XC603011.ogg.npy,grywag
comkin1_XC825364.ogg.npy,comkin1
hoopoe_XC312038.ogg.npy,hoopoe
spodov_XC783972.ogg.npy,spodov
lewduc1_XC767521.ogg.npy,lewduc1
houspa_XC383292.ogg.npy,houspa
kenplo1_XC371002.ogg.npy,kenplo1
cohcuc1_XC537454.ogg.npy,cohcuc1
rossta2_XC834535.ogg.npy,rossta2
comsan_XC798969.ogg.npy,comsan
grewar3_XC485186.ogg.npy,grewar3
piekin1_XC714345.ogg.npy,piekin1
bcnher_XC571938.ogg.npy,bcnher
grywag_XC708221.ogg.npy,grywag
lirplo_XC142369.ogg.npy,lirplo
blrwar1_XC656260.ogg.npy,blrwar1
eaywag1_XC661250.ogg.npy,eaywag1
grecou1_XC152924.ogg.npy,grecou1
woosan_XC583077.ogg.npy,woosan
gyhcaf1_XC790681.ogg.npy,gyhcaf1
eurbla2_XC206425.ogg.npy,eurbla2
whbwat1_XC414441.ogg.npy,whbwat1
comros_XC770102.ogg.npy,comros
greegr_XC605975.ogg.npy,greegr
bkskit1_XC360663.ogg.npy,bkskit1
rewbul_XC838494.ogg.npy,rewbul
comgre_XC507425.ogg.npy,comgre
graher1_XC707306.ogg.npy,graher1
blakit1_XC823477.ogg.npy,blakit1
blrwar1_XC563211.ogg.npy,blrwar1
whtkin2_XC503389.ogg.npy,whtkin2
whrmun_XC757201.ogg.npy,whrmun
eurcoo_XC779546.ogg.npy,eurcoo
comkin1_XC387199.ogg.npy,comkin1
comkin1_XC110343.ogg.npy,comkin1
eaywag1_XC490919.ogg.npy,eaywag1
rewbul_XC815425.ogg.npy,rewbul
maghor2_XC205911.ogg.npy,maghor2
hoopoe_XC570576.ogg.npy,hoopoe
kenplo1_XC666731.ogg.npy,kenplo1
grewar3_XC420074.ogg.npy,grewar3
gyhcaf1_XC279179.ogg.npy,gyhcaf1
comtai1_XC721373.ogg.npy,comtai1
bkwsti_XC236907.ogg.npy,bkwsti
purher1_XC773585.ogg.npy,purher1
whbwag1_XC678088.ogg.npy,whbwag1
rewbul_XC639935.ogg.npy,rewbul
comkin1_XC534607.ogg.npy,comkin1
comros_XC318083.ogg.npy,comros
goflea1_XC684239.ogg.npy,goflea1
grewar3_XC181774.ogg.npy,grewar3
grnsan_XC520082.ogg.npy,grnsan
grtdro1_XC603538.ogg.npy,grtdro1
blhori1_XC677313.ogg.npy,blhori1
bcnher_XC746436.ogg.npy,bcnher
rocpig_XC785037.ogg.npy,rocpig
junbab2_XC282572.ogg.npy,junbab2
putbab1_XC399098.ogg.npy,putbab1
rerswa1_XC423980.ogg.npy,rerswa1
rewlap1_XC531477.ogg.npy,rewlap1
comgre_XC828015.ogg.npy,comgre
grtdro1_XC684736.ogg.npy,grtdro1
labcro1_XC378188.ogg.npy,labcro1
gargan_XC125100.ogg.npy,gargan
mawthr1_XC648137.ogg.npy,mawthr1
rerswa1_XC330070.ogg.npy,rerswa1
eurcoo_XC739146.ogg.npy,eurcoo
whiter2_XC371258.ogg.npy,whiter2
eurcoo_XC546006.ogg.npy,eurcoo
indrob1_XC576603.ogg.npy,indrob1
goflea1_XC163901.ogg.npy,goflea1
whtkin2_XC575207.ogg.npy,whtkin2
houspa_XC710324.ogg.npy,houspa
bcnher_XC663653.ogg.npy,bcnher
bkskit1_XC520438.ogg.npy,bkskit1
lirplo_XC710533.ogg.npy,lirplo
whtkin2_XC461881.ogg.npy,whtkin2
gybpri1_XC786297.ogg.npy,gybpri1
woosan_XC804790.ogg.npy,woosan
comfla1_XC600775.ogg.npy,comfla1
blnmon1_XC497014.ogg.npy,blnmon1
asikoe2_XC163887.ogg.npy,asikoe2
comfla1_XC432624.ogg.npy,comfla1
rocpig_XC263182.ogg.npy,rocpig
litgre1_XC548737.ogg.npy,litgre1
blakit1_XC326806.ogg.npy,blakit1
zitcis1_XC385618.ogg.npy,zitcis1
houcro1_XC626467.ogg.npy,houcro1
hoopoe_XC334282.ogg.npy,hoopoe
grywag_XC658070.ogg.npy,grywag
blrwar1_XC659136.ogg.npy,blrwar1
litgre1_XC520116.ogg.npy,litgre1
oripip1_XC644733.ogg.npy,oripip1
stbkin1_XC578915.ogg.npy,stbkin1
comgre_XC323604.ogg.npy,comgre
rorpar_XC481831.ogg.npy,rorpar
wemhar1_XC778117.ogg.npy,wemhar1
commoo3_XC484773.ogg.npy,commoo3
zitcis1_XC639178.ogg.npy,zitcis1
barswa_XC575749.ogg.npy,barswa
hoopoe_XC179800.ogg.npy,hoopoe
comsan_XC499613.ogg.npy,comsan
integr_XC401712.ogg.npy,integr
blrwar1_XC654181.ogg.npy,blrwar1
comsan_XC738822.ogg.npy,comsan
whiter2_XC263342.ogg.npy,whiter2
commoo3_XC542506.ogg.npy,commoo3
thbwar1_XC239436.ogg.npy,thbwar1
ruftre2_XC576596.ogg.npy,ruftre2
comros_XC509233.ogg.npy,comros
comgre_XC827139.ogg.npy,comgre
bkwsti_XC201612.ogg.npy,bkwsti
comkin1_XC708438.ogg.npy,comkin1
putbab1_XC816606.ogg.npy,putbab1
grywag_XC485886.ogg.npy,grywag
rufbab3_XC598022.ogg.npy,rufbab3
hoopoe_XC399125.ogg.npy,hoopoe
grnsan_XC588587.ogg.npy,grnsan
grtdro1_XC684720.ogg.npy,grtdro1
blnmon1_XC510518.ogg.npy,blnmon1
kenplo1_XC789728.ogg.npy,kenplo1
grecou1_XC618407.ogg.npy,grecou1
lblwar1_XC324110.ogg.npy,lblwar1
purher1_XC832892.ogg.npy,purher1
spepic1_XC842835.ogg.npy,spepic1
blnmon1_XC503626.ogg.npy,blnmon1
barswa_XC663190.ogg.npy,barswa
blrwar1_XC567264.ogg.npy,blrwar1
grbeat1_XC529864.ogg.npy,grbeat1
whiter2_XC188326.ogg.npy,whiter2
eucdov_XC447750.ogg.npy,eucdov
hoopoe_XC793075.ogg.npy,hoopoe
whbwat1_XC447292.ogg.npy,whbwat1
wemhar1_XC410042.ogg.npy,wemhar1
greegr_XC512125.ogg.npy,greegr
bkskit1_XC361608.ogg.npy,bkskit1
jerbus2_XC756564.ogg.npy,jerbus2
brnshr_XC489779.ogg.npy,brnshr
houcro1_XC163862.ogg.npy,houcro1
bcnher_XC773577.ogg.npy,bcnher
rorpar_XC518996.ogg.npy,rorpar
lirplo_XC471024.ogg.npy,lirplo
piebus1_XC406641.ogg.npy,piebus1
zitcis1_XC378695.ogg.npy,zitcis1
eucdov_XC345877.ogg.npy,eucdov
rufbab3_XC282570.ogg.npy,rufbab3
eaywag1_XC795294.ogg.npy,eaywag1
eucdov_XC355153.ogg.npy,eucdov
whiter2_XC714122.ogg.npy,whiter2
gyhcaf1_XC829720.ogg.npy,gyhcaf1
whrmun_XC711689.ogg.npy,whrmun
greegr_XC131650.ogg.npy,greegr
woosan_XC358470.ogg.npy,woosan
blnmon1_XC639712.ogg.npy,blnmon1
grnsan_XC211882.ogg.npy,grnsan
houspa_XC692336.ogg.npy,houspa
rocpig_XC698375.ogg.npy,rocpig
comsan_XC185459.ogg.npy,comsan
rocpig_XC540139.ogg.npy,rocpig
eaywag1_XC386495.ogg.npy,eaywag1
eucdov_XC514762.ogg.npy,eucdov
bcnher_XC476089.ogg.npy,bcnher
zitcis1_XC562093.ogg.npy,zitcis1
bkwsti_XC310427.ogg.npy,bkwsti
woosan_XC735947.ogg.npy,woosan
brnshr_XC455996.ogg.npy,brnshr
bcnher_XC540712.ogg.npy,bcnher
aspswi1_XC791256.ogg.npy,aspswi1
grywag_XC343363.ogg.npy,grywag
eucdov_XC669765.ogg.npy,eucdov
ashdro1_XC37740.ogg.npy,ashdro1
lblwar1_XC402954.ogg.npy,lblwar1
putbab1_XC465696.ogg.npy,putbab1
comtai1_XC348089.ogg.npy,comtai1
bladro1_XC240299.ogg.npy,bladro1
gargan_XC190746.ogg.npy,gargan
revbul_XC74215.ogg.npy,revbul
pursun3_XC653681.ogg.npy,pursun3
commyn_XC462828.ogg.npy,commyn
whbwat1_XC233689.ogg.npy,whbwat1
comros_XC324515.ogg.npy,comros
commoo3_XC411754.ogg.npy,commoo3
eucdov_XC518421.ogg.npy,eucdov
putbab1_XC634272.ogg.npy,putbab1
greegr_XC811612.ogg.npy,greegr
laudov1_XC575130.ogg.npy,laudov1
comros_XC27694.ogg.npy,comros
gyhcaf1_XC769359.ogg.npy,gyhcaf1
shikra1_XC723547.ogg.npy,shikra1
spepic1_XC783874.ogg.npy,spepic1
blakit1_XC796153.ogg.npy,blakit1
inbrob1_XC402421.ogg.npy,inbrob1
comkin1_XC188962.ogg.npy,comkin1
lirplo_XC581105.ogg.npy,lirplo
commoo3_XC570328.ogg.npy,commoo3
blrwar1_XC342529.ogg.npy,blrwar1
grbeat1_XC621033.ogg.npy,grbeat1
comros_XC416854.ogg.npy,comros
commoo3_XC796434.ogg.npy,commoo3
litegr_XC468221.ogg.npy,litegr
grnsan_XC444848.ogg.npy,grnsan
hoopoe_XC617644.ogg.npy,hoopoe
gryfra_XC442342.ogg.npy,gryfra
comros_XC520019.ogg.npy,comros
grywag_XC456034.ogg.npy,grywag
litegr_XC842811.ogg.npy,litegr
litegr_XC335944.ogg.npy,litegr
bcnher_XC492160.ogg.npy,bcnher
bcnher_XC587880.ogg.npy,bcnher
grnsan_XC744299.ogg.npy,grnsan
bcnher_XC570622.ogg.npy,bcnher
comtai1_XC433060.ogg.npy,comtai1
eucdov_XC540956.ogg.npy,eucdov
grywag_XC701895.ogg.npy,grywag
blrwar1_XC807928.ogg.npy,blrwar1
comtai1_XC643668.ogg.npy,comtai1
comsan_XC669967.ogg.npy,comsan
crbsun2_XC604032.ogg.npy,crbsun2
blrwar1_XC442763.ogg.npy,blrwar1
laudov1_XC696586.ogg.npy,laudov1
asikoe2_XC417387.ogg.npy,asikoe2
malwoo1_XC342686.ogg.npy,malwoo1
greegr_XC586205.ogg.npy,greegr
blakit1_XC470420.ogg.npy,blakit1
grywag_XC512083.ogg.npy,grywag
vefnut1_XC651723.ogg.npy,vefnut1
eaywag1_XC616918.ogg.npy,eaywag1
grecou1_XC621008.ogg.npy,grecou1
whiter2_XC524299.ogg.npy,whiter2
blhori1_XC530819.ogg.npy,blhori1
rorpar_XC209714.ogg.npy,rorpar
junbab2_XC665603.ogg.npy,junbab2
litgre1_XC301648.ogg.npy,litgre1
whtkin2_XC536546.ogg.npy,whtkin2
comgre_XC832602.ogg.npy,comgre
houspa_XC169664.ogg.npy,houspa
eurcoo_XC528126.ogg.npy,eurcoo
comior1_XC606375.ogg.npy,comior1
thbwar1_XC842818.ogg.npy,thbwar1
litegr_XC592799.ogg.npy,litegr
eurcoo_XC482899.ogg.npy,eurcoo
houcro1_XC796825.ogg.npy,houcro1
grtdro1_XC490549.ogg.npy,grtdro1
tibfly3_XC590556.ogg.npy,tibfly3
litegr_XC664586.ogg.npy,litegr
brodro1_XC294642.ogg.npy,brodro1
blrwar1_XC658587.ogg.npy,blrwar1
piebus1_XC204615.ogg.npy,piebus1
blaeag1_XC538922.ogg.npy,blaeag1
eucdov_XC658109.ogg.npy,eucdov
spodov_XC245917.ogg.npy,spodov
comtai1_XC834665.ogg.npy,comtai1
eurcoo_XC787841.ogg.npy,eurcoo
lirplo_XC25128.ogg.npy,lirplo
comros_XC324397.ogg.npy,comros
kenplo1_XC836451.ogg.npy,kenplo1
grnsan_XC579133.ogg.npy,grnsan
gloibi_XC779018.ogg.npy,gloibi
grnwar1_XC817799.ogg.npy,grnwar1
brcful1_XC721639.ogg.npy,brcful1
lewduc1_XC276849.ogg.npy,lewduc1
eurcoo_XC640800.ogg.npy,eurcoo
brcful1_XC630255.ogg.npy,brcful1
litegr_XC574139.ogg.npy,litegr
lirplo_XC564844.ogg.npy,lirplo
thbwar1_XC117058.ogg.npy,thbwar1
brwjac1_XC164945.ogg.npy,brwjac1
ashpri1_XC592377.ogg.npy,ashpri1
compea_XC465162.ogg.npy,compea
zitcis1_XC632795.ogg.npy,zitcis1
purher1_XC770271.ogg.npy,purher1
purher1_XC716857.ogg.npy,purher1
blhori1_XC124197.ogg.npy,blhori1
kenplo1_XC376958.ogg.npy,kenplo1
wemhar1_XC696104.ogg.npy,wemhar1
pursun4_XC512391.ogg.npy,pursun4
sohmyn1_XC783988.ogg.npy,sohmyn1
houspa_XC570222.ogg.npy,houspa
grewar3_XC163088.ogg.npy,grewar3
comtai1_XC803659.ogg.npy,comtai1
placuc3_XC663615.ogg.npy,placuc3
bkwsti_XC132077.ogg.npy,bkwsti
pursun3_XC684252.ogg.npy,pursun3
rewlap1_XC118198.ogg.npy,rewlap1
placuc3_XC490344.ogg.npy,placuc3
lirplo_XC184342.ogg.npy,lirplo
commoo3_XC628548.ogg.npy,commoo3
eurcoo_XC466805.ogg.npy,eurcoo
rocpig_XC146725.ogg.npy,rocpig
wemhar1_XC365601.ogg.npy,wemhar1
gybpri1_XC858822.ogg.npy,gybpri1
plapri1_XC751128.ogg.npy,plapri1
lirplo_XC726576.ogg.npy,lirplo
gybpri1_XC802092.ogg.npy,gybpri1
yebbab1_XC190813.ogg.npy,yebbab1
whrmun_XC558259.ogg.npy,whrmun
eaywag1_XC743075.ogg.npy,eaywag1
rocpig_XC619490.ogg.npy,rocpig
bcnher_XC587882.ogg.npy,bcnher
grewar3_XC184040.ogg.npy,grewar3
grecou1_XC431490.ogg.npy,grecou1
bkwsti_XC605116.ogg.npy,bkwsti
comtai1_XC446606.ogg.npy,comtai1
grtdro1_XC397741.ogg.npy,grtdro1
graher1_XC636750.ogg.npy,graher1
litspi1_XC619541.ogg.npy,litspi1
hoopoe_XC842273.ogg.npy,hoopoe
greegr_XC351385.ogg.npy,greegr
grenig1_XC614613.ogg.npy,grenig1
crseag1_XC416843.ogg.npy,crseag1
hoopoe_XC655332.ogg.npy,hoopoe
spoowl1_XC665956.ogg.npy,spoowl1
bkskit1_XC352486.ogg.npy,bkskit1
bkwsti_XC643577.ogg.npy,bkwsti
comkin1_XC202476.ogg.npy,comkin1
gloibi_XC793078.ogg.npy,gloibi
grewar3_XC253557.ogg.npy,grewar3
yebbab1_XC545194.ogg.npy,yebbab1
labcro1_XC657628.ogg.npy,labcro1
bcnher_XC73032.ogg.npy,bcnher
lirplo_XC555105.ogg.npy,lirplo
revbul_XC404356.ogg.npy,revbul
kenplo1_XC339477.ogg.npy,kenplo1
bkwsti_XC682637.ogg.npy,bkwsti
ashpri1_XC384390.ogg.npy,ashpri1
kenplo1_XC765901.ogg.npy,kenplo1
blhori1_XC192880.ogg.npy,blhori1
brnhao1_XC775185.ogg.npy,brnhao1
eurcoo_XC635545.ogg.npy,eurcoo
woosan_XC526463.ogg.npy,woosan
comgre_XC493977.ogg.npy,comgre
indrol2_XC240337.ogg.npy,indrol2
litegr_XC629839.ogg.npy,litegr
ashpri1_XC754296.ogg.npy,ashpri1
bcnher_XC773576.ogg.npy,bcnher
comsan_XC283836.ogg.npy,comsan
eucdov_XC309781.ogg.npy,eucdov
eaywag1_XC856317.ogg.npy,eaywag1
wemhar1_XC613639.ogg.npy,wemhar1
eucdov_XC379503.ogg.npy,eucdov
grewar3_XC184764.ogg.npy,grewar3
whbwat1_XC797439.ogg.npy,whbwat1
hoopoe_XC381947.ogg.npy,hoopoe
whbwat1_XC362694.ogg.npy,whbwat1
gloibi_XC634860.ogg.npy,gloibi
bkskit1_XC351389.ogg.npy,bkskit1
categr_XC57416.ogg.npy,categr
crseag1_XC856755.ogg.npy,crseag1
blrwar1_XC662285.ogg.npy,blrwar1
grewar3_XC810786.ogg.npy,grewar3
hoopoe_XC724610.ogg.npy,hoopoe
grywag_XC757394.ogg.npy,grywag
woosan_XC381811.ogg.npy,woosan
whrmun_XC725828.ogg.npy,whrmun
sbeowl1_XC743554.ogg.npy,sbeowl1
placuc3_XC572950.ogg.npy,placuc3
rewbul_XC208319.ogg.npy,rewbul
malwoo1_XC134733.ogg.npy,malwoo1
houspa_XC484775.ogg.npy,houspa
woosan_XC666101.ogg.npy,woosan
rewlap1_XC446880.ogg.npy,rewlap1
litegr_XC333963.ogg.npy,litegr
grnsan_XC140653.ogg.npy,grnsan
asikoe2_XC812733.ogg.npy,asikoe2
lirplo_XC653087.ogg.npy,lirplo
bkskit1_XC352500.ogg.npy,bkskit1
labcro1_XC318030.ogg.npy,labcro1
comgre_XC686481.ogg.npy,comgre
blakit1_XC221994.ogg.npy,blakit1
categr_XC629216.ogg.npy,categr
barfly1_XC296410.ogg.npy,barfly1
gyhcaf1_XC267127.ogg.npy,gyhcaf1
whbwag1_XC504682.ogg.npy,whbwag1
comkin1_XC73074.ogg.npy,comkin1
brcful1_XC397753.ogg.npy,brcful1
wemhar1_XC314133.ogg.npy,wemhar1
ruftre2_XC201924.ogg.npy,ruftre2
litgre1_XC553117.ogg.npy,litgre1
zitcis1_XC711692.ogg.npy,zitcis1
graher1_XC586937.ogg.npy,graher1
kenplo1_XC844800.ogg.npy,kenplo1
lirplo_XC712410.ogg.npy,lirplo
bkskit1_XC352481.ogg.npy,bkskit1
blrwar1_XC179925.ogg.npy,blrwar1
revbul_XC573352.ogg.npy,revbul
junbab2_XC276821.ogg.npy,junbab2
copbar1_XC401214.ogg.npy,copbar1
commoo3_XC781980.ogg.npy,commoo3
thbwar1_XC485863.ogg.npy,thbwar1
bkwsti_XC821505.ogg.npy,bkwsti
lirplo_XC646309.ogg.npy,lirplo
brasta1_XC336390.ogg.npy,brasta1
comros_XC282304.ogg.npy,comros
litspi1_XC296645.ogg.npy,litspi1
rufbab3_XC362123.ogg.npy,rufbab3
shikra1_XC341470.ogg.npy,shikra1
barswa_XC271037.ogg.npy,barswa
comior1_XC143542.ogg.npy,comior1
litegr_XC333885.ogg.npy,litegr
eurcoo_XC715190.ogg.npy,eurcoo
indrol2_XC611616.ogg.npy,indrol2
rorpar_XC535793.ogg.npy,rorpar
bkwsti_XC799097.ogg.npy,bkwsti
purher1_XC827209.ogg.npy,purher1
copbar1_XC286656.ogg.npy,copbar1
kenplo1_XC367417.ogg.npy,kenplo1
rocpig_XC360365.ogg.npy,rocpig
litgre1_XC314432.ogg.npy,litgre1
barswa_XC644922.ogg.npy,barswa
rorpar_XC209349.ogg.npy,rorpar
bkwsti_XC431789.ogg.npy,bkwsti
sqtbul1_XC574719.ogg.npy,sqtbul1
lewduc1_XC686125.ogg.npy,lewduc1
copbar1_XC528888.ogg.npy,copbar1
putbab1_XC465690.ogg.npy,putbab1
rocpig_XC858466.ogg.npy,rocpig
rorpar_XC209728.ogg.npy,rorpar
barswa_XC690508.ogg.npy,barswa
comros_XC417171.ogg.npy,comros
bkskit1_XC605487.ogg.npy,bkskit1
blrwar1_XC659120.ogg.npy,blrwar1
grywag_XC649558.ogg.npy,grywag
commoo3_XC559848.ogg.npy,commoo3
eurcoo_XC697552.ogg.npy,eurcoo
pursun4_XC797133.ogg.npy,pursun4
ingori1_XC183995.ogg.npy,ingori1
blrwar1_XC630498.ogg.npy,blrwar1
houspa_XC567628.ogg.npy,houspa
grtdro1_XC614161.ogg.npy,grtdro1
lblwar1_XC282701.ogg.npy,lblwar1
rewlap1_XC394047.ogg.npy,rewlap1
comior1_XC297271.ogg.npy,comior1
houspa_XC698469.ogg.npy,houspa
grywag_XC439044.ogg.npy,grywag
whtkin2_XC637740.ogg.npy,whtkin2
zitcis1_XC471757.ogg.npy,zitcis1
bcnher_XC802108.ogg.npy,bcnher
wemhar1_XC154571.ogg.npy,wemhar1
hoopoe_XC279097.ogg.npy,hoopoe
comros_XC651291.ogg.npy,comros
grtdro1_XC654528.ogg.npy,grtdro1
commoo3_XC601044.ogg.npy,commoo3
commyn_XC519458.ogg.npy,commyn
whtkin2_XC157981.ogg.npy,whtkin2
graher1_XC836753.ogg.npy,graher1
woosan_XC469043.ogg.npy,woosan
bkwsti_XC741968.ogg.npy,bkwsti
aspswi1_XC286657.ogg.npy,aspswi1
graher1_XC786428.ogg.npy,graher1
grewar3_XC423321.ogg.npy,grewar3
woosan_XC699303.ogg.npy,woosan
piebus1_XC756604.ogg.npy,piebus1
litspi1_XC606845.ogg.npy,litspi1
grnwar1_XC724567.ogg.npy,grnwar1
blrwar1_XC656264.ogg.npy,blrwar1
whbbul2_XC787331.ogg.npy,whbbul2
brodro1_XC625551.ogg.npy,brodro1
indrol2_XC611617.ogg.npy,indrol2
comgre_XC613839.ogg.npy,comgre
ruftre2_XC445542.ogg.npy,ruftre2
lirplo_XC665423.ogg.npy,lirplo
bkskit1_XC682343.ogg.npy,bkskit1
plapri1_XC859312.ogg.npy,plapri1
bcnher_XC669025.ogg.npy,bcnher
gryfra_XC778595.ogg.npy,gryfra
litgre1_XC791024.ogg.npy,litgre1
wemhar1_XC554828.ogg.npy,wemhar1
litgre1_XC714856.ogg.npy,litgre1
grnsan_XC673973.ogg.npy,grnsan
whiter2_XC266241.ogg.npy,whiter2
eucdov_XC433625.ogg.npy,eucdov
grtdro1_XC572138.ogg.npy,grtdro1
whtkin2_XC507756.ogg.npy,whtkin2
litgre1_XC549469.ogg.npy,litgre1
wemhar1_XC185106.ogg.npy,wemhar1
grbeat1_XC291823.ogg.npy,grbeat1
gybpri1_XC302002.ogg.npy,gybpri1
graher1_XC593366.ogg.npy,graher1
bkwsti_XC744106.ogg.npy,bkwsti
sqtbul1_XC756562.ogg.npy,sqtbul1
comkin1_XC381843.ogg.npy,comkin1
asikoe2_XC37407.ogg.npy,asikoe2
rewbul_XC713031.ogg.npy,rewbul
gybpri1_XC430258.ogg.npy,gybpri1
houspa_XC178375.ogg.npy,houspa
lesyel1_XC295191.ogg.npy,lesyel1
lirplo_XC801060.ogg.npy,lirplo
bladro1_XC394041.ogg.npy,bladro1
blrwar1_XC656448.ogg.npy,blrwar1
grnsan_XC587069.ogg.npy,grnsan
commoo3_XC796782.ogg.npy,commoo3
litgre1_XC650819.ogg.npy,litgre1
marsan_XC805107.ogg.npy,marsan
blrwar1_XC807311.ogg.npy,blrwar1
brnshr_XC510750.ogg.npy,brnshr
grewar3_XC580575.ogg.npy,grewar3
whiter2_XC265269.ogg.npy,whiter2
comros_XC807651.ogg.npy,comros
insowl1_XC19739.ogg.npy,insowl1
commoo3_XC627199.ogg.npy,commoo3
laudov1_XC405371.ogg.npy,laudov1
rewlap1_XC74220.ogg.npy,rewlap1
grywag_XC826325.ogg.npy,grywag
rewbul_XC321616.ogg.npy,rewbul
whcbar1_XC402328.ogg.npy,whcbar1
rorpar_XC541888.ogg.npy,rorpar
zitcis1_XC799678.ogg.npy,zitcis1
comros_XC245718.ogg.npy,comros
categr_XC329275.ogg.npy,categr
grtdro1_XC276853.ogg.npy,grtdro1
blhori1_XC116434.ogg.npy,blhori1
lirplo_XC845321.ogg.npy,lirplo
zitcis1_XC126367.ogg.npy,zitcis1
grnwar1_XC741936.ogg.npy,grnwar1
litegr_XC341667.ogg.npy,litegr
litegr_XC718477.ogg.npy,litegr
rocpig_XC246701.ogg.npy,rocpig
comior1_XC572677.ogg.npy,comior1
barswa_XC361221.ogg.npy,barswa
rocpig_XC785038.ogg.npy,rocpig
houcro1_XC443065.ogg.npy,houcro1
laudov1_XC444439.ogg.npy,laudov1
piebus1_XC756602.ogg.npy,piebus1
grewar3_XC377167.ogg.npy,grewar3
nutman_XC856070.ogg.npy,nutman
aspfly1_XC633461.ogg.npy,aspfly1
lblwar1_XC482750.ogg.npy,lblwar1
revbul_XC404225.ogg.npy,revbul
asikoe2_XC260248.ogg.npy,asikoe2
thbwar1_XC329218.ogg.npy,thbwar1
eucdov_XC668872.ogg.npy,eucdov
stbkin1_XC332704.ogg.npy,stbkin1
gyhcaf1_XC720387.ogg.npy,gyhcaf1
grywag_XC759032.ogg.npy,grywag
nutman_XC614351.ogg.npy,nutman
eurcoo_XC715416.ogg.npy,eurcoo
lirplo_XC541780.ogg.npy,lirplo
comros_XC573417.ogg.npy,comros
grecou1_XC397003.ogg.npy,grecou1
blrwar1_XC321513.ogg.npy,blrwar1
brwowl1_XC719975.ogg.npy,brwowl1
greegr_XC406077.ogg.npy,greegr
eurcoo_XC571450.ogg.npy,eurcoo
comros_XC822642.ogg.npy,comros
piekin1_XC515829.ogg.npy,piekin1
commyn_XC511898.ogg.npy,commyn
grtdro1_XC595420.ogg.npy,grtdro1
grewar3_XC692713.ogg.npy,grewar3
greegr_XC264040.ogg.npy,greegr
commoo3_XC792807.ogg.npy,commoo3
kenplo1_XC718519.ogg.npy,kenplo1
ingori1_XC571750.ogg.npy,ingori1
comros_XC826521.ogg.npy,comros
lirplo_XC688673.ogg.npy,lirplo
brodro1_XC121341.ogg.npy,brodro1
blrwar1_XC656148.ogg.npy,blrwar1
grnsan_XC146705.ogg.npy,grnsan
comsan_XC581172.ogg.npy,comsan
grywag_XC474450.ogg.npy,grywag
rerswa1_XC423978.ogg.npy,rerswa1
yebbul3_XC490887.ogg.npy,yebbul3
rewlap1_XC425041.ogg.npy,rewlap1
litegr_XC710201.ogg.npy,litegr
labcro1_XC312588.ogg.npy,labcro1
whtkin2_XC405349.ogg.npy,whtkin2
brakit1_XC825161.ogg.npy,brakit1
eucdov_XC410907.ogg.npy,eucdov
grecou1_XC571426.ogg.npy,grecou1
rorpar_XC688323.ogg.npy,rorpar
graher1_XC768404.ogg.npy,graher1
hoopoe_XC476606.ogg.npy,hoopoe
rewbul_XC207916.ogg.npy,rewbul
blrwar1_XC377726.ogg.npy,blrwar1
zitcis1_XC572644.ogg.npy,zitcis1
wemhar1_XC624933.ogg.npy,wemhar1
bkskit1_XC350246.ogg.npy,bkskit1
commoo3_XC784584.ogg.npy,commoo3
comkin1_XC845422.ogg.npy,comkin1
eurcoo_XC571458.ogg.npy,eurcoo
eucdov_XC390247.ogg.npy,eucdov
cregos1_XC819349.ogg.npy,cregos1
bkwsti_XC370744.ogg.npy,bkwsti
purher1_XC580404.ogg.npy,purher1
litgre1_XC500204.ogg.npy,litgre1
houspa_XC232947.ogg.npy,houspa
kenplo1_XC812533.ogg.npy,kenplo1
whtkin2_XC74828.ogg.npy,whtkin2
eaywag1_XC305991.ogg.npy,eaywag1
grnwar1_XC208995.ogg.npy,grnwar1
grefla1_XC424233.ogg.npy,grefla1
eaywag1_XC675984.ogg.npy,eaywag1
comtai1_XC133738.ogg.npy,comtai1
vefnut1_XC196970.ogg.npy,vefnut1
comgre_XC740393.ogg.npy,comgre
rorpar_XC772774.ogg.npy,rorpar
gyhcaf1_XC720379.ogg.npy,gyhcaf1
labcro1_XC823514.ogg.npy,labcro1
litspi1_XC404221.ogg.npy,litspi1
zitcis1_XC781635.ogg.npy,zitcis1
gybpri1_XC555521.ogg.npy,gybpri1
bladro1_XC208795.ogg.npy,bladro1
rerswa1_XC828835.ogg.npy,rerswa1
zitcis1_XC410120.ogg.npy,zitcis1
aspswi1_XC769799.ogg.npy,aspswi1
bcnher_XC544205.ogg.npy,bcnher
greegr_XC638748.ogg.npy,greegr
bkwsti_XC284625.ogg.npy,bkwsti
plapri1_XC575213.ogg.npy,plapri1
bcnher_XC833398.ogg.npy,bcnher
gloibi_XC237350.ogg.npy,gloibi
bkwsti_XC668229.ogg.npy,bkwsti
commoo3_XC555008.ogg.npy,commoo3
asbfly_XC329259.ogg.npy,asbfly
houspa_XC443751.ogg.npy,houspa
malwoo1_XC197610.ogg.npy,malwoo1
grnsan_XC534734.ogg.npy,grnsan
grecou1_XC728479.ogg.npy,grecou1
spoowl1_XC291445.ogg.npy,spoowl1
gyhcaf1_XC177113.ogg.npy,gyhcaf1
eaywag1_XC645111.ogg.npy,eaywag1
whbwoo2_XC400610.ogg.npy,whbwoo2
lirplo_XC632884.ogg.npy,lirplo
wbbfly1_XC574736.ogg.npy,wbbfly1
orihob2_XC558178.ogg.npy,orihob2
eurcoo_XC713483.ogg.npy,eurcoo
comgre_XC434008.ogg.npy,comgre
grnwar1_XC482955.ogg.npy,grnwar1
barswa_XC501004.ogg.npy,barswa
eaywag1_XC527598.ogg.npy,eaywag1
grywag_XC792882.ogg.npy,grywag
comkin1_XC279686.ogg.npy,comkin1
smamin1_XC207060.ogg.npy,smamin1
bcnher_XC554532.ogg.npy,bcnher
rorpar_XC27160.ogg.npy,rorpar
zitcis1_XC245643.ogg.npy,zitcis1
litgre1_XC654069.ogg.npy,litgre1
sbeowl1_XC433833.ogg.npy,sbeowl1
ashwoo2_XC399855.ogg.npy,ashwoo2
grnsan_XC808199.ogg.npy,grnsan
whrmun_XC176317.ogg.npy,whrmun
stbkin1_XC425055.ogg.npy,stbkin1
smamin1_XC842525.ogg.npy,smamin1
blakit1_XC507829.ogg.npy,blakit1
greegr_XC447429.ogg.npy,greegr
comros_XC527258.ogg.npy,comros
litegr_XC567597.ogg.npy,litegr
graher1_XC558796.ogg.npy,graher1
zitcis1_XC745430.ogg.npy,zitcis1
heswoo1_XC816855.ogg.npy,heswoo1
bkwsti_XC236580.ogg.npy,bkwsti
zitcis1_XC572914.ogg.npy,zitcis1
whiter2_XC579204.ogg.npy,whiter2
whtkin2_XC540090.ogg.npy,whtkin2
blnmon1_XC215856.ogg.npy,blnmon1
smamin1_XC240366.ogg.npy,smamin1
brnhao1_XC652568.ogg.npy,brnhao1
forwag1_XC267114.ogg.npy,forwag1
grtdro1_XC362690.ogg.npy,grtdro1
hoopoe_XC789694.ogg.npy,hoopoe
spepic1_XC460097.ogg.npy,spepic1
smamin1_XC284786.ogg.npy,smamin1
kenplo1_XC526231.ogg.npy,kenplo1
eaywag1_XC661259.ogg.npy,eaywag1
houspa_XC355698.ogg.npy,houspa
blakit1_XC485012.ogg.npy,blakit1
blrwar1_XC731008.ogg.npy,blrwar1
commoo3_XC603034.ogg.npy,commoo3
houcro1_XC601790.ogg.npy,houcro1
eucdov_XC263584.ogg.npy,eucdov
grewar3_XC180477.ogg.npy,grewar3
eurcoo_XC796553.ogg.npy,eurcoo
wemhar1_XC474017.ogg.npy,wemhar1
brodro1_XC840163.ogg.npy,brodro1
commoo3_XC214101.ogg.npy,commoo3
blrwar1_XC659091.ogg.npy,blrwar1
grewar3_XC215034.ogg.npy,grewar3
aspswi1_XC635742.ogg.npy,aspswi1
woosan_XC832210.ogg.npy,woosan
wemhar1_XC184347.ogg.npy,wemhar1
gargan_XC709257.ogg.npy,gargan
bladro1_XC163901.ogg.npy,bladro1
gyhcaf1_XC149870.ogg.npy,gyhcaf1
gybpri1_XC683306.ogg.npy,gybpri1
purher1_XC370817.ogg.npy,purher1
rewlap1_XC404494.ogg.npy,rewlap1
eurcoo_XC555720.ogg.npy,eurcoo
hoopoe_XC457439.ogg.npy,hoopoe
blakit1_XC45505.ogg.npy,blakit1
litgre1_XC252491.ogg.npy,litgre1
crseag1_XC478037.ogg.npy,crseag1
blakit1_XC298213.ogg.npy,blakit1
indrol2_XC442867.ogg.npy,indrol2
piekin1_XC665951.ogg.npy,piekin1
grnwar1_XC756595.ogg.npy,grnwar1
categr_XC418722.ogg.npy,categr
eurcoo_XC633567.ogg.npy,eurcoo
gryfra_XC308183.ogg.npy,gryfra
blrwar1_XC19604.ogg.npy,blrwar1
commoo3_XC618889.ogg.npy,commoo3
hoopoe_XC814457.ogg.npy,hoopoe
lirplo_XC631179.ogg.npy,lirplo
graher1_XC521618.ogg.npy,graher1
hoopoe_XC808163.ogg.npy,hoopoe
grtdro1_XC575538.ogg.npy,grtdro1
grewar3_XC185526.ogg.npy,grewar3
crseag1_XC736733.ogg.npy,crseag1
hoopoe_XC689714.ogg.npy,hoopoe
gloibi_XC310510.ogg.npy,gloibi
eucdov_XC817422.ogg.npy,eucdov
rorpar_XC780901.ogg.npy,rorpar
whiter2_XC761900.ogg.npy,whiter2
eucdov_XC308063.ogg.npy,eucdov
blrwar1_XC560248.ogg.npy,blrwar1
eucdov_XC797600.ogg.npy,eucdov
brcful1_XC642356.ogg.npy,brcful1
bcnher_XC701523.ogg.npy,bcnher
bkwsti_XC379763.ogg.npy,bkwsti
bwfshr1_XC113026.ogg.npy,bwfshr1
crfbar1_XC540677.ogg.npy,crfbar1
laudov1_XC665554.ogg.npy,laudov1
comsan_XC746901.ogg.npy,comsan
bcnher_XC546218.ogg.npy,bcnher
commyn_XC269131.ogg.npy,commyn
eurcoo_XC573675.ogg.npy,eurcoo
bcnher_XC667383.ogg.npy,bcnher
inpher1_XC31539.ogg.npy,inpher1
blhori1_XC365195.ogg.npy,blhori1
brwjac1_XC676587.ogg.npy,brwjac1
graher1_XC778288.ogg.npy,graher1
compea_XC507742.ogg.npy,compea
commoo3_XC723171.ogg.npy,commoo3
cohcuc1_XC696709.ogg.npy,cohcuc1
comsan_XC384170.ogg.npy,comsan
barswa_XC664989.ogg.npy,barswa
bkskit1_XC351403.ogg.npy,bkskit1
wemhar1_XC146882.ogg.npy,wemhar1
commyn_XC591907.ogg.npy,commyn
comsan_XC747414.ogg.npy,comsan
eucdov_XC666258.ogg.npy,eucdov
comros_XC320446.ogg.npy,comros
comsan_XC818796.ogg.npy,comsan
wemhar1_XC689718.ogg.npy,wemhar1
comros_XC199231.ogg.npy,comros
woosan_XC133449.ogg.npy,woosan
barswa_XC330211.ogg.npy,barswa
barswa_XC556784.ogg.npy,barswa
blakit1_XC765081.ogg.npy,blakit1
inpher1_XC289073.ogg.npy,inpher1
ruftre2_XC331399.ogg.npy,ruftre2
graher1_XC709480.ogg.npy,graher1
asikoe2_XC375709.ogg.npy,asikoe2
compea_XC321544.ogg.npy,compea
rewlap1_XC215867.ogg.npy,rewlap1
blhori1_XC264270.ogg.npy,blhori1
litegr_XC839461.ogg.npy,litegr
whcbar1_XC644204.ogg.npy,whcbar1
pabflo1_XC582559.ogg.npy,pabflo1
litgre1_XC604328.ogg.npy,litgre1
litegr_XC313610.ogg.npy,litegr
whtkin2_XC381375.ogg.npy,whtkin2
commoo3_XC557598.ogg.npy,commoo3
nutman_XC441712.ogg.npy,nutman
grywag_XC376508.ogg.npy,grywag
brfowl1_XC824089.ogg.npy,brfowl1
whiter2_XC660324.ogg.npy,whiter2
piekin1_XC476480.ogg.npy,piekin1
commoo3_XC483557.ogg.npy,commoo3
rorpar_XC464044.ogg.npy,rorpar
indrob1_XC590322.ogg.npy,indrob1
brnshr_XC526805.ogg.npy,brnshr
eucdov_XC381881.ogg.npy,eucdov
houcro1_XC294461.ogg.npy,houcro1
asikoe2_XC531612.ogg.npy,asikoe2
categr_XC398976.ogg.npy,categr
comros_XC807051.ogg.npy,comros
grywag_XC345890.ogg.npy,grywag
barswa_XC361808.ogg.npy,barswa
eurcoo_XC625257.ogg.npy,eurcoo
eurcoo_XC622112.ogg.npy,eurcoo
grewar3_XC349053.ogg.npy,grewar3
emedov2_XC777846.ogg.npy,emedov2
zitcis1_XC633689.ogg.npy,zitcis1
