spectrogram,label,label_idx
litegr_XC596872.ogg.npy,litegr,106
spodov_XC565937.ogg.npy,spodov,155
comsan_XC823388.ogg.npy,comsan,44
eaywag1_XC765235.ogg.npy,eaywag1,53
greegr_XC694714.ogg.npy,greegr,65
comgre_XC785527.ogg.npy,comgre,37
bkwsti_XC737336.ogg.npy,bkwsti,14
hoopoe_XC798811.ogg.npy,hoopoe,80
grywag_XC823982.ogg.npy,grywag,76
rewlap1_XC135155.ogg.npy,rewlap1,141
asikoe2_XC349239.ogg.npy,asikoe2,4
grnwar1_XC405274.ogg.npy,grnwar1,72
brcful1_XC729664.ogg.npy,brcful1,24
lirplo_XC670439.ogg.npy,lirplo,105
laudov1_XC195520.ogg.npy,laudov1,101
barswa_XC256543.ogg.npy,barswa,9
zitcis1_XC354451.ogg.npy,zitcis1,181
bcnher_XC683492.ogg.npy,bcnher,10
grbeat1_XC700157.ogg.npy,grbeat1,63
eurcoo_XC613334.ogg.npy,eurcoo,57
litegr_XC636767.ogg.npy,litegr,106
grnwar1_XC740621.ogg.npy,grnwar1,72
barswa_XC730688.ogg.npy,barswa,9
ingori1_XC183795.ogg.npy,ingori1,88
gargan_XC452828.ogg.npy,gargan,59
zitcis1_XC711695.ogg.npy,zitcis1,181
whiter2_XC180968.ogg.npy,whiter2,174
litgre1_XC790566.ogg.npy,litgre1,107
grywag_XC458290.ogg.npy,grywag,76
rewlap1_XC683868.ogg.npy,rewlap1,141
brwowl1_XC824375.ogg.npy,brwowl1,30
wemhar1_XC430602.ogg.npy,wemhar1,166
houspa_XC124181.ogg.npy,houspa,82
brodro1_XC284392.ogg.npy,brodro1,28
rorpar_XC209561.ogg.npy,rorpar,143
labcro1_XC692670.ogg.npy,labcro1,100
litswi1_XC443716.ogg.npy,litswi1,109
rorpar_XC602203.ogg.npy,rorpar,143
yebbul3_XC387132.ogg.npy,yebbul3,180
wemhar1_XC614693.ogg.npy,wemhar1,166
comgre_XC854750.ogg.npy,comgre,37
comtai1_XC606920.ogg.npy,comtai1,45
bkskit1_XC352653.ogg.npy,bkskit1,13
categr_XC756290.ogg.npy,categr,33
houcro1_XC146932.ogg.npy,houcro1,81
lirplo_XC382197.ogg.npy,lirplo,105
plapri1_XC592636.ogg.npy,plapri1,129
gryfra_XC73268.ogg.npy,gryfra,74
rerswa1_XC437891.ogg.npy,rerswa1,138
labcro1_XC508021.ogg.npy,labcro1,100
woosan_XC380293.ogg.npy,woosan,177
grnsan_XC266346.ogg.npy,grnsan,71
categr_XC322747.ogg.npy,categr,33
comgre_XC796155.ogg.npy,comgre,37
zitcis1_XC743002.ogg.npy,zitcis1,181
comgre_XC670134.ogg.npy,comgre,37
rorpar_XC581310.ogg.npy,rorpar,143
blrwar1_XC656255.ogg.npy,blrwar1,20
graher1_XC553780.ogg.npy,graher1,62
junbab2_XC390355.ogg.npy,junbab2,95
houspa_XC631407.ogg.npy,houspa,82
eucdov_XC490220.ogg.npy,eucdov,55
plapri1_XC834658.ogg.npy,plapri1,129
bkskit1_XC361610.ogg.npy,bkskit1,13
grecou1_XC830420.ogg.npy,grecou1,64
bkwsti_XC740830.ogg.npy,bkwsti,14
eucdov_XC743744.ogg.npy,eucdov,55
blrwar1_XC247643.ogg.npy,blrwar1,20
grywag_XC511573.ogg.npy,grywag,76
insowl1_XC19739.ogg.npy,insowl1,91
bladro1_XC598150.ogg.npy,bladro1,15
rossta2_XC685678.ogg.npy,rossta2,144
shikra1_XC748885.ogg.npy,shikra1,151
lirplo_XC791785.ogg.npy,lirplo,105
grnsan_XC840053.ogg.npy,grnsan,71
sbeowl1_XC607716.ogg.npy,sbeowl1,149
graher1_XC185024.ogg.npy,graher1,62
junowl1_XC214016.ogg.npy,junowl1,97
gargan_XC466025.ogg.npy,gargan,59
grtdro1_XC603538.ogg.npy,grtdro1,73
whbbul2_XC209566.ogg.npy,whbbul2,167
comsan_XC554707.ogg.npy,comsan,44
yebbul3_XC343912.ogg.npy,yebbul3,180
comros_XC211623.ogg.npy,comros,43
barswa_XC267430.ogg.npy,barswa,9
whrmun_XC770525.ogg.npy,whrmun,175
inbrob1_XC744706.ogg.npy,inbrob1,83
grnsan_XC301654.ogg.npy,grnsan,71
grnsan_XC804863.ogg.npy,grnsan,71
litegr_XC790717.ogg.npy,litegr,106
wynlau1_XC411406.ogg.npy,wynlau1,178
rerswa1_XC390256.ogg.npy,rerswa1,138
greegr_XC256098.ogg.npy,greegr,65
asikoe2_XC353944.ogg.npy,asikoe2,4
grnwar1_XC724024.ogg.npy,grnwar1,72
rorpar_XC518996.ogg.npy,rorpar,143
lirplo_XC482665.ogg.npy,lirplo,105
comros_XC206257.ogg.npy,comros,43
comros_XC200456.ogg.npy,comros,43
bkskit1_XC433764.ogg.npy,bkskit1,13
bkwsti_XC658287.ogg.npy,bkwsti,14
comkin1_XC591054.ogg.npy,comkin1,39
commoo3_XC539626.ogg.npy,commoo3,40
asikoe2_XC672602.ogg.npy,asikoe2,4
comgre_XC436348.ogg.npy,comgre,37
eurcoo_XC803660.ogg.npy,eurcoo,57
plapri1_XC834655.ogg.npy,plapri1,129
graher1_XC518945.ogg.npy,graher1,62
kenplo1_XC494532.ogg.npy,kenplo1,98
comsan_XC797067.ogg.npy,comsan,44
woosan_XC643769.ogg.npy,woosan,177
whiter2_XC840858.ogg.npy,whiter2,174
brwowl1_XC637207.ogg.npy,brwowl1,30
rewlap1_XC652830.ogg.npy,rewlap1,141
zitcis1_XC625321.ogg.npy,zitcis1,181
litegr_XC333947.ogg.npy,litegr,106
litgre1_XC552155.ogg.npy,litgre1,107
crseag1_XC797749.ogg.npy,crseag1,50
rocpig_XC645568.ogg.npy,rocpig,142
graher1_XC171558.ogg.npy,graher1,62
ashpri1_XC524458.ogg.npy,ashpri1,2
grewar3_XC761666.ogg.npy,grewar3,70
plapri1_XC834661.ogg.npy,plapri1,129
blakit1_XC764988.ogg.npy,blakit1,17
bcnher_XC633127.ogg.npy,bcnher,10
graher1_XC643229.ogg.npy,graher1,62
bkskit1_XC513401.ogg.npy,bkskit1,13
whrmun_XC711560.ogg.npy,whrmun,175
blakit1_XC507829.ogg.npy,blakit1,17
houspa_XC449172.ogg.npy,houspa,82
brodro1_XC267075.ogg.npy,brodro1,28
kenplo1_XC318414.ogg.npy,kenplo1,98
lirplo_XC653441.ogg.npy,lirplo,105
categr_XC800985.ogg.npy,categr,33
comkin1_XC217368.ogg.npy,comkin1,39
litegr_XC341750.ogg.npy,litegr,106
ashpri1_XC197604.ogg.npy,ashpri1,2
litegr_XC441059.ogg.npy,litegr,106
rorpar_XC246305.ogg.npy,rorpar,143
gargan_XC364561.ogg.npy,gargan,59
blnmon1_XC192434.ogg.npy,blnmon1,19
zitcis1_XC277478.ogg.npy,zitcis1,181
graher1_XC578263.ogg.npy,graher1,62
litegr_XC671370.ogg.npy,litegr,106
grtdro1_XC150638.ogg.npy,grtdro1,73
revbul_XC756560.ogg.npy,revbul,139
litgre1_XC567963.ogg.npy,litgre1,107
plapri1_XC398581.ogg.npy,plapri1,129
grnwar1_XC193362.ogg.npy,grnwar1,72
greegr_XC452101.ogg.npy,greegr,65
grewar3_XC140041.ogg.npy,grewar3,70
zitcis1_XC237241.ogg.npy,zitcis1,181
gyhcaf1_XC720385.ogg.npy,gyhcaf1,78
houspa_XC703378.ogg.npy,houspa,82
grtdro1_XC151470.ogg.npy,grtdro1,73
whcbar1_XC295483.ogg.npy,whcbar1,173
ingori1_XC733450.ogg.npy,ingori1,88
grewar3_XC565715.ogg.npy,grewar3,70
emedov2_XC328135.ogg.npy,emedov2,54
eurcoo_XC483692.ogg.npy,eurcoo,57
bcnher_XC818218.ogg.npy,bcnher,10
whiter2_XC845739.ogg.npy,whiter2,174
hoopoe_XC467861.ogg.npy,hoopoe,80
bkrfla1_XC283189.ogg.npy,bkrfla1,12
eurcoo_XC509427.ogg.npy,eurcoo,57
bcnher_XC631074.ogg.npy,bcnher,10
brcful1_XC113463.ogg.npy,brcful1,24
eucdov_XC760696.ogg.npy,eucdov,55
zitcis1_XC839548.ogg.npy,zitcis1,181
cregos1_XC804344.ogg.npy,cregos1,48
lirplo_XC541892.ogg.npy,lirplo,105
kenplo1_XC638362.ogg.npy,kenplo1,98
woosan_XC486250.ogg.npy,woosan,177
barswa_XC541443.ogg.npy,barswa,9
copbar1_XC321157.ogg.npy,copbar1,46
grecou1_XC577639.ogg.npy,grecou1,64
comior1_XC243350.ogg.npy,comior1,38
hoopoe_XC727065.ogg.npy,hoopoe,80
comgre_XC666102.ogg.npy,comgre,37
bcnher_XC714165.ogg.npy,bcnher,10
grtdro1_XC352069.ogg.npy,grtdro1,73
marsan_XC746419.ogg.npy,marsan,115
hoopoe_XC478795.ogg.npy,hoopoe,80
categr_XC520659.ogg.npy,categr,33
grenig1_XC239221.ogg.npy,grenig1,69
lirplo_XC553532.ogg.npy,lirplo,105
lirplo_XC309205.ogg.npy,lirplo,105
brfowl1_XC304563.ogg.npy,brfowl1,25
bcnher_XC696384.ogg.npy,bcnher,10
woosan_XC146902.ogg.npy,woosan,177
spodov_XC510575.ogg.npy,spodov,155
greegr_XC747042.ogg.npy,greegr,65
lblwar1_XC197743.ogg.npy,lblwar1,102
lirplo_XC505742.ogg.npy,lirplo,105
lirplo_XC643887.ogg.npy,lirplo,105
revbul_XC573347.ogg.npy,revbul,139
piebus1_XC856054.ogg.npy,piebus1,125
grewar3_XC765125.ogg.npy,grewar3,70
commyn_XC208164.ogg.npy,commyn,41
grewar3_XC162674.ogg.npy,grewar3,70
whbbul2_XC320268.ogg.npy,whbbul2,167
rorpar_XC209728.ogg.npy,rorpar,143
gloibi_XC417658.ogg.npy,gloibi,60
blakit1_XC298213.ogg.npy,blakit1,17
litegr_XC569463.ogg.npy,litegr,106
brodro1_XC304218.ogg.npy,brodro1,28
barswa_XC185774.ogg.npy,barswa,9
rorpar_XC464045.ogg.npy,rorpar,143
lewduc1_XC578472.ogg.npy,lewduc1,104
comsan_XC469617.ogg.npy,comsan,44
litgre1_XC490616.ogg.npy,litgre1,107
greegr_XC649137.ogg.npy,greegr,65
litegr_XC333895.ogg.npy,litegr,106
blrwar1_XC660430.ogg.npy,blrwar1,20
houspa_XC313240.ogg.npy,houspa,82
houspa_XC243554.ogg.npy,houspa,82
litegr_XC821296.ogg.npy,litegr,106
pursun4_XC116822.ogg.npy,pursun4,134
indrob1_XC534370.ogg.npy,indrob1,85
litspi1_XC404221.ogg.npy,litspi1,108
isbduc1_XC452274.ogg.npy,isbduc1,93
junbab2_XC507727.ogg.npy,junbab2,95
barswa_XC545986.ogg.npy,barswa,9
eucdov_XC303261.ogg.npy,eucdov,55
grejun2_XC398932.ogg.npy,grejun2,68
bkskit1_XC198488.ogg.npy,bkskit1,13
lirplo_XC571969.ogg.npy,lirplo,105
lobsun2_XC392064.ogg.npy,lobsun2,110
grecou1_XC133772.ogg.npy,grecou1,64
rocpig_XC606457.ogg.npy,rocpig,142
houspa_XC324458.ogg.npy,houspa,82
barswa_XC630247.ogg.npy,barswa,9
barswa_XC741699.ogg.npy,barswa,9
spodov_XC714151.ogg.npy,spodov,155
plapri1_XC607213.ogg.npy,plapri1,129
comros_XC372429.ogg.npy,comros,43
comkin1_XC465776.ogg.npy,comkin1,39
grewar3_XC560117.ogg.npy,grewar3,70
cregos1_XC649142.ogg.npy,cregos1,48
marsan_XC733177.ogg.npy,marsan,115
grtdro1_XC684720.ogg.npy,grtdro1,73
comkin1_XC611884.ogg.npy,comkin1,39
litegr_XC555268.ogg.npy,litegr,106
brwowl1_XC114848.ogg.npy,brwowl1,30
woosan_XC587076.ogg.npy,woosan,177
barswa_XC330211.ogg.npy,barswa,9
grewar3_XC580309.ogg.npy,grewar3,70
blakit1_XC799862.ogg.npy,blakit1,17
copbar1_XC197611.ogg.npy,copbar1,46
grecou1_XC813892.ogg.npy,grecou1,64
comros_XC546991.ogg.npy,comros,43
graher1_XC692946.ogg.npy,graher1,62
grywag_XC456051.ogg.npy,grywag,76
commyn_XC332018.ogg.npy,commyn,41
commyn_XC358067.ogg.npy,commyn,41
labcro1_XC731222.ogg.npy,labcro1,100
eucdov_XC490913.ogg.npy,eucdov,55
litgre1_XC825767.ogg.npy,litgre1,107
tibfly3_XC19882.ogg.npy,tibfly3,161
woosan_XC424655.ogg.npy,woosan,177
bkwsti_XC827771.ogg.npy,bkwsti,14
comsan_XC489016.ogg.npy,comsan,44
blakit1_XC645364.ogg.npy,blakit1,17
comkin1_XC782309.ogg.npy,comkin1,39
comtai1_XC245905.ogg.npy,comtai1,45
hoopoe_XC308876.ogg.npy,hoopoe,80
bwfshr1_XC19572.ogg.npy,bwfshr1,32
litspi1_XC807854.ogg.npy,litspi1,108
grtdro1_XC204128.ogg.npy,grtdro1,73
blnmon1_XC446407.ogg.npy,blnmon1,19
grtdro1_XC578797.ogg.npy,grtdro1,73
rocpig_XC550346.ogg.npy,rocpig,142
plapri1_XC616391.ogg.npy,plapri1,129
oripip1_XC644727.ogg.npy,oripip1,122
graher1_XC261370.ogg.npy,graher1,62
blrwar1_XC810149.ogg.npy,blrwar1,20
lirplo_XC645399.ogg.npy,lirplo,105
rerswa1_XC749418.ogg.npy,rerswa1,138
blrwar1_XC808108.ogg.npy,blrwar1,20
putbab1_XC256286.ogg.npy,putbab1,136
hoopoe_XC271739.ogg.npy,hoopoe,80
wemhar1_XC175684.ogg.npy,wemhar1,166
stbkin1_XC659332.ogg.npy,stbkin1,158
brnshr_XC397771.ogg.npy,brnshr,27
rewbul_XC571201.ogg.npy,rewbul,140
rorpar_XC451915.ogg.npy,rorpar,143
labcro1_XC652474.ogg.npy,labcro1,100
gryfra_XC37512.ogg.npy,gryfra,74
indtit1_XC497093.ogg.npy,indtit1,87
comros_XC519990.ogg.npy,comros,43
hoopoe_XC789694.ogg.npy,hoopoe,80
whbwat1_XC198538.ogg.npy,whbwat1,171
houcro1_XC150647.ogg.npy,houcro1,81
crbsun2_XC401644.ogg.npy,crbsun2,47
comtai1_XC713871.ogg.npy,comtai1,45
eurbla2_XC572926.ogg.npy,eurbla2,56
revbul_XC741596.ogg.npy,revbul,139
hoopoe_XC631991.ogg.npy,hoopoe,80
barswa_XC747232.ogg.npy,barswa,9
blhori1_XC743615.ogg.npy,blhori1,18
greegr_XC615285.ogg.npy,greegr,65
sbeowl1_XC172340.ogg.npy,sbeowl1,149
spodov_XC786220.ogg.npy,spodov,155
houspa_XC470472.ogg.npy,houspa,82
comros_XC330345.ogg.npy,comros,43
litgre1_XC463907.ogg.npy,litgre1,107
eucdov_XC672365.ogg.npy,eucdov,55
eurcoo_XC553789.ogg.npy,eurcoo,57
putbab1_XC465694.ogg.npy,putbab1,136
grnsan_XC719630.ogg.npy,grnsan,71
bkwsti_XC381753.ogg.npy,bkwsti,14
whiter2_XC738068.ogg.npy,whiter2,174
litgre1_XC697665.ogg.npy,litgre1,107
litgre1_XC180116.ogg.npy,litgre1,107
comkin1_XC511673.ogg.npy,comkin1,39
eurcoo_XC628514.ogg.npy,eurcoo,57
eucdov_XC460920.ogg.npy,eucdov,55
eurcoo_XC776591.ogg.npy,eurcoo,57
rorpar_XC370978.ogg.npy,rorpar,143
revbul_XC207653.ogg.npy,revbul,139
eurcoo_XC325111.ogg.npy,eurcoo,57
asikoe2_XC786438.ogg.npy,asikoe2,4
bkwsti_XC260279.ogg.npy,bkwsti,14
comior1_XC461221.ogg.npy,comior1,38
hoopoe_XC842273.ogg.npy,hoopoe,80
piekin1_XC515828.ogg.npy,piekin1,126
grywag_XC855698.ogg.npy,grywag,76
gargan_XC542669.ogg.npy,gargan,59
ashpri1_XC569653.ogg.npy,ashpri1,2
rorpar_XC692061.ogg.npy,rorpar,143
zitcis1_XC289346.ogg.npy,zitcis1,181
tibfly3_XC157467.ogg.npy,tibfly3,161
sttwoo1_XC793609.ogg.npy,sttwoo1,159
bkskit1_XC352579.ogg.npy,bkskit1,13
comior1_XC447224.ogg.npy,comior1,38
commyn_XC704442.ogg.npy,commyn,41
brwjac1_XC474621.ogg.npy,brwjac1,29
woosan_XC829104.ogg.npy,woosan,177
bkwsti_XC734221.ogg.npy,bkwsti,14
bkwsti_XC572896.ogg.npy,bkwsti,14
grewar3_XC809753.ogg.npy,grewar3,70
putbab1_XC486794.ogg.npy,putbab1,136
comior1_XC313636.ogg.npy,comior1,38
bkcbul1_XC129030.ogg.npy,bkcbul1,11
purher1_XC729813.ogg.npy,purher1,132
barswa_XC737674.ogg.npy,barswa,9
rorpar_XC208775.ogg.npy,rorpar,143
gyhcaf1_XC204130.ogg.npy,gyhcaf1,78
ashdro1_XC771306.ogg.npy,ashdro1,1
graher1_XC798168.ogg.npy,graher1,62
rorpar_XC199472.ogg.npy,rorpar,143
rewbul_XC811678.ogg.npy,rewbul,140
whbwoo2_XC683644.ogg.npy,whbwoo2,172
forwag1_XC684518.ogg.npy,forwag1,58
eucdov_XC722058.ogg.npy,eucdov,55
wynlau1_XC775948.ogg.npy,wynlau1,178
litspi1_XC560839.ogg.npy,litspi1,108
cohcuc1_XC316917.ogg.npy,cohcuc1,35
litgre1_XC833133.ogg.npy,litgre1,107
indtit1_XC209050.ogg.npy,indtit1,87
lirplo_XC374919.ogg.npy,lirplo,105
rorpar_XC209349.ogg.npy,rorpar,143
woosan_XC649226.ogg.npy,woosan,177
blakit1_XC740069.ogg.npy,blakit1,17
houcro1_XC355973.ogg.npy,houcro1,81
commyn_XC208162.ogg.npy,commyn,41
cohcuc1_XC253418.ogg.npy,cohcuc1,35
rerswa1_XC178393.ogg.npy,rerswa1,138
litegr_XC799679.ogg.npy,litegr,106
bcnher_XC828997.ogg.npy,bcnher,10
comior1_XC38821.ogg.npy,comior1,38
brodro1_XC240624.ogg.npy,brodro1,28
categr_XC148199.ogg.npy,categr,33
whiter2_XC803062.ogg.npy,whiter2,174
barswa_XC468712.ogg.npy,barswa,9
grnsan_XC658288.ogg.npy,grnsan,71
wemhar1_XC581045.ogg.npy,wemhar1,166
labcro1_XC805740.ogg.npy,labcro1,100
graher1_XC467834.ogg.npy,graher1,62
sbeowl1_XC391346.ogg.npy,sbeowl1,149
lirplo_XC545374.ogg.npy,lirplo,105
yebbab1_XC680927.ogg.npy,yebbab1,179
grnwar1_XC598919.ogg.npy,grnwar1,72
bkwsti_XC503215.ogg.npy,bkwsti,14
grywag_XC662526.ogg.npy,grywag,76
woosan_XC265186.ogg.npy,woosan,177
eurcoo_XC658397.ogg.npy,eurcoo,57
comsan_XC671723.ogg.npy,comsan,44
asikoe2_XC283132.ogg.npy,asikoe2,4
bkskit1_XC583278.ogg.npy,bkskit1,13
eaywag1_XC687219.ogg.npy,eaywag1,53
bkwsti_XC718460.ogg.npy,bkwsti,14
comkin1_XC293400.ogg.npy,comkin1,39
bcnher_XC551675.ogg.npy,bcnher,10
asikoe2_XC175830.ogg.npy,asikoe2,4
woosan_XC544863.ogg.npy,woosan,177
eaywag1_XC355983.ogg.npy,eaywag1,53
ruftre2_XC359160.ogg.npy,ruftre2,146
whiter2_XC670573.ogg.npy,whiter2,174
brnshr_XC815433.ogg.npy,brnshr,27
commoo3_XC549063.ogg.npy,commoo3,40
comkin1_XC710516.ogg.npy,comkin1,39
lirplo_XC741103.ogg.npy,lirplo,105
labcro1_XC802905.ogg.npy,labcro1,100
rewlap1_XC446880.ogg.npy,rewlap1,141
plapri1_XC828938.ogg.npy,plapri1,129
litswi1_XC28675.ogg.npy,litswi1,109
gybpri1_XC406647.ogg.npy,gybpri1,77
asikoe2_XC734769.ogg.npy,asikoe2,4
bcnher_XC357707.ogg.npy,bcnher,10
hoopoe_XC768913.ogg.npy,hoopoe,80
greegr_XC447826.ogg.npy,greegr,65
plapri1_XC711519.ogg.npy,plapri1,129
crseag1_XC365118.ogg.npy,crseag1,50
eucdov_XC267940.ogg.npy,eucdov,55
gyhcaf1_XC264972.ogg.npy,gyhcaf1,78
tilwar1_XC803259.ogg.npy,tilwar1,162
comros_XC476450.ogg.npy,comros,43
blnmon1_XC319056.ogg.npy,blnmon1,19
whbwoo2_XC123016.ogg.npy,whbwoo2,172
comgre_XC842890.ogg.npy,comgre,37
greegr_XC277163.ogg.npy,greegr,65
lirplo_XC549310.ogg.npy,lirplo,105
blhori1_XC346329.ogg.npy,blhori1,18
tibfly3_XC207747.ogg.npy,tibfly3,161
rorpar_XC359425.ogg.npy,rorpar,143
rufwoo2_XC498031.ogg.npy,rufwoo2,147
crseag1_XC206435.ogg.npy,crseag1,50
graher1_XC414456.ogg.npy,graher1,62
graher1_XC124689.ogg.npy,graher1,62
barswa_XC560073.ogg.npy,barswa,9
lirplo_XC785158.ogg.npy,lirplo,105
putbab1_XC665059.ogg.npy,putbab1,136
whrmun_XC853726.ogg.npy,whrmun,175
comgre_XC507428.ogg.npy,comgre,37
asbfly_XC677470.ogg.npy,asbfly,0
smamin1_XC435733.ogg.npy,smamin1,152
bcnher_XC780488.ogg.npy,bcnher,10
nutman_XC386736.ogg.npy,nutman,120
zitcis1_XC632795.ogg.npy,zitcis1,181
brwjac1_XC247318.ogg.npy,brwjac1,29
grnsan_XC701432.ogg.npy,grnsan,71
whiter2_XC554073.ogg.npy,whiter2,174
blakit1_XC467075.ogg.npy,blakit1,17
putbab1_XC828285.ogg.npy,putbab1,136
commyn_XC110879.ogg.npy,commyn,41
gloibi_XC793080.ogg.npy,gloibi,60
brwowl1_XC359128.ogg.npy,brwowl1,30
lirplo_XC631948.ogg.npy,lirplo,105
comros_XC183534.ogg.npy,comros,43
rocpig_XC492938.ogg.npy,rocpig,142
grewar3_XC266051.ogg.npy,grewar3,70
whiter2_XC288508.ogg.npy,whiter2,174
grbeat1_XC437483.ogg.npy,grbeat1,63
houcro1_XC344137.ogg.npy,houcro1,81
rerswa1_XC777595.ogg.npy,rerswa1,138
goflea1_XC608663.ogg.npy,goflea1,61
comros_XC807960.ogg.npy,comros,43
grtdro1_XC721649.ogg.npy,grtdro1,73
wemhar1_XC263710.ogg.npy,wemhar1,166
eurcoo_XC833392.ogg.npy,eurcoo,57
grewar3_XC758031.ogg.npy,grewar3,70
commoo3_XC381180.ogg.npy,commoo3,40
rocpig_XC74354.ogg.npy,rocpig,142
rorpar_XC163097.ogg.npy,rorpar,143
asikoe2_XC665233.ogg.npy,asikoe2,4
plapri1_XC407497.ogg.npy,plapri1,129
wemhar1_XC262853.ogg.npy,wemhar1,166
hoopoe_XC138222.ogg.npy,hoopoe,80
grnsan_XC666749.ogg.npy,grnsan,71
grtdro1_XC197118.ogg.npy,grtdro1,73
wemhar1_XC134843.ogg.npy,wemhar1,166
labcro1_XC575529.ogg.npy,labcro1,100
graher1_XC593201.ogg.npy,graher1,62
rewbul_XC307714.ogg.npy,rewbul,140
grywag_XC267571.ogg.npy,grywag,76
thbwar1_XC485182.ogg.npy,thbwar1,160
blhori1_XC403967.ogg.npy,blhori1,18
gyhcaf1_XC303897.ogg.npy,gyhcaf1,78
bcnher_XC344142.ogg.npy,bcnher,10
commoo3_XC624315.ogg.npy,commoo3,40
bkwsti_XC365152.ogg.npy,bkwsti,14
litegr_XC807312.ogg.npy,litegr,106
shikra1_XC454372.ogg.npy,shikra1,151
eaywag1_XC663175.ogg.npy,eaywag1,53
bcnher_XC678482.ogg.npy,bcnher,10
yebbab1_XC536074.ogg.npy,yebbab1,179
asikoe2_XC531791.ogg.npy,asikoe2,4
sohmyn1_XC786592.ogg.npy,sohmyn1,153
comtai1_XC304462.ogg.npy,comtai1,45
grbeat1_XC589194.ogg.npy,grbeat1,63
brakit1_XC209216.ogg.npy,brakit1,22
hoopoe_XC702279.ogg.npy,hoopoe,80
grywag_XC445267.ogg.npy,grywag,76
lirplo_XC562310.ogg.npy,lirplo,105
comkin1_XC785257.ogg.npy,comkin1,39
whtkin2_XC213367.ogg.npy,whtkin2,176
malwoo1_XC282589.ogg.npy,malwoo1,114
eucdov_XC727205.ogg.npy,eucdov,55
bkwsti_XC649286.ogg.npy,bkwsti,14
labcro1_XC347906.ogg.npy,labcro1,100
whbwoo2_XC808247.ogg.npy,whbwoo2,172
forwag1_XC255324.ogg.npy,forwag1,58
eaywag1_XC772237.ogg.npy,eaywag1,53
eucdov_XC530697.ogg.npy,eucdov,55
grtdro1_XC665379.ogg.npy,grtdro1,73
nutman_XC746719.ogg.npy,nutman,120
lirplo_XC551259.ogg.npy,lirplo,105
grewar3_XC181832.ogg.npy,grewar3,70
thbwar1_XC761422.ogg.npy,thbwar1,160
bcnher_XC548600.ogg.npy,bcnher,10
purher1_XC595003.ogg.npy,purher1,132
junbab2_XC507752.ogg.npy,junbab2,95
bcnher_XC361996.ogg.npy,bcnher,10
crseag1_XC770274.ogg.npy,crseag1,50
brakit1_XC353968.ogg.npy,brakit1,22
blnmon1_XC295001.ogg.npy,blnmon1,19
commoo3_XC557598.ogg.npy,commoo3,40
grewar3_XC183688.ogg.npy,grewar3,70
commoo3_XC837502.ogg.npy,commoo3,40
comior1_XC207869.ogg.npy,comior1,38
lirplo_XC552417.ogg.npy,lirplo,105
stbkin1_XC240372.ogg.npy,stbkin1,158
grefla1_XC295723.ogg.npy,grefla1,66
barswa_XC674733.ogg.npy,barswa,9
grecou1_XC845377.ogg.npy,grecou1,64
rocpig_XC843660.ogg.npy,rocpig,142
woosan_XC583077.ogg.npy,woosan,177
houspa_XC741808.ogg.npy,houspa,82
comtai1_XC785734.ogg.npy,comtai1,45
shikra1_XC681358.ogg.npy,shikra1,151
comtai1_XC643392.ogg.npy,comtai1,45
stbkin1_XC295782.ogg.npy,stbkin1,158
lirplo_XC809517.ogg.npy,lirplo,105
houspa_XC454068.ogg.npy,houspa,82
junbab2_XC352144.ogg.npy,junbab2,95
commoo3_XC776233.ogg.npy,commoo3,40
woosan_XC835157.ogg.npy,woosan,177
commyn_XC207633.ogg.npy,commyn,41
comgre_XC552662.ogg.npy,comgre,37
bladro1_XC814826.ogg.npy,bladro1,15
gloibi_XC800055.ogg.npy,gloibi,60
bcnher_XC826612.ogg.npy,bcnher,10
blakit1_XC485011.ogg.npy,blakit1,17
grywag_XC722596.ogg.npy,grywag,76
laudov1_XC388737.ogg.npy,laudov1,101
eucdov_XC423118.ogg.npy,eucdov,55
rufbab3_XC362123.ogg.npy,rufbab3,145
asikoe2_XC194905.ogg.npy,asikoe2,4
kenplo1_XC765286.ogg.npy,kenplo1,98
woosan_XC549757.ogg.npy,woosan,177
eurcoo_XC363900.ogg.npy,eurcoo,57
grewar3_XC568561.ogg.npy,grewar3,70
nutman_XC305700.ogg.npy,nutman,120
rewbul_XC214229.ogg.npy,rewbul,140
litswi1_XC443718.ogg.npy,litswi1,109
bkskit1_XC583760.ogg.npy,bkskit1,13
bcnher_XC123687.ogg.npy,bcnher,10
eaywag1_XC712471.ogg.npy,eaywag1,53
wemhar1_XC175683.ogg.npy,wemhar1,166
junbab2_XC254999.ogg.npy,junbab2,95
grywag_XC690448.ogg.npy,grywag,76
whiter2_XC697724.ogg.npy,whiter2,174
comgre_XC686493.ogg.npy,comgre,37
eaywag1_XC317369.ogg.npy,eaywag1,53
whbwat1_XC439487.ogg.npy,whbwat1,171
eurcoo_XC25894.ogg.npy,eurcoo,57
comsan_XC424348.ogg.npy,comsan,44
woosan_XC666750.ogg.npy,woosan,177
purher1_XC135431.ogg.npy,purher1,132
greegr_XC84914.ogg.npy,greegr,65
whbbul2_XC283657.ogg.npy,whbbul2,167
eaywag1_XC527600.ogg.npy,eaywag1,53
eucdov_XC821006.ogg.npy,eucdov,55
commoo3_XC570321.ogg.npy,commoo3,40
houcro1_XC208875.ogg.npy,houcro1,81
piekin1_XC517412.ogg.npy,piekin1,126
grecou1_XC163843.ogg.npy,grecou1,64
comros_XC324515.ogg.npy,comros,43
asikoe2_XC304299.ogg.npy,asikoe2,4
rocpig_XC380349.ogg.npy,rocpig,142
comsan_XC347433.ogg.npy,comsan,44
houspa_XC820495.ogg.npy,houspa,82
grtdro1_XC151394.ogg.npy,grtdro1,73
blrwar1_XC735277.ogg.npy,blrwar1,20
blrwar1_XC506483.ogg.npy,blrwar1,20
asbfly_XC839572.ogg.npy,asbfly,0
hoopoe_XC716753.ogg.npy,hoopoe,80
labcro1_XC303761.ogg.npy,labcro1,100
commoo3_XC543811.ogg.npy,commoo3,40
litgre1_XC800801.ogg.npy,litgre1,107
grtdro1_XC490548.ogg.npy,grtdro1,73
piekin1_XC453350.ogg.npy,piekin1,126
wemhar1_XC786408.ogg.npy,wemhar1,166
hoopoe_XC856086.ogg.npy,hoopoe,80
comtai1_XC239754.ogg.npy,comtai1,45
gybpri1_XC41378.ogg.npy,gybpri1,77
litegr_XC370848.ogg.npy,litegr,106
rorpar_XC490194.ogg.npy,rorpar,143
grywag_XC456027.ogg.npy,grywag,76
comros_XC807652.ogg.npy,comros,43
kenplo1_XC494527.ogg.npy,kenplo1,98
zitcis1_XC148897.ogg.npy,zitcis1,181
junowl1_XC785571.ogg.npy,junowl1,97
lirplo_XC797130.ogg.npy,lirplo,105
lirplo_XC420653.ogg.npy,lirplo,105
rocpig_XC348225.ogg.npy,rocpig,142
placuc3_XC490344.ogg.npy,placuc3,127
rufwoo2_XC779757.ogg.npy,rufwoo2,147
labcro1_XC204651.ogg.npy,labcro1,100
rorpar_XC604482.ogg.npy,rorpar,143
bcnher_XC670491.ogg.npy,bcnher,10
woosan_XC672720.ogg.npy,woosan,177
eucdov_XC475096.ogg.npy,eucdov,55
labcro1_XC788710.ogg.npy,labcro1,100
houspa_XC155922.ogg.npy,houspa,82
whbwoo2_XC296640.ogg.npy,whbwoo2,172
indrob1_XC73391.ogg.npy,indrob1,85
insowl1_XC264268.ogg.npy,insowl1,91
bkskit1_XC350190.ogg.npy,bkskit1,13
eurcoo_XC624824.ogg.npy,eurcoo,57
wemhar1_XC769191.ogg.npy,wemhar1,166
purswa3_XC458036.ogg.npy,purswa3,135
crseag1_XC324711.ogg.npy,crseag1,50
comkin1_XC686033.ogg.npy,comkin1,39
bkwsti_XC856240.ogg.npy,bkwsti,14
grewar3_XC417189.ogg.npy,grewar3,70
ashpri1_XC699909.ogg.npy,ashpri1,2
zitcis1_XC788579.ogg.npy,zitcis1,181
blrwar1_XC138815.ogg.npy,blrwar1,20
blakit1_XC341673.ogg.npy,blakit1,17
comgre_XC679028.ogg.npy,comgre,37
blrwar1_XC572385.ogg.npy,blrwar1,20
gloibi_XC740151.ogg.npy,gloibi,60
ruftre2_XC428968.ogg.npy,ruftre2,146
orihob2_XC678960.ogg.npy,orihob2,121
brnhao1_XC284633.ogg.npy,brnhao1,26
litgre1_XC710791.ogg.npy,litgre1,107
eurcoo_XC375153.ogg.npy,eurcoo,57
litswi1_XC56560.ogg.npy,litswi1,109
gybpri1_XC282569.ogg.npy,gybpri1,77
comros_XC733899.ogg.npy,comros,43
lirplo_XC309206.ogg.npy,lirplo,105
asikoe2_XC371890.ogg.npy,asikoe2,4
junbab2_XC163932.ogg.npy,junbab2,95
eucdov_XC309781.ogg.npy,eucdov,55
comkin1_XC133838.ogg.npy,comkin1,39
blrwar1_XC420683.ogg.npy,blrwar1,20
grecou1_XC698155.ogg.npy,grecou1,64
bkwsti_XC406095.ogg.npy,bkwsti,14
houspa_XC835063.ogg.npy,houspa,82
eaywag1_XC148919.ogg.npy,eaywag1,53
eaywag1_XC675535.ogg.npy,eaywag1,53
grejun2_XC617066.ogg.npy,grejun2,68
commoo3_XC289487.ogg.npy,commoo3,40
bkskit1_XC350257.ogg.npy,bkskit1,13
lesyel1_XC214458.ogg.npy,lesyel1,103
wemhar1_XC711251.ogg.npy,wemhar1,166
gybpri1_XC572628.ogg.npy,gybpri1,77
litegr_XC718476.ogg.npy,litegr,106
grnsan_XC792836.ogg.npy,grnsan,71
grnsan_XC829274.ogg.npy,grnsan,71
tibfly3_XC303902.ogg.npy,tibfly3,161
crseag1_XC431817.ogg.npy,crseag1,50
comfla1_XC432624.ogg.npy,comfla1,36
bkskit1_XC352577.ogg.npy,bkskit1,13
houspa_XC168479.ogg.npy,houspa,82
grbeat1_XC569674.ogg.npy,grbeat1,63
zitcis1_XC500829.ogg.npy,zitcis1,181
comgre_XC710239.ogg.npy,comgre,37
greegr_XC109029.ogg.npy,greegr,65
barswa_XC361243.ogg.npy,barswa,9
placuc3_XC255545.ogg.npy,placuc3,127
whiter2_XC480131.ogg.npy,whiter2,174
pabflo1_XC652764.ogg.npy,pabflo1,123
blhori1_XC426339.ogg.npy,blhori1,18
brodro1_XC214139.ogg.npy,brodro1,28
lirplo_XC583657.ogg.npy,lirplo,105
blrwar1_XC252743.ogg.npy,blrwar1,20
comgre_XC711385.ogg.npy,comgre,37
rocpig_XC492939.ogg.npy,rocpig,142
bkwsti_XC718461.ogg.npy,bkwsti,14
blhori1_XC31565.ogg.npy,blhori1,18
vefnut1_XC163103.ogg.npy,vefnut1,163
commyn_XC812211.ogg.npy,commyn,41
kenplo1_XC333823.ogg.npy,kenplo1,98
grywag_XC256601.ogg.npy,grywag,76
piebus1_XC177160.ogg.npy,piebus1,125
piebus1_XC185429.ogg.npy,piebus1,125
eaywag1_XC856567.ogg.npy,eaywag1,53
commyn_XC680909.ogg.npy,commyn,41
ashpri1_XC195760.ogg.npy,ashpri1,2
ruftre2_XC400122.ogg.npy,ruftre2,146
spoowl1_XC469473.ogg.npy,spoowl1,156
grewar3_XC184269.ogg.npy,grewar3,70
eaywag1_XC423146.ogg.npy,eaywag1,53
litgre1_XC497799.ogg.npy,litgre1,107
whrmun_XC658739.ogg.npy,whrmun,175
zitcis1_XC724803.ogg.npy,zitcis1,181
hoopoe_XC477799.ogg.npy,hoopoe,80
grywag_XC750636.ogg.npy,grywag,76
smamin1_XC531810.ogg.npy,smamin1,152
whiter2_XC176285.ogg.npy,whiter2,174
tibfly3_XC684400.ogg.npy,tibfly3,161
bcnher_XC540060.ogg.npy,bcnher,10
gloibi_XC395487.ogg.npy,gloibi,60
rewbul_XC811625.ogg.npy,rewbul,140
gyhcaf1_XC573152.ogg.npy,gyhcaf1,78
kenplo1_XC338277.ogg.npy,kenplo1,98
grecou1_XC19682.ogg.npy,grecou1,64
graher1_XC560711.ogg.npy,graher1,62
whbwag1_XC196968.ogg.npy,whbwag1,170
revbul_XC116831.ogg.npy,revbul,139
rerswa1_XC334160.ogg.npy,rerswa1,138
asikoe2_XC568948.ogg.npy,asikoe2,4
rossta2_XC652559.ogg.npy,rossta2,144
grnsan_XC577905.ogg.npy,grnsan,71
gloibi_XC292205.ogg.npy,gloibi,60
gyhcaf1_XC116629.ogg.npy,gyhcaf1,78
grnwar1_XC505763.ogg.npy,grnwar1,72
blnmon1_XC150935.ogg.npy,blnmon1,19
putbab1_XC235368.ogg.npy,putbab1,136
lirplo_XC639138.ogg.npy,lirplo,105
litegr_XC333879.ogg.npy,litegr,106
comros_XC481393.ogg.npy,comros,43
comsan_XC650270.ogg.npy,comsan,44
wemhar1_XC608376.ogg.npy,wemhar1,166
gybpri1_XC334898.ogg.npy,gybpri1,77
putbab1_XC198330.ogg.npy,putbab1,136
putbab1_XC86928.ogg.npy,putbab1,136
comsan_XC644516.ogg.npy,comsan,44
copbar1_XC822911.ogg.npy,copbar1,46
eaywag1_XC739004.ogg.npy,eaywag1,53
bcnher_XC450985.ogg.npy,bcnher,10
purher1_XC829135.ogg.npy,purher1,132
houcro1_XC208684.ogg.npy,houcro1,81
spodov_XC447267.ogg.npy,spodov,155
bkwsti_XC338281.ogg.npy,bkwsti,14
pursun3_XC189024.ogg.npy,pursun3,133
labcro1_XC761265.ogg.npy,labcro1,100
whrmun_XC711543.ogg.npy,whrmun,175
commoo3_XC638904.ogg.npy,commoo3,40
comtai1_XC382146.ogg.npy,comtai1,45
comior1_XC586270.ogg.npy,comior1,38
brwowl1_XC613168.ogg.npy,brwowl1,30
pabflo1_XC652765.ogg.npy,pabflo1,123
eurcoo_XC309355.ogg.npy,eurcoo,57
whiter2_XC632074.ogg.npy,whiter2,174
houspa_XC641185.ogg.npy,houspa,82
eucdov_XC129508.ogg.npy,eucdov,55
grnsan_XC182496.ogg.npy,grnsan,71
insowl1_XC469360.ogg.npy,insowl1,91
labcro1_XC756611.ogg.npy,labcro1,100
commoo3_XC726176.ogg.npy,commoo3,40
lewduc1_XC124374.ogg.npy,lewduc1,104
hoopoe_XC428895.ogg.npy,hoopoe,80
zitcis1_XC385069.ogg.npy,zitcis1,181
gyhcaf1_XC770302.ogg.npy,gyhcaf1,78
grewar3_XC137535.ogg.npy,grewar3,70
woosan_XC381830.ogg.npy,woosan,177
copbar1_XC530839.ogg.npy,copbar1,46
revbul_XC448176.ogg.npy,revbul,139
bcnher_XC293904.ogg.npy,bcnher,10
commoo3_XC544989.ogg.npy,commoo3,40
dafbab1_XC214141.ogg.npy,dafbab1,51
eucdov_XC503258.ogg.npy,eucdov,55
bkwsti_XC543213.ogg.npy,bkwsti,14
rerswa1_XC178395.ogg.npy,rerswa1,138
kenplo1_XC840339.ogg.npy,kenplo1,98
barswa_XC361747.ogg.npy,barswa,9
eucdov_XC585365.ogg.npy,eucdov,55
rerswa1_XC423981.ogg.npy,rerswa1,138
lirplo_XC139047.ogg.npy,lirplo,105
commoo3_XC716503.ogg.npy,commoo3,40
grecou1_XC442844.ogg.npy,grecou1,64
comsan_XC838816.ogg.npy,comsan,44
zitcis1_XC530406.ogg.npy,zitcis1,181
comkin1_XC303061.ogg.npy,comkin1,39
houspa_XC642794.ogg.npy,houspa,82
spodov_XC163930.ogg.npy,spodov,155
houspa_XC807199.ogg.npy,houspa,82
categr_XC361548.ogg.npy,categr,33
litspi1_XC150859.ogg.npy,litspi1,108
lirplo_XC301079.ogg.npy,lirplo,105
hoopoe_XC838414.ogg.npy,hoopoe,80
labcro1_XC637217.ogg.npy,labcro1,100
plapri1_XC741678.ogg.npy,plapri1,129
zitcis1_XC179034.ogg.npy,zitcis1,181
ruftre2_XC346251.ogg.npy,ruftre2,146
whiter2_XC112449.ogg.npy,whiter2,174
zitcis1_XC471757.ogg.npy,zitcis1,181
lirplo_XC588477.ogg.npy,lirplo,105
bkwsti_XC837604.ogg.npy,bkwsti,14
eaywag1_XC542446.ogg.npy,eaywag1,53
whiter2_XC778805.ogg.npy,whiter2,174
blakit1_XC411133.ogg.npy,blakit1,17
bkwsti_XC820416.ogg.npy,bkwsti,14
gybpri1_XC74151.ogg.npy,gybpri1,77
indpit1_XC288099.ogg.npy,indpit1,84
vehpar1_XC213917.ogg.npy,vehpar1,164
malwoo1_XC197610.ogg.npy,malwoo1,114
blrwar1_XC507680.ogg.npy,blrwar1,20
rewbul_XC131476.ogg.npy,rewbul,140
comsan_XC667677.ogg.npy,comsan,44
ruftre2_XC553212.ogg.npy,ruftre2,146
eucdov_XC666258.ogg.npy,eucdov,55
zitcis1_XC312789.ogg.npy,zitcis1,181
grnsan_XC830450.ogg.npy,grnsan,71
putbab1_XC659345.ogg.npy,putbab1,136
rocpig_XC847146.ogg.npy,rocpig,142
litspi1_XC679484.ogg.npy,litspi1,108
barswa_XC415547.ogg.npy,barswa,9
blhori1_XC499018.ogg.npy,blhori1,18
litgre1_XC486168.ogg.npy,litgre1,107
zitcis1_XC774742.ogg.npy,zitcis1,181
rewlap1_XC825814.ogg.npy,rewlap1,141
blhori1_XC710265.ogg.npy,blhori1,18
houspa_XC322518.ogg.npy,houspa,82
asbfly_XC505369.ogg.npy,asbfly,0
gyhcaf1_XC431554.ogg.npy,gyhcaf1,78
revbul_XC577870.ogg.npy,revbul,139
commoo3_XC545397.ogg.npy,commoo3,40
whcbar1_XC574320.ogg.npy,whcbar1,173
gyhcaf1_XC719996.ogg.npy,gyhcaf1,78
brcful1_XC197612.ogg.npy,brcful1,24
spodov_XC443310.ogg.npy,spodov,155
comtai1_XC542379.ogg.npy,comtai1,45
labcro1_XC579185.ogg.npy,labcro1,100
bkwsti_XC790084.ogg.npy,bkwsti,14
gyhcaf1_XC806755.ogg.npy,gyhcaf1,78
zitcis1_XC563066.ogg.npy,zitcis1,181
greegr_XC255881.ogg.npy,greegr,65
bkskit1_XC361613.ogg.npy,bkskit1,13
orihob2_XC555232.ogg.npy,orihob2,121
thbwar1_XC768917.ogg.npy,thbwar1,160
whbbul2_XC276713.ogg.npy,whbbul2,167
zitcis1_XC477385.ogg.npy,zitcis1,181
plapri1_XC492386.ogg.npy,plapri1,129
eucdov_XC464450.ogg.npy,eucdov,55
grewar3_XC342321.ogg.npy,grewar3,70
eucdov_XC553498.ogg.npy,eucdov,55
commyn_XC175516.ogg.npy,commyn,41
wemhar1_XC262852.ogg.npy,wemhar1,166
nutman_XC685845.ogg.npy,nutman,120
plapri1_XC715867.ogg.npy,plapri1,129
greegr_XC686664.ogg.npy,greegr,65
grywag_XC503015.ogg.npy,grywag,76
ruftre2_XC385499.ogg.npy,ruftre2,146
eucdov_XC167578.ogg.npy,eucdov,55
comtai1_XC118078.ogg.npy,comtai1,45
comsan_XC676514.ogg.npy,comsan,44
maltro1_XC213961.ogg.npy,maltro1,113
barswa_XC665636.ogg.npy,barswa,9
indpit1_XC442821.ogg.npy,indpit1,84
grenig1_XC124356.ogg.npy,grenig1,69
woosan_XC670793.ogg.npy,woosan,177
whbwat1_XC211610.ogg.npy,whbwat1,171
brakit1_XC399255.ogg.npy,brakit1,22
comros_XC654449.ogg.npy,comros,43
hoopoe_XC134373.ogg.npy,hoopoe,80
brnshr_XC267580.ogg.npy,brnshr,27
rorpar_XC309919.ogg.npy,rorpar,143
litgre1_XC217382.ogg.npy,litgre1,107
labcro1_XC530533.ogg.npy,labcro1,100
gyhcaf1_XC73271.ogg.npy,gyhcaf1,78
marsan_XC805107.ogg.npy,marsan,115
litegr_XC841473.ogg.npy,litegr,106
eaywag1_XC182742.ogg.npy,eaywag1,53
graher1_XC558796.ogg.npy,graher1,62
whiter2_XC796000.ogg.npy,whiter2,174
lirplo_XC544186.ogg.npy,lirplo,105
comkin1_XC672217.ogg.npy,comkin1,39
bkskit1_XC352476.ogg.npy,bkskit1,13
ashwoo2_XC424487.ogg.npy,ashwoo2,3
whiter2_XC446878.ogg.npy,whiter2,174
grewar3_XC112487.ogg.npy,grewar3,70
purher1_XC339766.ogg.npy,purher1,132
eucdov_XC528213.ogg.npy,eucdov,55
grecou1_XC855061.ogg.npy,grecou1,64
rerswa1_XC178391.ogg.npy,rerswa1,138
woosan_XC646003.ogg.npy,woosan,177
blrwar1_XC659101.ogg.npy,blrwar1,20
grefla1_XC178147.ogg.npy,grefla1,66
comgre_XC585786.ogg.npy,comgre,37
putbab1_XC697555.ogg.npy,putbab1,136
grewar3_XC809438.ogg.npy,grewar3,70
eurcoo_XC397122.ogg.npy,eurcoo,57
asbfly_XC600171.ogg.npy,asbfly,0
labcro1_XC659331.ogg.npy,labcro1,100
whbwag1_XC633431.ogg.npy,whbwag1,170
rorpar_XC857890.ogg.npy,rorpar,143
brnshr_XC196142.ogg.npy,brnshr,27
greegr_XC779171.ogg.npy,greegr,65
labcro1_XC745941.ogg.npy,labcro1,100
inbrob1_XC265858.ogg.npy,inbrob1,83
whbbul2_XC633434.ogg.npy,whbbul2,167
purher1_XC310403.ogg.npy,purher1,132
purher1_XC480203.ogg.npy,purher1,132
moipig1_XC190711.ogg.npy,moipig1,117
litegr_XC672786.ogg.npy,litegr,106
bwfshr1_XC318997.ogg.npy,bwfshr1,32
comkin1_XC208368.ogg.npy,comkin1,39
comkin1_XC496572.ogg.npy,comkin1,39
bkwsti_XC649550.ogg.npy,bkwsti,14
grewar3_XC321393.ogg.npy,grewar3,70
eaywag1_XC317370.ogg.npy,eaywag1,53
bkwsti_XC820409.ogg.npy,bkwsti,14
lirplo_XC184343.ogg.npy,lirplo,105
asbfly_XC209219.ogg.npy,asbfly,0
bladro1_XC430262.ogg.npy,bladro1,15
grewar3_XC580575.ogg.npy,grewar3,70
barswa_XC471962.ogg.npy,barswa,9
woosan_XC723451.ogg.npy,woosan,177
eaywag1_XC334141.ogg.npy,eaywag1,53
piebus1_XC544038.ogg.npy,piebus1,125
hoopoe_XC554183.ogg.npy,hoopoe,80
spodov_XC566000.ogg.npy,spodov,155
categr_XC353847.ogg.npy,categr,33
bcnher_XC709239.ogg.npy,bcnher,10
asikoe2_XC423126.ogg.npy,asikoe2,4
grewar3_XC120445.ogg.npy,grewar3,70
blnmon1_XC741217.ogg.npy,blnmon1,19
crseag1_XC529892.ogg.npy,crseag1,50
grnwar1_XC480532.ogg.npy,grnwar1,72
eucdov_XC592916.ogg.npy,eucdov,55
houspa_XC169355.ogg.npy,houspa,82
bcnher_XC712079.ogg.npy,bcnher,10
bcnher_XC610157.ogg.npy,bcnher,10
commyn_XC183763.ogg.npy,commyn,41
stbkin1_XC151338.ogg.npy,stbkin1,158
purswa3_XC196261.ogg.npy,purswa3,135
whbwoo2_XC490564.ogg.npy,whbwoo2,172
woosan_XC796552.ogg.npy,woosan,177
lblwar1_XC328279.ogg.npy,lblwar1,102
cohcuc1_XC651575.ogg.npy,cohcuc1,35
crseag1_XC639442.ogg.npy,crseag1,50
comkin1_XC598008.ogg.npy,comkin1,39
woosan_XC145327.ogg.npy,woosan,177
graher1_XC857972.ogg.npy,graher1,62
comros_XC481692.ogg.npy,comros,43
comior1_XC207723.ogg.npy,comior1,38
hoopoe_XC184745.ogg.npy,hoopoe,80
blrwar1_XC655525.ogg.npy,blrwar1,20
grnsan_XC740286.ogg.npy,grnsan,71
zitcis1_XC655341.ogg.npy,zitcis1,181
rorpar_XC606450.ogg.npy,rorpar,143
comsan_XC686405.ogg.npy,comsan,44
hoopoe_XC737257.ogg.npy,hoopoe,80
graher1_XC587869.ogg.npy,graher1,62
kenplo1_XC494525.ogg.npy,kenplo1,98
indpit1_XC600195.ogg.npy,indpit1,84
eucdov_XC357993.ogg.npy,eucdov,55
ruftre2_XC627899.ogg.npy,ruftre2,146
bkwsti_XC655275.ogg.npy,bkwsti,14
litgre1_XC632245.ogg.npy,litgre1,107
woosan_XC639767.ogg.npy,woosan,177
ashpri1_XC73014.ogg.npy,ashpri1,2
laudov1_XC575130.ogg.npy,laudov1,101
blrwar1_XC321064.ogg.npy,blrwar1,20
eaywag1_XC675721.ogg.npy,eaywag1,53
hoopoe_XC471862.ogg.npy,hoopoe,80
grecou1_XC415705.ogg.npy,grecou1,64
houcro1_XC634046.ogg.npy,houcro1,81
putbab1_XC593998.ogg.npy,putbab1,136
comgre_XC841444.ogg.npy,comgre,37
grnwar1_XC578227.ogg.npy,grnwar1,72
houspa_XC793242.ogg.npy,houspa,82
lirplo_XC797739.ogg.npy,lirplo,105
lirplo_XC326569.ogg.npy,lirplo,105
comgre_XC826627.ogg.npy,comgre,37
comgre_XC603205.ogg.npy,comgre,37
bkskit1_XC805217.ogg.npy,bkskit1,13
comkin1_XC502226.ogg.npy,comkin1,39
asikoe2_XC783711.ogg.npy,asikoe2,4
oripip1_XC858467.ogg.npy,oripip1,122
lirplo_XC433002.ogg.npy,lirplo,105
gyhcaf1_XC646563.ogg.npy,gyhcaf1,78
litgre1_XC797803.ogg.npy,litgre1,107
gloibi_XC788429.ogg.npy,gloibi,60
comsan_XC721216.ogg.npy,comsan,44
tibfly3_XC304471.ogg.npy,tibfly3,161
zitcis1_XC799742.ogg.npy,zitcis1,181
comros_XC755149.ogg.npy,comros,43
yebbab1_XC545205.ogg.npy,yebbab1,179
rorpar_XC581078.ogg.npy,rorpar,143
blhori1_XC390347.ogg.npy,blhori1,18
comsan_XC667808.ogg.npy,comsan,44
houspa_XC500504.ogg.npy,houspa,82
grenig1_XC520244.ogg.npy,grenig1,69
comior1_XC150627.ogg.npy,comior1,38
pabflo1_XC476696.ogg.npy,pabflo1,123
whiter2_XC568347.ogg.npy,whiter2,174
whbwag1_XC575104.ogg.npy,whbwag1,170
bkcbul1_XC777489.ogg.npy,bkcbul1,11
spodov_XC312465.ogg.npy,spodov,155
spepic1_XC305330.ogg.npy,spepic1,154
lblwar1_XC265870.ogg.npy,lblwar1,102
commoo3_XC628931.ogg.npy,commoo3,40
woosan_XC382304.ogg.npy,woosan,177
grywag_XC485890.ogg.npy,grywag,76
litegr_XC680901.ogg.npy,litegr,106
comsan_XC587850.ogg.npy,comsan,44
comkin1_XC820440.ogg.npy,comkin1,39
litegr_XC667651.ogg.npy,litegr,106
bkskit1_XC785504.ogg.npy,bkskit1,13
purher1_XC654819.ogg.npy,purher1,132
blakit1_XC485740.ogg.npy,blakit1,17
comior1_XC446976.ogg.npy,comior1,38
grnsan_XC768206.ogg.npy,grnsan,71
bcnher_XC824406.ogg.npy,bcnher,10
grnwar1_XC303680.ogg.npy,grnwar1,72
comsan_XC514732.ogg.npy,comsan,44
comtai1_XC571419.ogg.npy,comtai1,45
whbwoo2_XC768998.ogg.npy,whbwoo2,172
whiter2_XC265270.ogg.npy,whiter2,174
litspi1_XC764195.ogg.npy,litspi1,108
eucdov_XC306271.ogg.npy,eucdov,55
eaywag1_XC792641.ogg.npy,eaywag1,53
rorpar_XC679949.ogg.npy,rorpar,143
plapri1_XC362826.ogg.npy,plapri1,129
ruftre2_XC372044.ogg.npy,ruftre2,146
pursun4_XC74149.ogg.npy,pursun4,134
bkwsti_XC814039.ogg.npy,bkwsti,14
lirplo_XC403282.ogg.npy,lirplo,105
rerswa1_XC697564.ogg.npy,rerswa1,138
woosan_XC788053.ogg.npy,woosan,177
hoopoe_XC170881.ogg.npy,hoopoe,80
asikoe2_XC182810.ogg.npy,asikoe2,4
eaywag1_XC675980.ogg.npy,eaywag1,53
eucdov_XC380919.ogg.npy,eucdov,55
asikoe2_XC534388.ogg.npy,asikoe2,4
marsan_XC360710.ogg.npy,marsan,115
whiter2_XC624779.ogg.npy,whiter2,174
zitcis1_XC403539.ogg.npy,zitcis1,181
blakit1_XC422663.ogg.npy,blakit1,17
lirplo_XC587565.ogg.npy,lirplo,105
hoopoe_XC410756.ogg.npy,hoopoe,80
blnmon1_XC330165.ogg.npy,blnmon1,19
pursun3_XC207648.ogg.npy,pursun3,133
comkin1_XC110343.ogg.npy,comkin1,39
graher1_XC548303.ogg.npy,graher1,62
graher1_XC749205.ogg.npy,graher1,62
zitcis1_XC282894.ogg.npy,zitcis1,181
lirplo_XC840141.ogg.npy,lirplo,105
brnshr_XC458245.ogg.npy,brnshr,27
kenplo1_XC711594.ogg.npy,kenplo1,98
blrwar1_XC163839.ogg.npy,blrwar1,20
grnsan_XC568976.ogg.npy,grnsan,71
eaywag1_XC296195.ogg.npy,eaywag1,53
wemhar1_XC620231.ogg.npy,wemhar1,166
comros_XC568935.ogg.npy,comros,43
putbab1_XC773564.ogg.npy,putbab1,136
whiter2_XC383744.ogg.npy,whiter2,174
whiter2_XC146006.ogg.npy,whiter2,174
litswi1_XC173032.ogg.npy,litswi1,109
comsan_XC574277.ogg.npy,comsan,44
hoopoe_XC437488.ogg.npy,hoopoe,80
rufwoo2_XC417193.ogg.npy,rufwoo2,147
rorpar_XC845025.ogg.npy,rorpar,143
brnhao1_XC608659.ogg.npy,brnhao1,26
grecou1_XC571747.ogg.npy,grecou1,64
eurcoo_XC636716.ogg.npy,eurcoo,57
comgre_XC463294.ogg.npy,comgre,37
grehor1_XC527494.ogg.npy,grehor1,67
forwag1_XC810384.ogg.npy,forwag1,58
rewbul_XC803474.ogg.npy,rewbul,140
brakit1_XC246760.ogg.npy,brakit1,22
bkwsti_XC632959.ogg.npy,bkwsti,14
commoo3_XC556044.ogg.npy,commoo3,40
blakit1_XC132399.ogg.npy,blakit1,17
grewar3_XC420106.ogg.npy,grewar3,70
copbar1_XC364385.ogg.npy,copbar1,46
smamin1_XC240366.ogg.npy,smamin1,152
bkwsti_XC779751.ogg.npy,bkwsti,14
eaywag1_XC765502.ogg.npy,eaywag1,53
greegr_XC570049.ogg.npy,greegr,65
hoopoe_XC781667.ogg.npy,hoopoe,80
laudov1_XC444438.ogg.npy,laudov1,101
grywag_XC767550.ogg.npy,grywag,76
comsan_XC836442.ogg.npy,comsan,44
categr_XC713118.ogg.npy,categr,33
greegr_XC397338.ogg.npy,greegr,65
purher1_XC341124.ogg.npy,purher1,132
rewlap1_XC335664.ogg.npy,rewlap1,141
eucdov_XC669776.ogg.npy,eucdov,55
brnhao1_XC346539.ogg.npy,brnhao1,26
lirplo_XC703159.ogg.npy,lirplo,105
whbbul2_XC19895.ogg.npy,whbbul2,167
woosan_XC740796.ogg.npy,woosan,177
rorpar_XC650130.ogg.npy,rorpar,143
comsan_XC667709.ogg.npy,comsan,44
comgre_XC686505.ogg.npy,comgre,37
bcnher_XC585576.ogg.npy,bcnher,10
eurcoo_XC548873.ogg.npy,eurcoo,57
hoopoe_XC557962.ogg.npy,hoopoe,80
hoopoe_XC698956.ogg.npy,hoopoe,80
wemhar1_XC780015.ogg.npy,wemhar1,166
rorpar_XC568868.ogg.npy,rorpar,143
putbab1_XC528864.ogg.npy,putbab1,136
eurcoo_XC635736.ogg.npy,eurcoo,57
grnsan_XC366312.ogg.npy,grnsan,71
woosan_XC187383.ogg.npy,woosan,177
bkwsti_XC338809.ogg.npy,bkwsti,14
comgre_XC649017.ogg.npy,comgre,37
grnwar1_XC299234.ogg.npy,grnwar1,72
scamin3_XC178302.ogg.npy,scamin3,150
graher1_XC580558.ogg.npy,graher1,62
aspswi1_XC769799.ogg.npy,aspswi1,7
aspfly1_XC687956.ogg.npy,aspfly1,6
blhori1_XC31566.ogg.npy,blhori1,18
barswa_XC767255.ogg.npy,barswa,9
litegr_XC642416.ogg.npy,litegr,106
pursun4_XC528979.ogg.npy,pursun4,134
rorpar_XC263128.ogg.npy,rorpar,143
thbwar1_XC771151.ogg.npy,thbwar1,160
nutman_XC498052.ogg.npy,nutman,120
thbwar1_XC340013.ogg.npy,thbwar1,160
blakit1_XC162604.ogg.npy,blakit1,17
whbwat1_XC756506.ogg.npy,whbwat1,171
comros_XC655349.ogg.npy,comros,43
junowl1_XC571460.ogg.npy,junowl1,97
barswa_XC363068.ogg.npy,barswa,9
inbrob1_XC316833.ogg.npy,inbrob1,83
bcnher_XC601227.ogg.npy,bcnher,10
comsan_XC795992.ogg.npy,comsan,44
thbwar1_XC527354.ogg.npy,thbwar1,160
grtdro1_XC335907.ogg.npy,grtdro1,73
houspa_XC151123.ogg.npy,houspa,82
rorpar_XC606440.ogg.npy,rorpar,143
houspa_XC564822.ogg.npy,houspa,82
woosan_XC653281.ogg.npy,woosan,177
gyhcaf1_XC805701.ogg.npy,gyhcaf1,78
commoo3_XC628562.ogg.npy,commoo3,40
smamin1_XC737847.ogg.npy,smamin1,152
sqtbul1_XC756563.ogg.npy,sqtbul1,157
whbbul2_XC214025.ogg.npy,whbbul2,167
barswa_XC555813.ogg.npy,barswa,9
eucdov_XC550549.ogg.npy,eucdov,55
hoopoe_XC120517.ogg.npy,hoopoe,80
cohcuc1_XC428970.ogg.npy,cohcuc1,35
putbab1_XC206397.ogg.npy,putbab1,136
eucdov_XC542896.ogg.npy,eucdov,55
litegr_XC840789.ogg.npy,litegr,106
woosan_XC559847.ogg.npy,woosan,177
grnsan_XC471539.ogg.npy,grnsan,71
eaywag1_XC672892.ogg.npy,eaywag1,53
litspi1_XC57248.ogg.npy,litspi1,108
gyhcaf1_XC769352.ogg.npy,gyhcaf1,78
grnsan_XC828218.ogg.npy,grnsan,71
comgre_XC586199.ogg.npy,comgre,37
litgre1_XC664025.ogg.npy,litgre1,107
litegr_XC711676.ogg.npy,litegr,106
grnsan_XC668712.ogg.npy,grnsan,71
bladro1_XC596718.ogg.npy,bladro1,15
grejun2_XC190748.ogg.npy,grejun2,68
bkskit1_XC353826.ogg.npy,bkskit1,13
laudov1_XC778062.ogg.npy,laudov1,101
eurbla2_XC572939.ogg.npy,eurbla2,56
purher1_XC640610.ogg.npy,purher1,132
bkwsti_XC338283.ogg.npy,bkwsti,14
bkwsti_XC544812.ogg.npy,bkwsti,14
grewar3_XC681746.ogg.npy,grewar3,70
thbwar1_XC485183.ogg.npy,thbwar1,160
rorpar_XC746906.ogg.npy,rorpar,143
eurcoo_XC651220.ogg.npy,eurcoo,57
thbwar1_XC750433.ogg.npy,thbwar1,160
woosan_XC433536.ogg.npy,woosan,177
comkin1_XC331886.ogg.npy,comkin1,39
ruftre2_XC607206.ogg.npy,ruftre2,146
zitcis1_XC128122.ogg.npy,zitcis1,181
comkin1_XC678735.ogg.npy,comkin1,39
brodro1_XC504782.ogg.npy,brodro1,28
comtai1_XC239910.ogg.npy,comtai1,45
eaywag1_XC668467.ogg.npy,eaywag1,53
comkin1_XC534607.ogg.npy,comkin1,39
bkwsti_XC723386.ogg.npy,bkwsti,14
rerswa1_XC775570.ogg.npy,rerswa1,138
blhori1_XC572652.ogg.npy,blhori1,18
graher1_XC695754.ogg.npy,graher1,62
comkin1_XC786075.ogg.npy,comkin1,39
comtai1_XC118008.ogg.npy,comtai1,45
laudov1_XC405368.ogg.npy,laudov1,101
whbwag1_XC123014.ogg.npy,whbwag1,170
kerlau2_XC856428.ogg.npy,kerlau2,99
gryfra_XC639518.ogg.npy,gryfra,74
barswa_XC361751.ogg.npy,barswa,9
wemhar1_XC512132.ogg.npy,wemhar1,166
blrwar1_XC654212.ogg.npy,blrwar1,20
eurcoo_XC542528.ogg.npy,eurcoo,57
houspa_XC701053.ogg.npy,houspa,82
rorpar_XC263582.ogg.npy,rorpar,143
grewar3_XC182382.ogg.npy,grewar3,70
whiter2_XC386364.ogg.npy,whiter2,174
inbrob1_XC312346.ogg.npy,inbrob1,83
bkwsti_XC795871.ogg.npy,bkwsti,14
eurcoo_XC625257.ogg.npy,eurcoo,57
commyn_XC724550.ogg.npy,commyn,41
smamin1_XC633052.ogg.npy,smamin1,152
graher1_XC707170.ogg.npy,graher1,62
comkin1_XC436261.ogg.npy,comkin1,39
comkin1_XC463076.ogg.npy,comkin1,39
rorpar_XC688325.ogg.npy,rorpar,143
woosan_XC827438.ogg.npy,woosan,177
comkin1_XC631107.ogg.npy,comkin1,39
darter2_XC684291.ogg.npy,darter2,52
hoopoe_XC635854.ogg.npy,hoopoe,80
bkwsti_XC144879.ogg.npy,bkwsti,14
bkrfla1_XC537852.ogg.npy,bkrfla1,12
inbrob1_XC583991.ogg.npy,inbrob1,83
comros_XC653240.ogg.npy,comros,43
zitcis1_XC634088.ogg.npy,zitcis1,181
eucdov_XC659767.ogg.npy,eucdov,55
marsan_XC240494.ogg.npy,marsan,115
comgre_XC748918.ogg.npy,comgre,37
marsan_XC371012.ogg.npy,marsan,115
maltro1_XC209938.ogg.npy,maltro1,113
eurcoo_XC658421.ogg.npy,eurcoo,57
barswa_XC457793.ogg.npy,barswa,9
comtai1_XC210478.ogg.npy,comtai1,45
comsan_XC597503.ogg.npy,comsan,44
copbar1_XC528888.ogg.npy,copbar1,46
comkin1_XC313958.ogg.npy,comkin1,39
zitcis1_XC789766.ogg.npy,zitcis1,181
eaywag1_XC675957.ogg.npy,eaywag1,53
graher1_XC678619.ogg.npy,graher1,62
eaywag1_XC530537.ogg.npy,eaywag1,53
graher1_XC675865.ogg.npy,graher1,62
asikoe2_XC589081.ogg.npy,asikoe2,4
blrwar1_XC729385.ogg.npy,blrwar1,20
comgre_XC592706.ogg.npy,comgre,37
tilwar1_XC42646.ogg.npy,tilwar1,162
litgre1_XC376676.ogg.npy,litgre1,107
kenplo1_XC826302.ogg.npy,kenplo1,98
grehor1_XC190872.ogg.npy,grehor1,67
rorpar_XC650137.ogg.npy,rorpar,143
comtai1_XC183486.ogg.npy,comtai1,45
comgre_XC266142.ogg.npy,comgre,37
blnmon1_XC722905.ogg.npy,blnmon1,19
zitcis1_XC570133.ogg.npy,zitcis1,181
houspa_XC580074.ogg.npy,houspa,82
grenig1_XC697692.ogg.npy,grenig1,69
sohmyn1_XC469478.ogg.npy,sohmyn1,153
zitcis1_XC495904.ogg.npy,zitcis1,181
lirplo_XC717311.ogg.npy,lirplo,105
grefla1_XC406142.ogg.npy,grefla1,66
gybpri1_XC558710.ogg.npy,gybpri1,77
eurcoo_XC310414.ogg.npy,eurcoo,57
barswa_XC458641.ogg.npy,barswa,9
purher1_XC715194.ogg.npy,purher1,132
zitcis1_XC386459.ogg.npy,zitcis1,181
eurcoo_XC784966.ogg.npy,eurcoo,57
rewbul_XC419054.ogg.npy,rewbul,140
commoo3_XC341739.ogg.npy,commoo3,40
comgre_XC590025.ogg.npy,comgre,37
blnmon1_XC631974.ogg.npy,blnmon1,19
comros_XC837037.ogg.npy,comros,43
comgre_XC193335.ogg.npy,comgre,37
houspa_XC637964.ogg.npy,houspa,82
graher1_XC113123.ogg.npy,graher1,62
eaywag1_XC412711.ogg.npy,eaywag1,53
comsan_XC809526.ogg.npy,comsan,44
gargan_XC835972.ogg.npy,gargan,59
placuc3_XC572954.ogg.npy,placuc3,127
comkin1_XC211675.ogg.npy,comkin1,39
ashwoo2_XC319072.ogg.npy,ashwoo2,3
grtdro1_XC151466.ogg.npy,grtdro1,73
eaywag1_XC469613.ogg.npy,eaywag1,53
eaywag1_XC471887.ogg.npy,eaywag1,53
graher1_XC732497.ogg.npy,graher1,62
putbab1_XC321624.ogg.npy,putbab1,136
eurcoo_XC789111.ogg.npy,eurcoo,57
brnshr_XC743389.ogg.npy,brnshr,27
stbkin1_XC294062.ogg.npy,stbkin1,158
btbeat1_XC741390.ogg.npy,btbeat1,31
grywag_XC795563.ogg.npy,grywag,76
grnsan_XC819458.ogg.npy,grnsan,71
aspfly1_XC520167.ogg.npy,aspfly1,6
grynig2_XC404907.ogg.npy,grynig2,75
plapri1_XC399008.ogg.npy,plapri1,129
asikoe2_XC588843.ogg.npy,asikoe2,4
marsan_XC795257.ogg.npy,marsan,115
bkskit1_XC352565.ogg.npy,bkskit1,13
grnsan_XC716631.ogg.npy,grnsan,71
grewar3_XC431704.ogg.npy,grewar3,70
blrwar1_XC19604.ogg.npy,blrwar1,20
bcnher_XC705387.ogg.npy,bcnher,10
whiter2_XC380538.ogg.npy,whiter2,174
eaywag1_XC729182.ogg.npy,eaywag1,53
wemhar1_XC143954.ogg.npy,wemhar1,166
rocpig_XC726245.ogg.npy,rocpig,142
comkin1_XC319035.ogg.npy,comkin1,39
insbab1_XC157740.ogg.npy,insbab1,90
forwag1_XC779888.ogg.npy,forwag1,58
rufwoo2_XC684467.ogg.npy,rufwoo2,147
categr_XC218727.ogg.npy,categr,33
hoopoe_XC365530.ogg.npy,hoopoe,80
thbwar1_XC182157.ogg.npy,thbwar1,160
commoo3_XC570730.ogg.npy,commoo3,40
zitcis1_XC789619.ogg.npy,zitcis1,181
bkskit1_XC352554.ogg.npy,bkskit1,13
lirplo_XC132402.ogg.npy,lirplo,105
wemhar1_XC858750.ogg.npy,wemhar1,166
comros_XC476464.ogg.npy,comros,43
grewar3_XC150184.ogg.npy,grewar3,70
mawthr1_XC442764.ogg.npy,mawthr1,116
houspa_XC317103.ogg.npy,houspa,82
eaywag1_XC792642.ogg.npy,eaywag1,53
gyhcaf1_XC805190.ogg.npy,gyhcaf1,78
junmyn1_XC736380.ogg.npy,junmyn1,96
eucdov_XC592919.ogg.npy,eucdov,55
eurcoo_XC695743.ogg.npy,eurcoo,57
blrwar1_XC477197.ogg.npy,blrwar1,20
eaywag1_XC715291.ogg.npy,eaywag1,53
comros_XC162553.ogg.npy,comros,43
bkskit1_XC350261.ogg.npy,bkskit1,13
plapri1_XC829167.ogg.npy,plapri1,129
grnsan_XC725708.ogg.npy,grnsan,71
spoowl1_XC787693.ogg.npy,spoowl1,156
barswa_XC182025.ogg.npy,barswa,9
junmyn1_XC151335.ogg.npy,junmyn1,96
whtkin2_XC845720.ogg.npy,whtkin2,176
nutman_XC594282.ogg.npy,nutman,120
grbeat1_XC408101.ogg.npy,grbeat1,63
grnsan_XC663210.ogg.npy,grnsan,71
comros_XC614691.ogg.npy,comros,43
whcbar1_XC232972.ogg.npy,whcbar1,173
rocpig_XC217672.ogg.npy,rocpig,142
houspa_XC167597.ogg.npy,houspa,82
copbar1_XC289527.ogg.npy,copbar1,46
eaywag1_XC313823.ogg.npy,eaywag1,53
graher1_XC384483.ogg.npy,graher1,62
hoopoe_XC818846.ogg.npy,hoopoe,80
grnsan_XC553753.ogg.npy,grnsan,71
indpit1_XC392157.ogg.npy,indpit1,84
bcnher_XC51575.ogg.npy,bcnher,10
grnsan_XC495162.ogg.npy,grnsan,71
comtai1_XC606919.ogg.npy,comtai1,45
comgre_XC724764.ogg.npy,comgre,37
grnwar1_XC209557.ogg.npy,grnwar1,72
whiter2_XC569110.ogg.npy,whiter2,174
lirplo_XC569049.ogg.npy,lirplo,105
thbwar1_XC604740.ogg.npy,thbwar1,160
zitcis1_XC378257.ogg.npy,zitcis1,181
gybpri1_XC541994.ogg.npy,gybpri1,77
barswa_XC690496.ogg.npy,barswa,9
blhori1_XC264270.ogg.npy,blhori1,18
commoo3_XC253163.ogg.npy,commoo3,40
blakit1_XC660705.ogg.npy,blakit1,17
grnwar1_XC296448.ogg.npy,grnwar1,72
kenplo1_XC479955.ogg.npy,kenplo1,98
bcnher_XC756940.ogg.npy,bcnher,10
litgre1_XC677256.ogg.npy,litgre1,107
lblwar1_XC265868.ogg.npy,lblwar1,102
litgre1_XC400550.ogg.npy,litgre1,107
kenplo1_XC718495.ogg.npy,kenplo1,98
greegr_XC158114.ogg.npy,greegr,65
cohcuc1_XC348575.ogg.npy,cohcuc1,35
junbab2_XC390361.ogg.npy,junbab2,95
commoo3_XC535530.ogg.npy,commoo3,40
ashwoo2_XC402826.ogg.npy,ashwoo2,3
blrwar1_XC253989.ogg.npy,blrwar1,20
whiter2_XC328384.ogg.npy,whiter2,174
eurcoo_XC601605.ogg.npy,eurcoo,57
eucdov_XC583136.ogg.npy,eucdov,55
greegr_XC257308.ogg.npy,greegr,65
litegr_XC439009.ogg.npy,litegr,106
comkin1_XC496581.ogg.npy,comkin1,39
piekin1_XC680489.ogg.npy,piekin1,126
rorpar_XC419717.ogg.npy,rorpar,143
comtai1_XC293546.ogg.npy,comtai1,45
grenig1_XC295014.ogg.npy,grenig1,69
grtdro1_XC263816.ogg.npy,grtdro1,73
stbkin1_XC734193.ogg.npy,stbkin1,158
labcro1_XC840607.ogg.npy,labcro1,100
houspa_XC279046.ogg.npy,houspa,82
crfbar1_XC540675.ogg.npy,crfbar1,49
blrwar1_XC625409.ogg.npy,blrwar1,20
eurcoo_XC433121.ogg.npy,eurcoo,57
rerswa1_XC333855.ogg.npy,rerswa1,138
labcro1_XC309572.ogg.npy,labcro1,100
comgre_XC838140.ogg.npy,comgre,37
blhori1_XC628386.ogg.npy,blhori1,18
purher1_XC631681.ogg.npy,purher1,132
eaywag1_XC310618.ogg.npy,eaywag1,53
whbbul2_XC741608.ogg.npy,whbbul2,167
goflea1_XC163901.ogg.npy,goflea1,61
commoo3_XC731738.ogg.npy,commoo3,40
rocpig_XC364890.ogg.npy,rocpig,142
gyhcaf1_XC699940.ogg.npy,gyhcaf1,78
litgre1_XC549061.ogg.npy,litgre1,107
commoo3_XC791770.ogg.npy,commoo3,40
commoo3_XC854727.ogg.npy,commoo3,40
comkin1_XC714198.ogg.npy,comkin1,39
greegr_XC435966.ogg.npy,greegr,65
stbkin1_XC746980.ogg.npy,stbkin1,158
litgre1_XC723274.ogg.npy,litgre1,107
grewar3_XC560115.ogg.npy,grewar3,70
litgre1_XC720589.ogg.npy,litgre1,107
categr_XC157743.ogg.npy,categr,33
rorpar_XC445740.ogg.npy,rorpar,143
labcro1_XC332867.ogg.npy,labcro1,100
cohcuc1_XC241127.ogg.npy,cohcuc1,35
grecou1_XC163842.ogg.npy,grecou1,64
whtkin2_XC754240.ogg.npy,whtkin2,176
bcnher_XC749154.ogg.npy,bcnher,10
piekin1_XC771283.ogg.npy,piekin1,126
litgre1_XC554664.ogg.npy,litgre1,107
lirplo_XC804754.ogg.npy,lirplo,105
litgre1_XC690154.ogg.npy,litgre1,107
commyn_XC462828.ogg.npy,commyn,41
blnmon1_XC204641.ogg.npy,blnmon1,19
brcful1_XC854330.ogg.npy,brcful1,24
whiter2_XC412706.ogg.npy,whiter2,174
stbkin1_XC167098.ogg.npy,stbkin1,158
oripip1_XC644738.ogg.npy,oripip1,122
houspa_XC827043.ogg.npy,houspa,82
blrwar1_XC148506.ogg.npy,blrwar1,20
graher1_XC726331.ogg.npy,graher1,62
blakit1_XC618418.ogg.npy,blakit1,17
bkwsti_XC648410.ogg.npy,bkwsti,14
commoo3_XC552194.ogg.npy,commoo3,40
brwowl1_XC746561.ogg.npy,brwowl1,30
rorpar_XC209717.ogg.npy,rorpar,143
comgre_XC675956.ogg.npy,comgre,37
oripip1_XC507869.ogg.npy,oripip1,122
yebbul3_XC490504.ogg.npy,yebbul3,180
lesyel1_XC210581.ogg.npy,lesyel1,103
lirplo_XC542074.ogg.npy,lirplo,105
grewar3_XC421572.ogg.npy,grewar3,70
gyhcaf1_XC31362.ogg.npy,gyhcaf1,78
commoo3_XC184398.ogg.npy,commoo3,40
woosan_XC690360.ogg.npy,woosan,177
barswa_XC288343.ogg.npy,barswa,9
litswi1_XC379679.ogg.npy,litswi1,109
hoopoe_XC516341.ogg.npy,hoopoe,80
woosan_XC342909.ogg.npy,woosan,177
whiter2_XC720986.ogg.npy,whiter2,174
barswa_XC458230.ogg.npy,barswa,9
piekin1_XC517390.ogg.npy,piekin1,126
houcro1_XC209018.ogg.npy,houcro1,81
houspa_XC398610.ogg.npy,houspa,82
grywag_XC692949.ogg.npy,grywag,76
litgre1_XC747915.ogg.npy,litgre1,107
bwfshr1_XC240604.ogg.npy,bwfshr1,32
litgre1_XC731322.ogg.npy,litgre1,107
lirplo_XC688672.ogg.npy,lirplo,105
barswa_XC361216.ogg.npy,barswa,9
jerbus2_XC423235.ogg.npy,jerbus2,94
lirplo_XC130823.ogg.npy,lirplo,105
laudov1_XC514027.ogg.npy,laudov1,101
crbsun2_XC761901.ogg.npy,crbsun2,47
graher1_XC595528.ogg.npy,graher1,62
ruftre2_XC214230.ogg.npy,ruftre2,146
houspa_XC310533.ogg.npy,houspa,82
grecou1_XC491039.ogg.npy,grecou1,64
brodro1_XC464145.ogg.npy,brodro1,28
grnsan_XC739346.ogg.npy,grnsan,71
lirplo_XC809036.ogg.npy,lirplo,105
wemhar1_XC796540.ogg.npy,wemhar1,166
comkin1_XC309301.ogg.npy,comkin1,39
barswa_XC362311.ogg.npy,barswa,9
litgre1_XC502952.ogg.npy,litgre1,107
grywag_XC458296.ogg.npy,grywag,76
grywag_XC812499.ogg.npy,grywag,76
blnmon1_XC730808.ogg.npy,blnmon1,19
rorpar_XC209170.ogg.npy,rorpar,143
gyhcaf1_XC191204.ogg.npy,gyhcaf1,78
litgre1_XC570578.ogg.npy,litgre1,107
litegr_XC750570.ogg.npy,litegr,106
whiter2_XC761891.ogg.npy,whiter2,174
rorpar_XC592951.ogg.npy,rorpar,143
comior1_XC606347.ogg.npy,comior1,38
whcbar1_XC777661.ogg.npy,whcbar1,173
purher1_XC310404.ogg.npy,purher1,132
woosan_XC724277.ogg.npy,woosan,177
asbfly_XC687954.ogg.npy,asbfly,0
bkwsti_XC581043.ogg.npy,bkwsti,14
plapri1_XC635555.ogg.npy,plapri1,129
brnshr_XC489778.ogg.npy,brnshr,27
wemhar1_XC793392.ogg.npy,wemhar1,166
crseag1_XC701748.ogg.npy,crseag1,50
sohmyn1_XC164021.ogg.npy,sohmyn1,153
ruftre2_XC371162.ogg.npy,ruftre2,146
eurcoo_XC316468.ogg.npy,eurcoo,57
blnmon1_XC351465.ogg.npy,blnmon1,19
hoopoe_XC308878.ogg.npy,hoopoe,80
comros_XC656635.ogg.npy,comros,43
rorpar_XC759750.ogg.npy,rorpar,143
plapri1_XC659836.ogg.npy,plapri1,129
rerswa1_XC585423.ogg.npy,rerswa1,138
lirplo_XC798531.ogg.npy,lirplo,105
comtai1_XC171263.ogg.npy,comtai1,45
comsan_XC724170.ogg.npy,comsan,44
rossta2_XC576859.ogg.npy,rossta2,144
grbeat1_XC304003.ogg.npy,grbeat1,63
rocpig_XC613537.ogg.npy,rocpig,142
tibfly3_XC192654.ogg.npy,tibfly3,161
houspa_XC481091.ogg.npy,houspa,82
whiter2_XC723688.ogg.npy,whiter2,174
comgre_XC332531.ogg.npy,comgre,37
bkwsti_XC807329.ogg.npy,bkwsti,14
zitcis1_XC756606.ogg.npy,zitcis1,181
pursun4_XC286862.ogg.npy,pursun4,134
cohcuc1_XC191169.ogg.npy,cohcuc1,35
comior1_XC545439.ogg.npy,comior1,38
blrwar1_XC480609.ogg.npy,blrwar1,20
whtkin2_XC646737.ogg.npy,whtkin2,176
grnsan_XC312487.ogg.npy,grnsan,71
eurcoo_XC570746.ogg.npy,eurcoo,57
houcro1_XC736131.ogg.npy,houcro1,81
barswa_XC564035.ogg.npy,barswa,9
grewar3_XC478536.ogg.npy,grewar3,70
pursun4_XC192187.ogg.npy,pursun4,134
whbwat1_XC442555.ogg.npy,whbwat1,171
plapri1_XC714778.ogg.npy,plapri1,129
purher1_XC827508.ogg.npy,purher1,132
blrwar1_XC376504.ogg.npy,blrwar1,20
laudov1_XC405378.ogg.npy,laudov1,101
commoo3_XC811328.ogg.npy,commoo3,40
rewlap1_XC808318.ogg.npy,rewlap1,141
gryfra_XC459288.ogg.npy,gryfra,74
commoo3_XC618161.ogg.npy,commoo3,40
eaywag1_XC507675.ogg.npy,eaywag1,53
houspa_XC581789.ogg.npy,houspa,82
crseag1_XC793616.ogg.npy,crseag1,50
lblwar1_XC687971.ogg.npy,lblwar1,102
comkin1_XC677956.ogg.npy,comkin1,39
blnmon1_XC684715.ogg.npy,blnmon1,19
asbfly_XC833987.ogg.npy,asbfly,0
comkin1_XC436259.ogg.npy,comkin1,39
commoo3_XC263702.ogg.npy,commoo3,40
barswa_XC361222.ogg.npy,barswa,9
ruftre2_XC777645.ogg.npy,ruftre2,146
grtdro1_XC336353.ogg.npy,grtdro1,73
hoopoe_XC800830.ogg.npy,hoopoe,80
marsan_XC833479.ogg.npy,marsan,115
comfla1_XC785516.ogg.npy,comfla1,36
houspa_XC243568.ogg.npy,houspa,82
lirplo_XC360706.ogg.npy,lirplo,105
wemhar1_XC408867.ogg.npy,wemhar1,166
comsan_XC698224.ogg.npy,comsan,44
asbfly_XC825177.ogg.npy,asbfly,0
putbab1_XC465682.ogg.npy,putbab1,136
bkwsti_XC550012.ogg.npy,bkwsti,14
gybpri1_XC747121.ogg.npy,gybpri1,77
comkin1_XC813182.ogg.npy,comkin1,39
commoo3_XC586140.ogg.npy,commoo3,40
grewar3_XC134198.ogg.npy,grewar3,70
sohmyn1_XC651304.ogg.npy,sohmyn1,153
rorpar_XC759751.ogg.npy,rorpar,143
stbkin1_XC715376.ogg.npy,stbkin1,158
litegr_XC505477.ogg.npy,litegr,106
ashdro1_XC365197.ogg.npy,ashdro1,1
lirplo_XC655438.ogg.npy,lirplo,105
kerlau2_XC856430.ogg.npy,kerlau2,99
litgre1_XC568193.ogg.npy,litgre1,107
comtai1_XC293542.ogg.npy,comtai1,45
brnhao1_XC779882.ogg.npy,brnhao1,26
rewbul_XC718265.ogg.npy,rewbul,140
labcro1_XC612350.ogg.npy,labcro1,100
blakit1_XC326806.ogg.npy,blakit1,17
brnshr_XC456208.ogg.npy,brnshr,27
brcful1_XC196965.ogg.npy,brcful1,24
piebus1_XC785886.ogg.npy,piebus1,125
houspa_XC623311.ogg.npy,houspa,82
shikra1_XC185037.ogg.npy,shikra1,151
barswa_XC432092.ogg.npy,barswa,9
graher1_XC487201.ogg.npy,graher1,62
revbul_XC529859.ogg.npy,revbul,139
inbrob1_XC360927.ogg.npy,inbrob1,83
commoo3_XC534756.ogg.npy,commoo3,40
eucdov_XC58766.ogg.npy,eucdov,55
goflea1_XC196746.ogg.npy,goflea1,61
comkin1_XC401456.ogg.npy,comkin1,39
brnhao1_XC775183.ogg.npy,brnhao1,26
rocpig_XC306692.ogg.npy,rocpig,142
whiter2_XC714122.ogg.npy,whiter2,174
comtai1_XC787660.ogg.npy,comtai1,45
pursun3_XC698980.ogg.npy,pursun3,133
eucdov_XC724070.ogg.npy,eucdov,55
litgre1_XC605091.ogg.npy,litgre1,107
kenplo1_XC341213.ogg.npy,kenplo1,98
woosan_XC804790.ogg.npy,woosan,177
eurcoo_XC678521.ogg.npy,eurcoo,57
gargan_XC134700.ogg.npy,gargan,59
labcro1_XC802906.ogg.npy,labcro1,100
hoopoe_XC555386.ogg.npy,hoopoe,80
btbeat1_XC513403.ogg.npy,btbeat1,31
blrwar1_XC809208.ogg.npy,blrwar1,20
rewlap1_XC403964.ogg.npy,rewlap1,141
grnsan_XC686475.ogg.npy,grnsan,71
commyn_XC183878.ogg.npy,commyn,41
grecou1_XC770516.ogg.npy,grecou1,64
comsan_XC642698.ogg.npy,comsan,44
zitcis1_XC127472.ogg.npy,zitcis1,181
tibfly3_XC163873.ogg.npy,tibfly3,161
commoo3_XC534787.ogg.npy,commoo3,40
rorpar_XC346240.ogg.npy,rorpar,143
lirplo_XC146830.ogg.npy,lirplo,105
sttwoo1_XC615776.ogg.npy,sttwoo1,159
darter2_XC684289.ogg.npy,darter2,52
dafbab1_XC203826.ogg.npy,dafbab1,51
graher1_XC555823.ogg.npy,graher1,62
grtdro1_XC151242.ogg.npy,grtdro1,73
whiter2_XC347480.ogg.npy,whiter2,174
grynig2_XC632671.ogg.npy,grynig2,75
categr_XC838330.ogg.npy,categr,33
rewlap1_XC118196.ogg.npy,rewlap1,141
grnsan_XC857940.ogg.npy,grnsan,71
litegr_XC559796.ogg.npy,litegr,106
houspa_XC548522.ogg.npy,houspa,82
kenplo1_XC494526.ogg.npy,kenplo1,98
grefla1_XC424233.ogg.npy,grefla1,66
greegr_XC351385.ogg.npy,greegr,65
spodov_XC381365.ogg.npy,spodov,155
commyn_XC73788.ogg.npy,commyn,41
comkin1_XC576289.ogg.npy,comkin1,39
houspa_XC326996.ogg.npy,houspa,82
rorpar_XC155347.ogg.npy,rorpar,143
bkskit1_XC353809.ogg.npy,bkskit1,13
gargan_XC713988.ogg.npy,gargan,59
gryfra_XC332453.ogg.npy,gryfra,74
comros_XC25109.ogg.npy,comros,43
comkin1_XC840480.ogg.npy,comkin1,39
bcnher_XC709240.ogg.npy,bcnher,10
rorpar_XC288737.ogg.npy,rorpar,143
gyhcaf1_XC116706.ogg.npy,gyhcaf1,78
putbab1_XC772493.ogg.npy,putbab1,136
whiter2_XC795062.ogg.npy,whiter2,174
lirplo_XC528269.ogg.npy,lirplo,105
whtkin2_XC797018.ogg.npy,whtkin2,176
zitcis1_XC858550.ogg.npy,zitcis1,181
comsan_XC667665.ogg.npy,comsan,44
litegr_XC333929.ogg.npy,litegr,106
graher1_XC497248.ogg.npy,graher1,62
eucdov_XC557020.ogg.npy,eucdov,55
graher1_XC540134.ogg.npy,graher1,62
litgre1_XC288739.ogg.npy,litgre1,107
gybpri1_XC423740.ogg.npy,gybpri1,77
gloibi_XC129140.ogg.npy,gloibi,60
asikoe2_XC476817.ogg.npy,asikoe2,4
isbduc1_XC468784.ogg.npy,isbduc1,93
comkin1_XC511664.ogg.npy,comkin1,39
bladro1_XC505290.ogg.npy,bladro1,15
grnsan_XC567943.ogg.npy,grnsan,71
grywag_XC762451.ogg.npy,grywag,76
comsan_XC741572.ogg.npy,comsan,44
ruftre2_XC784525.ogg.npy,ruftre2,146
blakit1_XC839886.ogg.npy,blakit1,17
zitcis1_XC563715.ogg.npy,zitcis1,181
purswa3_XC548990.ogg.npy,purswa3,135
rerswa1_XC753896.ogg.npy,rerswa1,138
rewbul_XC203393.ogg.npy,rewbul,140
dafbab1_XC346186.ogg.npy,dafbab1,51
rerswa1_XC423973.ogg.npy,rerswa1,138
zitcis1_XC550607.ogg.npy,zitcis1,181
sohmyn1_XC469477.ogg.npy,sohmyn1,153
gloibi_XC464845.ogg.npy,gloibi,60
crfbar1_XC215859.ogg.npy,crfbar1,49
blrwar1_XC770034.ogg.npy,blrwar1,20
grejun2_XC507437.ogg.npy,grejun2,68
asikoe2_XC362071.ogg.npy,asikoe2,4
eurcoo_XC428629.ogg.npy,eurcoo,57
grewar3_XC195495.ogg.npy,grewar3,70
comtai1_XC726459.ogg.npy,comtai1,45
purswa3_XC453731.ogg.npy,purswa3,135
thbwar1_XC857838.ogg.npy,thbwar1,160
emedov2_XC811515.ogg.npy,emedov2,54
gloibi_XC417661.ogg.npy,gloibi,60
barswa_XC706615.ogg.npy,barswa,9
litegr_XC510565.ogg.npy,litegr,106
eaywag1_XC471553.ogg.npy,eaywag1,53
comior1_XC372569.ogg.npy,comior1,38
litegr_XC526737.ogg.npy,litegr,106
stbkin1_XC636708.ogg.npy,stbkin1,158
grewar3_XC266546.ogg.npy,grewar3,70
paisto1_XC268752.ogg.npy,paisto1,124
grewar3_XC199249.ogg.npy,grewar3,70
barswa_XC361742.ogg.npy,barswa,9
crseag1_XC826945.ogg.npy,crseag1,50
comsan_XC557085.ogg.npy,comsan,44
comsan_XC643995.ogg.npy,comsan,44
blrwar1_XC422335.ogg.npy,blrwar1,20
whtkin2_XC209213.ogg.npy,whtkin2,176
spodov_XC203400.ogg.npy,spodov,155
labcro1_XC116534.ogg.npy,labcro1,100
hoopoe_XC264882.ogg.npy,hoopoe,80
labcro1_XC790936.ogg.npy,labcro1,100
eucdov_XC285108.ogg.npy,eucdov,55
blrwar1_XC342601.ogg.npy,blrwar1,20
lewduc1_XC377619.ogg.npy,lewduc1,104
bkwsti_XC788438.ogg.npy,bkwsti,14
zitcis1_XC657381.ogg.npy,zitcis1,181
grewar3_XC193711.ogg.npy,grewar3,70
rewlap1_XC514071.ogg.npy,rewlap1,141
gargan_XC360708.ogg.npy,gargan,59
gloibi_XC312185.ogg.npy,gloibi,60
comgre_XC507422.ogg.npy,comgre,37
graher1_XC801005.ogg.npy,graher1,62
wemhar1_XC367952.ogg.npy,wemhar1,166
bkwsti_XC720614.ogg.npy,bkwsti,14
brnhao1_XC503417.ogg.npy,brnhao1,26
gyhcaf1_XC722655.ogg.npy,gyhcaf1,78
eurcoo_XC610589.ogg.npy,eurcoo,57
eurcoo_XC645347.ogg.npy,eurcoo,57
grewar3_XC786583.ogg.npy,grewar3,70
bcnher_XC744818.ogg.npy,bcnher,10
stbkin1_XC529830.ogg.npy,stbkin1,158
labcro1_XC115147.ogg.npy,labcro1,100
gargan_XC318216.ogg.npy,gargan,59
grewar3_XC630505.ogg.npy,grewar3,70
blakit1_XC823305.ogg.npy,blakit1,17
grewar3_XC376516.ogg.npy,grewar3,70
litgre1_XC791035.ogg.npy,litgre1,107
categr_XC368934.ogg.npy,categr,33
pursun3_XC279622.ogg.npy,pursun3,133
comros_XC579082.ogg.npy,comros,43
grywag_XC687398.ogg.npy,grywag,76
purher1_XC639132.ogg.npy,purher1,132
blrwar1_XC478413.ogg.npy,blrwar1,20
whiter2_XC543212.ogg.npy,whiter2,174
marsan_XC493069.ogg.npy,marsan,115
blnmon1_XC406867.ogg.npy,blnmon1,19
rewbul_XC859314.ogg.npy,rewbul,140
lirplo_XC468167.ogg.npy,lirplo,105
rufwoo2_XC303759.ogg.npy,rufwoo2,147
vefnut1_XC31585.ogg.npy,vefnut1,163
labcro1_XC297122.ogg.npy,labcro1,100
greegr_XC171678.ogg.npy,greegr,65
houcro1_XC443065.ogg.npy,houcro1,81
litspi1_XC619549.ogg.npy,litspi1,108
copbar1_XC381612.ogg.npy,copbar1,46
rorpar_XC294456.ogg.npy,rorpar,143
whiter2_XC605105.ogg.npy,whiter2,174
whiter2_XC476922.ogg.npy,whiter2,174
whbwag1_XC196969.ogg.npy,whbwag1,170
mawthr1_XC198320.ogg.npy,mawthr1,116
whtkin2_XC652019.ogg.npy,whtkin2,176
eaywag1_XC642035.ogg.npy,eaywag1,53
piekin1_XC125788.ogg.npy,piekin1,126
purher1_XC191096.ogg.npy,purher1,132
cregos1_XC575553.ogg.npy,cregos1,48
litegr_XC596988.ogg.npy,litegr,106
graher1_XC801581.ogg.npy,graher1,62
litgre1_XC808870.ogg.npy,litgre1,107
rewbul_XC203256.ogg.npy,rewbul,140
thbwar1_XC845334.ogg.npy,thbwar1,160
asbfly_XC718355.ogg.npy,asbfly,0
comkin1_XC614987.ogg.npy,comkin1,39
piebus1_XC814459.ogg.npy,piebus1,125
comgre_XC827794.ogg.npy,comgre,37
comsan_XC240497.ogg.npy,comsan,44
comros_XC373016.ogg.npy,comros,43
bkrfla1_XC208903.ogg.npy,bkrfla1,12
woosan_XC579711.ogg.npy,woosan,177
grtdro1_XC418170.ogg.npy,grtdro1,73
rorpar_XC602169.ogg.npy,rorpar,143
ashwoo2_XC823502.ogg.npy,ashwoo2,3
ruftre2_XC461988.ogg.npy,ruftre2,146
brwowl1_XC637201.ogg.npy,brwowl1,30
commoo3_XC796782.ogg.npy,commoo3,40
rorpar_XC74356.ogg.npy,rorpar,143
litegr_XC586203.ogg.npy,litegr,106
brnshr_XC823496.ogg.npy,brnshr,27
insbab1_XC574338.ogg.npy,insbab1,90
woosan_XC187197.ogg.npy,woosan,177
rewbul_XC770528.ogg.npy,rewbul,140
rorpar_XC756545.ogg.npy,rorpar,143
comior1_XC779685.ogg.npy,comior1,38
blrwar1_XC570201.ogg.npy,blrwar1,20
rewlap1_XC802512.ogg.npy,rewlap1,141
woosan_XC436740.ogg.npy,woosan,177
eucdov_XC720099.ogg.npy,eucdov,55
eurcoo_XC800826.ogg.npy,eurcoo,57
grewar3_XC428984.ogg.npy,grewar3,70
forwag1_XC838777.ogg.npy,forwag1,58
woosan_XC663218.ogg.npy,woosan,177
comros_XC324518.ogg.npy,comros,43
grewar3_XC190192.ogg.npy,grewar3,70
rocpig_XC169212.ogg.npy,rocpig,142
eurcoo_XC631410.ogg.npy,eurcoo,57
blrwar1_XC322360.ogg.npy,blrwar1,20
bkwsti_XC669689.ogg.npy,bkwsti,14
brnhao1_XC778966.ogg.npy,brnhao1,26
spepic1_XC783874.ogg.npy,spepic1,154
graher1_XC644263.ogg.npy,graher1,62
eaywag1_XC657089.ogg.npy,eaywag1,53
houcro1_XC608055.ogg.npy,houcro1,81
labcro1_XC49776.ogg.npy,labcro1,100
eaywag1_XC806631.ogg.npy,eaywag1,53
lblwar1_XC20222.ogg.npy,lblwar1,102
comgre_XC797004.ogg.npy,comgre,37
rewbul_XC463157.ogg.npy,rewbul,140
grewar3_XC574820.ogg.npy,grewar3,70
kenplo1_XC795873.ogg.npy,kenplo1,98
bcnher_XC282624.ogg.npy,bcnher,10
blnmon1_XC660934.ogg.npy,blnmon1,19
comgre_XC686483.ogg.npy,comgre,37
gryfra_XC442342.ogg.npy,gryfra,74
woosan_XC814690.ogg.npy,woosan,177
grywag_XC445268.ogg.npy,grywag,76
whrmun_XC112562.ogg.npy,whrmun,175
grtdro1_XC256284.ogg.npy,grtdro1,73
houspa_XC548334.ogg.npy,houspa,82
btbeat1_XC304002.ogg.npy,btbeat1,31
wemhar1_XC474019.ogg.npy,wemhar1,166
laudov1_XC544178.ogg.npy,laudov1,101
houspa_XC326667.ogg.npy,houspa,82
wemhar1_XC669216.ogg.npy,wemhar1,166
grywag_XC812608.ogg.npy,grywag,76
grewar3_XC567991.ogg.npy,grewar3,70
comkin1_XC586275.ogg.npy,comkin1,39
ashpri1_XC658723.ogg.npy,ashpri1,2
eucdov_XC371039.ogg.npy,eucdov,55
oripip1_XC802196.ogg.npy,oripip1,122
comros_XC371643.ogg.npy,comros,43
tibfly3_XC578344.ogg.npy,tibfly3,161
indrob1_XC647289.ogg.npy,indrob1,85
inpher1_XC31540.ogg.npy,inpher1,89
comsan_XC667674.ogg.npy,comsan,44
commoo3_XC796437.ogg.npy,commoo3,40
grehor1_XC747011.ogg.npy,grehor1,67
houspa_XC583066.ogg.npy,houspa,82
shikra1_XC785413.ogg.npy,shikra1,151
barswa_XC361234.ogg.npy,barswa,9
labcro1_XC163872.ogg.npy,labcro1,100
brwowl1_XC637211.ogg.npy,brwowl1,30
bladro1_XC677311.ogg.npy,bladro1,15
inbrob1_XC608138.ogg.npy,inbrob1,83
bcnher_XC823372.ogg.npy,bcnher,10
piekin1_XC392130.ogg.npy,piekin1,126
comtai1_XC820690.ogg.npy,comtai1,45
litegr_XC605411.ogg.npy,litegr,106
rewbul_XC404132.ogg.npy,rewbul,140
lirplo_XC142810.ogg.npy,lirplo,105
eaywag1_XC399938.ogg.npy,eaywag1,53
commoo3_XC723171.ogg.npy,commoo3,40
whbwat1_XC787528.ogg.npy,whbwat1,171
whbwat1_XC767766.ogg.npy,whbwat1,171
rerswa1_XC423902.ogg.npy,rerswa1,138
eurcoo_XC651962.ogg.npy,eurcoo,57
whiter2_XC188321.ogg.npy,whiter2,174
graher1_XC692944.ogg.npy,graher1,62
graher1_XC795292.ogg.npy,graher1,62
commoo3_XC567627.ogg.npy,commoo3,40
comgre_XC64628.ogg.npy,comgre,37
bladro1_XC116428.ogg.npy,bladro1,15
barfly1_XC856460.ogg.npy,barfly1,8
ashdro1_XC308273.ogg.npy,ashdro1,1
graher1_XC461052.ogg.npy,graher1,62
bkwsti_XC184419.ogg.npy,bkwsti,14
thbwar1_XC352389.ogg.npy,thbwar1,160
comior1_XC857168.ogg.npy,comior1,38
litegr_XC383366.ogg.npy,litegr,106
comtai1_XC555515.ogg.npy,comtai1,45
blnmon1_XC569942.ogg.npy,blnmon1,19
hoopoe_XC685943.ogg.npy,hoopoe,80
comsan_XC831851.ogg.npy,comsan,44
labcro1_XC805894.ogg.npy,labcro1,100
bkwsti_XC668229.ogg.npy,bkwsti,14
rorpar_XC463499.ogg.npy,rorpar,143
comkin1_XC598207.ogg.npy,comkin1,39
bkskit1_XC350369.ogg.npy,bkskit1,13
comior1_XC730885.ogg.npy,comior1,38
aspfly1_XC444464.ogg.npy,aspfly1,6
rewbul_XC582598.ogg.npy,rewbul,140
whiter2_XC565041.ogg.npy,whiter2,174
brnhao1_XC608653.ogg.npy,brnhao1,26
grywag_XC484997.ogg.npy,grywag,76
woosan_XC805741.ogg.npy,woosan,177
blrwar1_XC650740.ogg.npy,blrwar1,20
asikoe2_XC653834.ogg.npy,asikoe2,4
asikoe2_XC578003.ogg.npy,asikoe2,4
litegr_XC376639.ogg.npy,litegr,106
kenplo1_XC768155.ogg.npy,kenplo1,98
ruftre2_XC627915.ogg.npy,ruftre2,146
comros_XC560259.ogg.npy,comros,43
litgre1_XC838764.ogg.npy,litgre1,107
vefnut1_XC743684.ogg.npy,vefnut1,163
purher1_XC276851.ogg.npy,purher1,132
brnhao1_XC394036.ogg.npy,brnhao1,26
comkin1_XC188956.ogg.npy,comkin1,39
woosan_XC324627.ogg.npy,woosan,177
eurcoo_XC555720.ogg.npy,eurcoo,57
graher1_XC638183.ogg.npy,graher1,62
maghor2_XC178255.ogg.npy,maghor2,111
piekin1_XC515826.ogg.npy,piekin1,126
bkskit1_XC350251.ogg.npy,bkskit1,13
barswa_XC660532.ogg.npy,barswa,9
graher1_XC789438.ogg.npy,graher1,62
rufwoo2_XC147233.ogg.npy,rufwoo2,147
putbab1_XC29582.ogg.npy,putbab1,136
barswa_XC702807.ogg.npy,barswa,9
houspa_XC624151.ogg.npy,houspa,82
blrwar1_XC657910.ogg.npy,blrwar1,20
grtdro1_XC267365.ogg.npy,grtdro1,73
plapri1_XC841196.ogg.npy,plapri1,129
comgre_XC724744.ogg.npy,comgre,37
barswa_XC186847.ogg.npy,barswa,9
bwfshr1_XC150759.ogg.npy,bwfshr1,32
marsan_XC648415.ogg.npy,marsan,115
brakit1_XC736313.ogg.npy,brakit1,22
revbul_XC116830.ogg.npy,revbul,139
comsan_XC582120.ogg.npy,comsan,44
grecou1_XC621007.ogg.npy,grecou1,64
litgre1_XC677251.ogg.npy,litgre1,107
plaflo1_XC659312.ogg.npy,plaflo1,128
brnhao1_XC150289.ogg.npy,brnhao1,26
grewar3_XC319865.ogg.npy,grewar3,70
grewar3_XC266867.ogg.npy,grewar3,70
barswa_XC163458.ogg.npy,barswa,9
graher1_XC603396.ogg.npy,graher1,62
chbeat1_XC702175.ogg.npy,chbeat1,34
whtkin2_XC430267.ogg.npy,whtkin2,176
zitcis1_XC341142.ogg.npy,zitcis1,181
eurcoo_XC461324.ogg.npy,eurcoo,57
bladro1_XC152449.ogg.npy,bladro1,15
tibfly3_XC113622.ogg.npy,tibfly3,161
commoo3_XC737297.ogg.npy,commoo3,40
grenig1_XC295776.ogg.npy,grenig1,69
comior1_XC803973.ogg.npy,comior1,38
bladro1_XC116430.ogg.npy,bladro1,15
woosan_XC381826.ogg.npy,woosan,177
eurcoo_XC696734.ogg.npy,eurcoo,57
commoo3_XC545090.ogg.npy,commoo3,40
graher1_XC664797.ogg.npy,graher1,62
grnsan_XC745495.ogg.npy,grnsan,71
comros_XC563477.ogg.npy,comros,43
graher1_XC357551.ogg.npy,graher1,62
barswa_XC669743.ogg.npy,barswa,9
jerbus2_XC266691.ogg.npy,jerbus2,94
ashdro1_XC399007.ogg.npy,ashdro1,1
comgre_XC795634.ogg.npy,comgre,37
eucdov_XC703152.ogg.npy,eucdov,55
wemhar1_XC313983.ogg.npy,wemhar1,166
wemhar1_XC709831.ogg.npy,wemhar1,166
whbwat1_XC447222.ogg.npy,whbwat1,171
gryfra_XC447189.ogg.npy,gryfra,74
comros_XC289946.ogg.npy,comros,43
copbar1_XC401214.ogg.npy,copbar1,46
wemhar1_XC129897.ogg.npy,wemhar1,166
barswa_XC416955.ogg.npy,barswa,9
hoopoe_XC306214.ogg.npy,hoopoe,80
gloibi_XC379771.ogg.npy,gloibi,60
eaywag1_XC765052.ogg.npy,eaywag1,53
commoo3_XC586135.ogg.npy,commoo3,40
bkwsti_XC649111.ogg.npy,bkwsti,14
ruftre2_XC209009.ogg.npy,ruftre2,146
blrwar1_XC657563.ogg.npy,blrwar1,20
brwowl1_XC163479.ogg.npy,brwowl1,30
stbkin1_XC856752.ogg.npy,stbkin1,158
grnsan_XC436467.ogg.npy,grnsan,71
bkwsti_XC807581.ogg.npy,bkwsti,14
comkin1_XC367683.ogg.npy,comkin1,39
bkwsti_XC340790.ogg.npy,bkwsti,14
blrwar1_XC321311.ogg.npy,blrwar1,20
spepic1_XC460097.ogg.npy,spepic1,154
brcful1_XC397753.ogg.npy,brcful1,24
eurcoo_XC784638.ogg.npy,eurcoo,57
kenplo1_XC833548.ogg.npy,kenplo1,98
grnwar1_XC472265.ogg.npy,grnwar1,72
commyn_XC203359.ogg.npy,commyn,41
stbkin1_XC637356.ogg.npy,stbkin1,158
copbar1_XC701873.ogg.npy,copbar1,46
rorpar_XC584349.ogg.npy,rorpar,143
shikra1_XC341470.ogg.npy,shikra1,151
hoopoe_XC719855.ogg.npy,hoopoe,80
rewbul_XC196951.ogg.npy,rewbul,140
woosan_XC651968.ogg.npy,woosan,177
greegr_XC292923.ogg.npy,greegr,65
grnsan_XC586518.ogg.npy,grnsan,71
comkin1_XC529948.ogg.npy,comkin1,39
forwag1_XC807375.ogg.npy,forwag1,58
gloibi_XC773516.ogg.npy,gloibi,60
whiter2_XC346336.ogg.npy,whiter2,174
eucdov_XC806668.ogg.npy,eucdov,55
comros_XC189887.ogg.npy,comros,43
grewar3_XC806046.ogg.npy,grewar3,70
grnwar1_XC472266.ogg.npy,grnwar1,72
grtdro1_XC240334.ogg.npy,grtdro1,73
blrwar1_XC572610.ogg.npy,blrwar1,20
zitcis1_XC570143.ogg.npy,zitcis1,181
commoo3_XC764958.ogg.npy,commoo3,40
rossta2_XC807778.ogg.npy,rossta2,144
eurcoo_XC645579.ogg.npy,eurcoo,57
eucdov_XC669823.ogg.npy,eucdov,55
grewar3_XC561035.ogg.npy,grewar3,70
blrwar1_XC422048.ogg.npy,blrwar1,20
houspa_XC856957.ogg.npy,houspa,82
categr_XC418997.ogg.npy,categr,33
pabflo1_XC652776.ogg.npy,pabflo1,123
blakit1_XC744738.ogg.npy,blakit1,17
purher1_XC339765.ogg.npy,purher1,132
comtai1_XC594968.ogg.npy,comtai1,45
gargan_XC709123.ogg.npy,gargan,59
comior1_XC590314.ogg.npy,comior1,38
commoo3_XC710100.ogg.npy,commoo3,40
whrmun_XC702176.ogg.npy,whrmun,175
comsan_XC686324.ogg.npy,comsan,44
rorpar_XC308042.ogg.npy,rorpar,143
pabflo1_XC778606.ogg.npy,pabflo1,123
blrwar1_XC453364.ogg.npy,blrwar1,20
comsan_XC385909.ogg.npy,comsan,44
eaywag1_XC679400.ogg.npy,eaywag1,53
blrwar1_XC120633.ogg.npy,blrwar1,20
blrwar1_XC653925.ogg.npy,blrwar1,20
rewlap1_XC74221.ogg.npy,rewlap1,141
bkskit1_XC350246.ogg.npy,bkskit1,13
bkwsti_XC731861.ogg.npy,bkwsti,14
whiter2_XC346335.ogg.npy,whiter2,174
oripip1_XC560516.ogg.npy,oripip1,122
hoopoe_XC431407.ogg.npy,hoopoe,80
litspi1_XC654686.ogg.npy,litspi1,108
rewlap1_XC386793.ogg.npy,rewlap1,141
brnshr_XC446324.ogg.npy,brnshr,27
comgre_XC365780.ogg.npy,comgre,37
blhori1_XC123017.ogg.npy,blhori1,18
niwpig1_XC123012.ogg.npy,niwpig1,119
rerswa1_XC199570.ogg.npy,rerswa1,138
litgre1_XC494178.ogg.npy,litgre1,107
barswa_XC368012.ogg.npy,barswa,9
woosan_XC553364.ogg.npy,woosan,177
litgre1_XC381775.ogg.npy,litgre1,107
whbbul2_XC285527.ogg.npy,whbbul2,167
grewar3_XC375802.ogg.npy,grewar3,70
bkwsti_XC780711.ogg.npy,bkwsti,14
commyn_XC504382.ogg.npy,commyn,41
kenplo1_XC552784.ogg.npy,kenplo1,98
ruftre2_XC572371.ogg.npy,ruftre2,146
copbar1_XC362355.ogg.npy,copbar1,46
litspi1_XC777297.ogg.npy,litspi1,108
rorpar_XC662744.ogg.npy,rorpar,143
marsan_XC120426.ogg.npy,marsan,115
rewbul_XC738293.ogg.npy,rewbul,140
bkskit1_XC670866.ogg.npy,bkskit1,13
comgre_XC454594.ogg.npy,comgre,37
grewar3_XC824532.ogg.npy,grewar3,70
grywag_XC588000.ogg.npy,grywag,76
hoopoe_XC560352.ogg.npy,hoopoe,80
commyn_XC519659.ogg.npy,commyn,41
bcnher_XC546448.ogg.npy,bcnher,10
comgre_XC829828.ogg.npy,comgre,37
bkskit1_XC352558.ogg.npy,bkskit1,13
labcro1_XC577848.ogg.npy,labcro1,100
woosan_XC821351.ogg.npy,woosan,177
junbab2_XC157875.ogg.npy,junbab2,95
rewbul_XC187044.ogg.npy,rewbul,140
gyhcaf1_XC356186.ogg.npy,gyhcaf1,78
comtai1_XC834666.ogg.npy,comtai1,45
indpit1_XC417097.ogg.npy,indpit1,84
inbrob1_XC402423.ogg.npy,inbrob1,83
houspa_XC557010.ogg.npy,houspa,82
houcro1_XC686122.ogg.npy,houcro1,81
graher1_XC743546.ogg.npy,graher1,62
ashpri1_XC116339.ogg.npy,ashpri1,2
hoopoe_XC743432.ogg.npy,hoopoe,80
kenplo1_XC845786.ogg.npy,kenplo1,98
grywag_XC687559.ogg.npy,grywag,76
bkwsti_XC794551.ogg.npy,bkwsti,14
revbul_XC117098.ogg.npy,revbul,139
grecou1_XC357939.ogg.npy,grecou1,64
rerswa1_XC471774.ogg.npy,rerswa1,138
woosan_XC380947.ogg.npy,woosan,177
grywag_XC575684.ogg.npy,grywag,76
litgre1_XC303533.ogg.npy,litgre1,107
gyhcaf1_XC841424.ogg.npy,gyhcaf1,78
blrwar1_XC507769.ogg.npy,blrwar1,20
comfla1_XC699944.ogg.npy,comfla1,36
comtai1_XC633435.ogg.npy,comtai1,45
blrwar1_XC807127.ogg.npy,blrwar1,20
categr_XC756293.ogg.npy,categr,33
rossta2_XC566754.ogg.npy,rossta2,144
comgre_XC731541.ogg.npy,comgre,37
rewbul_XC365206.ogg.npy,rewbul,140
grnwar1_XC675699.ogg.npy,grnwar1,72
comgre_XC691567.ogg.npy,comgre,37
blhori1_XC572660.ogg.npy,blhori1,18
lirplo_XC628026.ogg.npy,lirplo,105
barswa_XC256096.ogg.npy,barswa,9
sbeowl1_XC433832.ogg.npy,sbeowl1,149
bkwsti_XC175404.ogg.npy,bkwsti,14
commoo3_XC537702.ogg.npy,commoo3,40
zitcis1_XC469524.ogg.npy,zitcis1,181
piebus1_XC185033.ogg.npy,piebus1,125
lirplo_XC544370.ogg.npy,lirplo,105
houcro1_XC407853.ogg.npy,houcro1,81
asikoe2_XC464464.ogg.npy,asikoe2,4
greegr_XC705410.ogg.npy,greegr,65
eaywag1_XC765258.ogg.npy,eaywag1,53
comkin1_XC466431.ogg.npy,comkin1,39
labcro1_XC332868.ogg.npy,labcro1,100
comkin1_XC760733.ogg.npy,comkin1,39
indtit1_XC209048.ogg.npy,indtit1,87
zitcis1_XC378572.ogg.npy,zitcis1,181
eaywag1_XC145148.ogg.npy,eaywag1,53
crfbar1_XC615778.ogg.npy,crfbar1,49
comsan_XC495023.ogg.npy,comsan,44
grtdro1_XC208787.ogg.npy,grtdro1,73
shikra1_XC185039.ogg.npy,shikra1,151
indrol2_XC397283.ogg.npy,indrol2,86
litegr_XC704009.ogg.npy,litegr,106
litegr_XC585272.ogg.npy,litegr,106
whtkin2_XC575206.ogg.npy,whtkin2,176
litgre1_XC267207.ogg.npy,litgre1,107
bcnher_XC432143.ogg.npy,bcnher,10
comior1_XC125847.ogg.npy,comior1,38
rerswa1_XC293058.ogg.npy,rerswa1,138
comtai1_XC723901.ogg.npy,comtai1,45
graher1_XC706695.ogg.npy,graher1,62
litgre1_XC806247.ogg.npy,litgre1,107
commoo3_XC776228.ogg.npy,commoo3,40
putbab1_XC573334.ogg.npy,putbab1,136
rorpar_XC606452.ogg.npy,rorpar,143
woosan_XC792155.ogg.npy,woosan,177
brodro1_XC798112.ogg.npy,brodro1,28
litgre1_XC746251.ogg.npy,litgre1,107
blrwar1_XC561845.ogg.npy,blrwar1,20
litgre1_XC839037.ogg.npy,litgre1,107
rufbab3_XC19830.ogg.npy,rufbab3,145
litgre1_XC484443.ogg.npy,litgre1,107
kenplo1_XC655041.ogg.npy,kenplo1,98
brwowl1_XC768401.ogg.npy,brwowl1,30
bkskit1_XC433767.ogg.npy,bkskit1,13
bcnher_XC544373.ogg.npy,bcnher,10
yebbab1_XC346138.ogg.npy,yebbab1,179
bcnher_XC429315.ogg.npy,bcnher,10
lblwar1_XC267145.ogg.npy,lblwar1,102
plapri1_XC362827.ogg.npy,plapri1,129
gyhcaf1_XC855806.ogg.npy,gyhcaf1,78
plapri1_XC379929.ogg.npy,plapri1,129
grewar3_XC184025.ogg.npy,grewar3,70
woosan_XC430928.ogg.npy,woosan,177
hoopoe_XC367872.ogg.npy,hoopoe,80
gybpri1_XC430258.ogg.npy,gybpri1,77
whbtre1_XC211619.ogg.npy,whbtre1,169
rerswa1_XC193697.ogg.npy,rerswa1,138
grewar3_XC318068.ogg.npy,grewar3,70
mawthr1_XC443132.ogg.npy,mawthr1,116
eurcoo_XC384481.ogg.npy,eurcoo,57
eurcoo_XC553784.ogg.npy,eurcoo,57
yebbab1_XC465497.ogg.npy,yebbab1,179
grtdro1_XC730922.ogg.npy,grtdro1,73
graher1_XC819669.ogg.npy,graher1,62
comkin1_XC741370.ogg.npy,comkin1,39
grnsan_XC844186.ogg.npy,grnsan,71
blhori1_XC798561.ogg.npy,blhori1,18
asikoe2_XC327430.ogg.npy,asikoe2,4
commoo3_XC483557.ogg.npy,commoo3,40
marsan_XC294971.ogg.npy,marsan,115
grnsan_XC747583.ogg.npy,grnsan,71
commyn_XC110983.ogg.npy,commyn,41
plhpar1_XC776894.ogg.npy,plhpar1,130
comsan_XC526758.ogg.npy,comsan,44
piekin1_XC855531.ogg.npy,piekin1,126
grewar3_XC792613.ogg.npy,grewar3,70
lirplo_XC482669.ogg.npy,lirplo,105
barswa_XC698512.ogg.npy,barswa,9
whbwat1_XC707487.ogg.npy,whbwat1,171
bcnher_XC542993.ogg.npy,bcnher,10
rocpig_XC602012.ogg.npy,rocpig,142
barswa_XC247566.ogg.npy,barswa,9
eaywag1_XC134810.ogg.npy,eaywag1,53
rerswa1_XC447361.ogg.npy,rerswa1,138
barswa_XC584461.ogg.npy,barswa,9
blakit1_XC695515.ogg.npy,blakit1,17
cohcuc1_XC331244.ogg.npy,cohcuc1,35
zitcis1_XC422082.ogg.npy,zitcis1,181
brnshr_XC591614.ogg.npy,brnshr,27
comior1_XC710198.ogg.npy,comior1,38
gargan_XC714871.ogg.npy,gargan,59
hoopoe_XC736463.ogg.npy,hoopoe,80
lirplo_XC469506.ogg.npy,lirplo,105
eurbla2_XC571204.ogg.npy,eurbla2,56
commoo3_XC570318.ogg.npy,commoo3,40
insbab1_XC380046.ogg.npy,insbab1,90
grejun2_XC216654.ogg.npy,grejun2,68
comsan_XC648403.ogg.npy,comsan,44
labcro1_XC840606.ogg.npy,labcro1,100
blrwar1_XC651030.ogg.npy,blrwar1,20
blnmon1_XC797508.ogg.npy,blnmon1,19
eucdov_XC501104.ogg.npy,eucdov,55
categr_XC368933.ogg.npy,categr,33
blakit1_XC464266.ogg.npy,blakit1,17
whtkin2_XC297728.ogg.npy,whtkin2,176
vehpar1_XC365187.ogg.npy,vehpar1,164
bcnher_XC541169.ogg.npy,bcnher,10
houspa_XC720636.ogg.npy,houspa,82
brnshr_XC330917.ogg.npy,brnshr,27
gyhcaf1_XC820554.ogg.npy,gyhcaf1,78
rocpig_XC486872.ogg.npy,rocpig,142
litgre1_XC624469.ogg.npy,litgre1,107
commoo3_XC545411.ogg.npy,commoo3,40
bkskit1_XC352510.ogg.npy,bkskit1,13
hoopoe_XC399124.ogg.npy,hoopoe,80
barswa_XC672598.ogg.npy,barswa,9
comgre_XC383051.ogg.npy,comgre,37
grejun2_XC431195.ogg.npy,grejun2,68
eaywag1_XC800166.ogg.npy,eaywag1,53
graher1_XC600678.ogg.npy,graher1,62
blrwar1_XC179665.ogg.npy,blrwar1,20
grtdro1_XC798100.ogg.npy,grtdro1,73
woosan_XC661721.ogg.npy,woosan,177
asikoe2_XC812737.ogg.npy,asikoe2,4
pursun4_XC73048.ogg.npy,pursun4,134
barswa_XC286592.ogg.npy,barswa,9
hoopoe_XC611594.ogg.npy,hoopoe,80
litgre1_XC408064.ogg.npy,litgre1,107
whcbar1_XC574337.ogg.npy,whcbar1,173
laudov1_XC405376.ogg.npy,laudov1,101
bcnher_XC277486.ogg.npy,bcnher,10
eaywag1_XC795434.ogg.npy,eaywag1,53
comior1_XC313095.ogg.npy,comior1,38
litspi1_XC390753.ogg.npy,litspi1,108
grewar3_XC180639.ogg.npy,grewar3,70
bkwsti_XC605113.ogg.npy,bkwsti,14
blnmon1_XC510518.ogg.npy,blnmon1,19
comros_XC252038.ogg.npy,comros,43
bcnher_XC566574.ogg.npy,bcnher,10
pursun4_XC635411.ogg.npy,pursun4,134
whtkin2_XC381375.ogg.npy,whtkin2,176
comsan_XC422063.ogg.npy,comsan,44
labcro1_XC843977.ogg.npy,labcro1,100
spodov_XC433841.ogg.npy,spodov,155
eurcoo_XC552035.ogg.npy,eurcoo,57
brakit1_XC386935.ogg.npy,brakit1,22
graher1_XC664008.ogg.npy,graher1,62
zitcis1_XC374757.ogg.npy,zitcis1,181
blakit1_XC365863.ogg.npy,blakit1,17
putbab1_XC613226.ogg.npy,putbab1,136
rewbul_XC608372.ogg.npy,rewbul,140
comros_XC181219.ogg.npy,comros,43
bkwsti_XC788175.ogg.npy,bkwsti,14
rufbab3_XC123007.ogg.npy,rufbab3,145
bcnher_XC671636.ogg.npy,bcnher,10
asbfly_XC767510.ogg.npy,asbfly,0
maghor2_XC266919.ogg.npy,maghor2,111
barswa_XC452059.ogg.npy,barswa,9
grenig1_XC698854.ogg.npy,grenig1,69
commyn_XC184793.ogg.npy,commyn,41
vehpar1_XC715629.ogg.npy,vehpar1,164
hoopoe_XC724610.ogg.npy,hoopoe,80
lirplo_XC722700.ogg.npy,lirplo,105
litgre1_XC409766.ogg.npy,litgre1,107
comsan_XC325200.ogg.npy,comsan,44
blhori1_XC461602.ogg.npy,blhori1,18
grewar3_XC567449.ogg.npy,grewar3,70
barswa_XC669362.ogg.npy,barswa,9
comfla1_XC401921.ogg.npy,comfla1,36
litswi1_XC443714.ogg.npy,litswi1,109
greegr_XC307188.ogg.npy,greegr,65
ashwoo2_XC125152.ogg.npy,ashwoo2,3
greegr_XC605062.ogg.npy,greegr,65
asikoe2_XC578352.ogg.npy,asikoe2,4
commoo3_XC637379.ogg.npy,commoo3,40
asikoe2_XC799273.ogg.npy,asikoe2,4
blhori1_XC293004.ogg.npy,blhori1,18
rerswa1_XC637458.ogg.npy,rerswa1,138
graher1_XC781893.ogg.npy,graher1,62
grewar3_XC418704.ogg.npy,grewar3,70
whbwat1_XC474096.ogg.npy,whbwat1,171
commyn_XC652903.ogg.npy,commyn,41
oripip1_XC240466.ogg.npy,oripip1,122
gyhcaf1_XC700074.ogg.npy,gyhcaf1,78
asbfly_XC785503.ogg.npy,asbfly,0
commoo3_XC562032.ogg.npy,commoo3,40
rorpar_XC516404.ogg.npy,rorpar,143
blakit1_XC304295.ogg.npy,blakit1,17
comtai1_XC489159.ogg.npy,comtai1,45
rewbul_XC123010.ogg.npy,rewbul,140
pursun4_XC514853.ogg.npy,pursun4,134
btbeat1_XC295155.ogg.npy,btbeat1,31
ruftre2_XC593438.ogg.npy,ruftre2,146
grewar3_XC424680.ogg.npy,grewar3,70
bkwsti_XC657614.ogg.npy,bkwsti,14
eaywag1_XC523246.ogg.npy,eaywag1,53
shikra1_XC296421.ogg.npy,shikra1,151
comgre_XC680204.ogg.npy,comgre,37
kenplo1_XC765539.ogg.npy,kenplo1,98
grewar3_XC639490.ogg.npy,grewar3,70
grywag_XC184261.ogg.npy,grywag,76
hoopoe_XC798803.ogg.npy,hoopoe,80
ruftre2_XC283556.ogg.npy,ruftre2,146
lirplo_XC814605.ogg.npy,lirplo,105
piekin1_XC515829.ogg.npy,piekin1,126
zitcis1_XC668285.ogg.npy,zitcis1,181
blhori1_XC346526.ogg.npy,blhori1,18
gybpri1_XC823527.ogg.npy,gybpri1,77
litspi1_XC578362.ogg.npy,litspi1,108
houspa_XC182704.ogg.npy,houspa,82
whiter2_XC480127.ogg.npy,whiter2,174
grtdro1_XC440138.ogg.npy,grtdro1,73
bkwsti_XC684951.ogg.npy,bkwsti,14
litswi1_XC440155.ogg.npy,litswi1,109
comior1_XC657866.ogg.npy,comior1,38
whiter2_XC189704.ogg.npy,whiter2,174
gargan_XC553738.ogg.npy,gargan,59
eaywag1_XC204556.ogg.npy,eaywag1,53
bcnher_XC732322.ogg.npy,bcnher,10
commyn_XC176315.ogg.npy,commyn,41
woosan_XC146063.ogg.npy,woosan,177
asikoe2_XC555554.ogg.npy,asikoe2,4
yebbab1_XC444696.ogg.npy,yebbab1,179
hoopoe_XC560366.ogg.npy,hoopoe,80
revbul_XC157864.ogg.npy,revbul,139
bkcbul1_XC448142.ogg.npy,bkcbul1,11
rorpar_XC584366.ogg.npy,rorpar,143
bcnher_XC796526.ogg.npy,bcnher,10
comros_XC324514.ogg.npy,comros,43
comkin1_XC621663.ogg.npy,comkin1,39
barswa_XC435493.ogg.npy,barswa,9
litgre1_XC791024.ogg.npy,litgre1,107
wemhar1_XC727227.ogg.npy,wemhar1,166
blnmon1_XC560430.ogg.npy,blnmon1,19
comtai1_XC394262.ogg.npy,comtai1,45
eaywag1_XC675935.ogg.npy,eaywag1,53
vefnut1_XC756626.ogg.npy,vefnut1,163
comsan_XC318810.ogg.npy,comsan,44
bkskit1_XC353832.ogg.npy,bkskit1,13
emedov2_XC296473.ogg.npy,emedov2,54
eucdov_XC562198.ogg.npy,eucdov,55
commoo3_XC591433.ogg.npy,commoo3,40
grtdro1_XC461008.ogg.npy,grtdro1,73
ruftre2_XC295435.ogg.npy,ruftre2,146
laudov1_XC185716.ogg.npy,laudov1,101
grnwar1_XC798330.ogg.npy,grnwar1,72
whiter2_XC190978.ogg.npy,whiter2,174
gargan_XC742718.ogg.npy,gargan,59
categr_XC687763.ogg.npy,categr,33
gloibi_XC108825.ogg.npy,gloibi,60
grywag_XC805030.ogg.npy,grywag,76
greegr_XC560053.ogg.npy,greegr,65
shikra1_XC364120.ogg.npy,shikra1,151
barswa_XC779619.ogg.npy,barswa,9
greegr_XC234780.ogg.npy,greegr,65
bcnher_XC643793.ogg.npy,bcnher,10
kenplo1_XC193588.ogg.npy,kenplo1,98
labcro1_XC115148.ogg.npy,labcro1,100
categr_XC246911.ogg.npy,categr,33
eurcoo_XC548834.ogg.npy,eurcoo,57
gyhcaf1_XC293601.ogg.npy,gyhcaf1,78
litgre1_XC611428.ogg.npy,litgre1,107
comsan_XC571109.ogg.npy,comsan,44
kenplo1_XC376956.ogg.npy,kenplo1,98
comsan_XC819488.ogg.npy,comsan,44
grywag_XC138586.ogg.npy,grywag,76
eurcoo_XC715227.ogg.npy,eurcoo,57
woosan_XC380950.ogg.npy,woosan,177
rorpar_XC202572.ogg.npy,rorpar,143
brnshr_XC805979.ogg.npy,brnshr,27
bkwsti_XC132077.ogg.npy,bkwsti,14
labcro1_XC490161.ogg.npy,labcro1,100
rorpar_XC579354.ogg.npy,rorpar,143
hoopoe_XC551446.ogg.npy,hoopoe,80
mawthr1_XC605960.ogg.npy,mawthr1,116
bwfshr1_XC788281.ogg.npy,bwfshr1,32
inpher1_XC528963.ogg.npy,inpher1,89
grnwar1_XC741936.ogg.npy,grnwar1,72
indpit1_XC214008.ogg.npy,indpit1,84
gyhcaf1_XC773524.ogg.npy,gyhcaf1,78
rocpig_XC269763.ogg.npy,rocpig,142
stbkin1_XC124417.ogg.npy,stbkin1,158
blrwar1_XC568723.ogg.npy,blrwar1,20
comkin1_XC529947.ogg.npy,comkin1,39
labcro1_XC299718.ogg.npy,labcro1,100
tibfly3_XC209014.ogg.npy,tibfly3,161
woosan_XC494203.ogg.npy,woosan,177
jerbus2_XC644020.ogg.npy,jerbus2,94
comros_XC435912.ogg.npy,comros,43
junowl1_XC423767.ogg.npy,junowl1,97
bkwsti_XC820410.ogg.npy,bkwsti,14
commoo3_XC459715.ogg.npy,commoo3,40
eucdov_XC736416.ogg.npy,eucdov,55
gybpri1_XC331899.ogg.npy,gybpri1,77
whbwat1_XC795996.ogg.npy,whbwat1,171
comros_XC561652.ogg.npy,comros,43
junowl1_XC451764.ogg.npy,junowl1,97
kenplo1_XC333821.ogg.npy,kenplo1,98
grywag_XC535935.ogg.npy,grywag,76
blnmon1_XC330164.ogg.npy,blnmon1,19
bkrfla1_XC267360.ogg.npy,bkrfla1,12
rewbul_XC522219.ogg.npy,rewbul,140
whcbar1_XC354627.ogg.npy,whcbar1,173
grnsan_XC132080.ogg.npy,grnsan,71
gargan_XC25883.ogg.npy,gargan,59
brfowl1_XC826279.ogg.npy,brfowl1,25
comtai1_XC660402.ogg.npy,comtai1,45
eaywag1_XC411637.ogg.npy,eaywag1,53
tibfly3_XC413635.ogg.npy,tibfly3,161
whtkin2_XC652829.ogg.npy,whtkin2,176
hoopoe_XC307020.ogg.npy,hoopoe,80
blrwar1_XC732230.ogg.npy,blrwar1,20
blrwar1_XC442757.ogg.npy,blrwar1,20
rerswa1_XC734720.ogg.npy,rerswa1,138
comtai1_XC116531.ogg.npy,comtai1,45
barswa_XC664995.ogg.npy,barswa,9
comgre_XC667784.ogg.npy,comgre,37
whbsho3_XC744222.ogg.npy,whbsho3,168
indpit1_XC343023.ogg.npy,indpit1,84
eurcoo_XC37445.ogg.npy,eurcoo,57
grewar3_XC321352.ogg.npy,grewar3,70
comior1_XC658745.ogg.npy,comior1,38
categr_XC194457.ogg.npy,categr,33
grywag_XC564937.ogg.npy,grywag,76
houspa_XC454444.ogg.npy,houspa,82
blnmon1_XC730729.ogg.npy,blnmon1,19
grnsan_XC672955.ogg.npy,grnsan,71
laudov1_XC665554.ogg.npy,laudov1,101
bkwsti_XC726579.ogg.npy,bkwsti,14
lirplo_XC803663.ogg.npy,lirplo,105
purher1_XC725446.ogg.npy,purher1,132
whbsho3_XC856377.ogg.npy,whbsho3,168
eaywag1_XC372971.ogg.npy,eaywag1,53
bkrfla1_XC453733.ogg.npy,bkrfla1,12
whiter2_XC761899.ogg.npy,whiter2,174
eucdov_XC788377.ogg.npy,eucdov,55
rocpig_XC408823.ogg.npy,rocpig,142
graher1_XC716088.ogg.npy,graher1,62
stbkin1_XC716671.ogg.npy,stbkin1,158
labcro1_XC266876.ogg.npy,labcro1,100
btbeat1_XC779879.ogg.npy,btbeat1,31
comsan_XC755211.ogg.npy,comsan,44
blaeag1_XC538922.ogg.npy,blaeag1,16
blakit1_XC420671.ogg.npy,blakit1,17
rorpar_XC208675.ogg.npy,rorpar,143
lblwar1_XC319931.ogg.npy,lblwar1,102
rerswa1_XC697563.ogg.npy,rerswa1,138
blrwar1_XC488579.ogg.npy,blrwar1,20
comsan_XC669967.ogg.npy,comsan,44
greegr_XC116544.ogg.npy,greegr,65
brcful1_XC190735.ogg.npy,brcful1,24
zitcis1_XC564072.ogg.npy,zitcis1,181
asikoe2_XC585187.ogg.npy,asikoe2,4
orihob2_XC558178.ogg.npy,orihob2,121
maghor2_XC297309.ogg.npy,maghor2,111
gloibi_XC800221.ogg.npy,gloibi,60
hoopoe_XC247298.ogg.npy,hoopoe,80
comgre_XC552419.ogg.npy,comgre,37
graher1_XC585613.ogg.npy,graher1,62
commoo3_XC603034.ogg.npy,commoo3,40
eurcoo_XC496861.ogg.npy,eurcoo,57
gargan_XC631488.ogg.npy,gargan,59
barswa_XC337985.ogg.npy,barswa,9
bkwsti_XC613602.ogg.npy,bkwsti,14
blrwar1_XC656465.ogg.npy,blrwar1,20
bkwsti_XC308180.ogg.npy,bkwsti,14
nutman_XC202650.ogg.npy,nutman,120
litswi1_XC379681.ogg.npy,litswi1,109
bkwsti_XC835990.ogg.npy,bkwsti,14
woosan_XC585041.ogg.npy,woosan,177
graher1_XC474163.ogg.npy,graher1,62
grywag_XC360715.ogg.npy,grywag,76
bcnher_XC827580.ogg.npy,bcnher,10
houspa_XC644556.ogg.npy,houspa,82
woosan_XC666572.ogg.npy,woosan,177
comgre_XC396618.ogg.npy,comgre,37
blhori1_XC116435.ogg.npy,blhori1,18
bkwsti_XC665954.ogg.npy,bkwsti,14
zitcis1_XC568397.ogg.npy,zitcis1,181
grewar3_XC608692.ogg.npy,grewar3,70
inpher1_XC391986.ogg.npy,inpher1,89
litgre1_XC718299.ogg.npy,litgre1,107
houspa_XC178375.ogg.npy,houspa,82
putbab1_XC210537.ogg.npy,putbab1,136
whtkin2_XC436748.ogg.npy,whtkin2,176
grtdro1_XC441223.ogg.npy,grtdro1,73
whiter2_XC266240.ogg.npy,whiter2,174
hoopoe_XC306213.ogg.npy,hoopoe,80
gybpri1_XC362824.ogg.npy,gybpri1,77
rewbul_XC365208.ogg.npy,rewbul,140
comkin1_XC518056.ogg.npy,comkin1,39
comkin1_XC198905.ogg.npy,comkin1,39
oripip1_XC618393.ogg.npy,oripip1,122
commoo3_XC707712.ogg.npy,commoo3,40
laudov1_XC405375.ogg.npy,laudov1,101
vehpar1_XC778706.ogg.npy,vehpar1,164
laudov1_XC405381.ogg.npy,laudov1,101
comsan_XC747335.ogg.npy,comsan,44
bkwsti_XC801123.ogg.npy,bkwsti,14
kenplo1_XC726147.ogg.npy,kenplo1,98
gloibi_XC530553.ogg.npy,gloibi,60
woosan_XC663903.ogg.npy,woosan,177
grewar3_XC656629.ogg.npy,grewar3,70
shikra1_XC209531.ogg.npy,shikra1,151
shikra1_XC141625.ogg.npy,shikra1,151
rerswa1_XC390255.ogg.npy,rerswa1,138
barswa_XC486272.ogg.npy,barswa,9
rocpig_XC485506.ogg.npy,rocpig,142
pursun4_XC303861.ogg.npy,pursun4,134
woosan_XC484263.ogg.npy,woosan,177
woosan_XC747221.ogg.npy,woosan,177
blrwar1_XC431699.ogg.npy,blrwar1,20
whbbul2_XC209004.ogg.npy,whbbul2,167
copbar1_XC528823.ogg.npy,copbar1,46
woosan_XC785539.ogg.npy,woosan,177
comsan_XC586330.ogg.npy,comsan,44
blakit1_XC493733.ogg.npy,blakit1,17
eurcoo_XC710632.ogg.npy,eurcoo,57
bcnher_XC675226.ogg.npy,bcnher,10
graher1_XC695751.ogg.npy,graher1,62
barswa_XC254488.ogg.npy,barswa,9
hoopoe_XC718549.ogg.npy,hoopoe,80
comior1_XC276820.ogg.npy,comior1,38
graher1_XC667653.ogg.npy,graher1,62
whbwoo2_XC490561.ogg.npy,whbwoo2,172
pursun4_XC792182.ogg.npy,pursun4,134
barswa_XC428862.ogg.npy,barswa,9
grywag_XC576651.ogg.npy,grywag,76
ashpri1_XC397017.ogg.npy,ashpri1,2
comtai1_XC173256.ogg.npy,comtai1,45
tibfly3_XC440824.ogg.npy,tibfly3,161
houspa_XC629572.ogg.npy,houspa,82
asbfly_XC687953.ogg.npy,asbfly,0
aspswi1_XC647259.ogg.npy,aspswi1,7
whiter2_XC820393.ogg.npy,whiter2,174
eaywag1_XC588472.ogg.npy,eaywag1,53
asbfly_XC341612.ogg.npy,asbfly,0
cohcuc1_XC412343.ogg.npy,cohcuc1,35
rorpar_XC166079.ogg.npy,rorpar,143
comsan_XC667850.ogg.npy,comsan,44
putbab1_XC590317.ogg.npy,putbab1,136
putbab1_XC439385.ogg.npy,putbab1,136
litgre1_XC463822.ogg.npy,litgre1,107
compea_XC565301.ogg.npy,compea,42
houspa_XC315538.ogg.npy,houspa,82
grnwar1_XC346211.ogg.npy,grnwar1,72
whiter2_XC803023.ogg.npy,whiter2,174
litegr_XC743010.ogg.npy,litegr,106
comtai1_XC643391.ogg.npy,comtai1,45
zitcis1_XC727230.ogg.npy,zitcis1,181
pursun3_XC653680.ogg.npy,pursun3,133
bkwsti_XC718493.ogg.npy,bkwsti,14
graher1_XC747516.ogg.npy,graher1,62
gybpri1_XC775448.ogg.npy,gybpri1,77
comgre_XC825330.ogg.npy,comgre,37
litgre1_XC557959.ogg.npy,litgre1,107
brwjac1_XC466295.ogg.npy,brwjac1,29
comros_XC480779.ogg.npy,comros,43
litspi1_XC674522.ogg.npy,litspi1,108
pursun4_XC207247.ogg.npy,pursun4,134
woosan_XC184898.ogg.npy,woosan,177
whrmun_XC573343.ogg.npy,whrmun,175
barswa_XC582626.ogg.npy,barswa,9
woosan_XC754763.ogg.npy,woosan,177
litgre1_XC709778.ogg.npy,litgre1,107
sbeowl1_XC442486.ogg.npy,sbeowl1,149
crseag1_XC781808.ogg.npy,crseag1,50
grnsan_XC396622.ogg.npy,grnsan,71
grywag_XC836264.ogg.npy,grywag,76
litegr_XC687077.ogg.npy,litegr,106
litegr_XC687073.ogg.npy,litegr,106
commyn_XC281919.ogg.npy,commyn,41
lirplo_XC832167.ogg.npy,lirplo,105
eucdov_XC522389.ogg.npy,eucdov,55
brcful1_XC716720.ogg.npy,brcful1,24
grtdro1_XC283546.ogg.npy,grtdro1,73
brcful1_XC666156.ogg.npy,brcful1,24
graher1_XC839138.ogg.npy,graher1,62
ashdro1_XC37742.ogg.npy,ashdro1,1
pabflo1_XC392125.ogg.npy,pabflo1,123
comsan_XC825732.ogg.npy,comsan,44
greegr_XC302380.ogg.npy,greegr,65
comtai1_XC245904.ogg.npy,comtai1,45
brcful1_XC779406.ogg.npy,brcful1,24
gargan_XC793034.ogg.npy,gargan,59
lirplo_XC411760.ogg.npy,lirplo,105
comros_XC247484.ogg.npy,comros,43
hoopoe_XC647566.ogg.npy,hoopoe,80
redspu1_XC540542.ogg.npy,redspu1,137
junmyn1_XC209051.ogg.npy,junmyn1,96
comior1_XC631475.ogg.npy,comior1,38
commoo3_XC784787.ogg.npy,commoo3,40
commoo3_XC214101.ogg.npy,commoo3,40
hoopoe_XC650177.ogg.npy,hoopoe,80
hoopoe_XC163320.ogg.npy,hoopoe,80
spodov_XC732059.ogg.npy,spodov,155
grnsan_XC640239.ogg.npy,grnsan,71
rossta2_XC462167.ogg.npy,rossta2,144
pursun3_XC306701.ogg.npy,pursun3,133
grnwar1_XC193500.ogg.npy,grnwar1,72
bcnher_XC416417.ogg.npy,bcnher,10
woosan_XC745768.ogg.npy,woosan,177
brwowl1_XC768348.ogg.npy,brwowl1,30
litegr_XC692964.ogg.npy,litegr,106
grnsan_XC668013.ogg.npy,grnsan,71
forwag1_XC806804.ogg.npy,forwag1,58
litgre1_XC638815.ogg.npy,litgre1,107
brwowl1_XC169532.ogg.npy,brwowl1,30
bcnher_XC631639.ogg.npy,bcnher,10
whcbar1_XC192283.ogg.npy,whcbar1,173
comros_XC329599.ogg.npy,comros,43
houspa_XC233933.ogg.npy,houspa,82
kenplo1_XC840773.ogg.npy,kenplo1,98
hoopoe_XC647839.ogg.npy,hoopoe,80
wemhar1_XC796295.ogg.npy,wemhar1,166
grnsan_XC569780.ogg.npy,grnsan,71
copbar1_XC192036.ogg.npy,copbar1,46
whiter2_XC660326.ogg.npy,whiter2,174
bkskit1_XC352488.ogg.npy,bkskit1,13
gyhcaf1_XC505020.ogg.npy,gyhcaf1,78
categr_XC146066.ogg.npy,categr,33
litegr_XC562493.ogg.npy,litegr,106
houspa_XC358134.ogg.npy,houspa,82
commoo3_XC701368.ogg.npy,commoo3,40
lblwar1_XC663019.ogg.npy,lblwar1,102
spodov_XC203404.ogg.npy,spodov,155
hoopoe_XC132791.ogg.npy,hoopoe,80
spodov_XC756521.ogg.npy,spodov,155
commoo3_XC724832.ogg.npy,commoo3,40
zitcis1_XC790069.ogg.npy,zitcis1,181
rorpar_XC647602.ogg.npy,rorpar,143
comkin1_XC526238.ogg.npy,comkin1,39
eucdov_XC315789.ogg.npy,eucdov,55
grecou1_XC584332.ogg.npy,grecou1,64
barswa_XC381729.ogg.npy,barswa,9
bcnher_XC184124.ogg.npy,bcnher,10
hoopoe_XC108366.ogg.npy,hoopoe,80
commoo3_XC431451.ogg.npy,commoo3,40
eurcoo_XC783534.ogg.npy,eurcoo,57
comgre_XC613839.ogg.npy,comgre,37
houspa_XC773094.ogg.npy,houspa,82
graher1_XC697730.ogg.npy,graher1,62
insbab1_XC290170.ogg.npy,insbab1,90
blrwar1_XC732637.ogg.npy,blrwar1,20
graher1_XC489166.ogg.npy,graher1,62
houspa_XC297280.ogg.npy,houspa,82
bcnher_XC705385.ogg.npy,bcnher,10
grnsan_XC583039.ogg.npy,grnsan,71
plapri1_XC715950.ogg.npy,plapri1,129
whbwag1_XC357942.ogg.npy,whbwag1,170
comtai1_XC116532.ogg.npy,comtai1,45
grnwar1_XC193342.ogg.npy,grnwar1,72
spodov_XC710635.ogg.npy,spodov,155
greegr_XC684282.ogg.npy,greegr,65
copbar1_XC555516.ogg.npy,copbar1,46
greegr_XC129760.ogg.npy,greegr,65
brnshr_XC458648.ogg.npy,brnshr,27
bkwsti_XC338286.ogg.npy,bkwsti,14
oripip1_XC610931.ogg.npy,oripip1,122
zitcis1_XC734272.ogg.npy,zitcis1,181
dafbab1_XC187068.ogg.npy,dafbab1,51
eaywag1_XC744973.ogg.npy,eaywag1,53
hoopoe_XC170884.ogg.npy,hoopoe,80
woosan_XC730424.ogg.npy,woosan,177
houspa_XC669435.ogg.npy,houspa,82
kenplo1_XC765772.ogg.npy,kenplo1,98
nutman_XC204627.ogg.npy,nutman,120
greegr_XC285221.ogg.npy,greegr,65
hoopoe_XC641484.ogg.npy,hoopoe,80
gryfra_XC469359.ogg.npy,gryfra,74
brwowl1_XC531811.ogg.npy,brwowl1,30
indpit1_XC453370.ogg.npy,indpit1,84
hoopoe_XC464325.ogg.npy,hoopoe,80
bcnher_XC720133.ogg.npy,bcnher,10
barswa_XC208292.ogg.npy,barswa,9
revbul_XC267344.ogg.npy,revbul,139
houspa_XC304656.ogg.npy,houspa,82
barswa_XC309701.ogg.npy,barswa,9
grewar3_XC374962.ogg.npy,grewar3,70
vehpar1_XC497100.ogg.npy,vehpar1,164
whrmun_XC240461.ogg.npy,whrmun,175
comtai1_XC647854.ogg.npy,comtai1,45
lirplo_XC552154.ogg.npy,lirplo,105
ruftre2_XC469371.ogg.npy,ruftre2,146
grnwar1_XC453487.ogg.npy,grnwar1,72
commoo3_XC547937.ogg.npy,commoo3,40
brnshr_XC790874.ogg.npy,brnshr,27
rocpig_XC466256.ogg.npy,rocpig,142
bladro1_XC840786.ogg.npy,bladro1,15
grywag_XC633118.ogg.npy,grywag,76
zitcis1_XC544759.ogg.npy,zitcis1,181
grewar3_XC181139.ogg.npy,grewar3,70
commyn_XC185711.ogg.npy,commyn,41
wemhar1_XC544686.ogg.npy,wemhar1,166
grecou1_XC785894.ogg.npy,grecou1,64
litegr_XC748836.ogg.npy,litegr,106
eucdov_XC466118.ogg.npy,eucdov,55
graher1_XC580770.ogg.npy,graher1,62
pabflo1_XC267077.ogg.npy,pabflo1,123
marsan_XC357930.ogg.npy,marsan,115
brakit1_XC651717.ogg.npy,brakit1,22
comros_XC377328.ogg.npy,comros,43
bwfshr1_XC413394.ogg.npy,bwfshr1,32
grywag_XC456038.ogg.npy,grywag,76
blnmon1_XC617589.ogg.npy,blnmon1,19
eurbla2_XC648795.ogg.npy,eurbla2,56
insbab1_XC463630.ogg.npy,insbab1,90
marsan_XC777454.ogg.npy,marsan,115
bkskit1_XC352479.ogg.npy,bkskit1,13
junbab2_XC665603.ogg.npy,junbab2,95
lirplo_XC309208.ogg.npy,lirplo,105
whtkin2_XC621465.ogg.npy,whtkin2,176
comgre_XC692939.ogg.npy,comgre,37
crseag1_XC346181.ogg.npy,crseag1,50
comgre_XC435520.ogg.npy,comgre,37
zitcis1_XC632793.ogg.npy,zitcis1,181
comgre_XC310521.ogg.npy,comgre,37
blrwar1_XC659093.ogg.npy,blrwar1,20
junowl1_XC552874.ogg.npy,junowl1,97
litgre1_XC824988.ogg.npy,litgre1,107
bcnher_XC561178.ogg.npy,bcnher,10
putbab1_XC506857.ogg.npy,putbab1,136
commyn_XC494124.ogg.npy,commyn,41
bladro1_XC240299.ogg.npy,bladro1,15
oripip1_XC644733.ogg.npy,oripip1,122
comros_XC120468.ogg.npy,comros,43
grywag_XC245821.ogg.npy,grywag,76
purher1_XC824691.ogg.npy,purher1,132
grbeat1_XC453344.ogg.npy,grbeat1,63
commoo3_XC709569.ogg.npy,commoo3,40
gryfra_XC514845.ogg.npy,gryfra,74
whbwat1_XC772196.ogg.npy,whbwat1,171
rewlap1_XC357929.ogg.npy,rewlap1,141
litgre1_XC617534.ogg.npy,litgre1,107
grtdro1_XC685149.ogg.npy,grtdro1,73
commoo3_XC584028.ogg.npy,commoo3,40
litgre1_XC500204.ogg.npy,litgre1,107
lewduc1_XC693226.ogg.npy,lewduc1,104
rorpar_XC209171.ogg.npy,rorpar,143
comtai1_XC803077.ogg.npy,comtai1,45
comgre_XC733168.ogg.npy,comgre,37
eaywag1_XC432555.ogg.npy,eaywag1,53
grecou1_XC534392.ogg.npy,grecou1,64
gargan_XC787445.ogg.npy,gargan,59
comros_XC586526.ogg.npy,comros,43
rerswa1_XC701889.ogg.npy,rerswa1,138
kenplo1_XC411145.ogg.npy,kenplo1,98
forwag1_XC840824.ogg.npy,forwag1,58
copbar1_XC209943.ogg.npy,copbar1,46
kenplo1_XC338272.ogg.npy,kenplo1,98
marsan_XC37531.ogg.npy,marsan,115
isbduc1_XC568941.ogg.npy,isbduc1,93
eucdov_XC816572.ogg.npy,eucdov,55
laudov1_XC153491.ogg.npy,laudov1,101
grywag_XC792789.ogg.npy,grywag,76
graher1_XC842543.ogg.npy,graher1,62
graher1_XC521618.ogg.npy,graher1,62
scamin3_XC207735.ogg.npy,scamin3,150
bcnher_XC819487.ogg.npy,bcnher,10
ashwoo2_XC685139.ogg.npy,ashwoo2,3
eaywag1_XC145074.ogg.npy,eaywag1,53
putbab1_XC844127.ogg.npy,putbab1,136
gyhcaf1_XC292378.ogg.npy,gyhcaf1,78
bcnher_XC376571.ogg.npy,bcnher,10
comior1_XC608941.ogg.npy,comior1,38
greegr_XC323526.ogg.npy,greegr,65
houspa_XC326655.ogg.npy,houspa,82
litgre1_XC630560.ogg.npy,litgre1,107
whtkin2_XC362808.ogg.npy,whtkin2,176
rewbul_XC203388.ogg.npy,rewbul,140
comtai1_XC674522.ogg.npy,comtai1,45
comsan_XC699920.ogg.npy,comsan,44
bkwsti_XC664883.ogg.npy,bkwsti,14
woosan_XC184454.ogg.npy,woosan,177
brnshr_XC161637.ogg.npy,brnshr,27
zitcis1_XC689184.ogg.npy,zitcis1,181
zitcis1_XC523083.ogg.npy,zitcis1,181
oripip1_XC169093.ogg.npy,oripip1,122
comsan_XC686344.ogg.npy,comsan,44
whcbar1_XC232802.ogg.npy,whcbar1,173
copbar1_XC451375.ogg.npy,copbar1,46
orihob2_XC538846.ogg.npy,orihob2,121
blhori1_XC124194.ogg.npy,blhori1,18
comsan_XC824403.ogg.npy,comsan,44
piekin1_XC515895.ogg.npy,piekin1,126
grywag_XC655063.ogg.npy,grywag,76
comgre_XC599482.ogg.npy,comgre,37
grtdro1_XC402975.ogg.npy,grtdro1,73
piekin1_XC517409.ogg.npy,piekin1,126
lirplo_XC384349.ogg.npy,lirplo,105
lirplo_XC329531.ogg.npy,lirplo,105
grenig1_XC520245.ogg.npy,grenig1,69
comkin1_XC497732.ogg.npy,comkin1,39
cohcuc1_XC253838.ogg.npy,cohcuc1,35
houspa_XC178338.ogg.npy,houspa,82
crseag1_XC761689.ogg.npy,crseag1,50
houspa_XC486560.ogg.npy,houspa,82
grywag_XC670218.ogg.npy,grywag,76
comgre_XC383371.ogg.npy,comgre,37
whbwat1_XC233689.ogg.npy,whbwat1,171
comsan_XC575672.ogg.npy,comsan,44
bkskit1_XC651042.ogg.npy,bkskit1,13
whtkin2_XC514857.ogg.npy,whtkin2,176
emedov2_XC129165.ogg.npy,emedov2,54
brnhao1_XC466297.ogg.npy,brnhao1,26
sohmyn1_XC777528.ogg.npy,sohmyn1,153
comior1_XC322640.ogg.npy,comior1,38
comkin1_XC185465.ogg.npy,comkin1,39
eaywag1_XC761635.ogg.npy,eaywag1,53
eurcoo_XC782092.ogg.npy,eurcoo,57
bkwsti_XC558954.ogg.npy,bkwsti,14
eucdov_XC638078.ogg.npy,eucdov,55
litgre1_XC549007.ogg.npy,litgre1,107
blrwar1_XC568759.ogg.npy,blrwar1,20
blrwar1_XC826779.ogg.npy,blrwar1,20
comsan_XC685628.ogg.npy,comsan,44
nutman_XC189438.ogg.npy,nutman,120
pursun3_XC208770.ogg.npy,pursun3,133
bkwsti_XC570738.ogg.npy,bkwsti,14
whiter2_XC270176.ogg.npy,whiter2,174
houcro1_XC604023.ogg.npy,houcro1,81
barswa_XC746902.ogg.npy,barswa,9
purher1_XC237893.ogg.npy,purher1,132
vefnut1_XC785860.ogg.npy,vefnut1,163
rerswa1_XC423979.ogg.npy,rerswa1,138
gryfra_XC637788.ogg.npy,gryfra,74
piebus1_XC787627.ogg.npy,piebus1,125
graher1_XC590048.ogg.npy,graher1,62
whiter2_XC134053.ogg.npy,whiter2,174
grnsan_XC580600.ogg.npy,grnsan,71
grewar3_XC254828.ogg.npy,grewar3,70
comros_XC455896.ogg.npy,comros,43
spodov_XC304101.ogg.npy,spodov,155
graher1_XC686511.ogg.npy,graher1,62
commoo3_XC555008.ogg.npy,commoo3,40
commyn_XC335602.ogg.npy,commyn,41
yebbul3_XC756206.ogg.npy,yebbul3,180
comros_XC328076.ogg.npy,comros,43
commoo3_XC540997.ogg.npy,commoo3,40
barswa_XC632301.ogg.npy,barswa,9
comkin1_XC775757.ogg.npy,comkin1,39
whiter2_XC660728.ogg.npy,whiter2,174
grewar3_XC431694.ogg.npy,grewar3,70
whiter2_XC481852.ogg.npy,whiter2,174
bkwsti_XC462028.ogg.npy,bkwsti,14
comkin1_XC436258.ogg.npy,comkin1,39
commoo3_XC528291.ogg.npy,commoo3,40
greegr_XC257309.ogg.npy,greegr,65
grnsan_XC859058.ogg.npy,grnsan,71
zitcis1_XC303866.ogg.npy,zitcis1,181
comsan_XC674243.ogg.npy,comsan,44
eaywag1_XC338366.ogg.npy,eaywag1,53
grtdro1_XC576680.ogg.npy,grtdro1,73
categr_XC773428.ogg.npy,categr,33
lewduc1_XC690698.ogg.npy,lewduc1,104
grywag_XC790658.ogg.npy,grywag,76
hoopoe_XC376682.ogg.npy,hoopoe,80
gargan_XC360815.ogg.npy,gargan,59
bcnher_XC508101.ogg.npy,bcnher,10
wemhar1_XC584437.ogg.npy,wemhar1,166
putbab1_XC581355.ogg.npy,putbab1,136
rutfly6_XC524307.ogg.npy,rutfly6,148
wynlau1_XC404468.ogg.npy,wynlau1,178
blrwar1_XC208321.ogg.npy,blrwar1,20
purher1_XC814347.ogg.npy,purher1,132
greegr_XC665088.ogg.npy,greegr,65
brakit1_XC204374.ogg.npy,brakit1,22
comsan_XC754437.ogg.npy,comsan,44
revbul_XC404356.ogg.npy,revbul,139
whbwoo2_XC578929.ogg.npy,whbwoo2,172
commoo3_XC706971.ogg.npy,commoo3,40
rerswa1_XC423903.ogg.npy,rerswa1,138
putbab1_XC519459.ogg.npy,putbab1,136
comros_XC746242.ogg.npy,comros,43
gargan_XC411032.ogg.npy,gargan,59
comgre_XC199115.ogg.npy,comgre,37
eaywag1_XC644748.ogg.npy,eaywag1,53
whtkin2_XC736315.ogg.npy,whtkin2,176
zitcis1_XC824997.ogg.npy,zitcis1,181
purher1_XC157379.ogg.npy,purher1,132
litegr_XC641657.ogg.npy,litegr,106
comkin1_XC503772.ogg.npy,comkin1,39
houspa_XC553556.ogg.npy,houspa,82
woosan_XC157571.ogg.npy,woosan,177
grnwar1_XC548637.ogg.npy,grnwar1,72
houcro1_XC392126.ogg.npy,houcro1,81
goflea1_XC589995.ogg.npy,goflea1,61
litegr_XC718465.ogg.npy,litegr,106
nutman_XC764034.ogg.npy,nutman,120
gargan_XC409829.ogg.npy,gargan,59
grbeat1_XC509475.ogg.npy,grbeat1,63
whtkin2_XC600903.ogg.npy,whtkin2,176
whtkin2_XC74827.ogg.npy,whtkin2,176
categr_XC829325.ogg.npy,categr,33
blakit1_XC578427.ogg.npy,blakit1,17
houspa_XC679108.ogg.npy,houspa,82
barswa_XC595372.ogg.npy,barswa,9
kenplo1_XC822112.ogg.npy,kenplo1,98
gybpri1_XC468290.ogg.npy,gybpri1,77
woosan_XC672635.ogg.npy,woosan,177
bcnher_XC666966.ogg.npy,bcnher,10
categr_XC838625.ogg.npy,categr,33
eurcoo_XC392798.ogg.npy,eurcoo,57
spodov_XC153022.ogg.npy,spodov,155
litspi1_XC439701.ogg.npy,litspi1,108
houspa_XC557255.ogg.npy,houspa,82
grywag_XC842700.ogg.npy,grywag,76
junbab2_XC312701.ogg.npy,junbab2,95
piekin1_XC781776.ogg.npy,piekin1,126
insbab1_XC116382.ogg.npy,insbab1,90
brasta1_XC573220.ogg.npy,brasta1,23
blrwar1_XC182596.ogg.npy,blrwar1,20
zitcis1_XC844802.ogg.npy,zitcis1,181
grnsan_XC541707.ogg.npy,grnsan,71
comsan_XC674242.ogg.npy,comsan,44
bkwsti_XC673791.ogg.npy,bkwsti,14
tibfly3_XC470486.ogg.npy,tibfly3,161
revbul_XC573353.ogg.npy,revbul,139
litegr_XC333875.ogg.npy,litegr,106
whbwat1_XC842519.ogg.npy,whbwat1,171
barswa_XC187314.ogg.npy,barswa,9
wemhar1_XC586233.ogg.npy,wemhar1,166
woosan_XC728181.ogg.npy,woosan,177
bkwsti_XC507337.ogg.npy,bkwsti,14
wbbfly1_XC205910.ogg.npy,wbbfly1,165
rossta2_XC417293.ogg.npy,rossta2,144
bkwsti_XC436974.ogg.npy,bkwsti,14
greegr_XC515816.ogg.npy,greegr,65
grywag_XC406310.ogg.npy,grywag,76
blrwar1_XC575407.ogg.npy,blrwar1,20
eucdov_XC669775.ogg.npy,eucdov,55
blrwar1_XC660691.ogg.npy,blrwar1,20
rerswa1_XC267777.ogg.npy,rerswa1,138
commyn_XC402380.ogg.npy,commyn,41
plhpar1_XC210845.ogg.npy,plhpar1,130
zitcis1_XC761035.ogg.npy,zitcis1,181
houcro1_XC626467.ogg.npy,houcro1,81
shikra1_XC575195.ogg.npy,shikra1,151
bkwsti_XC718467.ogg.npy,bkwsti,14
graher1_XC538141.ogg.npy,graher1,62
comtai1_XC754691.ogg.npy,comtai1,45
comgre_XC647798.ogg.npy,comgre,37
zitcis1_XC583639.ogg.npy,zitcis1,181
eucdov_XC745155.ogg.npy,eucdov,55
grefla1_XC365117.ogg.npy,grefla1,66
lobsun2_XC301964.ogg.npy,lobsun2,110
grnsan_XC675423.ogg.npy,grnsan,71
bkwsti_XC514729.ogg.npy,bkwsti,14
litgre1_XC667343.ogg.npy,litgre1,107
comtai1_XC307406.ogg.npy,comtai1,45
bkcbul1_XC196564.ogg.npy,bkcbul1,11
eurcoo_XC508396.ogg.npy,eurcoo,57
brnshr_XC465711.ogg.npy,brnshr,27
comtai1_XC305737.ogg.npy,comtai1,45
grnsan_XC816710.ogg.npy,grnsan,71
wemhar1_XC341264.ogg.npy,wemhar1,166
litgre1_XC630635.ogg.npy,litgre1,107
rewbul_XC722774.ogg.npy,rewbul,140
tibfly3_XC645725.ogg.npy,tibfly3,161
spodov_XC776063.ogg.npy,spodov,155
blrwar1_XC656466.ogg.npy,blrwar1,20
comtai1_XC468285.ogg.npy,comtai1,45
commoo3_XC486753.ogg.npy,commoo3,40
comgre_XC189039.ogg.npy,comgre,37
oripip1_XC441381.ogg.npy,oripip1,122
comsan_XC795643.ogg.npy,comsan,44
grywag_XC656050.ogg.npy,grywag,76
bkwsti_XC338797.ogg.npy,bkwsti,14
houspa_XC678564.ogg.npy,houspa,82
rocpig_XC387815.ogg.npy,rocpig,142
categr_XC304257.ogg.npy,categr,33
laudov1_XC610909.ogg.npy,laudov1,101
gryfra_XC144762.ogg.npy,gryfra,74
blakit1_XC811135.ogg.npy,blakit1,17
eurcoo_XC622323.ogg.npy,eurcoo,57
bkwsti_XC798665.ogg.npy,bkwsti,14
hoopoe_XC789268.ogg.npy,hoopoe,80
houspa_XC185030.ogg.npy,houspa,82
bkwsti_XC526927.ogg.npy,bkwsti,14
rufwoo2_XC292713.ogg.npy,rufwoo2,147
rocpig_XC263183.ogg.npy,rocpig,142
grywag_XC701896.ogg.npy,grywag,76
blakit1_XC253432.ogg.npy,blakit1,17
emedov2_XC777757.ogg.npy,emedov2,54
grywag_XC695870.ogg.npy,grywag,76
sohmyn1_XC302751.ogg.npy,sohmyn1,153
eurcoo_XC528188.ogg.npy,eurcoo,57
brcful1_XC256281.ogg.npy,brcful1,24
grywag_XC624496.ogg.npy,grywag,76
bkskit1_XC170107.ogg.npy,bkskit1,13
grnsan_XC667157.ogg.npy,grnsan,71
graher1_XC792165.ogg.npy,graher1,62
comkin1_XC679705.ogg.npy,comkin1,39
vehpar1_XC209752.ogg.npy,vehpar1,164
stbkin1_XC522750.ogg.npy,stbkin1,158
hoopoe_XC726794.ogg.npy,hoopoe,80
laudov1_XC558438.ogg.npy,laudov1,101
houcro1_XC209019.ogg.npy,houcro1,81
rocpig_XC460673.ogg.npy,rocpig,142
rocpig_XC621266.ogg.npy,rocpig,142
zitcis1_XC745087.ogg.npy,zitcis1,181
plapri1_XC207646.ogg.npy,plapri1,129
grywag_XC145210.ogg.npy,grywag,76
whrmun_XC822235.ogg.npy,whrmun,175
litgre1_XC540723.ogg.npy,litgre1,107
hoopoe_XC281064.ogg.npy,hoopoe,80
eurcoo_XC550266.ogg.npy,eurcoo,57
heswoo1_XC665715.ogg.npy,heswoo1,79
blrwar1_XC181308.ogg.npy,blrwar1,20
junowl1_XC503426.ogg.npy,junowl1,97
eaywag1_XC792640.ogg.npy,eaywag1,53
grywag_XC547349.ogg.npy,grywag,76
ashwoo2_XC639737.ogg.npy,ashwoo2,3
labcro1_XC116709.ogg.npy,labcro1,100
eucdov_XC741689.ogg.npy,eucdov,55
grnsan_XC466201.ogg.npy,grnsan,71
blrwar1_XC653808.ogg.npy,blrwar1,20
greegr_XC340208.ogg.npy,greegr,65
ruftre2_XC531069.ogg.npy,ruftre2,146
piebus1_XC787626.ogg.npy,piebus1,125
grnsan_XC670788.ogg.npy,grnsan,71
forwag1_XC459469.ogg.npy,forwag1,58
kenplo1_XC185273.ogg.npy,kenplo1,98
eurcoo_XC645885.ogg.npy,eurcoo,57
woosan_XC646008.ogg.npy,woosan,177
asbfly_XC827640.ogg.npy,asbfly,0
blnmon1_XC282901.ogg.npy,blnmon1,19
bwfshr1_XC239746.ogg.npy,bwfshr1,32
bcnher_XC632420.ogg.npy,bcnher,10
houspa_XC167780.ogg.npy,houspa,82
crseag1_XC390341.ogg.npy,crseag1,50
commoo3_XC764957.ogg.npy,commoo3,40
eurcoo_XC429771.ogg.npy,eurcoo,57
grejun2_XC603119.ogg.npy,grejun2,68
eucdov_XC546141.ogg.npy,eucdov,55
grewar3_XC573375.ogg.npy,grewar3,70
litgre1_XC742652.ogg.npy,litgre1,107
comkin1_XC835513.ogg.npy,comkin1,39
brwowl1_XC151383.ogg.npy,brwowl1,30
paisto1_XC769894.ogg.npy,paisto1,124
brcful1_XC845111.ogg.npy,brcful1,24
kenplo1_XC376960.ogg.npy,kenplo1,98
grewar3_XC810788.ogg.npy,grewar3,70
eurcoo_XC631343.ogg.npy,eurcoo,57
comgre_XC664805.ogg.npy,comgre,37
barswa_XC644162.ogg.npy,barswa,9
grywag_XC856788.ogg.npy,grywag,76
laudov1_XC424339.ogg.npy,laudov1,101
grewar3_XC442604.ogg.npy,grewar3,70
whiter2_XC421212.ogg.npy,whiter2,174
woosan_XC544803.ogg.npy,woosan,177
comgre_XC434824.ogg.npy,comgre,37
nutman_XC789684.ogg.npy,nutman,120
bkskit1_XC352561.ogg.npy,bkskit1,13
eucdov_XC424168.ogg.npy,eucdov,55
comior1_XC575676.ogg.npy,comior1,38
comsan_XC342917.ogg.npy,comsan,44
grewar3_XC478110.ogg.npy,grewar3,70
graher1_XC360301.ogg.npy,graher1,62
rufbab3_XC497034.ogg.npy,rufbab3,145
putbab1_XC663591.ogg.npy,putbab1,136
ashpri1_XC401062.ogg.npy,ashpri1,2
gyhcaf1_XC599182.ogg.npy,gyhcaf1,78
houspa_XC641220.ogg.npy,houspa,82
woosan_XC743947.ogg.npy,woosan,177
blrwar1_XC732176.ogg.npy,blrwar1,20
whbwoo2_XC797317.ogg.npy,whbwoo2,172
labcro1_XC838158.ogg.npy,labcro1,100
whtkin2_XC845719.ogg.npy,whtkin2,176
brnhao1_XC566237.ogg.npy,brnhao1,26
eaywag1_XC452721.ogg.npy,eaywag1,53
commoo3_XC543820.ogg.npy,commoo3,40
forwag1_XC737332.ogg.npy,forwag1,58
cohcuc1_XC423422.ogg.npy,cohcuc1,35
commyn_XC116524.ogg.npy,commyn,41
pursun4_XC651998.ogg.npy,pursun4,134
grywag_XC708140.ogg.npy,grywag,76
comros_XC392168.ogg.npy,comros,43
comkin1_XC504683.ogg.npy,comkin1,39
zitcis1_XC596928.ogg.npy,zitcis1,181
heswoo1_XC620807.ogg.npy,heswoo1,79
gybpri1_XC467427.ogg.npy,gybpri1,77
grefla1_XC170565.ogg.npy,grefla1,66
brodro1_XC798074.ogg.npy,brodro1,28
commyn_XC110876.ogg.npy,commyn,41
rorpar_XC35091.ogg.npy,rorpar,143
whtkin2_XC477294.ogg.npy,whtkin2,176
zitcis1_XC720766.ogg.npy,zitcis1,181
copbar1_XC789091.ogg.npy,copbar1,46
eaywag1_XC675674.ogg.npy,eaywag1,53
rewbul_XC585617.ogg.npy,rewbul,140
graher1_XC309150.ogg.npy,graher1,62
asikoe2_XC696208.ogg.npy,asikoe2,4
houspa_XC711790.ogg.npy,houspa,82
bkwsti_XC536386.ogg.npy,bkwsti,14
comgre_XC510524.ogg.npy,comgre,37
houspa_XC535944.ogg.npy,houspa,82
comros_XC804180.ogg.npy,comros,43
ashdro1_XC362141.ogg.npy,ashdro1,1
blrwar1_XC569633.ogg.npy,blrwar1,20
wemhar1_XC822174.ogg.npy,wemhar1,166
grnwar1_XC482956.ogg.npy,grnwar1,72
whiter2_XC839832.ogg.npy,whiter2,174
lirplo_XC674290.ogg.npy,lirplo,105
comkin1_XC511666.ogg.npy,comkin1,39
bkwsti_XC514031.ogg.npy,bkwsti,14
bkcbul1_XC125501.ogg.npy,bkcbul1,11
asikoe2_XC382502.ogg.npy,asikoe2,4
bkskit1_XC350355.ogg.npy,bkskit1,13
plapri1_XC234693.ogg.npy,plapri1,129
rossta2_XC685685.ogg.npy,rossta2,144
spodov_XC539820.ogg.npy,spodov,155
putbab1_XC823519.ogg.npy,putbab1,136
comgre_XC526726.ogg.npy,comgre,37
comsan_XC774651.ogg.npy,comsan,44
lirplo_XC795375.ogg.npy,lirplo,105
gyhcaf1_XC683627.ogg.npy,gyhcaf1,78
litgre1_XC723740.ogg.npy,litgre1,107
comgre_XC831010.ogg.npy,comgre,37
barswa_XC457824.ogg.npy,barswa,9
zitcis1_XC656624.ogg.npy,zitcis1,181
eucdov_XC781164.ogg.npy,eucdov,55
litegr_XC333871.ogg.npy,litegr,106
woosan_XC400538.ogg.npy,woosan,177
graher1_XC187169.ogg.npy,graher1,62
spodov_XC323673.ogg.npy,spodov,155
comior1_XC126377.ogg.npy,comior1,38
laudov1_XC529798.ogg.npy,laudov1,101
ruftre2_XC537793.ogg.npy,ruftre2,146
asbfly_XC756431.ogg.npy,asbfly,0
whbwat1_XC210170.ogg.npy,whbwat1,171
grewar3_XC324009.ogg.npy,grewar3,70
moipig1_XC167125.ogg.npy,moipig1,117
lirplo_XC784842.ogg.npy,lirplo,105
litgre1_XC656632.ogg.npy,litgre1,107
litegr_XC333917.ogg.npy,litegr,106
gloibi_XC108826.ogg.npy,gloibi,60
bcnher_XC554532.ogg.npy,bcnher,10
eucdov_XC618193.ogg.npy,eucdov,55
hoopoe_XC790568.ogg.npy,hoopoe,80
comtai1_XC209010.ogg.npy,comtai1,45
hoopoe_XC667759.ogg.npy,hoopoe,80
woosan_XC744448.ogg.npy,woosan,177
yebbab1_XC164028.ogg.npy,yebbab1,179
whiter2_XC770345.ogg.npy,whiter2,174
litswi1_XC383359.ogg.npy,litswi1,109
eaywag1_XC791712.ogg.npy,eaywag1,53
putbab1_XC453707.ogg.npy,putbab1,136
woosan_XC827432.ogg.npy,woosan,177
eucdov_XC533282.ogg.npy,eucdov,55
zitcis1_XC302331.ogg.npy,zitcis1,181
houcro1_XC163861.ogg.npy,houcro1,81
houspa_XC469432.ogg.npy,houspa,82
comkin1_XC596959.ogg.npy,comkin1,39
labcro1_XC826864.ogg.npy,labcro1,100
categr_XC246912.ogg.npy,categr,33
pursun3_XC346197.ogg.npy,pursun3,133
comtai1_XC537916.ogg.npy,comtai1,45
grewar3_XC608880.ogg.npy,grewar3,70
commyn_XC505882.ogg.npy,commyn,41
brnhao1_XC295774.ogg.npy,brnhao1,26
comsan_XC554847.ogg.npy,comsan,44
eucdov_XC370631.ogg.npy,eucdov,55
bkskit1_XC352564.ogg.npy,bkskit1,13
comkin1_XC428928.ogg.npy,comkin1,39
purher1_XC187385.ogg.npy,purher1,132
grewar3_XC424686.ogg.npy,grewar3,70
blakit1_XC337368.ogg.npy,blakit1,17
bkwsti_XC370744.ogg.npy,bkwsti,14
rewbul_XC569505.ogg.npy,rewbul,140
bkwsti_XC809721.ogg.npy,bkwsti,14
woosan_XC800004.ogg.npy,woosan,177
lewduc1_XC261506.ogg.npy,lewduc1,104
categr_XC389992.ogg.npy,categr,33
whrmun_XC790478.ogg.npy,whrmun,175
revbul_XC509417.ogg.npy,revbul,139
litgre1_XC314432.ogg.npy,litgre1,107
grtdro1_XC402780.ogg.npy,grtdro1,73
compea_XC722465.ogg.npy,compea,42
whtkin2_XC698979.ogg.npy,whtkin2,176
stbkin1_XC578916.ogg.npy,stbkin1,158
commoo3_XC758478.ogg.npy,commoo3,40
marsan_XC835957.ogg.npy,marsan,115
goflea1_XC741502.ogg.npy,goflea1,61
commyn_XC442857.ogg.npy,commyn,41
greegr_XC437423.ogg.npy,greegr,65
grnsan_XC638424.ogg.npy,grnsan,71
grewar3_XC206316.ogg.npy,grewar3,70
comtai1_XC612006.ogg.npy,comtai1,45
grywag_XC812496.ogg.npy,grywag,76
thbwar1_XC683283.ogg.npy,thbwar1,160
graher1_XC768226.ogg.npy,graher1,62
blakit1_XC839847.ogg.npy,blakit1,17
blrwar1_XC478411.ogg.npy,blrwar1,20
bcnher_XC115512.ogg.npy,bcnher,10
blrwar1_XC657695.ogg.npy,blrwar1,20
graher1_XC287857.ogg.npy,graher1,62
ashpri1_XC543425.ogg.npy,ashpri1,2
commoo3_XC551524.ogg.npy,commoo3,40
wemhar1_XC42183.ogg.npy,wemhar1,166
grywag_XC550797.ogg.npy,grywag,76
blakit1_XC511560.ogg.npy,blakit1,17
commyn_XC521754.ogg.npy,commyn,41
putbab1_XC294914.ogg.npy,putbab1,136
lirplo_XC234556.ogg.npy,lirplo,105
grejun2_XC644232.ogg.npy,grejun2,68
gybpri1_XC447853.ogg.npy,gybpri1,77
lirplo_XC553874.ogg.npy,lirplo,105
whiter2_XC263344.ogg.npy,whiter2,174
whbbul2_XC466299.ogg.npy,whbbul2,167
eurcoo_XC628739.ogg.npy,eurcoo,57
asikoe2_XC531611.ogg.npy,asikoe2,4
grecou1_XC724417.ogg.npy,grecou1,64
gybpri1_XC802092.ogg.npy,gybpri1,77
grewar3_XC593681.ogg.npy,grewar3,70
ashwoo2_XC341867.ogg.npy,ashwoo2,3
woosan_XC663128.ogg.npy,woosan,177
lirplo_XC712410.ogg.npy,lirplo,105
grewar3_XC423321.ogg.npy,grewar3,70
lirplo_XC653234.ogg.npy,lirplo,105
eaywag1_XC145108.ogg.npy,eaywag1,53
plhpar1_XC604411.ogg.npy,plhpar1,130
houspa_XC299783.ogg.npy,houspa,82
brnshr_XC776544.ogg.npy,brnshr,27
blrwar1_XC567264.ogg.npy,blrwar1,20
jerbus2_XC756564.ogg.npy,jerbus2,94
hoopoe_XC787274.ogg.npy,hoopoe,80
grnsan_XC666288.ogg.npy,grnsan,71
grywag_XC203980.ogg.npy,grywag,76
comkin1_XC813723.ogg.npy,comkin1,39
litspi1_XC578945.ogg.npy,litspi1,108
eaywag1_XC591877.ogg.npy,eaywag1,53
bcnher_XC528487.ogg.npy,bcnher,10
bcnher_XC472190.ogg.npy,bcnher,10
categr_XC139952.ogg.npy,categr,33
blrwar1_XC371867.ogg.npy,blrwar1,20
compea_XC465162.ogg.npy,compea,42
grewar3_XC253003.ogg.npy,grewar3,70
whbwoo2_XC776482.ogg.npy,whbwoo2,172
graher1_XC570617.ogg.npy,graher1,62
graher1_XC301578.ogg.npy,graher1,62
bkskit1_XC433771.ogg.npy,bkskit1,13
eaywag1_XC318047.ogg.npy,eaywag1,53
comior1_XC461230.ogg.npy,comior1,38
rerswa1_XC672469.ogg.npy,rerswa1,138
graher1_XC587018.ogg.npy,graher1,62
blakit1_XC765081.ogg.npy,blakit1,17
rufwoo2_XC192502.ogg.npy,rufwoo2,147
litspi1_XC756452.ogg.npy,litspi1,108
rorpar_XC761660.ogg.npy,rorpar,143
grtdro1_XC86962.ogg.npy,grtdro1,73
blrwar1_XC826043.ogg.npy,blrwar1,20
comgre_XC190514.ogg.npy,comgre,37
brnhao1_XC608650.ogg.npy,brnhao1,26
woosan_XC471282.ogg.npy,woosan,177
yebbul3_XC632654.ogg.npy,yebbul3,180
wemhar1_XC552446.ogg.npy,wemhar1,166
grnsan_XC822866.ogg.npy,grnsan,71
gyhcaf1_XC116707.ogg.npy,gyhcaf1,78
ashdro1_XC815588.ogg.npy,ashdro1,1
barswa_XC320720.ogg.npy,barswa,9
ashpri1_XC598048.ogg.npy,ashpri1,2
maghor2_XC216656.ogg.npy,maghor2,111
grenig1_XC430561.ogg.npy,grenig1,69
commoo3_XC544229.ogg.npy,commoo3,40
comros_XC520019.ogg.npy,comros,43
grnsan_XC738287.ogg.npy,grnsan,71
commoo3_XC563969.ogg.npy,commoo3,40
comkin1_XC595142.ogg.npy,comkin1,39
copbar1_XC122982.ogg.npy,copbar1,46
crseag1_XC740462.ogg.npy,crseag1,50
crbsun2_XC125497.ogg.npy,crbsun2,47
eaywag1_XC334136.ogg.npy,eaywag1,53
crseag1_XC143550.ogg.npy,crseag1,50
eurcoo_XC482710.ogg.npy,eurcoo,57
lewduc1_XC612007.ogg.npy,lewduc1,104
grewar3_XC189781.ogg.npy,grewar3,70
grywag_XC708141.ogg.npy,grywag,76
graher1_XC592442.ogg.npy,graher1,62
labcro1_XC489763.ogg.npy,labcro1,100
tilwar1_XC823772.ogg.npy,tilwar1,162
commoo3_XC268739.ogg.npy,commoo3,40
commyn_XC363402.ogg.npy,commyn,41
woosan_XC267072.ogg.npy,woosan,177
junmyn1_XC208574.ogg.npy,junmyn1,96
ashdro1_XC705930.ogg.npy,ashdro1,1
categr_XC57419.ogg.npy,categr,33
grenig1_XC348187.ogg.npy,grenig1,69
whrmun_XC307304.ogg.npy,whrmun,175
comsan_XC822530.ogg.npy,comsan,44
junbab2_XC796047.ogg.npy,junbab2,95
eaywag1_XC316571.ogg.npy,eaywag1,53
eucdov_XC375708.ogg.npy,eucdov,55
bcnher_XC562653.ogg.npy,bcnher,10
grewar3_XC266210.ogg.npy,grewar3,70
gargan_XC340605.ogg.npy,gargan,59
purher1_XC655099.ogg.npy,purher1,132
grewar3_XC150107.ogg.npy,grewar3,70
ashpri1_XC592377.ogg.npy,ashpri1,2
comgre_XC740376.ogg.npy,comgre,37
graher1_XC496518.ogg.npy,graher1,62
eaywag1_XC670682.ogg.npy,eaywag1,53
crseag1_XC215378.ogg.npy,crseag1,50
rocpig_XC622217.ogg.npy,rocpig,142
whbwat1_XC764948.ogg.npy,whbwat1,171
graher1_XC581111.ogg.npy,graher1,62
eaywag1_XC796070.ogg.npy,eaywag1,53
purher1_XC839835.ogg.npy,purher1,132
rocpig_XC829894.ogg.npy,rocpig,142
revbul_XC110492.ogg.npy,revbul,139
commoo3_XC592119.ogg.npy,commoo3,40
compea_XC407393.ogg.npy,compea,42
pursun4_XC448610.ogg.npy,pursun4,134
grnsan_XC735365.ogg.npy,grnsan,71
revbul_XC573346.ogg.npy,revbul,139
woosan_XC234697.ogg.npy,woosan,177
comsan_XC501605.ogg.npy,comsan,44
grywag_XC138587.ogg.npy,grywag,76
grewar3_XC673702.ogg.npy,grewar3,70
rerswa1_XC467757.ogg.npy,rerswa1,138
grywag_XC588494.ogg.npy,grywag,76
eaywag1_XC761649.ogg.npy,eaywag1,53
eucdov_XC82758.ogg.npy,eucdov,55
hoopoe_XC431484.ogg.npy,hoopoe,80
whtkin2_XC551671.ogg.npy,whtkin2,176
comros_XC199489.ogg.npy,comros,43
commyn_XC651854.ogg.npy,commyn,41
comtai1_XC372565.ogg.npy,comtai1,45
eucdov_XC700553.ogg.npy,eucdov,55
commoo3_XC626604.ogg.npy,commoo3,40
brnhao1_XC206372.ogg.npy,brnhao1,26
graher1_XC824429.ogg.npy,graher1,62
greegr_XC512126.ogg.npy,greegr,65
laudov1_XC444439.ogg.npy,laudov1,101
wemhar1_XC559668.ogg.npy,wemhar1,166
whbwat1_XC501702.ogg.npy,whbwat1,171
graher1_XC692942.ogg.npy,graher1,62
eurcoo_XC552660.ogg.npy,eurcoo,57
laudov1_XC213634.ogg.npy,laudov1,101
commyn_XC595360.ogg.npy,commyn,41
cohcuc1_XC396087.ogg.npy,cohcuc1,35
hoopoe_XC402638.ogg.npy,hoopoe,80
labcro1_XC470232.ogg.npy,labcro1,100
purher1_XC580672.ogg.npy,purher1,132
orihob2_XC269246.ogg.npy,orihob2,121
comkin1_XC511572.ogg.npy,comkin1,39
grnsan_XC183254.ogg.npy,grnsan,71
comros_XC620922.ogg.npy,comros,43
grtdro1_XC684270.ogg.npy,grtdro1,73
graher1_XC837510.ogg.npy,graher1,62
grywag_XC459760.ogg.npy,grywag,76
whtkin2_XC309366.ogg.npy,whtkin2,176
grnwar1_XC207636.ogg.npy,grnwar1,72
wemhar1_XC691046.ogg.npy,wemhar1,166
insowl1_XC646891.ogg.npy,insowl1,91
maghor2_XC157978.ogg.npy,maghor2,111
rorpar_XC632116.ogg.npy,rorpar,143
comgre_XC532300.ogg.npy,comgre,37
comkin1_XC188954.ogg.npy,comkin1,39
rerswa1_XC207025.ogg.npy,rerswa1,138
zitcis1_XC516372.ogg.npy,zitcis1,181
lirplo_XC190294.ogg.npy,lirplo,105
rocpig_XC540139.ogg.npy,rocpig,142
grnsan_XC669510.ogg.npy,grnsan,71
zitcis1_XC333705.ogg.npy,zitcis1,181
graher1_XC643722.ogg.npy,graher1,62
eaywag1_XC416184.ogg.npy,eaywag1,53
blhori1_XC412671.ogg.npy,blhori1,18
blrwar1_XC650323.ogg.npy,blrwar1,20
lirplo_XC548732.ogg.npy,lirplo,105
orihob2_XC690489.ogg.npy,orihob2,121
ashwoo2_XC21842.ogg.npy,ashwoo2,3
bkwsti_XC184421.ogg.npy,bkwsti,14
houcro1_XC601411.ogg.npy,houcro1,81
emedov2_XC577913.ogg.npy,emedov2,54
gloibi_XC773518.ogg.npy,gloibi,60
eaywag1_XC765509.ogg.npy,eaywag1,53
rerswa1_XC840031.ogg.npy,rerswa1,138
ruftre2_XC322112.ogg.npy,ruftre2,146
eurcoo_XC637561.ogg.npy,eurcoo,57
rerswa1_XC379520.ogg.npy,rerswa1,138
rufwoo2_XC248150.ogg.npy,rufwoo2,147
lewduc1_XC328307.ogg.npy,lewduc1,104
blnmon1_XC490543.ogg.npy,blnmon1,19
gloibi_XC16977.ogg.npy,gloibi,60
stbkin1_XC496184.ogg.npy,stbkin1,158
purher1_XC671202.ogg.npy,purher1,132
revbul_XC573350.ogg.npy,revbul,139
litegr_XC445758.ogg.npy,litegr,106
barswa_XC208317.ogg.npy,barswa,9
rorpar_XC209714.ogg.npy,rorpar,143
litegr_XC432219.ogg.npy,litegr,106
comsan_XC502388.ogg.npy,comsan,44
brcful1_XC519461.ogg.npy,brcful1,24
houspa_XC380908.ogg.npy,houspa,82
houspa_XC501187.ogg.npy,houspa,82
kenplo1_XC836446.ogg.npy,kenplo1,98
brakit1_XC163896.ogg.npy,brakit1,22
tibfly3_XC196575.ogg.npy,tibfly3,161
comkin1_XC576288.ogg.npy,comkin1,39
insowl1_XC215940.ogg.npy,insowl1,91
greegr_XC264040.ogg.npy,greegr,65
zitcis1_XC463137.ogg.npy,zitcis1,181
comros_XC727915.ogg.npy,comros,43
indpit1_XC572630.ogg.npy,indpit1,84
zitcis1_XC175399.ogg.npy,zitcis1,181
brwowl1_XC453714.ogg.npy,brwowl1,30
barswa_XC539014.ogg.npy,barswa,9
bcnher_XC494214.ogg.npy,bcnher,10
eucdov_XC562813.ogg.npy,eucdov,55
eurcoo_XC684549.ogg.npy,eurcoo,57
mawthr1_XC650886.ogg.npy,mawthr1,116
houspa_XC447435.ogg.npy,houspa,82
houspa_XC234405.ogg.npy,houspa,82
labcro1_XC133744.ogg.npy,labcro1,100
comros_XC420491.ogg.npy,comros,43
zitcis1_XC583638.ogg.npy,zitcis1,181
grejun2_XC306331.ogg.npy,grejun2,68
comgre_XC573988.ogg.npy,comgre,37
comgre_XC497332.ogg.npy,comgre,37
barswa_XC383831.ogg.npy,barswa,9
woosan_XC555107.ogg.npy,woosan,177
insowl1_XC234093.ogg.npy,insowl1,91
comgre_XC814688.ogg.npy,comgre,37
bcnher_XC268821.ogg.npy,bcnher,10
grewar3_XC817795.ogg.npy,grewar3,70
comros_XC372676.ogg.npy,comros,43
litswi1_XC173030.ogg.npy,litswi1,109
comgre_XC381325.ogg.npy,comgre,37
brakit1_XC598947.ogg.npy,brakit1,22
eaywag1_XC798274.ogg.npy,eaywag1,53
lirplo_XC411000.ogg.npy,lirplo,105
crseag1_XC773551.ogg.npy,crseag1,50
rorpar_XC794156.ogg.npy,rorpar,143
rorpar_XC307253.ogg.npy,rorpar,143
grywag_XC836619.ogg.npy,grywag,76
wemhar1_XC608671.ogg.npy,wemhar1,166
eaywag1_XC554126.ogg.npy,eaywag1,53
houcro1_XC294461.ogg.npy,houcro1,81
barswa_XC747306.ogg.npy,barswa,9
gybpri1_XC363614.ogg.npy,gybpri1,77
comsan_XC757333.ogg.npy,comsan,44
putbab1_XC327426.ogg.npy,putbab1,136
nutman_XC843415.ogg.npy,nutman,120
blhori1_XC629658.ogg.npy,blhori1,18
zitcis1_XC845747.ogg.npy,zitcis1,181
woosan_XC573243.ogg.npy,woosan,177
eucdov_XC618520.ogg.npy,eucdov,55
gyhcaf1_XC805189.ogg.npy,gyhcaf1,78
grefla1_XC820703.ogg.npy,grefla1,66
comior1_XC793208.ogg.npy,comior1,38
btbeat1_XC453712.ogg.npy,btbeat1,31
rorpar_XC474381.ogg.npy,rorpar,143
comkin1_XC503769.ogg.npy,comkin1,39
grenig1_XC490557.ogg.npy,grenig1,69
eucdov_XC625590.ogg.npy,eucdov,55
houcro1_XC366729.ogg.npy,houcro1,81
zitcis1_XC797410.ogg.npy,zitcis1,181
brfowl1_XC824090.ogg.npy,brfowl1,25
kenplo1_XC338269.ogg.npy,kenplo1,98
grefla1_XC73177.ogg.npy,grefla1,66
brwowl1_XC824379.ogg.npy,brwowl1,30
rocpig_XC622218.ogg.npy,rocpig,142
marsan_XC837749.ogg.npy,marsan,115
stbkin1_XC482361.ogg.npy,stbkin1,158
hoopoe_XC318438.ogg.npy,hoopoe,80
asikoe2_XC728496.ogg.npy,asikoe2,4
barswa_XC747391.ogg.npy,barswa,9
gyhcaf1_XC797786.ogg.npy,gyhcaf1,78
lirplo_XC743464.ogg.npy,lirplo,105
maghor2_XC205911.ogg.npy,maghor2,111
gloibi_XC622426.ogg.npy,gloibi,60
comior1_XC754354.ogg.npy,comior1,38
bkskit1_XC605487.ogg.npy,bkskit1,13
comkin1_XC610380.ogg.npy,comkin1,39
lesyel1_XC37525.ogg.npy,lesyel1,103
wynlau1_XC338441.ogg.npy,wynlau1,178
gargan_XC190732.ogg.npy,gargan,59
brnhao1_XC73064.ogg.npy,brnhao1,26
woosan_XC492495.ogg.npy,woosan,177
greegr_XC198099.ogg.npy,greegr,65
grnsan_XC37505.ogg.npy,grnsan,71
hoopoe_XC719782.ogg.npy,hoopoe,80
commoo3_XC791802.ogg.npy,commoo3,40
eucdov_XC412791.ogg.npy,eucdov,55
laudov1_XC447656.ogg.npy,laudov1,101
comsan_XC635181.ogg.npy,comsan,44
comior1_XC516499.ogg.npy,comior1,38
bwfshr1_XC642711.ogg.npy,bwfshr1,32
comgre_XC793537.ogg.npy,comgre,37
bkskit1_XC351394.ogg.npy,bkskit1,13
kenplo1_XC711592.ogg.npy,kenplo1,98
placuc3_XC741503.ogg.npy,placuc3,127
blakit1_XC764987.ogg.npy,blakit1,17
kenplo1_XC338266.ogg.npy,kenplo1,98
pursun4_XC771329.ogg.npy,pursun4,134
rewlap1_XC394047.ogg.npy,rewlap1,141
oripip1_XC362803.ogg.npy,oripip1,122
grewar3_XC568687.ogg.npy,grewar3,70
comros_XC777771.ogg.npy,comros,43
greegr_XC253851.ogg.npy,greegr,65
revbul_XC567163.ogg.npy,revbul,139
bcnher_XC541223.ogg.npy,bcnher,10
litgre1_XC780091.ogg.npy,litgre1,107
rewbul_XC713030.ogg.npy,rewbul,140
categr_XC288324.ogg.npy,categr,33
comros_XC208345.ogg.npy,comros,43
eurcoo_XC802139.ogg.npy,eurcoo,57
laudov1_XC444440.ogg.npy,laudov1,101
bkskit1_XC360667.ogg.npy,bkskit1,13
litegr_XC333874.ogg.npy,litegr,106
grywag_XC824856.ogg.npy,grywag,76
comsan_XC801600.ogg.npy,comsan,44
comsan_XC323384.ogg.npy,comsan,44
comros_XC211629.ogg.npy,comros,43
wemhar1_XC620299.ogg.npy,wemhar1,166
comros_XC790081.ogg.npy,comros,43
bkwsti_XC408369.ogg.npy,bkwsti,14
copbar1_XC359359.ogg.npy,copbar1,46
grecou1_XC412225.ogg.npy,grecou1,64
whbsho3_XC856463.ogg.npy,whbsho3,168
rerswa1_XC385379.ogg.npy,rerswa1,138
comkin1_XC565480.ogg.npy,comkin1,39
comsan_XC746957.ogg.npy,comsan,44
shikra1_XC623720.ogg.npy,shikra1,151
houcro1_XC163859.ogg.npy,houcro1,81
kenplo1_XC494528.ogg.npy,kenplo1,98
houspa_XC557009.ogg.npy,houspa,82
ashdro1_XC778972.ogg.npy,ashdro1,1
comros_XC498719.ogg.npy,comros,43
blrwar1_XC478106.ogg.npy,blrwar1,20
rerswa1_XC445700.ogg.npy,rerswa1,138
lirplo_XC757374.ogg.npy,lirplo,105
grtdro1_XC336527.ogg.npy,grtdro1,73
labcro1_XC523445.ogg.npy,labcro1,100
eurcoo_XC547396.ogg.npy,eurcoo,57
asikoe2_XC164022.ogg.npy,asikoe2,4
brnhao1_XC422646.ogg.npy,brnhao1,26
comgre_XC775337.ogg.npy,comgre,37
grywag_XC401569.ogg.npy,grywag,76
rorpar_XC445741.ogg.npy,rorpar,143
grtdro1_XC150644.ogg.npy,grtdro1,73
graher1_XC689362.ogg.npy,graher1,62
graher1_XC580772.ogg.npy,graher1,62
eucdov_XC662830.ogg.npy,eucdov,55
grtdro1_XC756616.ogg.npy,grtdro1,73
bkskit1_XC352487.ogg.npy,bkskit1,13
barswa_XC428863.ogg.npy,barswa,9
kenplo1_XC718501.ogg.npy,kenplo1,98
woosan_XC668548.ogg.npy,woosan,177
graher1_XC623576.ogg.npy,graher1,62
grywag_XC146032.ogg.npy,grywag,76
houspa_XC767852.ogg.npy,houspa,82
ashpri1_XC209228.ogg.npy,ashpri1,2
blrwar1_XC653893.ogg.npy,blrwar1,20
comkin1_XC526239.ogg.npy,comkin1,39
grbeat1_XC569673.ogg.npy,grbeat1,63
commoo3_XC549160.ogg.npy,commoo3,40
wemhar1_XC782716.ogg.npy,wemhar1,166
vefnut1_XC207786.ogg.npy,vefnut1,163
comior1_XC268331.ogg.npy,comior1,38
rorpar_XC294389.ogg.npy,rorpar,143
grewar3_XC563551.ogg.npy,grewar3,70
commyn_XC546947.ogg.npy,commyn,41
eurcoo_XC702525.ogg.npy,eurcoo,57
grnsan_XC506268.ogg.npy,grnsan,71
bkrfla1_XC416112.ogg.npy,bkrfla1,12
zitcis1_XC378569.ogg.npy,zitcis1,181
comros_XC484731.ogg.npy,comros,43
categr_XC713124.ogg.npy,categr,33
litgre1_XC780433.ogg.npy,litgre1,107
comgre_XC590213.ogg.npy,comgre,37
woosan_XC831152.ogg.npy,woosan,177
litegr_XC422126.ogg.npy,litegr,106
zitcis1_XC745429.ogg.npy,zitcis1,181
pursun4_XC406121.ogg.npy,pursun4,134
lirplo_XC761271.ogg.npy,lirplo,105
comgre_XC484267.ogg.npy,comgre,37
woosan_XC585287.ogg.npy,woosan,177
bcnher_XC856090.ogg.npy,bcnher,10
commoo3_XC554617.ogg.npy,commoo3,40
purher1_XC812915.ogg.npy,purher1,132
grewar3_XC266049.ogg.npy,grewar3,70
hoopoe_XC659748.ogg.npy,hoopoe,80
lirplo_XC840854.ogg.npy,lirplo,105
purher1_XC676276.ogg.npy,purher1,132
asikoe2_XC809041.ogg.npy,asikoe2,4
barswa_XC337981.ogg.npy,barswa,9
whiter2_XC449770.ogg.npy,whiter2,174
barswa_XC841236.ogg.npy,barswa,9
grewar3_XC659659.ogg.npy,grewar3,70
rewbul_XC208293.ogg.npy,rewbul,140
comros_XC416854.ogg.npy,comros,43
commoo3_XC678060.ogg.npy,commoo3,40
blrwar1_XC659129.ogg.npy,blrwar1,20
hoopoe_XC279097.ogg.npy,hoopoe,80
goflea1_XC209549.ogg.npy,goflea1,61
grecou1_XC621009.ogg.npy,grecou1,64
comtai1_XC307413.ogg.npy,comtai1,45
categr_XC769887.ogg.npy,categr,33
hoopoe_XC401686.ogg.npy,hoopoe,80
commoo3_XC624755.ogg.npy,commoo3,40
stbkin1_XC216884.ogg.npy,stbkin1,158
cohcuc1_XC331245.ogg.npy,cohcuc1,35
woosan_XC581177.ogg.npy,woosan,177
eucdov_XC702307.ogg.npy,eucdov,55
dafbab1_XC187059.ogg.npy,dafbab1,51
grtdro1_XC329482.ogg.npy,grtdro1,73
gyhcaf1_XC612681.ogg.npy,gyhcaf1,78
houspa_XC577876.ogg.npy,houspa,82
wemhar1_XC377178.ogg.npy,wemhar1,166
comkin1_XC580508.ogg.npy,comkin1,39
brcful1_XC165286.ogg.npy,brcful1,24
grywag_XC585615.ogg.npy,grywag,76
darter2_XC756479.ogg.npy,darter2,52
gybpri1_XC823428.ogg.npy,gybpri1,77
blrwar1_XC375554.ogg.npy,blrwar1,20
eaywag1_XC800177.ogg.npy,eaywag1,53
rewbul_XC713451.ogg.npy,rewbul,140
lewduc1_XC234153.ogg.npy,lewduc1,104
grnsan_XC671707.ogg.npy,grnsan,71
pursun3_XC306702.ogg.npy,pursun3,133
kenplo1_XC844800.ogg.npy,kenplo1,98
whiter2_XC403840.ogg.npy,whiter2,174
graher1_XC738682.ogg.npy,graher1,62
comsan_XC585285.ogg.npy,comsan,44
blnmon1_XC632677.ogg.npy,blnmon1,19
comgre_XC661972.ogg.npy,comgre,37
labcro1_XC204752.ogg.npy,labcro1,100
rewbul_XC627420.ogg.npy,rewbul,140
piebus1_XC31442.ogg.npy,piebus1,125
brnshr_XC387695.ogg.npy,brnshr,27
indrol2_XC508365.ogg.npy,indrol2,86
eurcoo_XC779448.ogg.npy,eurcoo,57
blakit1_XC538916.ogg.npy,blakit1,17
brwjac1_XC394870.ogg.npy,brwjac1,29
laudov1_XC489304.ogg.npy,laudov1,101
eurcoo_XC833022.ogg.npy,eurcoo,57
comtai1_XC726458.ogg.npy,comtai1,45
comior1_XC524305.ogg.npy,comior1,38
commoo3_XC288605.ogg.npy,commoo3,40
insbab1_XC188850.ogg.npy,insbab1,90
grywag_XC442717.ogg.npy,grywag,76
shikra1_XC575200.ogg.npy,shikra1,151
comros_XC630626.ogg.npy,comros,43
blrwar1_XC611648.ogg.npy,blrwar1,20
grecou1_XC210459.ogg.npy,grecou1,64
barswa_XC557514.ogg.npy,barswa,9
litgre1_XC26931.ogg.npy,litgre1,107
lblwar1_XC324110.ogg.npy,lblwar1,102
comros_XC328092.ogg.npy,comros,43
piekin1_XC515892.ogg.npy,piekin1,126
lirplo_XC801060.ogg.npy,lirplo,105
comsan_XC581172.ogg.npy,comsan,44
houcro1_XC443066.ogg.npy,houcro1,81
hoopoe_XC560960.ogg.npy,hoopoe,80
grnsan_XC266348.ogg.npy,grnsan,71
whcbar1_XC313631.ogg.npy,whcbar1,173
grywag_XC493349.ogg.npy,grywag,76
brnshr_XC267581.ogg.npy,brnshr,27
grywag_XC367827.ogg.npy,grywag,76
comior1_XC388231.ogg.npy,comior1,38
comgre_XC733167.ogg.npy,comgre,37
gybpri1_XC385863.ogg.npy,gybpri1,77
paisto1_XC787800.ogg.npy,paisto1,124
litswi1_XC498620.ogg.npy,litswi1,109
brcful1_XC682362.ogg.npy,brcful1,24
grywag_XC806672.ogg.npy,grywag,76
sttwoo1_XC615777.ogg.npy,sttwoo1,159
blrwar1_XC320971.ogg.npy,blrwar1,20
bkwsti_XC481405.ogg.npy,bkwsti,14
brwowl1_XC303559.ogg.npy,brwowl1,30
comkin1_XC686763.ogg.npy,comkin1,39
bcnher_XC681995.ogg.npy,bcnher,10
commoo3_XC484773.ogg.npy,commoo3,40
comsan_XC422055.ogg.npy,comsan,44
crseag1_XC124351.ogg.npy,crseag1,50
comsan_XC798523.ogg.npy,comsan,44
eurcoo_XC547039.ogg.npy,eurcoo,57
lblwar1_XC153018.ogg.npy,lblwar1,102
blrwar1_XC568971.ogg.npy,blrwar1,20
pabflo1_XC741595.ogg.npy,pabflo1,123
woosan_XC642689.ogg.npy,woosan,177
purher1_XC493468.ogg.npy,purher1,132
whtkin2_XC433760.ogg.npy,whtkin2,176
comgre_XC603010.ogg.npy,comgre,37
bkwsti_XC568227.ogg.npy,bkwsti,14
comros_XC457669.ogg.npy,comros,43
kenplo1_XC371002.ogg.npy,kenplo1,98
zitcis1_XC789245.ogg.npy,zitcis1,181
comros_XC367339.ogg.npy,comros,43
bladro1_XC792259.ogg.npy,bladro1,15
hoopoe_XC722698.ogg.npy,hoopoe,80
litgre1_XC663244.ogg.npy,litgre1,107
barswa_XC457818.ogg.npy,barswa,9
grewar3_XC24975.ogg.npy,grewar3,70
insowl1_XC433063.ogg.npy,insowl1,91
graher1_XC487205.ogg.npy,graher1,62
bkwsti_XC743061.ogg.npy,bkwsti,14
litegr_XC829567.ogg.npy,litegr,106
blrwar1_XC569635.ogg.npy,blrwar1,20
eurcoo_XC549301.ogg.npy,eurcoo,57
gybpri1_XC467426.ogg.npy,gybpri1,77
indrob1_XC452276.ogg.npy,indrob1,85
placuc3_XC682031.ogg.npy,placuc3,127
comsan_XC807233.ogg.npy,comsan,44
bcnher_XC537566.ogg.npy,bcnher,10
pursun3_XC664677.ogg.npy,pursun3,133
eurcoo_XC400948.ogg.npy,eurcoo,57
mawthr1_XC396111.ogg.npy,mawthr1,116
grecou1_XC467966.ogg.npy,grecou1,64
bkwsti_XC643577.ogg.npy,bkwsti,14
grnsan_XC338757.ogg.npy,grnsan,71
eucdov_XC668315.ogg.npy,eucdov,55
gargan_XC792064.ogg.npy,gargan,59
grywag_XC474450.ogg.npy,grywag,76
chbeat1_XC399364.ogg.npy,chbeat1,34
btbeat1_XC208925.ogg.npy,btbeat1,31
comtai1_XC459620.ogg.npy,comtai1,45
eaywag1_XC647652.ogg.npy,eaywag1,53
pursun3_XC442345.ogg.npy,pursun3,133
lirplo_XC128203.ogg.npy,lirplo,105
bwfshr1_XC197601.ogg.npy,bwfshr1,32
blrwar1_XC503969.ogg.npy,blrwar1,20
grnsan_XC367221.ogg.npy,grnsan,71
indpit1_XC253591.ogg.npy,indpit1,84
graher1_XC601949.ogg.npy,graher1,62
putbab1_XC462243.ogg.npy,putbab1,136
lirplo_XC747057.ogg.npy,lirplo,105
comior1_XC786240.ogg.npy,comior1,38
grehor1_XC302245.ogg.npy,grehor1,67
comros_XC455907.ogg.npy,comros,43
rorpar_XC602170.ogg.npy,rorpar,143
houcro1_XC294462.ogg.npy,houcro1,81
comsan_XC743776.ogg.npy,comsan,44
gloibi_XC310513.ogg.npy,gloibi,60
vefnut1_XC491070.ogg.npy,vefnut1,163
copbar1_XC620129.ogg.npy,copbar1,46
blhori1_XC197599.ogg.npy,blhori1,18
hoopoe_XC327769.ogg.npy,hoopoe,80
woosan_XC586201.ogg.npy,woosan,177
niwpig1_XC538454.ogg.npy,niwpig1,119
purher1_XC770271.ogg.npy,purher1,132
comkin1_XC202480.ogg.npy,comkin1,39
comros_XC183528.ogg.npy,comros,43
houspa_XC169354.ogg.npy,houspa,82
rocpig_XC844858.ogg.npy,rocpig,142
bcnher_XC741751.ogg.npy,bcnher,10
grtdro1_XC786591.ogg.npy,grtdro1,73
litgre1_XC737864.ogg.npy,litgre1,107
brwowl1_XC755929.ogg.npy,brwowl1,30
litegr_XC718503.ogg.npy,litegr,106
comtai1_XC133739.ogg.npy,comtai1,45
bkwsti_XC338796.ogg.npy,bkwsti,14
whbwoo2_XC304558.ogg.npy,whbwoo2,172
asikoe2_XC164679.ogg.npy,asikoe2,4
commoo3_XC719861.ogg.npy,commoo3,40
thbwar1_XC375246.ogg.npy,thbwar1,160
cohcuc1_XC433065.ogg.npy,cohcuc1,35
putbab1_XC138644.ogg.npy,putbab1,136
kenplo1_XC718498.ogg.npy,kenplo1,98
grewar3_XC323475.ogg.npy,grewar3,70
lirplo_XC266279.ogg.npy,lirplo,105
whiter2_XC601208.ogg.npy,whiter2,174
rocpig_XC178529.ogg.npy,rocpig,142
comtai1_XC776523.ogg.npy,comtai1,45
blhori1_XC776181.ogg.npy,blhori1,18
plhpar1_XC444446.ogg.npy,plhpar1,130
laudov1_XC539786.ogg.npy,laudov1,101
rocpig_XC664611.ogg.npy,rocpig,142
comior1_XC730844.ogg.npy,comior1,38
blnmon1_XC621454.ogg.npy,blnmon1,19
thbwar1_XC329218.ogg.npy,thbwar1,160
grecou1_XC163845.ogg.npy,grecou1,64
rorpar_XC475257.ogg.npy,rorpar,143
labcro1_XC204599.ogg.npy,labcro1,100
pursun4_XC690230.ogg.npy,pursun4,134
rorpar_XC656230.ogg.npy,rorpar,143
litegr_XC341667.ogg.npy,litegr,106
grtdro1_XC336531.ogg.npy,grtdro1,73
whbwat1_XC190859.ogg.npy,whbwat1,171
eurcoo_XC133876.ogg.npy,eurcoo,57
grywag_XC686516.ogg.npy,grywag,76
grtdro1_XC785381.ogg.npy,grtdro1,73
comkin1_XC130664.ogg.npy,comkin1,39
comros_XC764291.ogg.npy,comros,43
grnsan_XC678736.ogg.npy,grnsan,71
comros_XC185060.ogg.npy,comros,43
bkwsti_XC721598.ogg.npy,bkwsti,14
hoopoe_XC655207.ogg.npy,hoopoe,80
houspa_XC679709.ogg.npy,houspa,82
comros_XC432093.ogg.npy,comros,43
brnshr_XC458241.ogg.npy,brnshr,27
comgre_XC667681.ogg.npy,comgre,37
comsan_XC185083.ogg.npy,comsan,44
spepic1_XC23010.ogg.npy,spepic1,154
gloibi_XC310510.ogg.npy,gloibi,60
eurcoo_XC772766.ogg.npy,eurcoo,57
asbfly_XC596043.ogg.npy,asbfly,0
litgre1_XC483193.ogg.npy,litgre1,107
comgre_XC507430.ogg.npy,comgre,37
barswa_XC187796.ogg.npy,barswa,9
asikoe2_XC665229.ogg.npy,asikoe2,4
bkskit1_XC353818.ogg.npy,bkskit1,13
grywag_XC608325.ogg.npy,grywag,76
gyhcaf1_XC242468.ogg.npy,gyhcaf1,78
comkin1_XC503152.ogg.npy,comkin1,39
eurcoo_XC180129.ogg.npy,eurcoo,57
gloibi_XC780992.ogg.npy,gloibi,60
copbar1_XC304839.ogg.npy,copbar1,46
grywag_XC722424.ogg.npy,grywag,76
oripip1_XC644722.ogg.npy,oripip1,122
comtai1_XC713876.ogg.npy,comtai1,45
asikoe2_XC163890.ogg.npy,asikoe2,4
grnsan_XC583026.ogg.npy,grnsan,71
comtai1_XC133733.ogg.npy,comtai1,45
litspi1_XC342506.ogg.npy,litspi1,108
piebus1_XC240347.ogg.npy,piebus1,125
litgre1_XC370797.ogg.npy,litgre1,107
junmyn1_XC444546.ogg.npy,junmyn1,96
rewbul_XC561007.ogg.npy,rewbul,140
blnmon1_XC741218.ogg.npy,blnmon1,19
grbeat1_XC509474.ogg.npy,grbeat1,63
asikoe2_XC307546.ogg.npy,asikoe2,4
junbab2_XC684276.ogg.npy,junbab2,95
labcro1_XC283559.ogg.npy,labcro1,100
tibfly3_XC645860.ogg.npy,tibfly3,161
eucdov_XC431893.ogg.npy,eucdov,55
comior1_XC730187.ogg.npy,comior1,38
grtdro1_XC484920.ogg.npy,grtdro1,73
litegr_XC515969.ogg.npy,litegr,106
barswa_XC457813.ogg.npy,barswa,9
asikoe2_XC785826.ogg.npy,asikoe2,4
grewar3_XC289522.ogg.npy,grewar3,70
barswa_XC457792.ogg.npy,barswa,9
lirplo_XC675375.ogg.npy,lirplo,105
thbwar1_XC340033.ogg.npy,thbwar1,160
indpit1_XC318815.ogg.npy,indpit1,84
commoo3_XC627458.ogg.npy,commoo3,40
kenplo1_XC718550.ogg.npy,kenplo1,98
comros_XC445908.ogg.npy,comros,43
eaywag1_XC316740.ogg.npy,eaywag1,53
maghor2_XC786588.ogg.npy,maghor2,111
brakit1_XC575563.ogg.npy,brakit1,22
commyn_XC183880.ogg.npy,commyn,41
woosan_XC821084.ogg.npy,woosan,177
wemhar1_XC605997.ogg.npy,wemhar1,166
graher1_XC569913.ogg.npy,graher1,62
rorpar_XC430285.ogg.npy,rorpar,143
orihob2_XC745215.ogg.npy,orihob2,121
hoopoe_XC639406.ogg.npy,hoopoe,80
crseag1_XC646868.ogg.npy,crseag1,50
marsan_XC722950.ogg.npy,marsan,115
comsan_XC831688.ogg.npy,comsan,44
bcnher_XC621871.ogg.npy,bcnher,10
grnsan_XC497272.ogg.npy,grnsan,71
spepic1_XC616538.ogg.npy,spepic1,154
whiter2_XC714123.ogg.npy,whiter2,174
rerswa1_XC832398.ogg.npy,rerswa1,138
lirplo_XC542564.ogg.npy,lirplo,105
grtdro1_XC404417.ogg.npy,grtdro1,73
categr_XC372953.ogg.npy,categr,33
grnsan_XC692345.ogg.npy,grnsan,71
eaywag1_XC743045.ogg.npy,eaywag1,53
grywag_XC812492.ogg.npy,grywag,76
piekin1_XC341770.ogg.npy,piekin1,126
brasta1_XC336390.ogg.npy,brasta1,23
putbab1_XC308598.ogg.npy,putbab1,136
houspa_XC462545.ogg.npy,houspa,82
bcnher_XC788132.ogg.npy,bcnher,10
eucdov_XC668304.ogg.npy,eucdov,55
commyn_XC362679.ogg.npy,commyn,41
grnsan_XC807895.ogg.npy,grnsan,71
grtdro1_XC684736.ogg.npy,grtdro1,73
greegr_XC198104.ogg.npy,greegr,65
eaywag1_XC589469.ogg.npy,eaywag1,53
grnsan_XC580093.ogg.npy,grnsan,71
bladro1_XC546083.ogg.npy,bladro1,15
brnshr_XC591613.ogg.npy,brnshr,27
hoopoe_XC312068.ogg.npy,hoopoe,80
comsan_XC695371.ogg.npy,comsan,44
litspi1_XC307335.ogg.npy,litspi1,108
eurcoo_XC720306.ogg.npy,eurcoo,57
thbwar1_XC859315.ogg.npy,thbwar1,160
graher1_XC425048.ogg.npy,graher1,62
brnhao1_XC747174.ogg.npy,brnhao1,26
aspfly1_XC644202.ogg.npy,aspfly1,6
houspa_XC424177.ogg.npy,houspa,82
barswa_XC585512.ogg.npy,barswa,9
grnsan_XC753906.ogg.npy,grnsan,71
comtai1_XC208295.ogg.npy,comtai1,45
maghor2_XC386044.ogg.npy,maghor2,111
bkwsti_XC667474.ogg.npy,bkwsti,14
bkwsti_XC236907.ogg.npy,bkwsti,14
bkwsti_XC328055.ogg.npy,bkwsti,14
barswa_XC317626.ogg.npy,barswa,9
zitcis1_XC208071.ogg.npy,zitcis1,181
graher1_XC545275.ogg.npy,graher1,62
eaywag1_XC670117.ogg.npy,eaywag1,53
rufwoo2_XC839064.ogg.npy,rufwoo2,147
litegr_XC647431.ogg.npy,litegr,106
hoopoe_XC557916.ogg.npy,hoopoe,80
comgre_XC401769.ogg.npy,comgre,37
plaflo1_XC615781.ogg.npy,plaflo1,128
barfly1_XC548373.ogg.npy,barfly1,8
labcro1_XC398992.ogg.npy,labcro1,100
rorpar_XC561018.ogg.npy,rorpar,143
rorpar_XC630911.ogg.npy,rorpar,143
dafbab1_XC188309.ogg.npy,dafbab1,51
commyn_XC714217.ogg.npy,commyn,41
blhori1_XC798564.ogg.npy,blhori1,18
grnsan_XC580260.ogg.npy,grnsan,71
bkwsti_XC175409.ogg.npy,bkwsti,14
piebus1_XC185431.ogg.npy,piebus1,125
eaywag1_XC334132.ogg.npy,eaywag1,53
comros_XC611058.ogg.npy,comros,43
litegr_XC664586.ogg.npy,litegr,106
comgre_XC678188.ogg.npy,comgre,37
asbfly_XC629847.ogg.npy,asbfly,0
barswa_XC839563.ogg.npy,barswa,9
placuc3_XC577952.ogg.npy,placuc3,127
bkskit1_XC350249.ogg.npy,bkskit1,13
graher1_XC836039.ogg.npy,graher1,62
labcro1_XC657612.ogg.npy,labcro1,100
ruftre2_XC590318.ogg.npy,ruftre2,146
litgre1_XC580848.ogg.npy,litgre1,107
barswa_XC667843.ogg.npy,barswa,9
grnwar1_XC482832.ogg.npy,grnwar1,72
pursun4_XC713198.ogg.npy,pursun4,134
comtai1_XC787661.ogg.npy,comtai1,45
rorpar_XC734023.ogg.npy,rorpar,143
graher1_XC670844.ogg.npy,graher1,62
comsan_XC677814.ogg.npy,comsan,44
comgre_XC821063.ogg.npy,comgre,37
comros_XC248039.ogg.npy,comros,43
whbwat1_XC607927.ogg.npy,whbwat1,171
comkin1_XC716236.ogg.npy,comkin1,39
houspa_XC650362.ogg.npy,houspa,82
kerlau2_XC856429.ogg.npy,kerlau2,99
commyn_XC73132.ogg.npy,commyn,41
bcnher_XC654352.ogg.npy,bcnher,10
comgre_XC717088.ogg.npy,comgre,37
comros_XC438937.ogg.npy,comros,43
gargan_XC545850.ogg.npy,gargan,59
lirplo_XC551680.ogg.npy,lirplo,105
eaywag1_XC799916.ogg.npy,eaywag1,53
btbeat1_XC396850.ogg.npy,btbeat1,31
comros_XC27695.ogg.npy,comros,43
insbab1_XC672095.ogg.npy,insbab1,90
insowl1_XC301142.ogg.npy,insowl1,91
gargan_XC630146.ogg.npy,gargan,59
indrob1_XC741505.ogg.npy,indrob1,85
eucdov_XC541520.ogg.npy,eucdov,55
ashdro1_XC114603.ogg.npy,ashdro1,1
eucdov_XC266686.ogg.npy,eucdov,55
grefla1_XC453730.ogg.npy,grefla1,66
greegr_XC786296.ogg.npy,greegr,65
eurcoo_XC441929.ogg.npy,eurcoo,57
comsan_XC672722.ogg.npy,comsan,44
lirplo_XC649851.ogg.npy,lirplo,105
shikra1_XC523462.ogg.npy,shikra1,151
bcnher_XC587876.ogg.npy,bcnher,10
comsan_XC140115.ogg.npy,comsan,44
revbul_XC657073.ogg.npy,revbul,139
eucdov_XC518421.ogg.npy,eucdov,55
graher1_XC113936.ogg.npy,graher1,62
categr_XC452565.ogg.npy,categr,33
blakit1_XC740480.ogg.npy,blakit1,17
hoopoe_XC447568.ogg.npy,hoopoe,80
lirplo_XC732687.ogg.npy,lirplo,105
cohcuc1_XC368335.ogg.npy,cohcuc1,35
bcnher_XC592469.ogg.npy,bcnher,10
graher1_XC738120.ogg.npy,graher1,62
comkin1_XC337444.ogg.npy,comkin1,39
brnshr_XC806801.ogg.npy,brnshr,27
litegr_XC282918.ogg.npy,litegr,106
eaywag1_XC672547.ogg.npy,eaywag1,53
grefla1_XC682668.ogg.npy,grefla1,66
shikra1_XC637308.ogg.npy,shikra1,151
graher1_XC692941.ogg.npy,graher1,62
eucdov_XC507629.ogg.npy,eucdov,55
rewbul_XC723000.ogg.npy,rewbul,140
houcro1_XC662882.ogg.npy,houcro1,81
graher1_XC570013.ogg.npy,graher1,62
zitcis1_XC283840.ogg.npy,zitcis1,181
eurbla2_XC648794.ogg.npy,eurbla2,56
blakit1_XC132063.ogg.npy,blakit1,17
junbab2_XC120754.ogg.npy,junbab2,95
bcnher_XC393153.ogg.npy,bcnher,10
eurcoo_XC621931.ogg.npy,eurcoo,57
grecou1_XC620473.ogg.npy,grecou1,64
comgre_XC829449.ogg.npy,comgre,37
grywag_XC504401.ogg.npy,grywag,76
houcro1_XC665874.ogg.npy,houcro1,81
grnwar1_XC740624.ogg.npy,grnwar1,72
btbeat1_XC400298.ogg.npy,btbeat1,31
lirplo_XC128884.ogg.npy,lirplo,105
commyn_XC364334.ogg.npy,commyn,41
barswa_XC458638.ogg.npy,barswa,9
litegr_XC576959.ogg.npy,litegr,106
laudov1_XC288060.ogg.npy,laudov1,101
thbwar1_XC209934.ogg.npy,thbwar1,160
comkin1_XC672952.ogg.npy,comkin1,39
litegr_XC749604.ogg.npy,litegr,106
comsan_XC689927.ogg.npy,comsan,44
lirplo_XC642507.ogg.npy,lirplo,105
rorpar_XC760789.ogg.npy,rorpar,143
wemhar1_XC262847.ogg.npy,wemhar1,166
graher1_XC436470.ogg.npy,graher1,62
inbrob1_XC812014.ogg.npy,inbrob1,83
thbwar1_XC239436.ogg.npy,thbwar1,160
categr_XC514784.ogg.npy,categr,33
grywag_XC527589.ogg.npy,grywag,76
grnsan_XC731974.ogg.npy,grnsan,71
comtai1_XC857646.ogg.npy,comtai1,45
houspa_XC197830.ogg.npy,houspa,82
lirplo_XC378043.ogg.npy,lirplo,105
ingori1_XC385584.ogg.npy,ingori1,88
brnshr_XC115433.ogg.npy,brnshr,27
asikoe2_XC461227.ogg.npy,asikoe2,4
graher1_XC691497.ogg.npy,graher1,62
greegr_XC719807.ogg.npy,greegr,65
nutman_XC377639.ogg.npy,nutman,120
comsan_XC556795.ogg.npy,comsan,44
pursun3_XC208681.ogg.npy,pursun3,133
bcnher_XC818320.ogg.npy,bcnher,10
commoo3_XC183637.ogg.npy,commoo3,40
comros_XC182519.ogg.npy,comros,43
oripip1_XC208805.ogg.npy,oripip1,122
comkin1_XC476305.ogg.npy,comkin1,39
grnsan_XC697918.ogg.npy,grnsan,71
whbbul2_XC575154.ogg.npy,whbbul2,167
putbab1_XC645206.ogg.npy,putbab1,136
bncwoo3_XC197598.ogg.npy,bncwoo3,21
labcro1_XC191726.ogg.npy,labcro1,100
comgre_XC190512.ogg.npy,comgre,37
grewar3_XC183218.ogg.npy,grewar3,70
bkwsti_XC838404.ogg.npy,bkwsti,14
kerlau2_XC856422.ogg.npy,kerlau2,99
lirplo_XC720445.ogg.npy,lirplo,105
grewar3_XC375795.ogg.npy,grewar3,70
whiter2_XC263342.ogg.npy,whiter2,174
vehpar1_XC604550.ogg.npy,vehpar1,164
grnsan_XC722753.ogg.npy,grnsan,71
grywag_XC267569.ogg.npy,grywag,76
purher1_XC542558.ogg.npy,purher1,132
whbwoo2_XC240390.ogg.npy,whbwoo2,172
hoopoe_XC318439.ogg.npy,hoopoe,80
comros_XC664853.ogg.npy,comros,43
piekin1_XC616028.ogg.npy,piekin1,126
grewar3_XC191631.ogg.npy,grewar3,70
comros_XC135790.ogg.npy,comros,43
grewar3_XC810786.ogg.npy,grewar3,70
rerswa1_XC423972.ogg.npy,rerswa1,138
comsan_XC660610.ogg.npy,comsan,44
eurcoo_XC697400.ogg.npy,eurcoo,57
cohcuc1_XC423419.ogg.npy,cohcuc1,35
comgre_XC828691.ogg.npy,comgre,37
bcnher_XC714053.ogg.npy,bcnher,10
litgre1_XC407138.ogg.npy,litgre1,107
grewar3_XC349053.ogg.npy,grewar3,70
whbwoo2_XC629324.ogg.npy,whbwoo2,172
piekin1_XC615762.ogg.npy,piekin1,126
rossta2_XC417080.ogg.npy,rossta2,144
whbwat1_XC724405.ogg.npy,whbwat1,171
comsan_XC425078.ogg.npy,comsan,44
comsan_XC663967.ogg.npy,comsan,44
revbul_XC351856.ogg.npy,revbul,139
gargan_XC793036.ogg.npy,gargan,59
pabflo1_XC536071.ogg.npy,pabflo1,123
grnwar1_XC639658.ogg.npy,grnwar1,72
asbfly_XC610734.ogg.npy,asbfly,0
litswi1_XC443711.ogg.npy,litswi1,109
litegr_XC577778.ogg.npy,litegr,106
eaywag1_XC432116.ogg.npy,eaywag1,53
brfowl1_XC824092.ogg.npy,brfowl1,25
gyhcaf1_XC116631.ogg.npy,gyhcaf1,78
eucdov_XC546146.ogg.npy,eucdov,55
eucdov_XC580520.ogg.npy,eucdov,55
grejun2_XC469389.ogg.npy,grejun2,68
houspa_XC392772.ogg.npy,houspa,82
cohcuc1_XC672096.ogg.npy,cohcuc1,35
ruftre2_XC775814.ogg.npy,ruftre2,146
litgre1_XC717151.ogg.npy,litgre1,107
grywag_XC650696.ogg.npy,grywag,76
litegr_XC333934.ogg.npy,litegr,106
grnsan_XC301656.ogg.npy,grnsan,71
piekin1_XC562203.ogg.npy,piekin1,126
graher1_XC543198.ogg.npy,graher1,62
lirplo_XC641445.ogg.npy,lirplo,105
barswa_XC179356.ogg.npy,barswa,9
ashdro1_XC284493.ogg.npy,ashdro1,1
nilfly2_XC788165.ogg.npy,nilfly2,118
grbeat1_XC621032.ogg.npy,grbeat1,63
comgre_XC200245.ogg.npy,comgre,37
brodro1_XC629315.ogg.npy,brodro1,28
junbab2_XC73738.ogg.npy,junbab2,95
grywag_XC183993.ogg.npy,grywag,76
pabflo1_XC652767.ogg.npy,pabflo1,123
bkwsti_XC613601.ogg.npy,bkwsti,14
gargan_XC608204.ogg.npy,gargan,59
tibfly3_XC741607.ogg.npy,tibfly3,161
wemhar1_XC310817.ogg.npy,wemhar1,166
lirplo_XC659495.ogg.npy,lirplo,105
bkskit1_XC513399.ogg.npy,bkskit1,13
blhori1_XC684407.ogg.npy,blhori1,18
spodov_XC260139.ogg.npy,spodov,155
comkin1_XC804707.ogg.npy,comkin1,39
comkin1_XC142122.ogg.npy,comkin1,39
eucdov_XC539836.ogg.npy,eucdov,55
comgre_XC643997.ogg.npy,comgre,37
comgre_XC733715.ogg.npy,comgre,37
graher1_XC764657.ogg.npy,graher1,62
blakit1_XC268754.ogg.npy,blakit1,17
pursun4_XC375295.ogg.npy,pursun4,134
rorpar_XC207014.ogg.npy,rorpar,143
grtdro1_XC126627.ogg.npy,grtdro1,73
whcbar1_XC761425.ogg.npy,whcbar1,173
grejun2_XC603116.ogg.npy,grejun2,68
whbwoo2_XC124428.ogg.npy,whbwoo2,172
greegr_XC257307.ogg.npy,greegr,65
whiter2_XC371258.ogg.npy,whiter2,174
grnwar1_XC778602.ogg.npy,grnwar1,72
isbduc1_XC114233.ogg.npy,isbduc1,93
woosan_XC644171.ogg.npy,woosan,177
comgre_XC821790.ogg.npy,comgre,37
gloibi_XC732682.ogg.npy,gloibi,60
whbwag1_XC267083.ogg.npy,whbwag1,170
bkskit1_XC704553.ogg.npy,bkskit1,13
inbrob1_XC402420.ogg.npy,inbrob1,83
tibfly3_XC643744.ogg.npy,tibfly3,161
whiter2_XC383743.ogg.npy,whiter2,174
comros_XC204983.ogg.npy,comros,43
hoopoe_XC240325.ogg.npy,hoopoe,80
grewar3_XC507657.ogg.npy,grewar3,70
eucdov_XC775189.ogg.npy,eucdov,55
woosan_XC184453.ogg.npy,woosan,177
eucdov_XC669200.ogg.npy,eucdov,55
blhori1_XC331401.ogg.npy,blhori1,18
gloibi_XC430606.ogg.npy,gloibi,60
eurcoo_XC605155.ogg.npy,eurcoo,57
grejun2_XC266923.ogg.npy,grejun2,68
litspi1_XC279171.ogg.npy,litspi1,108
grywag_XC373378.ogg.npy,grywag,76
pursun4_XC576589.ogg.npy,pursun4,134
whbbul2_XC663208.ogg.npy,whbbul2,167
rossta2_XC574447.ogg.npy,rossta2,144
rorpar_XC606449.ogg.npy,rorpar,143
grtdro1_XC575538.ogg.npy,grtdro1,73
hoopoe_XC785863.ogg.npy,hoopoe,80
grywag_XC663456.ogg.npy,grywag,76
comgre_XC674487.ogg.npy,comgre,37
grewar3_XC574919.ogg.npy,grewar3,70
eucdov_XC769683.ogg.npy,eucdov,55
litspi1_XC150857.ogg.npy,litspi1,108
grtdro1_XC399214.ogg.npy,grtdro1,73
gyhcaf1_XC370108.ogg.npy,gyhcaf1,78
plapri1_XC713028.ogg.npy,plapri1,129
houspa_XC805403.ogg.npy,houspa,82
blakit1_XC309400.ogg.npy,blakit1,17
grtdro1_XC150641.ogg.npy,grtdro1,73
gyhcaf1_XC489219.ogg.npy,gyhcaf1,78
hoopoe_XC808508.ogg.npy,hoopoe,80
purher1_XC731338.ogg.npy,purher1,132
bcnher_XC647549.ogg.npy,bcnher,10
comior1_XC376560.ogg.npy,comior1,38
scamin3_XC207737.ogg.npy,scamin3,150
purher1_XC581050.ogg.npy,purher1,132
woosan_XC584271.ogg.npy,woosan,177
brnhao1_XC469353.ogg.npy,brnhao1,26
gargan_XC733437.ogg.npy,gargan,59
zitcis1_XC559944.ogg.npy,zitcis1,181
litgre1_XC475081.ogg.npy,litgre1,107
kenplo1_XC182765.ogg.npy,kenplo1,98
labcro1_XC466092.ogg.npy,labcro1,100
whbtre1_XC767246.ogg.npy,whbtre1,169
kerlau2_XC856451.ogg.npy,kerlau2,99
hoopoe_XC746793.ogg.npy,hoopoe,80
comkin1_XC185467.ogg.npy,comkin1,39
bcnher_XC584151.ogg.npy,bcnher,10
grtdro1_XC393372.ogg.npy,grtdro1,73
eurcoo_XC536802.ogg.npy,eurcoo,57
putbab1_XC684742.ogg.npy,putbab1,136
whbwat1_XC605219.ogg.npy,whbwat1,171
crseag1_XC578380.ogg.npy,crseag1,50
comros_XC318859.ogg.npy,comros,43
whiter2_XC586741.ogg.npy,whiter2,174
litgre1_XC587016.ogg.npy,litgre1,107
zitcis1_XC603522.ogg.npy,zitcis1,181
litegr_XC333870.ogg.npy,litegr,106
mawthr1_XC523151.ogg.npy,mawthr1,116
whiter2_XC284555.ogg.npy,whiter2,174
gloibi_XC845778.ogg.npy,gloibi,60
blrwar1_XC480583.ogg.npy,blrwar1,20
zitcis1_XC506279.ogg.npy,zitcis1,181
greegr_XC605975.ogg.npy,greegr,65
spodov_XC729643.ogg.npy,spodov,155
grtdro1_XC820513.ogg.npy,grtdro1,73
comgre_XC342904.ogg.npy,comgre,37
grbeat1_XC343646.ogg.npy,grbeat1,63
brnshr_XC399000.ogg.npy,brnshr,27
bkskit1_XC350342.ogg.npy,bkskit1,13
whbwoo2_XC294128.ogg.npy,whbwoo2,172
categr_XC478434.ogg.npy,categr,33
litgre1_XC401711.ogg.npy,litgre1,107
rossta2_XC459548.ogg.npy,rossta2,144
lirplo_XC646434.ogg.npy,lirplo,105
grtdro1_XC575539.ogg.npy,grtdro1,73
asikoe2_XC319736.ogg.npy,asikoe2,4
rewbul_XC401925.ogg.npy,rewbul,140
litgre1_XC810044.ogg.npy,litgre1,107
houspa_XC591496.ogg.npy,houspa,82
grtdro1_XC362690.ogg.npy,grtdro1,73
comsan_XC794485.ogg.npy,comsan,44
comkin1_XC607364.ogg.npy,comkin1,39
comtai1_XC442340.ogg.npy,comtai1,45
houspa_XC269825.ogg.npy,houspa,82
lesyel1_XC366014.ogg.npy,lesyel1,103
gryfra_XC375728.ogg.npy,gryfra,74
eaywag1_XC507677.ogg.npy,eaywag1,53
asbfly_XC575547.ogg.npy,asbfly,0
comkin1_XC289574.ogg.npy,comkin1,39
greegr_XC57590.ogg.npy,greegr,65
comkin1_XC631105.ogg.npy,comkin1,39
pursun4_XC171729.ogg.npy,pursun4,134
laudov1_XC37522.ogg.npy,laudov1,101
gloibi_XC299831.ogg.npy,gloibi,60
comtai1_XC116529.ogg.npy,comtai1,45
eaywag1_XC189938.ogg.npy,eaywag1,53
grehor1_XC195809.ogg.npy,grehor1,67
woosan_XC829103.ogg.npy,woosan,177
grywag_XC437981.ogg.npy,grywag,76
asikoe2_XC665241.ogg.npy,asikoe2,4
whrmun_XC558259.ogg.npy,whrmun,175
commyn_XC600430.ogg.npy,commyn,41
bwfshr1_XC754303.ogg.npy,bwfshr1,32
eurcoo_XC457036.ogg.npy,eurcoo,57
gybpri1_XC634264.ogg.npy,gybpri1,77
eucdov_XC367406.ogg.npy,eucdov,55
eaywag1_XC367967.ogg.npy,eaywag1,53
comros_XC455895.ogg.npy,comros,43
commoo3_XC540840.ogg.npy,commoo3,40
gybpri1_XC383770.ogg.npy,gybpri1,77
spodov_XC398668.ogg.npy,spodov,155
ruftre2_XC603707.ogg.npy,ruftre2,146
litgre1_XC773539.ogg.npy,litgre1,107
brnhao1_XC382468.ogg.npy,brnhao1,26
purher1_XC291832.ogg.npy,purher1,132
tibfly3_XC163874.ogg.npy,tibfly3,161
lirplo_XC735108.ogg.npy,lirplo,105
comior1_XC303760.ogg.npy,comior1,38
graher1_XC391014.ogg.npy,graher1,62
grnwar1_XC744746.ogg.npy,grnwar1,72
graher1_XC637269.ogg.npy,graher1,62
ruftre2_XC464113.ogg.npy,ruftre2,146
lirplo_XC374924.ogg.npy,lirplo,105
greegr_XC167719.ogg.npy,greegr,65
purher1_XC667458.ogg.npy,purher1,132
rorpar_XC759749.ogg.npy,rorpar,143
spodov_XC345159.ogg.npy,spodov,155
gargan_XC650914.ogg.npy,gargan,59
revbul_XC453345.ogg.npy,revbul,139
grnsan_XC476441.ogg.npy,grnsan,71
commoo3_XC829440.ogg.npy,commoo3,40
grtdro1_XC724560.ogg.npy,grtdro1,73
copbar1_XC142912.ogg.npy,copbar1,46
eucdov_XC509319.ogg.npy,eucdov,55
brodro1_XC428967.ogg.npy,brodro1,28
rocpig_XC51716.ogg.npy,rocpig,142
grewar3_XC604040.ogg.npy,grewar3,70
asikoe2_XC560109.ogg.npy,asikoe2,4
plapri1_XC540753.ogg.npy,plapri1,129
graher1_XC686506.ogg.npy,graher1,62
comgre_XC366334.ogg.npy,comgre,37
houspa_XC854595.ogg.npy,houspa,82
hoopoe_XC802070.ogg.npy,hoopoe,80
rewlap1_XC825813.ogg.npy,rewlap1,141
litgre1_XC550751.ogg.npy,litgre1,107
malpar1_XC414770.ogg.npy,malpar1,112
bcnher_XC499535.ogg.npy,bcnher,10
comior1_XC841198.ogg.npy,comior1,38
barswa_XC737129.ogg.npy,barswa,9
woosan_XC378704.ogg.npy,woosan,177
hoopoe_XC181658.ogg.npy,hoopoe,80
zitcis1_XC572914.ogg.npy,zitcis1,181
eaywag1_XC465613.ogg.npy,eaywag1,53
comgre_XC638589.ogg.npy,comgre,37
eucdov_XC578845.ogg.npy,eucdov,55
comsan_XC588255.ogg.npy,comsan,44
blhori1_XC628385.ogg.npy,blhori1,18
brcful1_XC197746.ogg.npy,brcful1,24
gryfra_XC337047.ogg.npy,gryfra,74
spoowl1_XC390365.ogg.npy,spoowl1,156
indrol2_XC240337.ogg.npy,indrol2,86
blrwar1_XC662006.ogg.npy,blrwar1,20
comros_XC603148.ogg.npy,comros,43
btbeat1_XC741391.ogg.npy,btbeat1,31
paisto1_XC787801.ogg.npy,paisto1,124
blnmon1_XC497016.ogg.npy,blnmon1,19
thbwar1_XC841655.ogg.npy,thbwar1,160
woosan_XC381812.ogg.npy,woosan,177
nutman_XC789688.ogg.npy,nutman,120
bkwsti_XC263296.ogg.npy,bkwsti,14
gloibi_XC634860.ogg.npy,gloibi,60
comkin1_XC637804.ogg.npy,comkin1,39
oripip1_XC151306.ogg.npy,oripip1,122
revbul_XC223624.ogg.npy,revbul,139
rossta2_XC755716.ogg.npy,rossta2,144
pursun3_XC664674.ogg.npy,pursun3,133
grewar3_XC487468.ogg.npy,grewar3,70
eucdov_XC133855.ogg.npy,eucdov,55
eaywag1_XC765256.ogg.npy,eaywag1,53
litgre1_XC500211.ogg.npy,litgre1,107
compea_XC196740.ogg.npy,compea,42
bkskit1_XC350248.ogg.npy,bkskit1,13
barswa_XC677197.ogg.npy,barswa,9
blrwar1_XC477893.ogg.npy,blrwar1,20
grecou1_XC364304.ogg.npy,grecou1,64
rocpig_XC539061.ogg.npy,rocpig,142
comros_XC185706.ogg.npy,comros,43
bkskit1_XC361623.ogg.npy,bkskit1,13
thbwar1_XC755636.ogg.npy,thbwar1,160
bkwsti_XC481401.ogg.npy,bkwsti,14
hoopoe_XC423759.ogg.npy,hoopoe,80
grnsan_XC140653.ogg.npy,grnsan,71
bkwsti_XC718462.ogg.npy,bkwsti,14
moipig1_XC820819.ogg.npy,moipig1,117
blakit1_XC489015.ogg.npy,blakit1,17
labcro1_XC422043.ogg.npy,labcro1,100
grtdro1_XC306987.ogg.npy,grtdro1,73
grywag_XC737401.ogg.npy,grywag,76
rorpar_XC522616.ogg.npy,rorpar,143
whbwat1_XC365726.ogg.npy,whbwat1,171
comsan_XC330481.ogg.npy,comsan,44
eucdov_XC726351.ogg.npy,eucdov,55
barswa_XC138014.ogg.npy,barswa,9
nutman_XC769573.ogg.npy,nutman,120
rorpar_XC817304.ogg.npy,rorpar,143
kenplo1_XC376958.ogg.npy,kenplo1,98
rocpig_XC787011.ogg.npy,rocpig,142
shikra1_XC637299.ogg.npy,shikra1,151
blrwar1_XC653806.ogg.npy,blrwar1,20
whiter2_XC605107.ogg.npy,whiter2,174
greegr_XC290048.ogg.npy,greegr,65
litgre1_XC648256.ogg.npy,litgre1,107
grejun2_XC360481.ogg.npy,grejun2,68
blrwar1_XC656266.ogg.npy,blrwar1,20
crseag1_XC295752.ogg.npy,crseag1,50
comsan_XC638592.ogg.npy,comsan,44
brodro1_XC684424.ogg.npy,brodro1,28
grtdro1_XC621177.ogg.npy,grtdro1,73
hoopoe_XC308877.ogg.npy,hoopoe,80
zitcis1_XC596934.ogg.npy,zitcis1,181
houspa_XC139770.ogg.npy,houspa,82
grywag_XC832558.ogg.npy,grywag,76
whcbar1_XC343426.ogg.npy,whcbar1,173
greegr_XC528049.ogg.npy,greegr,65
whbtre1_XC19894.ogg.npy,whbtre1,169
bcnher_XC540712.ogg.npy,bcnher,10
malwoo1_XC168845.ogg.npy,malwoo1,114
brwjac1_XC295484.ogg.npy,brwjac1,29
brwowl1_XC438803.ogg.npy,brwowl1,30
rewbul_XC420425.ogg.npy,rewbul,140
comgre_XC832602.ogg.npy,comgre,37
wemhar1_XC689718.ogg.npy,wemhar1,166
graher1_XC497251.ogg.npy,graher1,62
rerswa1_XC830658.ogg.npy,rerswa1,138
nutman_XC742429.ogg.npy,nutman,120
comkin1_XC598253.ogg.npy,comkin1,39
houcro1_XC322403.ogg.npy,houcro1,81
blakit1_XC628629.ogg.npy,blakit1,17
categr_XC787916.ogg.npy,categr,33
blakit1_XC410418.ogg.npy,blakit1,17
pursun4_XC269881.ogg.npy,pursun4,134
commoo3_XC548564.ogg.npy,commoo3,40
grewar3_XC563809.ogg.npy,grewar3,70
labcro1_XC344446.ogg.npy,labcro1,100
asbfly_XC713467.ogg.npy,asbfly,0
indrob1_XC649002.ogg.npy,indrob1,85
comior1_XC145708.ogg.npy,comior1,38
grecou1_XC451921.ogg.npy,grecou1,64
rorpar_XC74357.ogg.npy,rorpar,143
grewar3_XC560564.ogg.npy,grewar3,70
putbab1_XC269599.ogg.npy,putbab1,136
litegr_XC333937.ogg.npy,litegr,106
labcro1_XC579948.ogg.npy,labcro1,100
lirplo_XC573561.ogg.npy,lirplo,105
rerswa1_XC175388.ogg.npy,rerswa1,138
litgre1_XC633303.ogg.npy,litgre1,107
grtdro1_XC282477.ogg.npy,grtdro1,73
litgre1_XC729960.ogg.npy,litgre1,107
putbab1_XC343911.ogg.npy,putbab1,136
hoopoe_XC312066.ogg.npy,hoopoe,80
comros_XC573418.ogg.npy,comros,43
litegr_XC412253.ogg.npy,litegr,106
grewar3_XC756008.ogg.npy,grewar3,70
compea_XC331253.ogg.npy,compea,42
litegr_XC322608.ogg.npy,litegr,106
litgre1_XC713055.ogg.npy,litgre1,107
ruftre2_XC207021.ogg.npy,ruftre2,146
rorpar_XC246662.ogg.npy,rorpar,143
bcnher_XC476089.ogg.npy,bcnher,10
spodov_XC164027.ogg.npy,spodov,155
houspa_XC25678.ogg.npy,houspa,82
woosan_XC718689.ogg.npy,woosan,177
labcro1_XC162389.ogg.npy,labcro1,100
grnsan_XC381550.ogg.npy,grnsan,71
gybpri1_XC316823.ogg.npy,gybpri1,77
bladro1_XC729067.ogg.npy,bladro1,15
commyn_XC129571.ogg.npy,commyn,41
comros_XC395989.ogg.npy,comros,43
litgre1_XC721457.ogg.npy,litgre1,107
bcnher_XC784972.ogg.npy,bcnher,10
hoopoe_XC815170.ogg.npy,hoopoe,80
eaywag1_XC672854.ogg.npy,eaywag1,53
plapri1_XC711506.ogg.npy,plapri1,129
barfly1_XC856020.ogg.npy,barfly1,8
graher1_XC840620.ogg.npy,graher1,62
kenplo1_XC785270.ogg.npy,kenplo1,98
bkwsti_XC559843.ogg.npy,bkwsti,14
comgre_XC201224.ogg.npy,comgre,37
asikoe2_XC365421.ogg.npy,asikoe2,4
comgre_XC699622.ogg.npy,comgre,37
comgre_XC741573.ogg.npy,comgre,37
comsan_XC157223.ogg.npy,comsan,44
grnsan_XC854517.ogg.npy,grnsan,71
pursun3_XC648948.ogg.npy,pursun3,133
rerswa1_XC390260.ogg.npy,rerswa1,138
bkskit1_XC350253.ogg.npy,bkskit1,13
grewar3_XC845828.ogg.npy,grewar3,70
eucdov_XC819765.ogg.npy,eucdov,55
brwowl1_XC768381.ogg.npy,brwowl1,30
barswa_XC584277.ogg.npy,barswa,9
orihob2_XC769789.ogg.npy,orihob2,121
purswa3_XC283188.ogg.npy,purswa3,135
blrwar1_XC659091.ogg.npy,blrwar1,20
litegr_XC333931.ogg.npy,litegr,106
grnsan_XC626362.ogg.npy,grnsan,71
blrwar1_XC480057.ogg.npy,blrwar1,20
comgre_XC777030.ogg.npy,comgre,37
eaywag1_XC547918.ogg.npy,eaywag1,53
sohmyn1_XC207740.ogg.npy,sohmyn1,153
asikoe2_XC786033.ogg.npy,asikoe2,4
comsan_XC588565.ogg.npy,comsan,44
woosan_XC304114.ogg.npy,woosan,177
litgre1_XC502950.ogg.npy,litgre1,107
piebus1_XC138465.ogg.npy,piebus1,125
piekin1_XC515911.ogg.npy,piekin1,126
grywag_XC636308.ogg.npy,grywag,76
woosan_XC717335.ogg.npy,woosan,177
smamin1_XC207060.ogg.npy,smamin1,152
comgre_XC801597.ogg.npy,comgre,37
grewar3_XC176008.ogg.npy,grewar3,70
comkin1_XC692592.ogg.npy,comkin1,39
brnshr_XC837098.ogg.npy,brnshr,27
litegr_XC333963.ogg.npy,litegr,106
houspa_XC372955.ogg.npy,houspa,82
bcnher_XC732216.ogg.npy,bcnher,10
woosan_XC833723.ogg.npy,woosan,177
comros_XC116931.ogg.npy,comros,43
zitcis1_XC480392.ogg.npy,zitcis1,181
barswa_XC263637.ogg.npy,barswa,9
compea_XC406117.ogg.npy,compea,42
brnshr_XC489779.ogg.npy,brnshr,27
eucdov_XC309253.ogg.npy,eucdov,55
barswa_XC664977.ogg.npy,barswa,9
commoo3_XC436938.ogg.npy,commoo3,40
gyhcaf1_XC292229.ogg.npy,gyhcaf1,78
litgre1_XC634899.ogg.npy,litgre1,107
litgre1_XC552112.ogg.npy,litgre1,107
comsan_XC658626.ogg.npy,comsan,44
oripip1_XC756582.ogg.npy,oripip1,122
comgre_XC823582.ogg.npy,comgre,37
lirplo_XC411001.ogg.npy,lirplo,105
brodro1_XC625553.ogg.npy,brodro1,28
grywag_XC561693.ogg.npy,grywag,76
ashdro1_XC775938.ogg.npy,ashdro1,1
comsan_XC586341.ogg.npy,comsan,44
comior1_XC444463.ogg.npy,comior1,38
zitcis1_XC572912.ogg.npy,zitcis1,181
wemhar1_XC462560.ogg.npy,wemhar1,166
bcnher_XC587882.ogg.npy,bcnher,10
barswa_XC746614.ogg.npy,barswa,9
labcro1_XC455250.ogg.npy,labcro1,100
woosan_XC374900.ogg.npy,woosan,177
eurcoo_XC658163.ogg.npy,eurcoo,57
lirplo_XC845340.ogg.npy,lirplo,105
pursun3_XC207650.ogg.npy,pursun3,133
houspa_XC282280.ogg.npy,houspa,82
comkin1_XC481293.ogg.npy,comkin1,39
litgre1_XC585762.ogg.npy,litgre1,107
whbwag1_XC570430.ogg.npy,whbwag1,170
blhori1_XC684107.ogg.npy,blhori1,18
bkskit1_XC350379.ogg.npy,bkskit1,13
rewlap1_XC665479.ogg.npy,rewlap1,141
kenplo1_XC359026.ogg.npy,kenplo1,98
rerswa1_XC794724.ogg.npy,rerswa1,138
grywag_XC443185.ogg.npy,grywag,76
labcro1_XC654944.ogg.npy,labcro1,100
eurcoo_XC702522.ogg.npy,eurcoo,57
grecou1_XC748012.ogg.npy,grecou1,64
asikoe2_XC812734.ogg.npy,asikoe2,4
comgre_XC768135.ogg.npy,comgre,37
comtai1_XC375649.ogg.npy,comtai1,45
bcnher_XC856291.ogg.npy,bcnher,10
grywag_XC602711.ogg.npy,grywag,76
blrwar1_XC571226.ogg.npy,blrwar1,20
whtkin2_XC431504.ogg.npy,whtkin2,176
bcnher_XC361997.ogg.npy,bcnher,10
grnsan_XC379243.ogg.npy,grnsan,71
litgre1_XC567744.ogg.npy,litgre1,107
wemhar1_XC262826.ogg.npy,wemhar1,166
gargan_XC835670.ogg.npy,gargan,59
zitcis1_XC756608.ogg.npy,zitcis1,181
comtai1_XC756500.ogg.npy,comtai1,45
asbfly_XC716486.ogg.npy,asbfly,0
purher1_XC380537.ogg.npy,purher1,132
pursun3_XC537485.ogg.npy,pursun3,133
comgre_XC670797.ogg.npy,comgre,37
grewar3_XC475580.ogg.npy,grewar3,70
grywag_XC588409.ogg.npy,grywag,76
houcro1_XC402081.ogg.npy,houcro1,81
comkin1_XC267955.ogg.npy,comkin1,39
bcnher_XC282497.ogg.npy,bcnher,10
grywag_XC185672.ogg.npy,grywag,76
spodov_XC245917.ogg.npy,spodov,155
bkskit1_XC196447.ogg.npy,bkskit1,13
woosan_XC666052.ogg.npy,woosan,177
eurcoo_XC597486.ogg.npy,eurcoo,57
woosan_XC745588.ogg.npy,woosan,177
comros_XC488571.ogg.npy,comros,43
bcnher_XC725859.ogg.npy,bcnher,10
commoo3_XC539199.ogg.npy,commoo3,40
kenplo1_XC718545.ogg.npy,kenplo1,98
greegr_XC161278.ogg.npy,greegr,65
junbab2_XC163136.ogg.npy,junbab2,95
eurcoo_XC640808.ogg.npy,eurcoo,57
grnsan_XC642145.ogg.npy,grnsan,71
asikoe2_XC73022.ogg.npy,asikoe2,4
spodov_XC359362.ogg.npy,spodov,155
grnsan_XC584394.ogg.npy,grnsan,71
crseag1_XC464125.ogg.npy,crseag1,50
eaywag1_XC754341.ogg.npy,eaywag1,53
tibfly3_XC653961.ogg.npy,tibfly3,161
grecou1_XC150711.ogg.npy,grecou1,64
ashdro1_XC359357.ogg.npy,ashdro1,1
comsan_XC823117.ogg.npy,comsan,44
nutman_XC237114.ogg.npy,nutman,120
grnsan_XC623577.ogg.npy,grnsan,71
asiope1_XC397761.ogg.npy,asiope1,5
purher1_XC306079.ogg.npy,purher1,132
rerswa1_XC278775.ogg.npy,rerswa1,138
bkwsti_XC787673.ogg.npy,bkwsti,14
cohcuc1_XC359057.ogg.npy,cohcuc1,35
categr_XC368935.ogg.npy,categr,33
ashdro1_XC769472.ogg.npy,ashdro1,1
rossta2_XC218003.ogg.npy,rossta2,144
grnsan_XC743688.ogg.npy,grnsan,71
houspa_XC414547.ogg.npy,houspa,82
kenplo1_XC185101.ogg.npy,kenplo1,98
lirplo_XC558971.ogg.npy,lirplo,105
gloibi_XC799984.ogg.npy,gloibi,60
litegr_XC587297.ogg.npy,litegr,106
commoo3_XC539463.ogg.npy,commoo3,40
bkskit1_XC763925.ogg.npy,bkskit1,13
lirplo_XC578093.ogg.npy,lirplo,105
hoopoe_XC202566.ogg.npy,hoopoe,80
whtkin2_XC549716.ogg.npy,whtkin2,176
kenplo1_XC366753.ogg.npy,kenplo1,98
bkskit1_XC352477.ogg.npy,bkskit1,13
comsan_XC496533.ogg.npy,comsan,44
grejun2_XC196742.ogg.npy,grejun2,68
copbar1_XC585138.ogg.npy,copbar1,46
rorpar_XC656331.ogg.npy,rorpar,143
grnsan_XC444848.ogg.npy,grnsan,71
aspswi1_XC696745.ogg.npy,aspswi1,7
comfla1_XC575543.ogg.npy,comfla1,36
stbkin1_XC297726.ogg.npy,stbkin1,158
commyn_XC546848.ogg.npy,commyn,41
comsan_XC628409.ogg.npy,comsan,44
kenplo1_XC785271.ogg.npy,kenplo1,98
grewar3_XC377167.ogg.npy,grewar3,70
grnsan_XC827044.ogg.npy,grnsan,71
asikoe2_XC812733.ogg.npy,asikoe2,4
grecou1_XC784195.ogg.npy,grecou1,64
lirplo_XC559766.ogg.npy,lirplo,105
grewar3_XC460796.ogg.npy,grewar3,70
brakit1_XC537471.ogg.npy,brakit1,22
comros_XC677478.ogg.npy,comros,43
eurcoo_XC528516.ogg.npy,eurcoo,57
asikoe2_XC743612.ogg.npy,asikoe2,4
comior1_XC529731.ogg.npy,comior1,38
bcnher_XC590462.ogg.npy,bcnher,10
barfly1_XC19576.ogg.npy,barfly1,8
woosan_XC381811.ogg.npy,woosan,177
kenplo1_XC666731.ogg.npy,kenplo1,98
ruftre2_XC450776.ogg.npy,ruftre2,146
eaywag1_XC793013.ogg.npy,eaywag1,53
moipig1_XC470503.ogg.npy,moipig1,117
blakit1_XC740481.ogg.npy,blakit1,17
gybpri1_XC430257.ogg.npy,gybpri1,77
brodro1_XC191846.ogg.npy,brodro1,28
litgre1_XC857946.ogg.npy,litgre1,107
lblwar1_XC608141.ogg.npy,lblwar1,102
comros_XC264048.ogg.npy,comros,43
grtdro1_XC296433.ogg.npy,grtdro1,73
grtdro1_XC595617.ogg.npy,grtdro1,73
comros_XC457675.ogg.npy,comros,43
btbeat1_XC741387.ogg.npy,btbeat1,31
blrwar1_XC150008.ogg.npy,blrwar1,20
comkin1_XC486202.ogg.npy,comkin1,39
ashpri1_XC469462.ogg.npy,ashpri1,2
brwowl1_XC494779.ogg.npy,brwowl1,30
eaywag1_XC372974.ogg.npy,eaywag1,53
grnsan_XC677341.ogg.npy,grnsan,71
bkwsti_XC737337.ogg.npy,bkwsti,14
graher1_XC572591.ogg.npy,graher1,62
bkskit1_XC433762.ogg.npy,bkskit1,13
grywag_XC792790.ogg.npy,grywag,76
comgre_XC785529.ogg.npy,comgre,37
eucdov_XC530699.ogg.npy,eucdov,55
rossta2_XC834535.ogg.npy,rossta2,144
purher1_XC469976.ogg.npy,purher1,132
rocpig_XC446270.ogg.npy,rocpig,142
bkwsti_XC544378.ogg.npy,bkwsti,14
gargan_XC190746.ogg.npy,gargan,59
whbwat1_XC764947.ogg.npy,whbwat1,171
ashpri1_XC239261.ogg.npy,ashpri1,2
putbab1_XC687978.ogg.npy,putbab1,136
crseag1_XC548362.ogg.npy,crseag1,50
eurbla2_XC574613.ogg.npy,eurbla2,56
barswa_XC672572.ogg.npy,barswa,9
litgre1_XC832170.ogg.npy,litgre1,107
junowl1_XC155374.ogg.npy,junowl1,97
houspa_XC818666.ogg.npy,houspa,82
zitcis1_XC666339.ogg.npy,zitcis1,181
piekin1_XC515827.ogg.npy,piekin1,126
comros_XC458152.ogg.npy,comros,43
woosan_XC668264.ogg.npy,woosan,177
commoo3_XC287570.ogg.npy,commoo3,40
forwag1_XC284539.ogg.npy,forwag1,58
spoowl1_XC395029.ogg.npy,spoowl1,156
ashdro1_XC290288.ogg.npy,ashdro1,1
crseag1_XC623714.ogg.npy,crseag1,50
eurcoo_XC671670.ogg.npy,eurcoo,57
blrwar1_XC655094.ogg.npy,blrwar1,20
hoopoe_XC844248.ogg.npy,hoopoe,80
junbab2_XC208585.ogg.npy,junbab2,95
laudov1_XC184811.ogg.npy,laudov1,101
pursun3_XC697551.ogg.npy,pursun3,133
eucdov_XC735179.ogg.npy,eucdov,55
eucdov_XC701043.ogg.npy,eucdov,55
grnsan_XC579395.ogg.npy,grnsan,71
categr_XC613482.ogg.npy,categr,33
comgre_XC647516.ogg.npy,comgre,37
rorpar_XC201705.ogg.npy,rorpar,143
grewar3_XC753208.ogg.npy,grewar3,70
hoopoe_XC471593.ogg.npy,hoopoe,80
rerswa1_XC442768.ogg.npy,rerswa1,138
spodov_XC787553.ogg.npy,spodov,155
litegr_XC827587.ogg.npy,litegr,106
brnhao1_XC124210.ogg.npy,brnhao1,26
rocpig_XC626505.ogg.npy,rocpig,142
comsan_XC822531.ogg.npy,comsan,44
gybpri1_XC740171.ogg.npy,gybpri1,77
ashdro1_XC769354.ogg.npy,ashdro1,1
cohcuc1_XC214005.ogg.npy,cohcuc1,35
grewar3_XC729562.ogg.npy,grewar3,70
whbwoo2_XC545977.ogg.npy,whbwoo2,172
grecou1_XC210460.ogg.npy,grecou1,64
zitcis1_XC633689.ogg.npy,zitcis1,181
whbbul2_XC163925.ogg.npy,whbbul2,167
kenplo1_XC845787.ogg.npy,kenplo1,98
comros_XC135402.ogg.npy,comros,43
grtdro1_XC576678.ogg.npy,grtdro1,73
goflea1_XC116540.ogg.npy,goflea1,61
hoopoe_XC357489.ogg.npy,hoopoe,80
categr_XC313748.ogg.npy,categr,33
wemhar1_XC584486.ogg.npy,wemhar1,166
commoo3_XC370952.ogg.npy,commoo3,40
whiter2_XC524299.ogg.npy,whiter2,174
comros_XC801284.ogg.npy,comros,43
whtkin2_XC633065.ogg.npy,whtkin2,176
pursun4_XC752676.ogg.npy,pursun4,134
rufwoo2_XC393952.ogg.npy,rufwoo2,147
bkskit1_XC352575.ogg.npy,bkskit1,13
woosan_XC187082.ogg.npy,woosan,177
brodro1_XC843971.ogg.npy,brodro1,28
brnshr_XC821118.ogg.npy,brnshr,27
litgre1_XC499180.ogg.npy,litgre1,107
tilwar1_XC191455.ogg.npy,tilwar1,162
piebus1_XC794581.ogg.npy,piebus1,125
whbbul2_XC342684.ogg.npy,whbbul2,167
comros_XC458149.ogg.npy,comros,43
whiter2_XC406091.ogg.npy,whiter2,174
commyn_XC114748.ogg.npy,commyn,41
litegr_XC800990.ogg.npy,litegr,106
blrwar1_XC180043.ogg.npy,blrwar1,20
gloibi_XC383291.ogg.npy,gloibi,60
litegr_XC145647.ogg.npy,litegr,106
comros_XC319834.ogg.npy,comros,43
litegr_XC701381.ogg.npy,litegr,106
bcnher_XC587866.ogg.npy,bcnher,10
blrwar1_XC653926.ogg.npy,blrwar1,20
bcnher_XC659411.ogg.npy,bcnher,10
grewar3_XC817793.ogg.npy,grewar3,70
zitcis1_XC263700.ogg.npy,zitcis1,181
gargan_XC362417.ogg.npy,gargan,59
marsan_XC134895.ogg.npy,marsan,115
pursun3_XC459680.ogg.npy,pursun3,133
comgre_XC737053.ogg.npy,comgre,37
plhpar1_XC485131.ogg.npy,plhpar1,130
grefla1_XC355102.ogg.npy,grefla1,66
bcnher_XC669025.ogg.npy,bcnher,10
grnsan_XC667687.ogg.npy,grnsan,71
shikra1_XC145288.ogg.npy,shikra1,151
zitcis1_XC856176.ogg.npy,zitcis1,181
eurcoo_XC558305.ogg.npy,eurcoo,57
blrwar1_XC657261.ogg.npy,blrwar1,20
grecou1_XC359292.ogg.npy,grecou1,64
blakit1_XC442940.ogg.npy,blakit1,17
eaywag1_XC145109.ogg.npy,eaywag1,53
litgre1_XC559857.ogg.npy,litgre1,107
eurcoo_XC246674.ogg.npy,eurcoo,57
brwowl1_XC637210.ogg.npy,brwowl1,30
asbfly_XC484489.ogg.npy,asbfly,0
grywag_XC367828.ogg.npy,grywag,76
whtkin2_XC362967.ogg.npy,whtkin2,176
emedov2_XC167080.ogg.npy,emedov2,54
lirplo_XC669007.ogg.npy,lirplo,105
blakit1_XC482649.ogg.npy,blakit1,17
marsan_XC398627.ogg.npy,marsan,115
comkin1_XC792425.ogg.npy,comkin1,39
rocpig_XC577661.ogg.npy,rocpig,142
grywag_XC432285.ogg.npy,grywag,76
insowl1_XC546881.ogg.npy,insowl1,91
insbab1_XC638515.ogg.npy,insbab1,90
ingori1_XC19735.ogg.npy,ingori1,88
lirplo_XC555091.ogg.npy,lirplo,105
commoo3_XC185246.ogg.npy,commoo3,40
compea_XC572395.ogg.npy,compea,42
rewbul_XC490874.ogg.npy,rewbul,140
whiter2_XC414722.ogg.npy,whiter2,174
gloibi_XC785628.ogg.npy,gloibi,60
comsan_XC550675.ogg.npy,comsan,44
rorpar_XC746907.ogg.npy,rorpar,143
commyn_XC598051.ogg.npy,commyn,41
barswa_XC790601.ogg.npy,barswa,9
comtai1_XC170592.ogg.npy,comtai1,45
graher1_XC602860.ogg.npy,graher1,62
grecou1_XC397003.ogg.npy,grecou1,64
comgre_XC828015.ogg.npy,comgre,37
thbwar1_XC458520.ogg.npy,thbwar1,160
grecou1_XC575528.ogg.npy,grecou1,64
ashwoo2_XC803330.ogg.npy,ashwoo2,3
houspa_XC556947.ogg.npy,houspa,82
comior1_XC734196.ogg.npy,comior1,38
insbab1_XC404222.ogg.npy,insbab1,90
houspa_XC665040.ogg.npy,houspa,82
commyn_XC469357.ogg.npy,commyn,41
bcnher_XC763193.ogg.npy,bcnher,10
lewduc1_XC733108.ogg.npy,lewduc1,104
grnsan_XC484050.ogg.npy,grnsan,71
categr_XC814122.ogg.npy,categr,33
brnhao1_XC542268.ogg.npy,brnhao1,26
grywag_XC825602.ogg.npy,grywag,76
grywag_XC677953.ogg.npy,grywag,76
litegr_XC628901.ogg.npy,litegr,106
labcro1_XC285048.ogg.npy,labcro1,100
blrwar1_XC479930.ogg.npy,blrwar1,20
indrob1_XC197114.ogg.npy,indrob1,85
comsan_XC840213.ogg.npy,comsan,44
eucdov_XC786892.ogg.npy,eucdov,55
bcnher_XC536417.ogg.npy,bcnher,10
comtai1_XC541999.ogg.npy,comtai1,45
whrmun_XC839539.ogg.npy,whrmun,175
hoopoe_XC561426.ogg.npy,hoopoe,80
bkwsti_XC365762.ogg.npy,bkwsti,14
commoo3_XC717326.ogg.npy,commoo3,40
laudov1_XC443638.ogg.npy,laudov1,101
grnsan_XC774711.ogg.npy,grnsan,71
plhpar1_XC504997.ogg.npy,plhpar1,130
indpit1_XC137108.ogg.npy,indpit1,84
bkwsti_XC333652.ogg.npy,bkwsti,14
comsan_XC822668.ogg.npy,comsan,44
grewar3_XC163088.ogg.npy,grewar3,70
comgre_XC644627.ogg.npy,comgre,37
graher1_XC545118.ogg.npy,graher1,62
pursun4_XC652000.ogg.npy,pursun4,134
vehpar1_XC318986.ogg.npy,vehpar1,164
junmyn1_XC157858.ogg.npy,junmyn1,96
asikoe2_XC362851.ogg.npy,asikoe2,4
grnwar1_XC807159.ogg.npy,grnwar1,72
wemhar1_XC377177.ogg.npy,wemhar1,166
lblwar1_XC406113.ogg.npy,lblwar1,102
hoopoe_XC598504.ogg.npy,hoopoe,80
whtkin2_XC775464.ogg.npy,whtkin2,176
brcful1_XC743677.ogg.npy,brcful1,24
rorpar_XC469368.ogg.npy,rorpar,143
thbwar1_XC458521.ogg.npy,thbwar1,160
barswa_XC361241.ogg.npy,barswa,9
litegr_XC333911.ogg.npy,litegr,106
vefnut1_XC320231.ogg.npy,vefnut1,163
eurcoo_XC543967.ogg.npy,eurcoo,57
grnsan_XC749136.ogg.npy,grnsan,71
pursun3_XC268375.ogg.npy,pursun3,133
blrwar1_XC571560.ogg.npy,blrwar1,20
comkin1_XC751278.ogg.npy,comkin1,39
bladro1_XC446167.ogg.npy,bladro1,15
eurbla2_XC177124.ogg.npy,eurbla2,56
pursun4_XC364333.ogg.npy,pursun4,134
pursun4_XC143460.ogg.npy,pursun4,134
grecou1_XC152924.ogg.npy,grecou1,64
houspa_XC387366.ogg.npy,houspa,82
vefnut1_XC86992.ogg.npy,vefnut1,163
comkin1_XC466444.ogg.npy,comkin1,39
bcnher_XC801766.ogg.npy,bcnher,10
blakit1_XC189743.ogg.npy,blakit1,17
grewar3_XC420092.ogg.npy,grewar3,70
litegr_XC551437.ogg.npy,litegr,106
plapri1_XC268572.ogg.npy,plapri1,129
comior1_XC857167.ogg.npy,comior1,38
houspa_XC830552.ogg.npy,houspa,82
aspfly1_XC86931.ogg.npy,aspfly1,6
commoo3_XC747059.ogg.npy,commoo3,40
graher1_XC391304.ogg.npy,graher1,62
shikra1_XC575198.ogg.npy,shikra1,151
eaywag1_XC825495.ogg.npy,eaywag1,53
rocpig_XC486873.ogg.npy,rocpig,142
rossta2_XC755715.ogg.npy,rossta2,144
whbwat1_XC844113.ogg.npy,whbwat1,171
grnwar1_XC745683.ogg.npy,grnwar1,72
comsan_XC738113.ogg.npy,comsan,44
eaywag1_XC317925.ogg.npy,eaywag1,53
zitcis1_XC556969.ogg.npy,zitcis1,181
whrmun_XC757201.ogg.npy,whrmun,175
comkin1_XC202482.ogg.npy,comkin1,39
comros_XC486710.ogg.npy,comros,43
grtdro1_XC398480.ogg.npy,grtdro1,73
houcro1_XC402455.ogg.npy,houcro1,81
ashpri1_XC568704.ogg.npy,ashpri1,2
comsan_XC580713.ogg.npy,comsan,44
houcro1_XC209000.ogg.npy,houcro1,81
purher1_XC568936.ogg.npy,purher1,132
eurcoo_XC774672.ogg.npy,eurcoo,57
categr_XC174527.ogg.npy,categr,33
zitcis1_XC301756.ogg.npy,zitcis1,181
bcnher_XC760762.ogg.npy,bcnher,10
comgre_XC666311.ogg.npy,comgre,37
comgre_XC758770.ogg.npy,comgre,37
comgre_XC307198.ogg.npy,comgre,37
barswa_XC277319.ogg.npy,barswa,9
houspa_XC555548.ogg.npy,houspa,82
hoopoe_XC741737.ogg.npy,hoopoe,80
comtai1_XC209047.ogg.npy,comtai1,45
labcro1_XC267641.ogg.npy,labcro1,100
bladro1_XC754310.ogg.npy,bladro1,15
brnshr_XC723583.ogg.npy,brnshr,27
ashdro1_XC114605.ogg.npy,ashdro1,1
spepic1_XC492385.ogg.npy,spepic1,154
brodro1_XC569936.ogg.npy,brodro1,28
moipig1_XC349486.ogg.npy,moipig1,117
rorpar_XC768288.ogg.npy,rorpar,143
eaywag1_XC768501.ogg.npy,eaywag1,53
bkwsti_XC788440.ogg.npy,bkwsti,14
cohcuc1_XC802650.ogg.npy,cohcuc1,35
laudov1_XC322533.ogg.npy,laudov1,101
comgre_XC528456.ogg.npy,comgre,37
litgre1_XC537562.ogg.npy,litgre1,107
grejun2_XC469387.ogg.npy,grejun2,68
barswa_XC492313.ogg.npy,barswa,9
eaywag1_XC591908.ogg.npy,eaywag1,53
litegr_XC333949.ogg.npy,litegr,106
barswa_XC733229.ogg.npy,barswa,9
ashdro1_XC699926.ogg.npy,ashdro1,1
commoo3_XC846063.ogg.npy,commoo3,40
eurcoo_XC463333.ogg.npy,eurcoo,57
purher1_XC676684.ogg.npy,purher1,132
comsan_XC678535.ogg.npy,comsan,44
woosan_XC746240.ogg.npy,woosan,177
blakit1_XC309401.ogg.npy,blakit1,17
purher1_XC432145.ogg.npy,purher1,132
houspa_XC140824.ogg.npy,houspa,82
putbab1_XC687977.ogg.npy,putbab1,136
bkskit1_XC194609.ogg.npy,bkskit1,13
grewar3_XC460732.ogg.npy,grewar3,70
commyn_XC203346.ogg.npy,commyn,41
orihob2_XC555705.ogg.npy,orihob2,121
bcnher_XC725849.ogg.npy,bcnher,10
aspfly1_XC288095.ogg.npy,aspfly1,6
stbkin1_XC406408.ogg.npy,stbkin1,158
lirplo_XC523189.ogg.npy,lirplo,105
rewlap1_XC445540.ogg.npy,rewlap1,141
purswa3_XC822001.ogg.npy,purswa3,135
asikoe2_XC179229.ogg.npy,asikoe2,4
placuc3_XC181935.ogg.npy,placuc3,127
bkskit1_XC583759.ogg.npy,bkskit1,13
comtai1_XC663565.ogg.npy,comtai1,45
piekin1_XC515889.ogg.npy,piekin1,126
eucdov_XC234418.ogg.npy,eucdov,55
malwoo1_XC237600.ogg.npy,malwoo1,114
comkin1_XC499157.ogg.npy,comkin1,39
comkin1_XC513994.ogg.npy,comkin1,39
comsan_XC808867.ogg.npy,comsan,44
whtkin2_XC115903.ogg.npy,whtkin2,176
gyhcaf1_XC307400.ogg.npy,gyhcaf1,78
kenplo1_XC812533.ogg.npy,kenplo1,98
litegr_XC845723.ogg.npy,litegr,106
comkin1_XC496573.ogg.npy,comkin1,39
nilfly2_XC856424.ogg.npy,nilfly2,118
bkskit1_XC801389.ogg.npy,bkskit1,13
litgre1_XC750736.ogg.npy,litgre1,107
greegr_XC431288.ogg.npy,greegr,65
blrwar1_XC570489.ogg.npy,blrwar1,20
blakit1_XC305003.ogg.npy,blakit1,17
grywag_XC833019.ogg.npy,grywag,76
commoo3_XC647774.ogg.npy,commoo3,40
ashdro1_XC429030.ogg.npy,ashdro1,1
brakit1_XC575565.ogg.npy,brakit1,22
bkwsti_XC795773.ogg.npy,bkwsti,14
commoo3_XC656237.ogg.npy,commoo3,40
kenplo1_XC765900.ogg.npy,kenplo1,98
asikoe2_XC450405.ogg.npy,asikoe2,4
spodov_XC783972.ogg.npy,spodov,155
malwoo1_XC694105.ogg.npy,malwoo1,114
bladro1_XC857000.ogg.npy,bladro1,15
grewar3_XC250440.ogg.npy,grewar3,70
comkin1_XC639357.ogg.npy,comkin1,39
eucdov_XC447750.ogg.npy,eucdov,55
plapri1_XC21835.ogg.npy,plapri1,129
purher1_XC828042.ogg.npy,purher1,132
comsan_XC675776.ogg.npy,comsan,44
rewlap1_XC124407.ogg.npy,rewlap1,141
brcful1_XC213302.ogg.npy,brcful1,24
rocpig_XC270097.ogg.npy,rocpig,142
crseag1_XC220906.ogg.npy,crseag1,50
comros_XC120458.ogg.npy,comros,43
eurcoo_XC623257.ogg.npy,eurcoo,57
zitcis1_XC485272.ogg.npy,zitcis1,181
wemhar1_XC642114.ogg.npy,wemhar1,166
kenplo1_XC341212.ogg.npy,kenplo1,98
blakit1_XC129824.ogg.npy,blakit1,17
placuc3_XC591480.ogg.npy,placuc3,127
grywag_XC753778.ogg.npy,grywag,76
bkskit1_XC350188.ogg.npy,bkskit1,13
mawthr1_XC210834.ogg.npy,mawthr1,116
oripip1_XC391115.ogg.npy,oripip1,122
ashpri1_XC788227.ogg.npy,ashpri1,2
emedov2_XC666200.ogg.npy,emedov2,54
whtkin2_XC621468.ogg.npy,whtkin2,176
lirplo_XC438703.ogg.npy,lirplo,105
rutfly6_XC307518.ogg.npy,rutfly6,148
barswa_XC284630.ogg.npy,barswa,9
greegr_XC196155.ogg.npy,greegr,65
spodov_XC443312.ogg.npy,spodov,155
eucdov_XC794188.ogg.npy,eucdov,55
kerlau2_XC386971.ogg.npy,kerlau2,99
grtdro1_XC464135.ogg.npy,grtdro1,73
revbul_XC587797.ogg.npy,revbul,139
plapri1_XC592535.ogg.npy,plapri1,129
comtai1_XC612366.ogg.npy,comtai1,45
litegr_XC667451.ogg.npy,litegr,106
comsan_XC798345.ogg.npy,comsan,44
blnmon1_XC490542.ogg.npy,blnmon1,19
grnsan_XC362384.ogg.npy,grnsan,71
grnsan_XC549260.ogg.npy,grnsan,71
grenig1_XC198095.ogg.npy,grenig1,69
hoopoe_XC376646.ogg.npy,hoopoe,80
grnsan_XC183913.ogg.npy,grnsan,71
houspa_XC215043.ogg.npy,houspa,82
commyn_XC518553.ogg.npy,commyn,41
brodro1_XC284393.ogg.npy,brodro1,28
bladro1_XC738852.ogg.npy,bladro1,15
hoopoe_XC855076.ogg.npy,hoopoe,80
comkin1_XC500306.ogg.npy,comkin1,39
bcnher_XC794441.ogg.npy,bcnher,10
grywag_XC749575.ogg.npy,grywag,76
grywag_XC710674.ogg.npy,grywag,76
gloibi_XC417662.ogg.npy,gloibi,60
litspi1_XC840214.ogg.npy,litspi1,108
bkwsti_XC436192.ogg.npy,bkwsti,14
spoowl1_XC572905.ogg.npy,spoowl1,156
zitcis1_XC337541.ogg.npy,zitcis1,181
plapri1_XC683308.ogg.npy,plapri1,129
blrwar1_XC575408.ogg.npy,blrwar1,20
houspa_XC294491.ogg.npy,houspa,82
zitcis1_XC504689.ogg.npy,zitcis1,181
grtdro1_XC336466.ogg.npy,grtdro1,73
litgre1_XC857934.ogg.npy,litgre1,107
hoopoe_XC554669.ogg.npy,hoopoe,80
houcro1_XC254340.ogg.npy,houcro1,81
houcro1_XC443068.ogg.npy,houcro1,81
barswa_XC602949.ogg.npy,barswa,9
bcnher_XC713547.ogg.npy,bcnher,10
bcnher_XC837579.ogg.npy,bcnher,10
houcro1_XC191299.ogg.npy,houcro1,81
litegr_XC560736.ogg.npy,litegr,106
brnhao1_XC561778.ogg.npy,brnhao1,26
grywag_XC783763.ogg.npy,grywag,76
greegr_XC515993.ogg.npy,greegr,65
putbab1_XC173178.ogg.npy,putbab1,136
greegr_XC361135.ogg.npy,greegr,65
asikoe2_XC73024.ogg.npy,asikoe2,4
hoopoe_XC560357.ogg.npy,hoopoe,80
whtkin2_XC304181.ogg.npy,whtkin2,176
gargan_XC630371.ogg.npy,gargan,59
grtdro1_XC703423.ogg.npy,grtdro1,73
indrol2_XC571487.ogg.npy,indrol2,86
whbwat1_XC445225.ogg.npy,whbwat1,171
grnwar1_XC605964.ogg.npy,grnwar1,72
ashdro1_XC773323.ogg.npy,ashdro1,1
comtai1_XC293544.ogg.npy,comtai1,45
commoo3_XC842198.ogg.npy,commoo3,40
comkin1_XC462876.ogg.npy,comkin1,39
marsan_XC648610.ogg.npy,marsan,115
comkin1_XC690633.ogg.npy,comkin1,39
eucdov_XC145644.ogg.npy,eucdov,55
grbeat1_XC405607.ogg.npy,grbeat1,63
comros_XC527258.ogg.npy,comros,43
brnshr_XC162992.ogg.npy,brnshr,27
rorpar_XC464252.ogg.npy,rorpar,143
ruftre2_XC696687.ogg.npy,ruftre2,146
hoopoe_XC334321.ogg.npy,hoopoe,80
comtai1_XC784199.ogg.npy,comtai1,45
whiter2_XC245968.ogg.npy,whiter2,174
blrwar1_XC630498.ogg.npy,blrwar1,20
eaywag1_XC338351.ogg.npy,eaywag1,53
blakit1_XC764319.ogg.npy,blakit1,17
grecou1_XC354806.ogg.npy,grecou1,64
commyn_XC318687.ogg.npy,commyn,41
comros_XC484190.ogg.npy,comros,43
litgre1_XC686204.ogg.npy,litgre1,107
comsan_XC548689.ogg.npy,comsan,44
wemhar1_XC467665.ogg.npy,wemhar1,166
eucdov_XC586542.ogg.npy,eucdov,55
comtai1_XC325428.ogg.npy,comtai1,45
litgre1_XC310515.ogg.npy,litgre1,107
asikoe2_XC325570.ogg.npy,asikoe2,4
lirplo_XC326572.ogg.npy,lirplo,105
grnsan_XC665118.ogg.npy,grnsan,71
asikoe2_XC189420.ogg.npy,asikoe2,4
yebbul3_XC153288.ogg.npy,yebbul3,180
zitcis1_XC727229.ogg.npy,zitcis1,181
eucdov_XC114078.ogg.npy,eucdov,55
rorpar_XC642479.ogg.npy,rorpar,143
bcnher_XC51861.ogg.npy,bcnher,10
piebus1_XC756602.ogg.npy,piebus1,125
houspa_XC443505.ogg.npy,houspa,82
ashwoo2_XC447333.ogg.npy,ashwoo2,3
purswa3_XC857309.ogg.npy,purswa3,135
grewar3_XC484454.ogg.npy,grewar3,70
oripip1_XC802211.ogg.npy,oripip1,122
rocpig_XC121677.ogg.npy,rocpig,142
hoopoe_XC381947.ogg.npy,hoopoe,80
asikoe2_XC784598.ogg.npy,asikoe2,4
eucdov_XC817420.ogg.npy,eucdov,55
bladro1_XC546081.ogg.npy,bladro1,15
wbbfly1_XC206385.ogg.npy,wbbfly1,165
grewar3_XC639487.ogg.npy,grewar3,70
heswoo1_XC206612.ogg.npy,heswoo1,79
eurcoo_XC540154.ogg.npy,eurcoo,57
sttwoo1_XC346561.ogg.npy,sttwoo1,159
comtai1_XC643669.ogg.npy,comtai1,45
whbwoo2_XC665786.ogg.npy,whbwoo2,172
eurcoo_XC642510.ogg.npy,eurcoo,57
purher1_XC546357.ogg.npy,purher1,132
lirplo_XC732698.ogg.npy,lirplo,105
bcnher_XC833398.ogg.npy,bcnher,10
comkin1_XC574200.ogg.npy,comkin1,39
woosan_XC816207.ogg.npy,woosan,177
litspi1_XC511720.ogg.npy,litspi1,108
eucdov_XC701037.ogg.npy,eucdov,55
woosan_XC746578.ogg.npy,woosan,177
rerswa1_XC390252.ogg.npy,rerswa1,138
grtdro1_XC151468.ogg.npy,grtdro1,73
litgre1_XC713023.ogg.npy,litgre1,107
comkin1_XC538941.ogg.npy,comkin1,39
comsan_XC266357.ogg.npy,comsan,44
grnwar1_XC740637.ogg.npy,grnwar1,72
litegr_XC687078.ogg.npy,litegr,106
zitcis1_XC639392.ogg.npy,zitcis1,181
commoo3_XC645433.ogg.npy,commoo3,40
goflea1_XC684245.ogg.npy,goflea1,61
grywag_XC601875.ogg.npy,grywag,76
indrob1_XC788218.ogg.npy,indrob1,85
blrwar1_XC179663.ogg.npy,blrwar1,20
asikoe2_XC761692.ogg.npy,asikoe2,4
zitcis1_XC682432.ogg.npy,zitcis1,181
rufbab3_XC306330.ogg.npy,rufbab3,145
thbwar1_XC117085.ogg.npy,thbwar1,160
wemhar1_XC689517.ogg.npy,wemhar1,166
litgre1_XC459392.ogg.npy,litgre1,107
litgre1_XC267216.ogg.npy,litgre1,107
comsan_XC588799.ogg.npy,comsan,44
comros_XC458524.ogg.npy,comros,43
whtkin2_XC391990.ogg.npy,whtkin2,176
bladro1_XC331912.ogg.npy,bladro1,15
houspa_XC630063.ogg.npy,houspa,82
comsan_XC455720.ogg.npy,comsan,44
spodov_XC592454.ogg.npy,spodov,155
houcro1_XC646963.ogg.npy,houcro1,81
marsan_XC733176.ogg.npy,marsan,115
comsan_XC397386.ogg.npy,comsan,44
crseag1_XC453720.ogg.npy,crseag1,50
stbkin1_XC406138.ogg.npy,stbkin1,158
brnhao1_XC421645.ogg.npy,brnhao1,26
bkwsti_XC467196.ogg.npy,bkwsti,14
eurcoo_XC705832.ogg.npy,eurcoo,57
grnwar1_XC157471.ogg.npy,grnwar1,72
sohmyn1_XC499658.ogg.npy,sohmyn1,153
eucdov_XC303270.ogg.npy,eucdov,55
whiter2_XC590594.ogg.npy,whiter2,174
comkin1_XC292122.ogg.npy,comkin1,39
purher1_XC590344.ogg.npy,purher1,132
bkskit1_XC350357.ogg.npy,bkskit1,13
comsan_XC199121.ogg.npy,comsan,44
putbab1_XC793724.ogg.npy,putbab1,136
zitcis1_XC768490.ogg.npy,zitcis1,181
grywag_XC669381.ogg.npy,grywag,76
grewar3_XC191634.ogg.npy,grewar3,70
greegr_XC580865.ogg.npy,greegr,65
lirplo_XC418882.ogg.npy,lirplo,105
whbwoo2_XC490565.ogg.npy,whbwoo2,172
grnsan_XC832809.ogg.npy,grnsan,71
rorpar_XC831369.ogg.npy,rorpar,143
comros_XC185473.ogg.npy,comros,43
rorpar_XC175627.ogg.npy,rorpar,143
commoo3_XC842371.ogg.npy,commoo3,40
commoo3_XC729065.ogg.npy,commoo3,40
comior1_XC297709.ogg.npy,comior1,38
grnsan_XC828624.ogg.npy,grnsan,71
houspa_XC635445.ogg.npy,houspa,82
comgre_XC488511.ogg.npy,comgre,37
bkwsti_XC641566.ogg.npy,bkwsti,14
gybpri1_XC476069.ogg.npy,gybpri1,77
barswa_XC370354.ogg.npy,barswa,9
hoopoe_XC277454.ogg.npy,hoopoe,80
lblwar1_XC806760.ogg.npy,lblwar1,102
comsan_XC644604.ogg.npy,comsan,44
ashdro1_XC496054.ogg.npy,ashdro1,1
rocpig_XC56697.ogg.npy,rocpig,142
spodov_XC304725.ogg.npy,spodov,155
eucdov_XC631398.ogg.npy,eucdov,55
piebus1_XC630261.ogg.npy,piebus1,125
comtai1_XC133735.ogg.npy,comtai1,45
putbab1_XC256488.ogg.npy,putbab1,136
lirplo_XC672476.ogg.npy,lirplo,105
labcro1_XC409605.ogg.npy,labcro1,100
blakit1_XC811134.ogg.npy,blakit1,17
kenplo1_XC371155.ogg.npy,kenplo1,98
rorpar_XC267023.ogg.npy,rorpar,143
asikoe2_XC163891.ogg.npy,asikoe2,4
comsan_XC371996.ogg.npy,comsan,44
comior1_XC214035.ogg.npy,comior1,38
grywag_XC466659.ogg.npy,grywag,76
comros_XC563057.ogg.npy,comros,43
bkwsti_XC743015.ogg.npy,bkwsti,14
asikoe2_XC731798.ogg.npy,asikoe2,4
rewlap1_XC733008.ogg.npy,rewlap1,141
wemhar1_XC770709.ogg.npy,wemhar1,166
houspa_XC627922.ogg.npy,houspa,82
eaywag1_XC795839.ogg.npy,eaywag1,53
bcnher_XC601150.ogg.npy,bcnher,10
brodro1_XC650486.ogg.npy,brodro1,28
houspa_XC642972.ogg.npy,houspa,82
eurcoo_XC432676.ogg.npy,eurcoo,57
grtdro1_XC162996.ogg.npy,grtdro1,73
indrol2_XC514856.ogg.npy,indrol2,86
woosan_XC856276.ogg.npy,woosan,177
graher1_XC439789.ogg.npy,graher1,62
asikoe2_XC574752.ogg.npy,asikoe2,4
piekin1_XC515973.ogg.npy,piekin1,126
gloibi_XC464853.ogg.npy,gloibi,60
lewduc1_XC425093.ogg.npy,lewduc1,104
gybpri1_XC447553.ogg.npy,gybpri1,77
hoopoe_XC298840.ogg.npy,hoopoe,80
orihob2_XC678958.ogg.npy,orihob2,121
kenplo1_XC718496.ogg.npy,kenplo1,98
hoopoe_XC436727.ogg.npy,hoopoe,80
grnsan_XC574783.ogg.npy,grnsan,71
rerswa1_XC267441.ogg.npy,rerswa1,138
houcro1_XC443482.ogg.npy,houcro1,81
brwowl1_XC114847.ogg.npy,brwowl1,30
kenplo1_XC358986.ogg.npy,kenplo1,98
grnsan_XC549266.ogg.npy,grnsan,71
comgre_XC664519.ogg.npy,comgre,37
lirplo_XC550747.ogg.npy,lirplo,105
shikra1_XC201572.ogg.npy,shikra1,151
comgre_XC838623.ogg.npy,comgre,37
grnsan_XC494605.ogg.npy,grnsan,71
spodov_XC477310.ogg.npy,spodov,155
comtai1_XC559887.ogg.npy,comtai1,45
zitcis1_XC333706.ogg.npy,zitcis1,181
grecou1_XC402046.ogg.npy,grecou1,64
asikoe2_XC565559.ogg.npy,asikoe2,4
comsan_XC805096.ogg.npy,comsan,44
labcro1_XC841049.ogg.npy,labcro1,100
gyhcaf1_XC210668.ogg.npy,gyhcaf1,78
barswa_XC721365.ogg.npy,barswa,9
graher1_XC570016.ogg.npy,graher1,62
litswi1_XC430826.ogg.npy,litswi1,109
gyhcaf1_XC606283.ogg.npy,gyhcaf1,78
houspa_XC635431.ogg.npy,houspa,82
copbar1_XC574974.ogg.npy,copbar1,46
grenig1_XC19681.ogg.npy,grenig1,69
blnmon1_XC503624.ogg.npy,blnmon1,19
tibfly3_XC152872.ogg.npy,tibfly3,161
commoo3_XC794123.ogg.npy,commoo3,40
labcro1_XC115151.ogg.npy,labcro1,100
commoo3_XC362257.ogg.npy,commoo3,40
eaywag1_XC675354.ogg.npy,eaywag1,53
zitcis1_XC791807.ogg.npy,zitcis1,181
hoopoe_XC415723.ogg.npy,hoopoe,80
grnsan_XC831441.ogg.npy,grnsan,71
goflea1_XC208795.ogg.npy,goflea1,61
pursun4_XC430250.ogg.npy,pursun4,134
litgre1_XC503221.ogg.npy,litgre1,107
plapri1_XC578468.ogg.npy,plapri1,129
woosan_XC64712.ogg.npy,woosan,177
thbwar1_XC485863.ogg.npy,thbwar1,160
kenplo1_XC765773.ogg.npy,kenplo1,98
ashwoo2_XC531531.ogg.npy,ashwoo2,3
lirplo_XC25077.ogg.npy,lirplo,105
eaywag1_XC661250.ogg.npy,eaywag1,53
laudov1_XC131310.ogg.npy,laudov1,101
grewar3_XC600112.ogg.npy,grewar3,70
labcro1_XC197814.ogg.npy,labcro1,100
comros_XC566759.ogg.npy,comros,43
houspa_XC326991.ogg.npy,houspa,82
eaywag1_XC155710.ogg.npy,eaywag1,53
plaflo1_XC208918.ogg.npy,plaflo1,128
comtai1_XC621219.ogg.npy,comtai1,45
litspi1_XC701168.ogg.npy,litspi1,108
litgre1_XC795505.ogg.npy,litgre1,107
lirplo_XC478105.ogg.npy,lirplo,105
grywag_XC663472.ogg.npy,grywag,76
woosan_XC705355.ogg.npy,woosan,177
graher1_XC758396.ogg.npy,graher1,62
comkin1_XC498753.ogg.npy,comkin1,39
kenplo1_XC182877.ogg.npy,kenplo1,98
commoo3_XC542893.ogg.npy,commoo3,40
whbwat1_XC382499.ogg.npy,whbwat1,171
insowl1_XC658243.ogg.npy,insowl1,91
bkskit1_XC352484.ogg.npy,bkskit1,13
labcro1_XC724413.ogg.npy,labcro1,100
houspa_XC641193.ogg.npy,houspa,82
comgre_XC554185.ogg.npy,comgre,37
labcro1_XC447036.ogg.npy,labcro1,100
whbwoo2_XC150878.ogg.npy,whbwoo2,172
comior1_XC657607.ogg.npy,comior1,38
lirplo_XC615583.ogg.npy,lirplo,105
brcful1_XC116277.ogg.npy,brcful1,24
grnsan_XC592460.ogg.npy,grnsan,71
whbwat1_XC318819.ogg.npy,whbwat1,171
gyhcaf1_XC114323.ogg.npy,gyhcaf1,78
gyhcaf1_XC580675.ogg.npy,gyhcaf1,78
whtkin2_XC460735.ogg.npy,whtkin2,176
bcnher_XC747798.ogg.npy,bcnher,10
hoopoe_XC625440.ogg.npy,hoopoe,80
ruftre2_XC205236.ogg.npy,ruftre2,146
hoopoe_XC480280.ogg.npy,hoopoe,80
grecou1_XC348083.ogg.npy,grecou1,64
eucdov_XC665069.ogg.npy,eucdov,55
grtdro1_XC396817.ogg.npy,grtdro1,73
bkskit1_XC353804.ogg.npy,bkskit1,13
litegr_XC333966.ogg.npy,litegr,106
whiter2_XC190980.ogg.npy,whiter2,174
comsan_XC338210.ogg.npy,comsan,44
comros_XC766286.ogg.npy,comros,43
kenplo1_XC376959.ogg.npy,kenplo1,98
graher1_XC507389.ogg.npy,graher1,62
purher1_XC664765.ogg.npy,purher1,132
grewar3_XC251835.ogg.npy,grewar3,70
comgre_XC146065.ogg.npy,comgre,37
brwowl1_XC196967.ogg.npy,brwowl1,30
commyn_XC203339.ogg.npy,commyn,41
whbwat1_XC730845.ogg.npy,whbwat1,171
houspa_XC168578.ogg.npy,houspa,82
barswa_XC361808.ogg.npy,barswa,9
blrwar1_XC659109.ogg.npy,blrwar1,20
bkwsti_XC642428.ogg.npy,bkwsti,14
eaywag1_XC826308.ogg.npy,eaywag1,53
grewar3_XC187081.ogg.npy,grewar3,70
grynig2_XC455675.ogg.npy,grynig2,75
litspi1_XC639714.ogg.npy,litspi1,108
grewar3_XC575392.ogg.npy,grewar3,70
eaywag1_XC589277.ogg.npy,eaywag1,53
brnshr_XC491994.ogg.npy,brnshr,27
rewbul_XC724568.ogg.npy,rewbul,140
whbwat1_XC40044.ogg.npy,whbwat1,171
bkwsti_XC788492.ogg.npy,bkwsti,14
woosan_XC490391.ogg.npy,woosan,177
aspfly1_XC217785.ogg.npy,aspfly1,6
brnhao1_XC706116.ogg.npy,brnhao1,26
bkskit1_XC350259.ogg.npy,bkskit1,13
houspa_XC623290.ogg.npy,houspa,82
laudov1_XC547174.ogg.npy,laudov1,101
grnsan_XC671802.ogg.npy,grnsan,71
hoopoe_XC278153.ogg.npy,hoopoe,80
revbul_XC198407.ogg.npy,revbul,139
grywag_XC770484.ogg.npy,grywag,76
houspa_XC790998.ogg.npy,houspa,82
categr_XC501019.ogg.npy,categr,33
comkin1_XC303059.ogg.npy,comkin1,39
oripip1_XC469476.ogg.npy,oripip1,122
greegr_XC669884.ogg.npy,greegr,65
blrwar1_XC181196.ogg.npy,blrwar1,20
graher1_XC842809.ogg.npy,graher1,62
crseag1_XC441717.ogg.npy,crseag1,50
bcnher_XC665421.ogg.npy,bcnher,10
eurcoo_XC218711.ogg.npy,eurcoo,57
niwpig1_XC178211.ogg.npy,niwpig1,119
vehpar1_XC497101.ogg.npy,vehpar1,164
comior1_XC214418.ogg.npy,comior1,38
houspa_XC651512.ogg.npy,houspa,82
comtai1_XC779579.ogg.npy,comtai1,45
comros_XC120459.ogg.npy,comros,43
woosan_XC668256.ogg.npy,woosan,177
oripip1_XC306479.ogg.npy,oripip1,122
piebus1_XC406641.ogg.npy,piebus1,125
commoo3_XC571756.ogg.npy,commoo3,40
grtdro1_XC150643.ogg.npy,grtdro1,73
oripip1_XC204920.ogg.npy,oripip1,122
blnmon1_XC39380.ogg.npy,blnmon1,19
barswa_XC819818.ogg.npy,barswa,9
eaywag1_XC208701.ogg.npy,eaywag1,53
hoopoe_XC787619.ogg.npy,hoopoe,80
barswa_XC54516.ogg.npy,barswa,9
kenplo1_XC522273.ogg.npy,kenplo1,98
hoopoe_XC729989.ogg.npy,hoopoe,80
wemhar1_XC377179.ogg.npy,wemhar1,166
grnsan_XC209147.ogg.npy,grnsan,71
barswa_XC193690.ogg.npy,barswa,9
compea_XC116747.ogg.npy,compea,42
comsan_XC501606.ogg.npy,comsan,44
commyn_XC659214.ogg.npy,commyn,41
eaywag1_XC670506.ogg.npy,eaywag1,53
grywag_XC235138.ogg.npy,grywag,76
commoo3_XC545156.ogg.npy,commoo3,40
whtkin2_XC465506.ogg.npy,whtkin2,176
gyhcaf1_XC92655.ogg.npy,gyhcaf1,78
bkskit1_XC350399.ogg.npy,bkskit1,13
eurcoo_XC554431.ogg.npy,eurcoo,57
lirplo_XC541230.ogg.npy,lirplo,105
eurcoo_XC709526.ogg.npy,eurcoo,57
emedov2_XC777846.ogg.npy,emedov2,54
grewar3_XC484203.ogg.npy,grewar3,70
purher1_XC826933.ogg.npy,purher1,132
grefla1_XC798558.ogg.npy,grefla1,66
shikra1_XC215626.ogg.npy,shikra1,151
bcnher_XC546218.ogg.npy,bcnher,10
junbab2_XC390358.ogg.npy,junbab2,95
ashpri1_XC116340.ogg.npy,ashpri1,2
kenplo1_XC714953.ogg.npy,kenplo1,98
comgre_XC266140.ogg.npy,comgre,37
bcnher_XC725328.ogg.npy,bcnher,10
kenplo1_XC797984.ogg.npy,kenplo1,98
eaywag1_XC800001.ogg.npy,eaywag1,53
woosan_XC821354.ogg.npy,woosan,177
bladro1_XC545433.ogg.npy,bladro1,15
goflea1_XC684242.ogg.npy,goflea1,61
bcnher_XC808815.ogg.npy,bcnher,10
zitcis1_XC784863.ogg.npy,zitcis1,181
bcnher_XC481710.ogg.npy,bcnher,10
grnsan_XC798164.ogg.npy,grnsan,71
grnsan_XC801764.ogg.npy,grnsan,71
ashdro1_XC214278.ogg.npy,ashdro1,1
grnsan_XC484270.ogg.npy,grnsan,71
whcbar1_XC196647.ogg.npy,whcbar1,173
eaywag1_XC795908.ogg.npy,eaywag1,53
brasta1_XC573221.ogg.npy,brasta1,23
bcnher_XC565096.ogg.npy,bcnher,10
blrwar1_XC571137.ogg.npy,blrwar1,20
rewbul_XC207898.ogg.npy,rewbul,140
ashpri1_XC73019.ogg.npy,ashpri1,2
laudov1_XC288799.ogg.npy,laudov1,101
wemhar1_XC777105.ogg.npy,wemhar1,166
eurcoo_XC583508.ogg.npy,eurcoo,57
grenig1_XC612083.ogg.npy,grenig1,69
eucdov_XC141942.ogg.npy,eucdov,55
litgre1_XC677253.ogg.npy,litgre1,107
goflea1_XC423283.ogg.npy,goflea1,61
kenplo1_XC666732.ogg.npy,kenplo1,98
grywag_XC801890.ogg.npy,grywag,76
blrwar1_XC659135.ogg.npy,blrwar1,20
blrwar1_XC807191.ogg.npy,blrwar1,20
rorpar_XC267022.ogg.npy,rorpar,143
comgre_XC686484.ogg.npy,comgre,37
indrol2_XC442343.ogg.npy,indrol2,86
houspa_XC622458.ogg.npy,houspa,82
shikra1_XC530646.ogg.npy,shikra1,151
zitcis1_XC808223.ogg.npy,zitcis1,181
brnshr_XC288279.ogg.npy,brnshr,27
comtai1_XC304330.ogg.npy,comtai1,45
zitcis1_XC482106.ogg.npy,zitcis1,181
eurbla2_XC574602.ogg.npy,eurbla2,56
grewar3_XC575088.ogg.npy,grewar3,70
grnsan_XC829102.ogg.npy,grnsan,71
grewar3_XC603640.ogg.npy,grewar3,70
blrwar1_XC477711.ogg.npy,blrwar1,20
purher1_XC743777.ogg.npy,purher1,132
litegr_XC701677.ogg.npy,litegr,106
blhori1_XC125383.ogg.npy,blhori1,18
comgre_XC741384.ogg.npy,comgre,37
greegr_XC515940.ogg.npy,greegr,65
brnshr_XC187013.ogg.npy,brnshr,27
barswa_XC567605.ogg.npy,barswa,9
rorpar_XC856690.ogg.npy,rorpar,143
whtkin2_XC614704.ogg.npy,whtkin2,176
kenplo1_XC718521.ogg.npy,kenplo1,98
crbsun2_XC402208.ogg.npy,crbsun2,47
blrwar1_XC506494.ogg.npy,blrwar1,20
asikoe2_XC788680.ogg.npy,asikoe2,4
asikoe2_XC812732.ogg.npy,asikoe2,4
comros_XC485174.ogg.npy,comros,43
grywag_XC448586.ogg.npy,grywag,76
ashwoo2_XC657952.ogg.npy,ashwoo2,3
ashdro1_XC210505.ogg.npy,ashdro1,1
graher1_XC824809.ogg.npy,graher1,62
bcnher_XC831186.ogg.npy,bcnher,10
whiter2_XC480126.ogg.npy,whiter2,174
kenplo1_XC118173.ogg.npy,kenplo1,98
shikra1_XC608134.ogg.npy,shikra1,151
brnhao1_XC295772.ogg.npy,brnhao1,26
grywag_XC831470.ogg.npy,grywag,76
brnhao1_XC790590.ogg.npy,brnhao1,26
blrwar1_XC659073.ogg.npy,blrwar1,20
eaywag1_XC765230.ogg.npy,eaywag1,53
blhori1_XC744010.ogg.npy,blhori1,18
grewar3_XC321351.ogg.npy,grewar3,70
spodov_XC240369.ogg.npy,spodov,155
commoo3_XC836444.ogg.npy,commoo3,40
bkwsti_XC808277.ogg.npy,bkwsti,14
grewar3_XC420093.ogg.npy,grewar3,70
commoo3_XC310844.ogg.npy,commoo3,40
blrwar1_XC178690.ogg.npy,blrwar1,20
brasta1_XC424375.ogg.npy,brasta1,23
asikoe2_XC788192.ogg.npy,asikoe2,4
shikra1_XC185040.ogg.npy,shikra1,151
eurbla2_XC571203.ogg.npy,eurbla2,56
rewlap1_XC215867.ogg.npy,rewlap1,141
maltro1_XC613279.ogg.npy,maltro1,113
lirplo_XC745761.ogg.npy,lirplo,105
indrob1_XC647287.ogg.npy,indrob1,85
whtkin2_XC477297.ogg.npy,whtkin2,176
comros_XC564156.ogg.npy,comros,43
grewar3_XC656664.ogg.npy,grewar3,70
wemhar1_XC146882.ogg.npy,wemhar1,166
cohcuc1_XC696708.ogg.npy,cohcuc1,35
putbab1_XC209500.ogg.npy,putbab1,136
eucdov_XC474769.ogg.npy,eucdov,55
comros_XC675027.ogg.npy,comros,43
laudov1_XC157541.ogg.npy,laudov1,101
placuc3_XC805770.ogg.npy,placuc3,127
comtai1_XC497020.ogg.npy,comtai1,45
laudov1_XC464966.ogg.npy,laudov1,101
commoo3_XC570317.ogg.npy,commoo3,40
blrwar1_XC655922.ogg.npy,blrwar1,20
comgre_XC597678.ogg.npy,comgre,37
comior1_XC236320.ogg.npy,comior1,38
plapri1_XC559665.ogg.npy,plapri1,129
barswa_XC457807.ogg.npy,barswa,9
barswa_XC269815.ogg.npy,barswa,9
eurcoo_XC630652.ogg.npy,eurcoo,57
blakit1_XC149913.ogg.npy,blakit1,17
bkskit1_XC540429.ogg.npy,bkskit1,13
commoo3_XC464977.ogg.npy,commoo3,40
hoopoe_XC325178.ogg.npy,hoopoe,80
marsan_XC474421.ogg.npy,marsan,115
brwowl1_XC824381.ogg.npy,brwowl1,30
zitcis1_XC208075.ogg.npy,zitcis1,181
vehpar1_XC276824.ogg.npy,vehpar1,164
bkwsti_XC793823.ogg.npy,bkwsti,14
bladro1_XC697577.ogg.npy,bladro1,15
blrwar1_XC595225.ogg.npy,blrwar1,20
grtdro1_XC124359.ogg.npy,grtdro1,73
eaywag1_XC189943.ogg.npy,eaywag1,53
rewbul_XC289671.ogg.npy,rewbul,140
comsan_XC469618.ogg.npy,comsan,44
comsan_XC553365.ogg.npy,comsan,44
commoo3_XC214103.ogg.npy,commoo3,40
piekin1_XC203057.ogg.npy,piekin1,126
hoopoe_XC716240.ogg.npy,hoopoe,80
gryfra_XC696227.ogg.npy,gryfra,74
barswa_XC677139.ogg.npy,barswa,9
blnmon1_XC464121.ogg.npy,blnmon1,19
barswa_XC253349.ogg.npy,barswa,9
grnsan_XC835904.ogg.npy,grnsan,71
shikra1_XC413074.ogg.npy,shikra1,151
eaywag1_XC586213.ogg.npy,eaywag1,53
asbfly_XC342638.ogg.npy,asbfly,0
litegr_XC683763.ogg.npy,litegr,106
greegr_XC437424.ogg.npy,greegr,65
hoopoe_XC560349.ogg.npy,hoopoe,80
brcful1_XC775944.ogg.npy,brcful1,24
categr_XC576956.ogg.npy,categr,33
eaywag1_XC718561.ogg.npy,eaywag1,53
piekin1_XC615842.ogg.npy,piekin1,126
junbab2_XC197113.ogg.npy,junbab2,95
emedov2_XC537458.ogg.npy,emedov2,54
comkin1_XC188957.ogg.npy,comkin1,39
grywag_XC833428.ogg.npy,grywag,76
litegr_XC570961.ogg.npy,litegr,106
dafbab1_XC768997.ogg.npy,dafbab1,51
eurcoo_XC406284.ogg.npy,eurcoo,57
blhori1_XC346209.ogg.npy,blhori1,18
ashdro1_XC114600.ogg.npy,ashdro1,1
comros_XC185476.ogg.npy,comros,43
eucdov_XC802331.ogg.npy,eucdov,55
eurcoo_XC542366.ogg.npy,eurcoo,57
eucdov_XC317769.ogg.npy,eucdov,55
grewar3_XC573374.ogg.npy,grewar3,70
bcnher_XC844547.ogg.npy,bcnher,10
gargan_XC649121.ogg.npy,gargan,59
putbab1_XC185963.ogg.npy,putbab1,136
bcnher_XC557296.ogg.npy,bcnher,10
rossta2_XC567399.ogg.npy,rossta2,144
asbfly_XC342037.ogg.npy,asbfly,0
comgre_XC801062.ogg.npy,comgre,37
bwfshr1_XC781851.ogg.npy,bwfshr1,32
ashdro1_XC125150.ogg.npy,ashdro1,1
eucdov_XC669830.ogg.npy,eucdov,55
grewar3_XC319647.ogg.npy,grewar3,70
junowl1_XC683123.ogg.npy,junowl1,97
zitcis1_XC633692.ogg.npy,zitcis1,181
brodro1_XC178198.ogg.npy,brodro1,28
compea_XC124017.ogg.npy,compea,42
comtai1_XC325284.ogg.npy,comtai1,45
purswa3_XC586194.ogg.npy,purswa3,135
bkwsti_XC661222.ogg.npy,bkwsti,14
woosan_XC191239.ogg.npy,woosan,177
commoo3_XC542501.ogg.npy,commoo3,40
eucdov_XC659763.ogg.npy,eucdov,55
grewar3_XC835578.ogg.npy,grewar3,70
comkin1_XC217527.ogg.npy,comkin1,39
shikra1_XC637309.ogg.npy,shikra1,151
grtdro1_XC767522.ogg.npy,grtdro1,73
grecou1_XC764540.ogg.npy,grecou1,64
rufwoo2_XC243983.ogg.npy,rufwoo2,147
rewlap1_XC446881.ogg.npy,rewlap1,141
barswa_XC677844.ogg.npy,barswa,9
comsan_XC650276.ogg.npy,comsan,44
rufwoo2_XC177902.ogg.npy,rufwoo2,147
asikoe2_XC331680.ogg.npy,asikoe2,4
bkskit1_XC350381.ogg.npy,bkskit1,13
yebbab1_XC741609.ogg.npy,yebbab1,179
comros_XC779462.ogg.npy,comros,43
brnhao1_XC652978.ogg.npy,brnhao1,26
comkin1_XC598304.ogg.npy,comkin1,39
greegr_XC454182.ogg.npy,greegr,65
pabflo1_XC491069.ogg.npy,pabflo1,123
comior1_XC793204.ogg.npy,comior1,38
commoo3_XC586138.ogg.npy,commoo3,40
blakit1_XC495129.ogg.npy,blakit1,17
greegr_XC295629.ogg.npy,greegr,65
graher1_XC665146.ogg.npy,graher1,62
bkskit1_XC671635.ogg.npy,bkskit1,13
graher1_XC404343.ogg.npy,graher1,62
houspa_XC739675.ogg.npy,houspa,82
purher1_XC362363.ogg.npy,purher1,132
grywag_XC745650.ogg.npy,grywag,76
litspi1_XC241955.ogg.npy,litspi1,108
comsan_XC431425.ogg.npy,comsan,44
crseag1_XC762275.ogg.npy,crseag1,50
insbab1_XC366260.ogg.npy,insbab1,90
brcful1_XC139707.ogg.npy,brcful1,24
eaywag1_XC790732.ogg.npy,eaywag1,53
comtai1_XC304226.ogg.npy,comtai1,45
comros_XC455906.ogg.npy,comros,43
bcnher_XC567599.ogg.npy,bcnher,10
litegr_XC838903.ogg.npy,litegr,106
comgre_XC58586.ogg.npy,comgre,37
bkskit1_XC351391.ogg.npy,bkskit1,13
woosan_XC587077.ogg.npy,woosan,177
grecou1_XC807260.ogg.npy,grecou1,64
rufwoo2_XC779759.ogg.npy,rufwoo2,147
grbeat1_XC699152.ogg.npy,grbeat1,63
rerswa1_XC493838.ogg.npy,rerswa1,138
copbar1_XC797128.ogg.npy,copbar1,46
grehor1_XC575142.ogg.npy,grehor1,67
commoo3_XC636773.ogg.npy,commoo3,40
greegr_XC515994.ogg.npy,greegr,65
whiter2_XC477517.ogg.npy,whiter2,174
comtai1_XC551660.ogg.npy,comtai1,45
eurcoo_XC634761.ogg.npy,eurcoo,57
eurcoo_XC601592.ogg.npy,eurcoo,57
eucdov_XC652527.ogg.npy,eucdov,55
lblwar1_XC296445.ogg.npy,lblwar1,102
gloibi_XC789669.ogg.npy,gloibi,60
brnshr_XC780601.ogg.npy,brnshr,27
comsan_XC856294.ogg.npy,comsan,44
litgre1_XC486179.ogg.npy,litgre1,107
emedov2_XC415633.ogg.npy,emedov2,54
lirplo_XC789730.ogg.npy,lirplo,105
zitcis1_XC763758.ogg.npy,zitcis1,181
grejun2_XC214029.ogg.npy,grejun2,68
comior1_XC428614.ogg.npy,comior1,38
eaywag1_XC642038.ogg.npy,eaywag1,53
asikoe2_XC362066.ogg.npy,asikoe2,4
graher1_XC684243.ogg.npy,graher1,62
comkin1_XC437408.ogg.npy,comkin1,39
houspa_XC279680.ogg.npy,houspa,82
eaywag1_XC235503.ogg.npy,eaywag1,53
hoopoe_XC804620.ogg.npy,hoopoe,80
rocpig_XC503270.ogg.npy,rocpig,142
whrmun_XC447338.ogg.npy,whrmun,175
bkwsti_XC365506.ogg.npy,bkwsti,14
rorpar_XC859070.ogg.npy,rorpar,143
tilwar1_XC817947.ogg.npy,tilwar1,162
rewbul_XC210181.ogg.npy,rewbul,140
comgre_XC562805.ogg.npy,comgre,37
copbar1_XC377025.ogg.npy,copbar1,46
ruftre2_XC791634.ogg.npy,ruftre2,146
graher1_XC770927.ogg.npy,graher1,62
bcnher_XC665323.ogg.npy,bcnher,10
moipig1_XC244087.ogg.npy,moipig1,117
ashwoo2_XC446304.ogg.npy,ashwoo2,3
comros_XC182872.ogg.npy,comros,43
stbkin1_XC194187.ogg.npy,stbkin1,158
comros_XC755119.ogg.npy,comros,43
bkskit1_XC513398.ogg.npy,bkskit1,13
spodov_XC205837.ogg.npy,spodov,155
marsan_XC569759.ogg.npy,marsan,115
barswa_XC690497.ogg.npy,barswa,9
lirplo_XC544214.ogg.npy,lirplo,105
bkskit1_XC373396.ogg.npy,bkskit1,13
rocpig_XC705769.ogg.npy,rocpig,142
zitcis1_XC508022.ogg.npy,zitcis1,181
heswoo1_XC400758.ogg.npy,heswoo1,79
blhori1_XC484916.ogg.npy,blhori1,18
oripip1_XC295498.ogg.npy,oripip1,122
bkwsti_XC661283.ogg.npy,bkwsti,14
comros_XC330344.ogg.npy,comros,43
bkskit1_XC583279.ogg.npy,bkskit1,13
asbfly_XC312456.ogg.npy,asbfly,0
crseag1_XC73164.ogg.npy,crseag1,50
ashwoo2_XC624611.ogg.npy,ashwoo2,3
comgre_XC701518.ogg.npy,comgre,37
houcro1_XC443062.ogg.npy,houcro1,81
gryfra_XC308571.ogg.npy,gryfra,74
grywag_XC673686.ogg.npy,grywag,76
tibfly3_XC487523.ogg.npy,tibfly3,161
whiter2_XC207045.ogg.npy,whiter2,174
comsan_XC739022.ogg.npy,comsan,44
spepic1_XC788508.ogg.npy,spepic1,154
woosan_XC737919.ogg.npy,woosan,177
grtdro1_XC276853.ogg.npy,grtdro1,73
graher1_XC608176.ogg.npy,graher1,62
litgre1_XC666444.ogg.npy,litgre1,107
cohcuc1_XC716995.ogg.npy,cohcuc1,35
nutman_XC828499.ogg.npy,nutman,120
litgre1_XC287855.ogg.npy,litgre1,107
houspa_XC859067.ogg.npy,houspa,82
gyhcaf1_XC216923.ogg.npy,gyhcaf1,78
shikra1_XC555534.ogg.npy,shikra1,151
bkskit1_XC360653.ogg.npy,bkskit1,13
rewlap1_XC461631.ogg.npy,rewlap1,141
comgre_XC551312.ogg.npy,comgre,37
commoo3_XC593478.ogg.npy,commoo3,40
labcro1_XC692668.ogg.npy,labcro1,100
asikoe2_XC659724.ogg.npy,asikoe2,4
woosan_XC743566.ogg.npy,woosan,177
rufwoo2_XC239509.ogg.npy,rufwoo2,147
hoopoe_XC436342.ogg.npy,hoopoe,80
eurcoo_XC552418.ogg.npy,eurcoo,57
graher1_XC692945.ogg.npy,graher1,62
comgre_XC540762.ogg.npy,comgre,37
putbab1_XC239507.ogg.npy,putbab1,136
litegr_XC659591.ogg.npy,litegr,106
grnsan_XC696134.ogg.npy,grnsan,71
woosan_XC493129.ogg.npy,woosan,177
grnsan_XC589084.ogg.npy,grnsan,71
grywag_XC702606.ogg.npy,grywag,76
litswi1_XC607160.ogg.npy,litswi1,109
gybpri1_XC487793.ogg.npy,gybpri1,77
comgre_XC206721.ogg.npy,comgre,37
gargan_XC737247.ogg.npy,gargan,59
whbwoo2_XC434181.ogg.npy,whbwoo2,172
brcful1_XC418131.ogg.npy,brcful1,24
woosan_XC857968.ogg.npy,woosan,177
commyn_XC331552.ogg.npy,commyn,41
gybpri1_XC319053.ogg.npy,gybpri1,77
woosan_XC608282.ogg.npy,woosan,177
woosan_XC344910.ogg.npy,woosan,177
hoopoe_XC308875.ogg.npy,hoopoe,80
rossta2_XC685831.ogg.npy,rossta2,144
piekin1_XC190977.ogg.npy,piekin1,126
graher1_XC182869.ogg.npy,graher1,62
eurcoo_XC710141.ogg.npy,eurcoo,57
woosan_XC505896.ogg.npy,woosan,177
grewar3_XC439776.ogg.npy,grewar3,70
thbwar1_XC304072.ogg.npy,thbwar1,160
kenplo1_XC367417.ogg.npy,kenplo1,98
houspa_XC663187.ogg.npy,houspa,82
crseag1_XC451160.ogg.npy,crseag1,50
thbwar1_XC298326.ogg.npy,thbwar1,160
rewbul_XC203338.ogg.npy,rewbul,140
ruftre2_XC653112.ogg.npy,ruftre2,146
heswoo1_XC295170.ogg.npy,heswoo1,79
commyn_XC533469.ogg.npy,commyn,41
grnsan_XC716999.ogg.npy,grnsan,71
cohcuc1_XC696709.ogg.npy,cohcuc1,35
comsan_XC574127.ogg.npy,comsan,44
zitcis1_XC309646.ogg.npy,zitcis1,181
blnmon1_XC807788.ogg.npy,blnmon1,19
woosan_XC658630.ogg.npy,woosan,177
revbul_XC336725.ogg.npy,revbul,139
litgre1_XC459394.ogg.npy,litgre1,107
whtkin2_XC403162.ogg.npy,whtkin2,176
categr_XC770139.ogg.npy,categr,33
blnmon1_XC856068.ogg.npy,blnmon1,19
lirplo_XC633875.ogg.npy,lirplo,105
labcro1_XC355978.ogg.npy,labcro1,100
bkrfla1_XC419783.ogg.npy,bkrfla1,12
blnmon1_XC838778.ogg.npy,blnmon1,19
emedov2_XC459593.ogg.npy,emedov2,54
forwag1_XC758848.ogg.npy,forwag1,58
asbfly_XC665386.ogg.npy,asbfly,0
comsan_XC639418.ogg.npy,comsan,44
crfbar1_XC214226.ogg.npy,crfbar1,49
barswa_XC664979.ogg.npy,barswa,9
piekin1_XC138412.ogg.npy,piekin1,126
barswa_XC841195.ogg.npy,barswa,9
litegr_XC779147.ogg.npy,litegr,106
revbul_XC333682.ogg.npy,revbul,139
rorpar_XC736982.ogg.npy,rorpar,143
eurbla2_XC520393.ogg.npy,eurbla2,56
whtkin2_XC637740.ogg.npy,whtkin2,176
eurcoo_XC175432.ogg.npy,eurcoo,57
grnwar1_XC639336.ogg.npy,grnwar1,72
spoowl1_XC665957.ogg.npy,spoowl1,156
eaywag1_XC651039.ogg.npy,eaywag1,53
bcnher_XC816423.ogg.npy,bcnher,10
comros_XC183915.ogg.npy,comros,43
ingori1_XC543894.ogg.npy,ingori1,88
bkwsti_XC811772.ogg.npy,bkwsti,14
comkin1_XC742886.ogg.npy,comkin1,39
shikra1_XC282409.ogg.npy,shikra1,151
categr_XC787918.ogg.npy,categr,33
eurcoo_XC703142.ogg.npy,eurcoo,57
comros_XC67248.ogg.npy,comros,43
barswa_XC472519.ogg.npy,barswa,9
spepic1_XC804335.ogg.npy,spepic1,154
asikoe2_XC665234.ogg.npy,asikoe2,4
lirplo_XC801462.ogg.npy,lirplo,105
bkskit1_XC305303.ogg.npy,bkskit1,13
hoopoe_XC659749.ogg.npy,hoopoe,80
grtdro1_XC86959.ogg.npy,grtdro1,73
houcro1_XC625108.ogg.npy,houcro1,81
hoopoe_XC267331.ogg.npy,hoopoe,80
eaywag1_XC638050.ogg.npy,eaywag1,53
comfla1_XC150625.ogg.npy,comfla1,36
grewar3_XC374326.ogg.npy,grewar3,70
asikoe2_XC540317.ogg.npy,asikoe2,4
hoopoe_XC477326.ogg.npy,hoopoe,80
ruftre2_XC310803.ogg.npy,ruftre2,146
pursun4_XC240354.ogg.npy,pursun4,134
whiter2_XC720985.ogg.npy,whiter2,174
eucdov_XC534194.ogg.npy,eucdov,55
spodov_XC785879.ogg.npy,spodov,155
spodov_XC433840.ogg.npy,spodov,155
blnmon1_XC558397.ogg.npy,blnmon1,19
grefla1_XC256237.ogg.npy,grefla1,66
blakit1_XC364942.ogg.npy,blakit1,17
graher1_XC750125.ogg.npy,graher1,62
houcro1_XC519656.ogg.npy,houcro1,81
bkwsti_XC201612.ogg.npy,bkwsti,14
asikoe2_XC349238.ogg.npy,asikoe2,4
eucdov_XC588844.ogg.npy,eucdov,55
grewar3_XC490809.ogg.npy,grewar3,70
bkskit1_XC292091.ogg.npy,bkskit1,13
indpit1_XC256280.ogg.npy,indpit1,84
spoowl1_XC433064.ogg.npy,spoowl1,156
plapri1_XC207255.ogg.npy,plapri1,129
placuc3_XC572950.ogg.npy,placuc3,127
greegr_XC746174.ogg.npy,greegr,65
putbab1_XC464798.ogg.npy,putbab1,136
spodov_XC721129.ogg.npy,spodov,155
comsan_XC643721.ogg.npy,comsan,44
crseag1_XC803962.ogg.npy,crseag1,50
rewlap1_XC481294.ogg.npy,rewlap1,141
eucdov_XC790241.ogg.npy,eucdov,55
smamin1_XC295730.ogg.npy,smamin1,152
comior1_XC197128.ogg.npy,comior1,38
blakit1_XC341175.ogg.npy,blakit1,17
gyhcaf1_XC720387.ogg.npy,gyhcaf1,78
spodov_XC175220.ogg.npy,spodov,155
rufwoo2_XC795696.ogg.npy,rufwoo2,147
sbeowl1_XC634455.ogg.npy,sbeowl1,149
houspa_XC527803.ogg.npy,houspa,82
houspa_XC565682.ogg.npy,houspa,82
purher1_XC649751.ogg.npy,purher1,132
comros_XC180045.ogg.npy,comros,43
comkin1_XC399084.ogg.npy,comkin1,39
purher1_XC710834.ogg.npy,purher1,132
grnsan_XC746431.ogg.npy,grnsan,71
bkwsti_XC474371.ogg.npy,bkwsti,14
wemhar1_XC476808.ogg.npy,wemhar1,166
comgre_XC821789.ogg.npy,comgre,37
lesyel1_XC21780.ogg.npy,lesyel1,103
grejun2_XC574336.ogg.npy,grejun2,68
asikoe2_XC208899.ogg.npy,asikoe2,4
comgre_XC704153.ogg.npy,comgre,37
lewduc1_XC767521.ogg.npy,lewduc1,104
rorpar_XC442500.ogg.npy,rorpar,143
grtdro1_XC611564.ogg.npy,grtdro1,73
eucdov_XC631469.ogg.npy,eucdov,55
whiter2_XC697725.ogg.npy,whiter2,174
comkin1_XC146468.ogg.npy,comkin1,39
rufwoo2_XC708014.ogg.npy,rufwoo2,147
zitcis1_XC399927.ogg.npy,zitcis1,181
bladro1_XC563398.ogg.npy,bladro1,15
kenplo1_XC765776.ogg.npy,kenplo1,98
blakit1_XC572730.ogg.npy,blakit1,17
plaflo1_XC214030.ogg.npy,plaflo1,128
woosan_XC573246.ogg.npy,woosan,177
lirplo_XC764467.ogg.npy,lirplo,105
comtai1_XC163909.ogg.npy,comtai1,45
rufwoo2_XC423242.ogg.npy,rufwoo2,147
grehor1_XC453727.ogg.npy,grehor1,67
brwjac1_XC676587.ogg.npy,brwjac1,29
asikoe2_XC841652.ogg.npy,asikoe2,4
bkwsti_XC379892.ogg.npy,bkwsti,14
grywag_XC729044.ogg.npy,grywag,76
whtkin2_XC778515.ogg.npy,whtkin2,176
blnmon1_XC470517.ogg.npy,blnmon1,19
barswa_XC142466.ogg.npy,barswa,9
zitcis1_XC534124.ogg.npy,zitcis1,181
comkin1_XC841684.ogg.npy,comkin1,39
bkwsti_XC716022.ogg.npy,bkwsti,14
gryfra_XC406118.ogg.npy,gryfra,74
plapri1_XC465267.ogg.npy,plapri1,129
ingori1_XC142539.ogg.npy,ingori1,88
comior1_XC146870.ogg.npy,comior1,38
plapri1_XC830734.ogg.npy,plapri1,129
litegr_XC811945.ogg.npy,litegr,106
purher1_XC386786.ogg.npy,purher1,132
lblwar1_XC265873.ogg.npy,lblwar1,102
litspi1_XC267076.ogg.npy,litspi1,108
spodov_XC233699.ogg.npy,spodov,155
wemhar1_XC615581.ogg.npy,wemhar1,166
graher1_XC672049.ogg.npy,graher1,62
rufwoo2_XC150998.ogg.npy,rufwoo2,147
grnsan_XC671057.ogg.npy,grnsan,71
heswoo1_XC816855.ogg.npy,heswoo1,79
hoopoe_XC370455.ogg.npy,hoopoe,80
bcnher_XC542112.ogg.npy,bcnher,10
goflea1_XC537761.ogg.npy,goflea1,61
sohmyn1_XC195264.ogg.npy,sohmyn1,153
lblwar1_XC157974.ogg.npy,lblwar1,102
purswa3_XC857306.ogg.npy,purswa3,135
bcnher_XC715318.ogg.npy,bcnher,10
litswi1_XC803755.ogg.npy,litswi1,109
grewar3_XC572519.ogg.npy,grewar3,70
comros_XC247638.ogg.npy,comros,43
blrwar1_XC482360.ogg.npy,blrwar1,20
comtai1_XC191211.ogg.npy,comtai1,45
rewlap1_XC362840.ogg.npy,rewlap1,141
bkskit1_XC360641.ogg.npy,bkskit1,13
hoopoe_XC343651.ogg.npy,hoopoe,80
zitcis1_XC172200.ogg.npy,zitcis1,181
whcbar1_XC573819.ogg.npy,whcbar1,173
zitcis1_XC282659.ogg.npy,zitcis1,181
junbab2_XC73740.ogg.npy,junbab2,95
whbwoo2_XC320204.ogg.npy,whbwoo2,172
greegr_XC610379.ogg.npy,greegr,65
comgre_XC686489.ogg.npy,comgre,37
tibfly3_XC663929.ogg.npy,tibfly3,161
lesyel1_XC356427.ogg.npy,lesyel1,103
putbab1_XC478279.ogg.npy,putbab1,136
gyhcaf1_XC829720.ogg.npy,gyhcaf1,78
sbeowl1_XC194754.ogg.npy,sbeowl1,149
plapri1_XC859312.ogg.npy,plapri1,129
houspa_XC557782.ogg.npy,houspa,82
grnwar1_XC817781.ogg.npy,grnwar1,72
comros_XC575048.ogg.npy,comros,43
grtdro1_XC398878.ogg.npy,grtdro1,73
commoo3_XC564073.ogg.npy,commoo3,40
eucdov_XC205916.ogg.npy,eucdov,55
purher1_XC855173.ogg.npy,purher1,132
comior1_XC143542.ogg.npy,comior1,38
lirplo_XC671225.ogg.npy,lirplo,105
eurcoo_XC643890.ogg.npy,eurcoo,57
eurcoo_XC639559.ogg.npy,eurcoo,57
commoo3_XC576284.ogg.npy,commoo3,40
junowl1_XC267078.ogg.npy,junowl1,97
rerswa1_XC445617.ogg.npy,rerswa1,138
houspa_XC484382.ogg.npy,houspa,82
blnmon1_XC784919.ogg.npy,blnmon1,19
litgre1_XC714440.ogg.npy,litgre1,107
shikra1_XC133781.ogg.npy,shikra1,151
spodov_XC124409.ogg.npy,spodov,155
stbkin1_XC545739.ogg.npy,stbkin1,158
comsan_XC738112.ogg.npy,comsan,44
barswa_XC713327.ogg.npy,barswa,9
eurcoo_XC382661.ogg.npy,eurcoo,57
houcro1_XC601789.ogg.npy,houcro1,81
whiter2_XC770350.ogg.npy,whiter2,174
purher1_XC284529.ogg.npy,purher1,132
comkin1_XC357694.ogg.npy,comkin1,39
blrwar1_XC653804.ogg.npy,blrwar1,20
rewlap1_XC209222.ogg.npy,rewlap1,141
barswa_XC312064.ogg.npy,barswa,9
malpar1_XC499663.ogg.npy,malpar1,112
ashpri1_XC507722.ogg.npy,ashpri1,2
eurcoo_XC428626.ogg.npy,eurcoo,57
blakit1_XC628625.ogg.npy,blakit1,17
aspfly1_XC760797.ogg.npy,aspfly1,6
grewar3_XC420086.ogg.npy,grewar3,70
comkin1_XC794204.ogg.npy,comkin1,39
comkin1_XC436263.ogg.npy,comkin1,39
comgre_XC494033.ogg.npy,comgre,37
gyhcaf1_XC279179.ogg.npy,gyhcaf1,78
litswi1_XC660996.ogg.npy,litswi1,109
bcnher_XC152401.ogg.npy,bcnher,10
comsan_XC557082.ogg.npy,comsan,44
grewar3_XC841015.ogg.npy,grewar3,70
rocpig_XC690643.ogg.npy,rocpig,142
pomgrp2_XC574858.ogg.npy,pomgrp2,131
grnsan_XC471573.ogg.npy,grnsan,71
gargan_XC527207.ogg.npy,gargan,59
whbwat1_XC797427.ogg.npy,whbwat1,171
shikra1_XC523320.ogg.npy,shikra1,151
purher1_XC638663.ogg.npy,purher1,132
eucdov_XC702360.ogg.npy,eucdov,55
comsan_XC764532.ogg.npy,comsan,44
grywag_XC809340.ogg.npy,grywag,76
eaywag1_XC361316.ogg.npy,eaywag1,53
bkwsti_XC781598.ogg.npy,bkwsti,14
bladro1_XC587456.ogg.npy,bladro1,15
eurcoo_XC793187.ogg.npy,eurcoo,57
commoo3_XC545308.ogg.npy,commoo3,40
comsan_XC385908.ogg.npy,comsan,44
barswa_XC573106.ogg.npy,barswa,9
eaywag1_XC692230.ogg.npy,eaywag1,53
indrol2_XC479117.ogg.npy,indrol2,86
whbtre1_XC783992.ogg.npy,whbtre1,169
purher1_XC551210.ogg.npy,purher1,132
spodov_XC203259.ogg.npy,spodov,155
whtkin2_XC536343.ogg.npy,whtkin2,176
eaywag1_XC839005.ogg.npy,eaywag1,53
rewbul_XC571424.ogg.npy,rewbul,140
rossta2_XC685681.ogg.npy,rossta2,144
grywag_XC521927.ogg.npy,grywag,76
grywag_XC527595.ogg.npy,grywag,76
grefla1_XC360243.ogg.npy,grefla1,66
comtai1_XC195263.ogg.npy,comtai1,45
eurcoo_XC632207.ogg.npy,eurcoo,57
zitcis1_XC496917.ogg.npy,zitcis1,181
litegr_XC681286.ogg.npy,litegr,106
asikoe2_XC779913.ogg.npy,asikoe2,4
grnsan_XC500337.ogg.npy,grnsan,71
zitcis1_XC570082.ogg.npy,zitcis1,181
comsan_XC162544.ogg.npy,comsan,44
inbrob1_XC599062.ogg.npy,inbrob1,83
hoopoe_XC240247.ogg.npy,hoopoe,80
bkwsti_XC546510.ogg.npy,bkwsti,14
spepic1_XC686241.ogg.npy,spepic1,154
wemhar1_XC721002.ogg.npy,wemhar1,166
commyn_XC639485.ogg.npy,commyn,41
litgre1_XC207947.ogg.npy,litgre1,107
litgre1_XC790791.ogg.npy,litgre1,107
grnwar1_XC209558.ogg.npy,grnwar1,72
greegr_XC669249.ogg.npy,greegr,65
grnsan_XC664541.ogg.npy,grnsan,71
litgre1_XC633026.ogg.npy,litgre1,107
eaywag1_XC650343.ogg.npy,eaywag1,53
categr_XC361546.ogg.npy,categr,33
comtai1_XC681102.ogg.npy,comtai1,45
houcro1_XC632057.ogg.npy,houcro1,81
bcnher_XC194386.ogg.npy,bcnher,10
eaywag1_XC282377.ogg.npy,eaywag1,53
cregos1_XC307621.ogg.npy,cregos1,48
comros_XC579077.ogg.npy,comros,43
bkskit1_XC352578.ogg.npy,bkskit1,13
compea_XC644024.ogg.npy,compea,42
copbar1_XC531533.ogg.npy,copbar1,46
purher1_XC810037.ogg.npy,purher1,132
brfowl1_XC124214.ogg.npy,brfowl1,25
putbab1_XC465683.ogg.npy,putbab1,136
wemhar1_XC185106.ogg.npy,wemhar1,166
comgre_XC691569.ogg.npy,comgre,37
grejun2_XC574335.ogg.npy,grejun2,68
bkskit1_XC361624.ogg.npy,bkskit1,13
comros_XC310153.ogg.npy,comros,43
piekin1_XC397810.ogg.npy,piekin1,126
zitcis1_XC561306.ogg.npy,zitcis1,181
crseag1_XC756528.ogg.npy,crseag1,50
comros_XC845029.ogg.npy,comros,43
whtkin2_XC405349.ogg.npy,whtkin2,176
eucdov_XC165397.ogg.npy,eucdov,55
orihob2_XC556476.ogg.npy,orihob2,121
zitcis1_XC150462.ogg.npy,zitcis1,181
whrmun_XC614541.ogg.npy,whrmun,175
comros_XC53810.ogg.npy,comros,43
laudov1_XC613382.ogg.npy,laudov1,101
greegr_XC645959.ogg.npy,greegr,65
inpher1_XC289073.ogg.npy,inpher1,89
labcro1_XC490133.ogg.npy,labcro1,100
kenplo1_XC836915.ogg.npy,kenplo1,98
hoopoe_XC374400.ogg.npy,hoopoe,80
nutman_XC399068.ogg.npy,nutman,120
graher1_XC697765.ogg.npy,graher1,62
kenplo1_XC209895.ogg.npy,kenplo1,98
hoopoe_XC291953.ogg.npy,hoopoe,80
brnhao1_XC469355.ogg.npy,brnhao1,26
rorpar_XC208999.ogg.npy,rorpar,143
grewar3_XC322379.ogg.npy,grewar3,70
grtdro1_XC665378.ogg.npy,grtdro1,73
blrwar1_XC654515.ogg.npy,blrwar1,20
gloibi_XC417659.ogg.npy,gloibi,60
grbeat1_XC713215.ogg.npy,grbeat1,63
emedov2_XC494611.ogg.npy,emedov2,54
brnshr_XC267579.ogg.npy,brnshr,27
gloibi_XC388794.ogg.npy,gloibi,60
litspi1_XC184819.ogg.npy,litspi1,108
blakit1_XC381734.ogg.npy,blakit1,17
comsan_XC743065.ogg.npy,comsan,44
comgre_XC720606.ogg.npy,comgre,37
copbar1_XC56569.ogg.npy,copbar1,46
zitcis1_XC550604.ogg.npy,zitcis1,181
crseag1_XC585855.ogg.npy,crseag1,50
grnwar1_XC293373.ogg.npy,grnwar1,72
eucdov_XC756073.ogg.npy,eucdov,55
comkin1_XC499089.ogg.npy,comkin1,39
hoopoe_XC316863.ogg.npy,hoopoe,80
blakit1_XC208348.ogg.npy,blakit1,17
comkin1_XC185682.ogg.npy,comkin1,39
goflea1_XC49769.ogg.npy,goflea1,61
rorpar_XC856220.ogg.npy,rorpar,143
laudov1_XC405380.ogg.npy,laudov1,101
labcro1_XC195058.ogg.npy,labcro1,100
whbwat1_XC362694.ogg.npy,whbwat1,171
comkin1_XC185463.ogg.npy,comkin1,39
bcnher_XC806129.ogg.npy,bcnher,10
nutman_XC449521.ogg.npy,nutman,120
nutman_XC660244.ogg.npy,nutman,120
rorpar_XC631830.ogg.npy,rorpar,143
eucdov_XC709678.ogg.npy,eucdov,55
putbab1_XC189018.ogg.npy,putbab1,136
comkin1_XC463078.ogg.npy,comkin1,39
redspu1_XC283501.ogg.npy,redspu1,137
purswa3_XC857307.ogg.npy,purswa3,135
eaywag1_XC334140.ogg.npy,eaywag1,53
commoo3_XC826469.ogg.npy,commoo3,40
hoopoe_XC689714.ogg.npy,hoopoe,80
greegr_XC826474.ogg.npy,greegr,65
thbwar1_XC824776.ogg.npy,thbwar1,160
rorpar_XC658806.ogg.npy,rorpar,143
grnsan_XC704741.ogg.npy,grnsan,71
comior1_XC737727.ogg.npy,comior1,38
bkskit1_XC352576.ogg.npy,bkskit1,13
hoopoe_XC554671.ogg.npy,hoopoe,80
lblwar1_XC323990.ogg.npy,lblwar1,102
marsan_XC383287.ogg.npy,marsan,115
kenplo1_XC672042.ogg.npy,kenplo1,98
rocpig_XC263181.ogg.npy,rocpig,142
inbrob1_XC265865.ogg.npy,inbrob1,83
comkin1_XC506216.ogg.npy,comkin1,39
grywag_XC527587.ogg.npy,grywag,76
spodov_XC134201.ogg.npy,spodov,155
blrwar1_XC26902.ogg.npy,blrwar1,20
lirplo_XC636694.ogg.npy,lirplo,105
brodro1_XC114815.ogg.npy,brodro1,28
rocpig_XC246701.ogg.npy,rocpig,142
graher1_XC646367.ogg.npy,graher1,62
comsan_XC526794.ogg.npy,comsan,44
comros_XC805103.ogg.npy,comros,43
bkskit1_XC351389.ogg.npy,bkskit1,13
wemhar1_XC709827.ogg.npy,wemhar1,166
gybpri1_XC641524.ogg.npy,gybpri1,77
comgre_XC705193.ogg.npy,comgre,37
plapri1_XC714780.ogg.npy,plapri1,129
comior1_XC373343.ogg.npy,comior1,38
whbbul2_XC633433.ogg.npy,whbbul2,167
rewbul_XC456918.ogg.npy,rewbul,140
houspa_XC326659.ogg.npy,houspa,82
shikra1_XC196562.ogg.npy,shikra1,151
blnmon1_XC403729.ogg.npy,blnmon1,19
gryfra_XC644011.ogg.npy,gryfra,74
barswa_XC496522.ogg.npy,barswa,9
putbab1_XC465685.ogg.npy,putbab1,136
comgre_XC667858.ogg.npy,comgre,37
blakit1_XC845779.ogg.npy,blakit1,17
rorpar_XC351296.ogg.npy,rorpar,143
litgre1_XC604328.ogg.npy,litgre1,107
bkskit1_XC361609.ogg.npy,bkskit1,13
ruftre2_XC165307.ogg.npy,ruftre2,146
junbab2_XC507729.ogg.npy,junbab2,95
litgre1_XC586345.ogg.npy,litgre1,107
purher1_XC637422.ogg.npy,purher1,132
bkwsti_XC380958.ogg.npy,bkwsti,14
blakit1_XC284649.ogg.npy,blakit1,17
comsan_XC503479.ogg.npy,comsan,44
houspa_XC474956.ogg.npy,houspa,82
graher1_XC831391.ogg.npy,graher1,62
lirplo_XC465801.ogg.npy,lirplo,105
comsan_XC559771.ogg.npy,comsan,44
zitcis1_XC481357.ogg.npy,zitcis1,181
zitcis1_XC263697.ogg.npy,zitcis1,181
pabflo1_XC646904.ogg.npy,pabflo1,123
bkskit1_XC613475.ogg.npy,bkskit1,13
litgre1_XC630775.ogg.npy,litgre1,107
bkwsti_XC727786.ogg.npy,bkwsti,14
grnsan_XC807142.ogg.npy,grnsan,71
indpit1_XC190757.ogg.npy,indpit1,84
blnmon1_XC197614.ogg.npy,blnmon1,19
bkwsti_XC260280.ogg.npy,bkwsti,14
rufbab3_XC792234.ogg.npy,rufbab3,145
blrwar1_XC192132.ogg.npy,blrwar1,20
eucdov_XC789608.ogg.npy,eucdov,55
brodro1_XC463621.ogg.npy,brodro1,28
brwowl1_XC196966.ogg.npy,brwowl1,30
rorpar_XC209721.ogg.npy,rorpar,143
categr_XC834409.ogg.npy,categr,33
piebus1_XC204769.ogg.npy,piebus1,125
comgre_XC314235.ogg.npy,comgre,37
mawthr1_XC565302.ogg.npy,mawthr1,116
whtkin2_XC715534.ogg.npy,whtkin2,176
putbab1_XC465690.ogg.npy,putbab1,136
whbwat1_XC487522.ogg.npy,whbwat1,171
whbwat1_XC540084.ogg.npy,whbwat1,171
rewbul_XC639935.ogg.npy,rewbul,140
gargan_XC131243.ogg.npy,gargan,59
putbab1_XC381162.ogg.npy,putbab1,136
brodro1_XC151512.ogg.npy,brodro1,28
litgre1_XC638709.ogg.npy,litgre1,107
grewar3_XC569817.ogg.npy,grewar3,70
comkin1_XC213554.ogg.npy,comkin1,39
lirplo_XC728561.ogg.npy,lirplo,105
rorpar_XC161048.ogg.npy,rorpar,143
eucdov_XC669773.ogg.npy,eucdov,55
grtdro1_XC721650.ogg.npy,grtdro1,73
blrwar1_XC659661.ogg.npy,blrwar1,20
bladro1_XC823504.ogg.npy,bladro1,15
chbeat1_XC178285.ogg.npy,chbeat1,34
bcnher_XC755741.ogg.npy,bcnher,10
bkskit1_XC361621.ogg.npy,bkskit1,13
blrwar1_XC656128.ogg.npy,blrwar1,20
bkwsti_XC649445.ogg.npy,bkwsti,14
gyhcaf1_XC617625.ogg.npy,gyhcaf1,78
comior1_XC303821.ogg.npy,comior1,38
grewar3_XC580312.ogg.npy,grewar3,70
brnhao1_XC507989.ogg.npy,brnhao1,26
grecou1_XC632735.ogg.npy,grecou1,64
comsan_XC594340.ogg.npy,comsan,44
commoo3_XC364086.ogg.npy,commoo3,40
orihob2_XC675441.ogg.npy,orihob2,121
litegr_XC696314.ogg.npy,litegr,106
whbwat1_XC605227.ogg.npy,whbwat1,171
piekin1_XC698198.ogg.npy,piekin1,126
whbbul2_XC787331.ogg.npy,whbbul2,167
barfly1_XC856387.ogg.npy,barfly1,8
eucdov_XC322745.ogg.npy,eucdov,55
grnsan_XC480234.ogg.npy,grnsan,71
comsan_XC465566.ogg.npy,comsan,44
whtkin2_XC783842.ogg.npy,whtkin2,176
lirplo_XC770759.ogg.npy,lirplo,105
rewbul_XC855229.ogg.npy,rewbul,140
brnshr_XC239753.ogg.npy,brnshr,27
heswoo1_XC206708.ogg.npy,heswoo1,79
eaywag1_XC823211.ogg.npy,eaywag1,53
comkin1_XC598240.ogg.npy,comkin1,39
kenplo1_XC135658.ogg.npy,kenplo1,98
eaywag1_XC586874.ogg.npy,eaywag1,53
litegr_XC795967.ogg.npy,litegr,106
rewlap1_XC405306.ogg.npy,rewlap1,141
graher1_XC552847.ogg.npy,graher1,62
blnmon1_XC663594.ogg.npy,blnmon1,19
whcbar1_XC574713.ogg.npy,whcbar1,173
rossta2_XC627035.ogg.npy,rossta2,144
houspa_XC521289.ogg.npy,houspa,82
houspa_XC544308.ogg.npy,houspa,82
eurcoo_XC359034.ogg.npy,eurcoo,57
comkin1_XC839045.ogg.npy,comkin1,39
eucdov_XC507346.ogg.npy,eucdov,55
houspa_XC835060.ogg.npy,houspa,82
bkwsti_XC558420.ogg.npy,bkwsti,14
comkin1_XC544241.ogg.npy,comkin1,39
litegr_XC535552.ogg.npy,litegr,106
cregos1_XC629842.ogg.npy,cregos1,48
kenplo1_XC526231.ogg.npy,kenplo1,98
houspa_XC638085.ogg.npy,houspa,82
whtkin2_XC347594.ogg.npy,whtkin2,176
lirplo_XC801550.ogg.npy,lirplo,105
eaywag1_XC337612.ogg.npy,eaywag1,53
litegr_XC515817.ogg.npy,litegr,106
lesyel1_XC390464.ogg.npy,lesyel1,103
bcnher_XC795607.ogg.npy,bcnher,10
grnsan_XC828219.ogg.npy,grnsan,71
litspi1_XC29580.ogg.npy,litspi1,108
commyn_XC203349.ogg.npy,commyn,41
woosan_XC814696.ogg.npy,woosan,177
comtai1_XC657958.ogg.npy,comtai1,45
commoo3_XC748757.ogg.npy,commoo3,40
litgre1_XC326140.ogg.npy,litgre1,107
brcful1_XC319830.ogg.npy,brcful1,24
oripip1_XC596366.ogg.npy,oripip1,122
comros_XC324517.ogg.npy,comros,43
woosan_XC702149.ogg.npy,woosan,177
woosan_XC400539.ogg.npy,woosan,177
compea_XC215374.ogg.npy,compea,42
grnsan_XC635599.ogg.npy,grnsan,71
rufwoo2_XC186498.ogg.npy,rufwoo2,147
lirplo_XC763945.ogg.npy,lirplo,105
litgre1_XC797801.ogg.npy,litgre1,107
grywag_XC549382.ogg.npy,grywag,76
litegr_XC519915.ogg.npy,litegr,106
comsan_XC371997.ogg.npy,comsan,44
marsan_XC716673.ogg.npy,marsan,115
ashwoo2_XC681275.ogg.npy,ashwoo2,3
litspi1_XC785891.ogg.npy,litspi1,108
zitcis1_XC667711.ogg.npy,zitcis1,181
commoo3_XC796579.ogg.npy,commoo3,40
stbkin1_XC199815.ogg.npy,stbkin1,158
lirplo_XC717083.ogg.npy,lirplo,105
labcro1_XC409444.ogg.npy,labcro1,100
graher1_XC544874.ogg.npy,graher1,62
grywag_XC677029.ogg.npy,grywag,76
wemhar1_XC184347.ogg.npy,wemhar1,166
lirplo_XC756067.ogg.npy,lirplo,105
bladro1_XC657055.ogg.npy,bladro1,15
tibfly3_XC126949.ogg.npy,tibfly3,161
litgre1_XC500213.ogg.npy,litgre1,107
rewbul_XC116838.ogg.npy,rewbul,140
whbwat1_XC124434.ogg.npy,whbwat1,171
barswa_XC801549.ogg.npy,barswa,9
whtkin2_XC540094.ogg.npy,whtkin2,176
wemhar1_XC627643.ogg.npy,wemhar1,166
wemhar1_XC586810.ogg.npy,wemhar1,166
comgre_XC670128.ogg.npy,comgre,37
grejun2_XC575109.ogg.npy,grejun2,68
goflea1_XC196747.ogg.npy,goflea1,61
crseag1_XC49766.ogg.npy,crseag1,50
bkskit1_XC350388.ogg.npy,bkskit1,13
commoo3_XC547381.ogg.npy,commoo3,40
ashdro1_XC120586.ogg.npy,ashdro1,1
sqtbul1_XC207743.ogg.npy,sqtbul1,157
litgre1_XC710861.ogg.npy,litgre1,107
kenplo1_XC671824.ogg.npy,kenplo1,98
greegr_XC554102.ogg.npy,greegr,65
greegr_XC591078.ogg.npy,greegr,65
comsan_XC836410.ogg.npy,comsan,44
comgre_XC803455.ogg.npy,comgre,37
comgre_XC665897.ogg.npy,comgre,37
bkskit1_XC350260.ogg.npy,bkskit1,13
houcro1_XC443754.ogg.npy,houcro1,81
gloibi_XC497221.ogg.npy,gloibi,60
greegr_XC778973.ogg.npy,greegr,65
comros_XC475585.ogg.npy,comros,43
greegr_XC627083.ogg.npy,greegr,65
zitcis1_XC634688.ogg.npy,zitcis1,181
stbkin1_XC396016.ogg.npy,stbkin1,158
zitcis1_XC570145.ogg.npy,zitcis1,181
insbab1_XC188851.ogg.npy,insbab1,90
crseag1_XC781787.ogg.npy,crseag1,50
gryfra_XC73267.ogg.npy,gryfra,74
copbar1_XC581700.ogg.npy,copbar1,46
grywag_XC507368.ogg.npy,grywag,76
hoopoe_XC585632.ogg.npy,hoopoe,80
blakit1_XC799861.ogg.npy,blakit1,17
grewar3_XC185063.ogg.npy,grewar3,70
spodov_XC756522.ogg.npy,spodov,155
grywag_XC698184.ogg.npy,grywag,76
copbar1_XC406127.ogg.npy,copbar1,46
litegr_XC711517.ogg.npy,litegr,106
litgre1_XC528306.ogg.npy,litgre1,107
kenplo1_XC330950.ogg.npy,kenplo1,98
whiter2_XC601207.ogg.npy,whiter2,174
comros_XC585059.ogg.npy,comros,43
woosan_XC744072.ogg.npy,woosan,177
blhori1_XC417255.ogg.npy,blhori1,18
purher1_XC823036.ogg.npy,purher1,132
litgre1_XC796395.ogg.npy,litgre1,107
purher1_XC794369.ogg.npy,purher1,132
comgre_XC466420.ogg.npy,comgre,37
woosan_XC668481.ogg.npy,woosan,177
piebus1_XC710200.ogg.npy,piebus1,125
comtai1_XC643668.ogg.npy,comtai1,45
hoopoe_XC796675.ogg.npy,hoopoe,80
grewar3_XC134818.ogg.npy,grewar3,70
rewlap1_XC181980.ogg.npy,rewlap1,141
whbwat1_XC438346.ogg.npy,whbwat1,171
smamin1_XC295729.ogg.npy,smamin1,152
compea_XC407394.ogg.npy,compea,42
asikoe2_XC601847.ogg.npy,asikoe2,4
grywag_XC507390.ogg.npy,grywag,76
commoo3_XC817819.ogg.npy,commoo3,40
lirplo_XC585655.ogg.npy,lirplo,105
comsan_XC142081.ogg.npy,comsan,44
comkin1_XC474176.ogg.npy,comkin1,39
rewbul_XC198762.ogg.npy,rewbul,140
whtkin2_XC447355.ogg.npy,whtkin2,176
gybpri1_XC665436.ogg.npy,gybpri1,77
whbbul2_XC209559.ogg.npy,whbbul2,167
grnsan_XC828089.ogg.npy,grnsan,71
spodov_XC459292.ogg.npy,spodov,155
comgre_XC551681.ogg.npy,comgre,37
thbwar1_XC542433.ogg.npy,thbwar1,160
comkin1_XC293528.ogg.npy,comkin1,39
eurcoo_XC608163.ogg.npy,eurcoo,57
purher1_XC591650.ogg.npy,purher1,132
ashpri1_XC464269.ogg.npy,ashpri1,2
bcnher_XC544205.ogg.npy,bcnher,10
comtai1_XC606918.ogg.npy,comtai1,45
commyn_XC110882.ogg.npy,commyn,41
grywag_XC702605.ogg.npy,grywag,76
comior1_XC389533.ogg.npy,comior1,38
comgre_XC25704.ogg.npy,comgre,37
comkin1_XC200055.ogg.npy,comkin1,39
lirplo_XC185470.ogg.npy,lirplo,105
grnsan_XC385096.ogg.npy,grnsan,71
grnsan_XC432941.ogg.npy,grnsan,71
comgre_XC326586.ogg.npy,comgre,37
grywag_XC369991.ogg.npy,grywag,76
lirplo_XC362608.ogg.npy,lirplo,105
sttwoo1_XC747554.ogg.npy,sttwoo1,159
rocpig_XC528215.ogg.npy,rocpig,142
hoopoe_XC798813.ogg.npy,hoopoe,80
brcful1_XC578217.ogg.npy,brcful1,24
bladro1_XC639179.ogg.npy,bladro1,15
graher1_XC185087.ogg.npy,graher1,62
litgre1_XC579299.ogg.npy,litgre1,107
rorpar_XC352676.ogg.npy,rorpar,143
bkwsti_XC833584.ogg.npy,bkwsti,14
stbkin1_XC360661.ogg.npy,stbkin1,158
ashwoo2_XC318460.ogg.npy,ashwoo2,3
lobsun2_XC340542.ogg.npy,lobsun2,110
graher1_XC673365.ogg.npy,graher1,62
bcnher_XC376311.ogg.npy,bcnher,10
comkin1_XC742061.ogg.npy,comkin1,39
grnsan_XC671725.ogg.npy,grnsan,71
cregos1_XC709301.ogg.npy,cregos1,48
grywag_XC486516.ogg.npy,grywag,76
eaywag1_XC471566.ogg.npy,eaywag1,53
commyn_XC203343.ogg.npy,commyn,41
blrwar1_XC566278.ogg.npy,blrwar1,20
bkskit1_XC351401.ogg.npy,bkskit1,13
eaywag1_XC675679.ogg.npy,eaywag1,53
commoo3_XC138575.ogg.npy,commoo3,40
laudov1_XC234881.ogg.npy,laudov1,101
putbab1_XC612260.ogg.npy,putbab1,136
woosan_XC664544.ogg.npy,woosan,177
eaywag1_XC765264.ogg.npy,eaywag1,53
grnsan_XC142902.ogg.npy,grnsan,71
brnshr_XC152927.ogg.npy,brnshr,27
commoo3_XC800598.ogg.npy,commoo3,40
woosan_XC832210.ogg.npy,woosan,177
grnsan_XC579538.ogg.npy,grnsan,71
houspa_XC636443.ogg.npy,houspa,82
comkin1_XC701102.ogg.npy,comkin1,39
commoo3_XC716855.ogg.npy,commoo3,40
copbar1_XC192037.ogg.npy,copbar1,46
comkin1_XC331892.ogg.npy,comkin1,39
barswa_XC361809.ogg.npy,barswa,9
eucdov_XC790240.ogg.npy,eucdov,55
plaflo1_XC163881.ogg.npy,plaflo1,128
whrmun_XC406887.ogg.npy,whrmun,175
grywag_XC787396.ogg.npy,grywag,76
greegr_XC627082.ogg.npy,greegr,65
grecou1_XC586269.ogg.npy,grecou1,64
grewar3_XC483792.ogg.npy,grewar3,70
eaywag1_XC27105.ogg.npy,eaywag1,53
eucdov_XC759296.ogg.npy,eucdov,55
comgre_XC580617.ogg.npy,comgre,37
aspfly1_XC604446.ogg.npy,aspfly1,6
grbeat1_XC699153.ogg.npy,grbeat1,63
whbwoo2_XC124427.ogg.npy,whbwoo2,172
whbwoo2_XC858983.ogg.npy,whbwoo2,172
hoopoe_XC358155.ogg.npy,hoopoe,80
rewlap1_XC368211.ogg.npy,rewlap1,141
eaywag1_XC645026.ogg.npy,eaywag1,53
grbeat1_XC553489.ogg.npy,grbeat1,63
gyhcaf1_XC553058.ogg.npy,gyhcaf1,78
whrmun_XC537856.ogg.npy,whrmun,175
laudov1_XC155910.ogg.npy,laudov1,101
rerswa1_XC701891.ogg.npy,rerswa1,138
laudov1_XC267211.ogg.npy,laudov1,101
nutman_XC236335.ogg.npy,nutman,120
comsan_XC665513.ogg.npy,comsan,44
brnshr_XC610604.ogg.npy,brnshr,27
eurcoo_XC508406.ogg.npy,eurcoo,57
junbab2_XC402274.ogg.npy,junbab2,95
blrwar1_XC659088.ogg.npy,blrwar1,20
graher1_XC673977.ogg.npy,graher1,62
ruftre2_XC844336.ogg.npy,ruftre2,146
houspa_XC621256.ogg.npy,houspa,82
purswa3_XC196259.ogg.npy,purswa3,135
zitcis1_XC745430.ogg.npy,zitcis1,181
wemhar1_XC333373.ogg.npy,wemhar1,166
rewbul_XC777644.ogg.npy,rewbul,140
asbfly_XC508268.ogg.npy,asbfly,0
bcnher_XC755591.ogg.npy,bcnher,10
woosan_XC347605.ogg.npy,woosan,177
barswa_XC458231.ogg.npy,barswa,9
spodov_XC335665.ogg.npy,spodov,155
plapri1_XC574562.ogg.npy,plapri1,129
purher1_XC562806.ogg.npy,purher1,132
commoo3_XC625419.ogg.npy,commoo3,40
bkskit1_XC353835.ogg.npy,bkskit1,13
eurcoo_XC774670.ogg.npy,eurcoo,57
blakit1_XC146445.ogg.npy,blakit1,17
barswa_XC763796.ogg.npy,barswa,9
hoopoe_XC802096.ogg.npy,hoopoe,80
comkin1_XC289869.ogg.npy,comkin1,39
gargan_XC360227.ogg.npy,gargan,59
litegr_XC667428.ogg.npy,litegr,106
zitcis1_XC746992.ogg.npy,zitcis1,181
zitcis1_XC176037.ogg.npy,zitcis1,181
hoopoe_XC737253.ogg.npy,hoopoe,80
grywag_XC759220.ogg.npy,grywag,76
gargan_XC733438.ogg.npy,gargan,59
bcnher_XC789654.ogg.npy,bcnher,10
comsan_XC429320.ogg.npy,comsan,44
greegr_XC398626.ogg.npy,greegr,65
comros_XC807651.ogg.npy,comros,43
eucdov_XC730827.ogg.npy,eucdov,55
commoo3_XC544009.ogg.npy,commoo3,40
barswa_XC796589.ogg.npy,barswa,9
lirplo_XC380178.ogg.npy,lirplo,105
grywag_XC232958.ogg.npy,grywag,76
commoo3_XC624882.ogg.npy,commoo3,40
eaywag1_XC799740.ogg.npy,eaywag1,53
hoopoe_XC214462.ogg.npy,hoopoe,80
rorpar_XC857515.ogg.npy,rorpar,143
tibfly3_XC266776.ogg.npy,tibfly3,161
bladro1_XC507725.ogg.npy,bladro1,15
comtai1_XC761177.ogg.npy,comtai1,45
eucdov_XC267935.ogg.npy,eucdov,55
piebus1_XC787628.ogg.npy,piebus1,125
comkin1_XC432694.ogg.npy,comkin1,39
commoo3_XC349223.ogg.npy,commoo3,40
junbab2_XC408714.ogg.npy,junbab2,95
commoo3_XC796704.ogg.npy,commoo3,40
rocpig_XC636573.ogg.npy,rocpig,142
eaywag1_XC373755.ogg.npy,eaywag1,53
gyhcaf1_XC700263.ogg.npy,gyhcaf1,78
grecou1_XC571426.ogg.npy,grecou1,64
litgre1_XC630181.ogg.npy,litgre1,107
grtdro1_XC723384.ogg.npy,grtdro1,73
comtai1_XC497495.ogg.npy,comtai1,45
woosan_XC497515.ogg.npy,woosan,177
comgre_XC500765.ogg.npy,comgre,37
comtai1_XC723973.ogg.npy,comtai1,45
litegr_XC499545.ogg.npy,litegr,106
comkin1_XC639350.ogg.npy,comkin1,39
grtdro1_XC683314.ogg.npy,grtdro1,73
woosan_XC476064.ogg.npy,woosan,177
brakit1_XC151328.ogg.npy,brakit1,22
wemhar1_XC608649.ogg.npy,wemhar1,166
rorpar_XC684029.ogg.npy,rorpar,143
brcful1_XC638647.ogg.npy,brcful1,24
grywag_XC420248.ogg.npy,grywag,76
comsan_XC631788.ogg.npy,comsan,44
litegr_XC372947.ogg.npy,litegr,106
rocpig_XC622219.ogg.npy,rocpig,142
woosan_XC715773.ogg.npy,woosan,177
whbwoo2_XC453763.ogg.npy,whbwoo2,172
comgre_XC621744.ogg.npy,comgre,37
pursun4_XC424188.ogg.npy,pursun4,134
vehpar1_XC497097.ogg.npy,vehpar1,164
indpit1_XC442328.ogg.npy,indpit1,84
crseag1_XC816752.ogg.npy,crseag1,50
commyn_XC679611.ogg.npy,commyn,41
gyhcaf1_XC295080.ogg.npy,gyhcaf1,78
laudov1_XC640826.ogg.npy,laudov1,101
rewbul_XC345115.ogg.npy,rewbul,140
litegr_XC411321.ogg.npy,litegr,106
eucdov_XC636428.ogg.npy,eucdov,55
grywag_XC432289.ogg.npy,grywag,76
zitcis1_XC341141.ogg.npy,zitcis1,181
grewar3_XC490808.ogg.npy,grewar3,70
bkwsti_XC283856.ogg.npy,bkwsti,14
comkin1_XC357709.ogg.npy,comkin1,39
putbab1_XC465684.ogg.npy,putbab1,136
litspi1_XC661272.ogg.npy,litspi1,108
putbab1_XC318811.ogg.npy,putbab1,136
grywag_XC312552.ogg.npy,grywag,76
asikoe2_XC812796.ogg.npy,asikoe2,4
indpit1_XC215412.ogg.npy,indpit1,84
ingori1_XC842316.ogg.npy,ingori1,88
grywag_XC457868.ogg.npy,grywag,76
eurcoo_XC501888.ogg.npy,eurcoo,57
indrob1_XC507730.ogg.npy,indrob1,85
bkskit1_XC353807.ogg.npy,bkskit1,13
redspu1_XC471046.ogg.npy,redspu1,137
comkin1_XC253277.ogg.npy,comkin1,39
comsan_XC796316.ogg.npy,comsan,44
whiter2_XC761900.ogg.npy,whiter2,174
comros_XC42434.ogg.npy,comros,43
eaywag1_XC540598.ogg.npy,eaywag1,53
spepic1_XC783773.ogg.npy,spepic1,154
blrwar1_XC343189.ogg.npy,blrwar1,20
comkin1_XC800955.ogg.npy,comkin1,39
litgre1_XC823082.ogg.npy,litgre1,107
litgre1_XC531910.ogg.npy,litgre1,107
litgre1_XC625695.ogg.npy,litgre1,107
comros_XC183530.ogg.npy,comros,43
crseag1_XC338728.ogg.npy,crseag1,50
hoopoe_XC551357.ogg.npy,hoopoe,80
woosan_XC827291.ogg.npy,woosan,177
rocpig_XC299839.ogg.npy,rocpig,142
blrwar1_XC194051.ogg.npy,blrwar1,20
brwowl1_XC203823.ogg.npy,brwowl1,30
bkwsti_XC184854.ogg.npy,bkwsti,14
grywag_XC189400.ogg.npy,grywag,76
woosan_XC310519.ogg.npy,woosan,177
woosan_XC838633.ogg.npy,woosan,177
whbwat1_XC756460.ogg.npy,whbwat1,171
indpit1_XC486801.ogg.npy,indpit1,84
putbab1_XC465695.ogg.npy,putbab1,136
grecou1_XC442341.ogg.npy,grecou1,64
redspu1_XC296423.ogg.npy,redspu1,137
grehor1_XC295012.ogg.npy,grehor1,67
rewbul_XC207895.ogg.npy,rewbul,140
plaflo1_XC209754.ogg.npy,plaflo1,128
asbfly_XC291450.ogg.npy,asbfly,0
commoo3_XC639486.ogg.npy,commoo3,40
rerswa1_XC734722.ogg.npy,rerswa1,138
graher1_XC768379.ogg.npy,graher1,62
whbwat1_XC150450.ogg.npy,whbwat1,171
spodov_XC291105.ogg.npy,spodov,155
eurcoo_XC571450.ogg.npy,eurcoo,57
houspa_XC506636.ogg.npy,houspa,82
grtdro1_XC788193.ogg.npy,grtdro1,73
grecou1_XC829150.ogg.npy,grecou1,64
comtai1_XC133732.ogg.npy,comtai1,45
barswa_XC663190.ogg.npy,barswa,9
barswa_XC146746.ogg.npy,barswa,9
bcnher_XC773573.ogg.npy,bcnher,10
lirplo_XC25072.ogg.npy,lirplo,105
grbeat1_XC209930.ogg.npy,grbeat1,63
rocpig_XC504295.ogg.npy,rocpig,142
commoo3_XC726959.ogg.npy,commoo3,40
commoo3_XC628548.ogg.npy,commoo3,40
asikoe2_XC332698.ogg.npy,asikoe2,4
comsan_XC644621.ogg.npy,comsan,44
stbkin1_XC516006.ogg.npy,stbkin1,158
lirplo_XC732782.ogg.npy,lirplo,105
houspa_XC432106.ogg.npy,houspa,82
purher1_XC824690.ogg.npy,purher1,132
grbeat1_XC390736.ogg.npy,grbeat1,63
marsan_XC307975.ogg.npy,marsan,115
houspa_XC818676.ogg.npy,houspa,82
blrwar1_XC809209.ogg.npy,blrwar1,20
bkskit1_XC353821.ogg.npy,bkskit1,13
eaywag1_XC585048.ogg.npy,eaywag1,53
woosan_XC840872.ogg.npy,woosan,177
grywag_XC406312.ogg.npy,grywag,76
houspa_XC174920.ogg.npy,houspa,82
barswa_XC361748.ogg.npy,barswa,9
placuc3_XC657847.ogg.npy,placuc3,127
houspa_XC587149.ogg.npy,houspa,82
goflea1_XC422670.ogg.npy,goflea1,61
commoo3_XC360808.ogg.npy,commoo3,40
comior1_XC198428.ogg.npy,comior1,38
greegr_XC338696.ogg.npy,greegr,65
grewar3_XC185061.ogg.npy,grewar3,70
gyhcaf1_XC445539.ogg.npy,gyhcaf1,78
bkwsti_XC185109.ogg.npy,bkwsti,14
kenplo1_XC432232.ogg.npy,kenplo1,98
vehpar1_XC722440.ogg.npy,vehpar1,164
wemhar1_XC812071.ogg.npy,wemhar1,166
houspa_XC179164.ogg.npy,houspa,82
rocpig_XC829898.ogg.npy,rocpig,142
grywag_XC614090.ogg.npy,grywag,76
blrwar1_XC657259.ogg.npy,blrwar1,20
piekin1_XC156887.ogg.npy,piekin1,126
eaywag1_XC431097.ogg.npy,eaywag1,53
comros_XC560567.ogg.npy,comros,43
grehor1_XC735693.ogg.npy,grehor1,67
blrwar1_XC567219.ogg.npy,blrwar1,20
eaywag1_XC675509.ogg.npy,eaywag1,53
grnsan_XC738226.ogg.npy,grnsan,71
woosan_XC663130.ogg.npy,woosan,177
bladro1_XC208795.ogg.npy,bladro1,15
commoo3_XC554927.ogg.npy,commoo3,40
ashdro1_XC114601.ogg.npy,ashdro1,1
blhori1_XC743616.ogg.npy,blhori1,18
copbar1_XC303993.ogg.npy,copbar1,46
revbul_XC116832.ogg.npy,revbul,139
eurcoo_XC710346.ogg.npy,eurcoo,57
gargan_XC830434.ogg.npy,gargan,59
hoopoe_XC312038.ogg.npy,hoopoe,80
hoopoe_XC627442.ogg.npy,hoopoe,80
btbeat1_XC336408.ogg.npy,btbeat1,31
bkskit1_XC360644.ogg.npy,bkskit1,13
gybpri1_XC239353.ogg.npy,gybpri1,77
kenplo1_XC812532.ogg.npy,kenplo1,98
brwjac1_XC466293.ogg.npy,brwjac1,29
grtdro1_XC329483.ogg.npy,grtdro1,73
bkwsti_XC580256.ogg.npy,bkwsti,14
comgre_XC782745.ogg.npy,comgre,37
rerswa1_XC144856.ogg.npy,rerswa1,138
blakit1_XC424088.ogg.npy,blakit1,17
grywag_XC407144.ogg.npy,grywag,76
houspa_XC741687.ogg.npy,houspa,82
litegr_XC505653.ogg.npy,litegr,106
commyn_XC363407.ogg.npy,commyn,41
rewlap1_XC379632.ogg.npy,rewlap1,141
purher1_XC826970.ogg.npy,purher1,132
purher1_XC298591.ogg.npy,purher1,132
litegr_XC533882.ogg.npy,litegr,106
woosan_XC380949.ogg.npy,woosan,177
rufwoo2_XC779576.ogg.npy,rufwoo2,147
grnsan_XC488390.ogg.npy,grnsan,71
comfla1_XC423279.ogg.npy,comfla1,36
categr_XC196081.ogg.npy,categr,33
commoo3_XC790079.ogg.npy,commoo3,40
inbrob1_XC265862.ogg.npy,inbrob1,83
comgre_XC828934.ogg.npy,comgre,37
litgre1_XC555650.ogg.npy,litgre1,107
brnshr_XC329966.ogg.npy,brnshr,27
whiter2_XC414721.ogg.npy,whiter2,174
grewar3_XC806047.ogg.npy,grewar3,70
gyhcaf1_XC292230.ogg.npy,gyhcaf1,78
gargan_XC791679.ogg.npy,gargan,59
categr_XC328548.ogg.npy,categr,33
blrwar1_XC183835.ogg.npy,blrwar1,20
grywag_XC633120.ogg.npy,grywag,76
blrwar1_XC184111.ogg.npy,blrwar1,20
comtai1_XC825542.ogg.npy,comtai1,45
comkin1_XC564069.ogg.npy,comkin1,39
eucdov_XC621402.ogg.npy,eucdov,55
blakit1_XC740070.ogg.npy,blakit1,17
commyn_XC558752.ogg.npy,commyn,41
lblwar1_XC483584.ogg.npy,lblwar1,102
spepic1_XC348335.ogg.npy,spepic1,154
pursun4_XC778603.ogg.npy,pursun4,134
litgre1_XC642744.ogg.npy,litgre1,107
rufwoo2_XC37757.ogg.npy,rufwoo2,147
rewbul_XC738791.ogg.npy,rewbul,140
blrwar1_XC418830.ogg.npy,blrwar1,20
ruftre2_XC116855.ogg.npy,ruftre2,146
zitcis1_XC583640.ogg.npy,zitcis1,181
gloibi_XC699224.ogg.npy,gloibi,60
commyn_XC505883.ogg.npy,commyn,41
blrwar1_XC655232.ogg.npy,blrwar1,20
mawthr1_XC490500.ogg.npy,mawthr1,116
eurcoo_XC701503.ogg.npy,eurcoo,57
zitcis1_XC526449.ogg.npy,zitcis1,181
bkwsti_XC804971.ogg.npy,bkwsti,14
malpar1_XC190756.ogg.npy,malpar1,112
rorpar_XC681557.ogg.npy,rorpar,143
grnsan_XC789759.ogg.npy,grnsan,71
hoopoe_XC704170.ogg.npy,hoopoe,80
grnsan_XC832783.ogg.npy,grnsan,71
nutman_XC189597.ogg.npy,nutman,120
grywag_XC652589.ogg.npy,grywag,76
grbeat1_XC304004.ogg.npy,grbeat1,63
grnsan_XC820711.ogg.npy,grnsan,71
barswa_XC171238.ogg.npy,barswa,9
bkwsti_XC374912.ogg.npy,bkwsti,14
hoopoe_XC492192.ogg.npy,hoopoe,80
eucdov_XC345877.ogg.npy,eucdov,55
copbar1_XC304310.ogg.npy,copbar1,46
btbeat1_XC352353.ogg.npy,btbeat1,31
nutman_XC727791.ogg.npy,nutman,120
commoo3_XC310421.ogg.npy,commoo3,40
putbab1_XC163000.ogg.npy,putbab1,136
spodov_XC31443.ogg.npy,spodov,155
litgre1_XC733897.ogg.npy,litgre1,107
litgre1_XC432137.ogg.npy,litgre1,107
comros_XC253041.ogg.npy,comros,43
blakit1_XC169593.ogg.npy,blakit1,17
comros_XC486682.ogg.npy,comros,43
rewlap1_XC570429.ogg.npy,rewlap1,141
comros_XC677725.ogg.npy,comros,43
putbab1_XC210538.ogg.npy,putbab1,136
houspa_XC324840.ogg.npy,houspa,82
litgre1_XC326384.ogg.npy,litgre1,107
blakit1_XC468287.ogg.npy,blakit1,17
crseag1_XC775617.ogg.npy,crseag1,50
zitcis1_XC633803.ogg.npy,zitcis1,181
graher1_XC603386.ogg.npy,graher1,62
grewar3_XC191633.ogg.npy,grewar3,70
eucdov_XC815552.ogg.npy,eucdov,55
grewar3_XC153143.ogg.npy,grewar3,70
whtkin2_XC833597.ogg.npy,whtkin2,176
rorpar_XC246668.ogg.npy,rorpar,143
barswa_XC472345.ogg.npy,barswa,9
brnhao1_XC858389.ogg.npy,brnhao1,26
comsan_XC738993.ogg.npy,comsan,44
lblwar1_XC761719.ogg.npy,lblwar1,102
comsan_XC424759.ogg.npy,comsan,44
eucdov_XC723553.ogg.npy,eucdov,55
barswa_XC585550.ogg.npy,barswa,9
rocpig_XC488175.ogg.npy,rocpig,142
comkin1_XC373630.ogg.npy,comkin1,39
eaywag1_XC315975.ogg.npy,eaywag1,53
comtai1_XC505058.ogg.npy,comtai1,45
comsan_XC576451.ogg.npy,comsan,44
ashpri1_XC754290.ogg.npy,ashpri1,2
orihob2_XC538855.ogg.npy,orihob2,121
grnwar1_XC857711.ogg.npy,grnwar1,72
commyn_XC841866.ogg.npy,commyn,41
gargan_XC409827.ogg.npy,gargan,59
ashdro1_XC574750.ogg.npy,ashdro1,1
blhori1_XC267359.ogg.npy,blhori1,18
brnshr_XC858075.ogg.npy,brnshr,27
rewbul_XC838494.ogg.npy,rewbul,140
comsan_XC691595.ogg.npy,comsan,44
hoopoe_XC688478.ogg.npy,hoopoe,80
eaywag1_XC825776.ogg.npy,eaywag1,53
marsan_XC722948.ogg.npy,marsan,115
blakit1_XC495361.ogg.npy,blakit1,17
comros_XC318044.ogg.npy,comros,43
brodro1_XC284394.ogg.npy,brodro1,28
gyhcaf1_XC464785.ogg.npy,gyhcaf1,78
lirplo_XC579369.ogg.npy,lirplo,105
gyhcaf1_XC388631.ogg.npy,gyhcaf1,78
grywag_XC661261.ogg.npy,grywag,76
blrwar1_XC688674.ogg.npy,blrwar1,20
brwowl1_XC416849.ogg.npy,brwowl1,30
zitcis1_XC568228.ogg.npy,zitcis1,181
categr_XC297698.ogg.npy,categr,33
piebus1_XC19802.ogg.npy,piebus1,125
asbfly_XC399102.ogg.npy,asbfly,0
categr_XC694719.ogg.npy,categr,33
greegr_XC513744.ogg.npy,greegr,65
labcro1_XC115150.ogg.npy,labcro1,100
blrwar1_XC442763.ogg.npy,blrwar1,20
litgre1_XC509422.ogg.npy,litgre1,107
lblwar1_XC402954.ogg.npy,lblwar1,102
sbeowl1_XC383577.ogg.npy,sbeowl1,149
grefla1_XC240332.ogg.npy,grefla1,66
chbeat1_XC639692.ogg.npy,chbeat1,34
grtdro1_XC396411.ogg.npy,grtdro1,73
rerswa1_XC735053.ogg.npy,rerswa1,138
eaywag1_XC661257.ogg.npy,eaywag1,53
asikoe2_XC209210.ogg.npy,asikoe2,4
grnsan_XC431468.ogg.npy,grnsan,71
eaywag1_XC856135.ogg.npy,eaywag1,53
lirplo_XC309209.ogg.npy,lirplo,105
barswa_XC469948.ogg.npy,barswa,9
forwag1_XC720532.ogg.npy,forwag1,58
brwowl1_XC482240.ogg.npy,brwowl1,30
ruftre2_XC412836.ogg.npy,ruftre2,146
commyn_XC518361.ogg.npy,commyn,41
eucdov_XC114079.ogg.npy,eucdov,55
blrwar1_XC569385.ogg.npy,blrwar1,20
pomgrp2_XC196572.ogg.npy,pomgrp2,131
sqtbul1_XC756561.ogg.npy,sqtbul1,157
insbab1_XC654687.ogg.npy,insbab1,90
grefla1_XC819728.ogg.npy,grefla1,66
commyn_XC183496.ogg.npy,commyn,41
eucdov_XC605237.ogg.npy,eucdov,55
comsan_XC162556.ogg.npy,comsan,44
comtai1_XC802193.ogg.npy,comtai1,45
comros_XC208343.ogg.npy,comros,43
brnhao1_XC531877.ogg.npy,brnhao1,26
lirplo_XC653087.ogg.npy,lirplo,105
whiter2_XC293454.ogg.npy,whiter2,174
blrwar1_XC122439.ogg.npy,blrwar1,20
lblwar1_XC20021.ogg.npy,lblwar1,102
junbab2_XC670314.ogg.npy,junbab2,95
bladro1_XC397355.ogg.npy,bladro1,15
wemhar1_XC761859.ogg.npy,wemhar1,166
wemhar1_XC512133.ogg.npy,wemhar1,166
junbab2_XC164942.ogg.npy,junbab2,95
commoo3_XC706983.ogg.npy,commoo3,40
barswa_XC566676.ogg.npy,barswa,9
bkwsti_XC380957.ogg.npy,bkwsti,14
eaywag1_XC687209.ogg.npy,eaywag1,53
pursun4_XC639220.ogg.npy,pursun4,134
sbeowl1_XC433833.ogg.npy,sbeowl1,149
ashdro1_XC396580.ogg.npy,ashdro1,1
woosan_XC746239.ogg.npy,woosan,177
bkskit1_XC352486.ogg.npy,bkskit1,13
labcro1_XC332822.ogg.npy,labcro1,100
asikoe2_XC776830.ogg.npy,asikoe2,4
brwjac1_XC488675.ogg.npy,brwjac1,29
wemhar1_XC558247.ogg.npy,wemhar1,166
hoopoe_XC808509.ogg.npy,hoopoe,80
whiter2_XC858212.ogg.npy,whiter2,174
shikra1_XC171307.ogg.npy,shikra1,151
litgre1_XC718218.ogg.npy,litgre1,107
plapri1_XC841260.ogg.npy,plapri1,129
grewar3_XC494912.ogg.npy,grewar3,70
pomgrp2_XC766810.ogg.npy,pomgrp2,131
putbab1_XC210541.ogg.npy,putbab1,136
insbab1_XC608140.ogg.npy,insbab1,90
eaywag1_XC145100.ogg.npy,eaywag1,53
commyn_XC591907.ogg.npy,commyn,41
eucdov_XC688546.ogg.npy,eucdov,55
litgre1_XC502958.ogg.npy,litgre1,107
comkin1_XC755663.ogg.npy,comkin1,39
graher1_XC710423.ogg.npy,graher1,62
greegr_XC447429.ogg.npy,greegr,65
litegr_XC718477.ogg.npy,litegr,106
rossta2_XC733462.ogg.npy,rossta2,144
compea_XC531014.ogg.npy,compea,42
wemhar1_XC715951.ogg.npy,wemhar1,166
graher1_XC349532.ogg.npy,graher1,62
houcro1_XC443036.ogg.npy,houcro1,81
eaywag1_XC430899.ogg.npy,eaywag1,53
grywag_XC432286.ogg.npy,grywag,76
commyn_XC183810.ogg.npy,commyn,41
comros_XC826646.ogg.npy,comros,43
comgre_XC519912.ogg.npy,comgre,37
commoo3_XC506348.ogg.npy,commoo3,40
blrwar1_XC728940.ogg.npy,blrwar1,20
eucdov_XC725375.ogg.npy,eucdov,55
ashpri1_XC626152.ogg.npy,ashpri1,2
comros_XC197589.ogg.npy,comros,43
eaywag1_XC671489.ogg.npy,eaywag1,53
whrmun_XC757131.ogg.npy,whrmun,175
marsan_XC838567.ogg.npy,marsan,115
commyn_XC198615.ogg.npy,commyn,41
stbkin1_XC578914.ogg.npy,stbkin1,158
blrwar1_XC659123.ogg.npy,blrwar1,20
categr_XC363098.ogg.npy,categr,33
kenplo1_XC835371.ogg.npy,kenplo1,98
rewbul_XC700142.ogg.npy,rewbul,140
whcbar1_XC464136.ogg.npy,whcbar1,173
nutman_XC175525.ogg.npy,nutman,120
comkin1_XC536139.ogg.npy,comkin1,39
whbbul2_XC514065.ogg.npy,whbbul2,167
eucdov_XC211916.ogg.npy,eucdov,55
bkwsti_XC663368.ogg.npy,bkwsti,14
rewlap1_XC215866.ogg.npy,rewlap1,141
asbfly_XC834959.ogg.npy,asbfly,0
malwoo1_XC342687.ogg.npy,malwoo1,114
whbsho3_XC386968.ogg.npy,whbsho3,168
hoopoe_XC752875.ogg.npy,hoopoe,80
sohmyn1_XC269243.ogg.npy,sohmyn1,153
eucdov_XC552813.ogg.npy,eucdov,55
btbeat1_XC150621.ogg.npy,btbeat1,31
kenplo1_XC185268.ogg.npy,kenplo1,98
eucdov_XC642683.ogg.npy,eucdov,55
houcro1_XC208279.ogg.npy,houcro1,81
comkin1_XC708438.ogg.npy,comkin1,39
spepic1_XC328297.ogg.npy,spepic1,154
brakit1_XC702713.ogg.npy,brakit1,22
litegr_XC515900.ogg.npy,litegr,106
eaywag1_XC533905.ogg.npy,eaywag1,53
greegr_XC123183.ogg.npy,greegr,65
rewbul_XC822405.ogg.npy,rewbul,140
graher1_XC522583.ogg.npy,graher1,62
comsan_XC585172.ogg.npy,comsan,44
barswa_XC418145.ogg.npy,barswa,9
comsan_XC830235.ogg.npy,comsan,44
blnmon1_XC203331.ogg.npy,blnmon1,19
eurcoo_XC774668.ogg.npy,eurcoo,57
whiter2_XC611747.ogg.npy,whiter2,174
pursun4_XC308260.ogg.npy,pursun4,134
gyhcaf1_XC732354.ogg.npy,gyhcaf1,78
comgre_XC592714.ogg.npy,comgre,37
rerswa1_XC330427.ogg.npy,rerswa1,138
putbab1_XC432655.ogg.npy,putbab1,136
pursun3_XC291449.ogg.npy,pursun3,133
comior1_XC297711.ogg.npy,comior1,38
litegr_XC768916.ogg.npy,litegr,106
eaywag1_XC718444.ogg.npy,eaywag1,53
rerswa1_XC188710.ogg.npy,rerswa1,138
rewlap1_XC439730.ogg.npy,rewlap1,141
litgre1_XC855421.ogg.npy,litgre1,107
eurcoo_XC854728.ogg.npy,eurcoo,57
whbsho3_XC197139.ogg.npy,whbsho3,168
grnsan_XC367022.ogg.npy,grnsan,71
piekin1_XC615840.ogg.npy,piekin1,126
grtdro1_XC452730.ogg.npy,grtdro1,73
blrwar1_XC625411.ogg.npy,blrwar1,20
rocpig_XC660926.ogg.npy,rocpig,142
grywag_XC522321.ogg.npy,grywag,76
labcro1_XC371571.ogg.npy,labcro1,100
brodro1_XC647803.ogg.npy,brodro1,28
gyhcaf1_XC293442.ogg.npy,gyhcaf1,78
bkskit1_XC350347.ogg.npy,bkskit1,13
comsan_XC569699.ogg.npy,comsan,44
grbeat1_XC665311.ogg.npy,grbeat1,63
gyhcaf1_XC615935.ogg.npy,gyhcaf1,78
comkin1_XC511648.ogg.npy,comkin1,39
ashpri1_XC401870.ogg.npy,ashpri1,2
piebus1_XC185034.ogg.npy,piebus1,125
labcro1_XC133742.ogg.npy,labcro1,100
eucdov_XC823020.ogg.npy,eucdov,55
litegr_XC333881.ogg.npy,litegr,106
wemhar1_XC554828.ogg.npy,wemhar1,166
putbab1_XC234841.ogg.npy,putbab1,136
eaywag1_XC718146.ogg.npy,eaywag1,53
houspa_XC618236.ogg.npy,houspa,82
hoopoe_XC793074.ogg.npy,hoopoe,80
comgre_XC821062.ogg.npy,comgre,37
bkwsti_XC728324.ogg.npy,bkwsti,14
insbab1_XC165980.ogg.npy,insbab1,90
rorpar_XC855824.ogg.npy,rorpar,143
bcnher_XC497289.ogg.npy,bcnher,10
lirplo_XC657082.ogg.npy,lirplo,105
brnshr_XC588927.ogg.npy,brnshr,27
eurcoo_XC713504.ogg.npy,eurcoo,57
spoowl1_XC778798.ogg.npy,spoowl1,156
bladro1_XC394042.ogg.npy,bladro1,15
eaywag1_XC675683.ogg.npy,eaywag1,53
bcnher_XC581630.ogg.npy,bcnher,10
kenplo1_XC789728.ogg.npy,kenplo1,98
blhori1_XC401182.ogg.npy,blhori1,18
brnshr_XC692458.ogg.npy,brnshr,27
grnsan_XC360702.ogg.npy,grnsan,71
gloibi_XC430607.ogg.npy,gloibi,60
shikra1_XC206429.ogg.npy,shikra1,151
houspa_XC256955.ogg.npy,houspa,82
grtdro1_XC799116.ogg.npy,grtdro1,73
blakit1_XC304838.ogg.npy,blakit1,17
graher1_XC671502.ogg.npy,graher1,62
brnshr_XC832730.ogg.npy,brnshr,27
barswa_XC473764.ogg.npy,barswa,9
barswa_XC788867.ogg.npy,barswa,9
spodov_XC724736.ogg.npy,spodov,155
comior1_XC397743.ogg.npy,comior1,38
comior1_XC775656.ogg.npy,comior1,38
comros_XC492458.ogg.npy,comros,43
asbfly_XC610735.ogg.npy,asbfly,0
insbab1_XC390222.ogg.npy,insbab1,90
rewbul_XC577850.ogg.npy,rewbul,140
piebus1_XC295429.ogg.npy,piebus1,125
graher1_XC289334.ogg.npy,graher1,62
commoo3_XC418795.ogg.npy,commoo3,40
eurcoo_XC554640.ogg.npy,eurcoo,57
grefla1_XC312668.ogg.npy,grefla1,66
litgre1_XC665314.ogg.npy,litgre1,107
rocpig_XC829899.ogg.npy,rocpig,142
grnsan_XC828569.ogg.npy,grnsan,71
blrwar1_XC660158.ogg.npy,blrwar1,20
kenplo1_XC536381.ogg.npy,kenplo1,98
graher1_XC630379.ogg.npy,graher1,62
vefnut1_XC736202.ogg.npy,vefnut1,163
zitcis1_XC716987.ogg.npy,zitcis1,181
putbab1_XC778971.ogg.npy,putbab1,136
grywag_XC512083.ogg.npy,grywag,76
litgre1_XC587494.ogg.npy,litgre1,107
brodro1_XC772654.ogg.npy,brodro1,28
bncwoo3_XC251868.ogg.npy,bncwoo3,21
litswi1_XC443719.ogg.npy,litswi1,109
spoowl1_XC424129.ogg.npy,spoowl1,156
comkin1_XC202467.ogg.npy,comkin1,39
greegr_XC672953.ogg.npy,greegr,65
comtai1_XC823424.ogg.npy,comtai1,45
barswa_XC141346.ogg.npy,barswa,9
comsan_XC636687.ogg.npy,comsan,44
commoo3_XC542506.ogg.npy,commoo3,40
houspa_XC641213.ogg.npy,houspa,82
whbbul2_XC209003.ogg.npy,whbbul2,167
asikoe2_XC467579.ogg.npy,asikoe2,4
zitcis1_XC572648.ogg.npy,zitcis1,181
barswa_XC560258.ogg.npy,barswa,9
yebbab1_XC19927.ogg.npy,yebbab1,179
yebbab1_XC424699.ogg.npy,yebbab1,179
kenplo1_XC411002.ogg.npy,kenplo1,98
oripip1_XC712551.ogg.npy,oripip1,122
houspa_XC562066.ogg.npy,houspa,82
kenplo1_XC333820.ogg.npy,kenplo1,98
blakit1_XC637973.ogg.npy,blakit1,17
sqtbul1_XC574731.ogg.npy,sqtbul1,157
blakit1_XC428618.ogg.npy,blakit1,17
comkin1_XC511672.ogg.npy,comkin1,39
lirplo_XC745293.ogg.npy,lirplo,105
grnsan_XC570211.ogg.npy,grnsan,71
tibfly3_XC795412.ogg.npy,tibfly3,161
blnmon1_XC503741.ogg.npy,blnmon1,19
rufwoo2_XC620102.ogg.npy,rufwoo2,147
whiter2_XC265269.ogg.npy,whiter2,174
grecou1_XC150949.ogg.npy,grecou1,64
rorpar_XC844372.ogg.npy,rorpar,143
houspa_XC353517.ogg.npy,houspa,82
comtai1_XC573521.ogg.npy,comtai1,45
comsan_XC765635.ogg.npy,comsan,44
houcro1_XC796825.ogg.npy,houcro1,81
bcnher_XC601829.ogg.npy,bcnher,10
ashdro1_XC37740.ogg.npy,ashdro1,1
barswa_XC669886.ogg.npy,barswa,9
grewar3_XC183217.ogg.npy,grewar3,70
blakit1_XC178479.ogg.npy,blakit1,17
grewar3_XC567552.ogg.npy,grewar3,70
grnsan_XC419861.ogg.npy,grnsan,71
comtai1_XC419830.ogg.npy,comtai1,45
grecou1_XC147634.ogg.npy,grecou1,64
greegr_XC650221.ogg.npy,greegr,65
barfly1_XC856382.ogg.npy,barfly1,8
bcnher_XC656876.ogg.npy,bcnher,10
bcnher_XC493181.ogg.npy,bcnher,10
lirplo_XC649853.ogg.npy,lirplo,105
blrwar1_XC492503.ogg.npy,blrwar1,20
grefla1_XC73178.ogg.npy,grefla1,66
comgre_XC787900.ogg.npy,comgre,37
barswa_XC593399.ogg.npy,barswa,9
eucdov_XC474809.ogg.npy,eucdov,55
bcnher_XC714745.ogg.npy,bcnher,10
greegr_XC456479.ogg.npy,greegr,65
labcro1_XC794505.ogg.npy,labcro1,100
eaywag1_XC586656.ogg.npy,eaywag1,53
bkskit1_XC353823.ogg.npy,bkskit1,13
commoo3_XC560129.ogg.npy,commoo3,40
eucdov_XC647374.ogg.npy,eucdov,55
aspfly1_XC458411.ogg.npy,aspfly1,6
comsan_XC520584.ogg.npy,comsan,44
aspswi1_XC240447.ogg.npy,aspswi1,7
comgre_XC559533.ogg.npy,comgre,37
piekin1_XC303852.ogg.npy,piekin1,126
grnsan_XC773000.ogg.npy,grnsan,71
houspa_XC544166.ogg.npy,houspa,82
eucdov_XC317585.ogg.npy,eucdov,55
plapri1_XC379582.ogg.npy,plapri1,129
eurcoo_XC545642.ogg.npy,eurcoo,57
grewar3_XC293677.ogg.npy,grewar3,70
barswa_XC667928.ogg.npy,barswa,9
brcful1_XC404360.ogg.npy,brcful1,24
grewar3_XC183687.ogg.npy,grewar3,70
comkin1_XC153629.ogg.npy,comkin1,39
comsan_XC724050.ogg.npy,comsan,44
litgre1_XC181511.ogg.npy,litgre1,107
maghor2_XC135398.ogg.npy,maghor2,111
brnshr_XC458246.ogg.npy,brnshr,27
whiter2_XC436896.ogg.npy,whiter2,174
ashpri1_XC407620.ogg.npy,ashpri1,2
graher1_XC798784.ogg.npy,graher1,62
gryfra_XC667223.ogg.npy,gryfra,74
lirplo_XC785159.ogg.npy,lirplo,105
comtai1_XC834670.ogg.npy,comtai1,45
litegr_XC407045.ogg.npy,litegr,106
graher1_XC528150.ogg.npy,graher1,62
houspa_XC709397.ogg.npy,houspa,82
rorpar_XC356734.ogg.npy,rorpar,143
lblwar1_XC470529.ogg.npy,lblwar1,102
litswi1_XC153681.ogg.npy,litswi1,109
ruftre2_XC844338.ogg.npy,ruftre2,146
labcro1_XC284771.ogg.npy,labcro1,100
purher1_XC545195.ogg.npy,purher1,132
barswa_XC133802.ogg.npy,barswa,9
pursun4_XC362059.ogg.npy,pursun4,134
kenplo1_XC817403.ogg.npy,kenplo1,98
whtkin2_XC208768.ogg.npy,whtkin2,176
litegr_XC508248.ogg.npy,litegr,106
barswa_XC378412.ogg.npy,barswa,9
revbul_XC738296.ogg.npy,revbul,139
asikoe2_XC628076.ogg.npy,asikoe2,4
whiter2_XC779021.ogg.npy,whiter2,174
barfly1_XC856484.ogg.npy,barfly1,8
shikra1_XC637297.ogg.npy,shikra1,151
maltro1_XC613275.ogg.npy,maltro1,113
commoo3_XC676707.ogg.npy,commoo3,40
kenplo1_XC836018.ogg.npy,kenplo1,98
laudov1_XC696586.ogg.npy,laudov1,101
barswa_XC373002.ogg.npy,barswa,9
comgre_XC508085.ogg.npy,comgre,37
eaywag1_XC796073.ogg.npy,eaywag1,53
graher1_XC590235.ogg.npy,graher1,62
vefnut1_XC296627.ogg.npy,vefnut1,163
bcnher_XC554193.ogg.npy,bcnher,10
litegr_XC756201.ogg.npy,litegr,106
marsan_XC146460.ogg.npy,marsan,115
junbab2_XC208586.ogg.npy,junbab2,95
bkskit1_XC353838.ogg.npy,bkskit1,13
indrob1_XC779036.ogg.npy,indrob1,85
woosan_XC530492.ogg.npy,woosan,177
comros_XC429310.ogg.npy,comros,43
categr_XC353849.ogg.npy,categr,33
rocpig_XC187051.ogg.npy,rocpig,142
graher1_XC784322.ogg.npy,graher1,62
commyn_XC546566.ogg.npy,commyn,41
bkwsti_XC821505.ogg.npy,bkwsti,14
bkwsti_XC733197.ogg.npy,bkwsti,14
comgre_XC580642.ogg.npy,comgre,37
copbar1_XC286656.ogg.npy,copbar1,46
bkwsti_XC578637.ogg.npy,bkwsti,14
maghor2_XC401637.ogg.npy,maghor2,111
comros_XC319189.ogg.npy,comros,43
insbab1_XC296439.ogg.npy,insbab1,90
woosan_XC629318.ogg.npy,woosan,177
hoopoe_XC655319.ogg.npy,hoopoe,80
commoo3_XC554367.ogg.npy,commoo3,40
bkskit1_XC352570.ogg.npy,bkskit1,13
emedov2_XC613975.ogg.npy,emedov2,54
rocpig_XC453909.ogg.npy,rocpig,142
litswi1_XC253698.ogg.npy,litswi1,109
comkin1_XC821830.ogg.npy,comkin1,39
comros_XC458143.ogg.npy,comros,43
brcful1_XC237686.ogg.npy,brcful1,24
grywag_XC421778.ogg.npy,grywag,76
eurcoo_XC134787.ogg.npy,eurcoo,57
grehor1_XC302750.ogg.npy,grehor1,67
houspa_XC544146.ogg.npy,houspa,82
blnmon1_XC562606.ogg.npy,blnmon1,19
brakit1_XC32855.ogg.npy,brakit1,22
blnmon1_XC239352.ogg.npy,blnmon1,19
spodov_XC380593.ogg.npy,spodov,155
bcnher_XC588797.ogg.npy,bcnher,10
comtai1_XC680918.ogg.npy,comtai1,45
commoo3_XC543508.ogg.npy,commoo3,40
comros_XC572343.ogg.npy,comros,43
comsan_XC285135.ogg.npy,comsan,44
indtit1_XC209049.ogg.npy,indtit1,87
grewar3_XC372734.ogg.npy,grewar3,70
labcro1_XC505559.ogg.npy,labcro1,100
yebbul3_XC346191.ogg.npy,yebbul3,180
greegr_XC673449.ogg.npy,greegr,65
comros_XC279010.ogg.npy,comros,43
ruftre2_XC593441.ogg.npy,ruftre2,146
houcro1_XC208877.ogg.npy,houcro1,81
rossta2_XC685765.ogg.npy,rossta2,144
comros_XC677730.ogg.npy,comros,43
lirplo_XC541216.ogg.npy,lirplo,105
whtkin2_XC721352.ogg.npy,whtkin2,176
insbab1_XC171607.ogg.npy,insbab1,90
commoo3_XC793154.ogg.npy,commoo3,40
grnsan_XC670795.ogg.npy,grnsan,71
comsan_XC432940.ogg.npy,comsan,44
eucdov_XC144764.ogg.npy,eucdov,55
malpar1_XC777671.ogg.npy,malpar1,112
bkwsti_XC145276.ogg.npy,bkwsti,14
grynig2_XC659582.ogg.npy,grynig2,75
wbbfly1_XC214022.ogg.npy,wbbfly1,165
comgre_XC310520.ogg.npy,comgre,37
rerswa1_XC436339.ogg.npy,rerswa1,138
purher1_XC150480.ogg.npy,purher1,132
commoo3_XC175420.ogg.npy,commoo3,40
comior1_XC606356.ogg.npy,comior1,38
bkrfla1_XC754340.ogg.npy,bkrfla1,12
houspa_XC178335.ogg.npy,houspa,82
gyhcaf1_XC241648.ogg.npy,gyhcaf1,78
greegr_XC321346.ogg.npy,greegr,65
lirplo_XC181981.ogg.npy,lirplo,105
comsan_XC417694.ogg.npy,comsan,44
eucdov_XC134642.ogg.npy,eucdov,55
houcro1_XC113090.ogg.npy,houcro1,81
eurcoo_XC804810.ogg.npy,eurcoo,57
crseag1_XC350206.ogg.npy,crseag1,50
comgre_XC801547.ogg.npy,comgre,37
indrob1_XC207640.ogg.npy,indrob1,85
grywag_XC256835.ogg.npy,grywag,76
indrol2_XC37519.ogg.npy,indrol2,86
commoo3_XC469047.ogg.npy,commoo3,40
comtai1_XC540316.ogg.npy,comtai1,45
categr_XC713096.ogg.npy,categr,33
purher1_XC596896.ogg.npy,purher1,132
bkwsti_XC592464.ogg.npy,bkwsti,14
asikoe2_XC722516.ogg.npy,asikoe2,4
lirplo_XC374952.ogg.npy,lirplo,105
grnsan_XC823250.ogg.npy,grnsan,71
eucdov_XC612031.ogg.npy,eucdov,55
barswa_XC636527.ogg.npy,barswa,9
bladro1_XC814832.ogg.npy,bladro1,15
categr_XC304255.ogg.npy,categr,33
eucdov_XC366772.ogg.npy,eucdov,55
commyn_XC507723.ogg.npy,commyn,41
blnmon1_XC179440.ogg.npy,blnmon1,19
pursun4_XC322220.ogg.npy,pursun4,134
zitcis1_XC781635.ogg.npy,zitcis1,181
spepic1_XC705651.ogg.npy,spepic1,154
litegr_XC706847.ogg.npy,litegr,106
nutman_XC448956.ogg.npy,nutman,120
blrwar1_XC659125.ogg.npy,blrwar1,20
ashwoo2_XC802715.ogg.npy,ashwoo2,3
sttwoo1_XC509720.ogg.npy,sttwoo1,159
bkwsti_XC138430.ogg.npy,bkwsti,14
eucdov_XC622421.ogg.npy,eucdov,55
whtkin2_XC428889.ogg.npy,whtkin2,176
barswa_XC609237.ogg.npy,barswa,9
houspa_XC345970.ogg.npy,houspa,82
brnshr_XC780600.ogg.npy,brnshr,27
kenplo1_XC808294.ogg.npy,kenplo1,98
yebbab1_XC318440.ogg.npy,yebbab1,179
comtai1_XC163906.ogg.npy,comtai1,45
graher1_XC190801.ogg.npy,graher1,62
rerswa1_XC801776.ogg.npy,rerswa1,138
commoo3_XC571380.ogg.npy,commoo3,40
emedov2_XC722955.ogg.npy,emedov2,54
whbbul2_XC481156.ogg.npy,whbbul2,167
grewar3_XC191628.ogg.npy,grewar3,70
rewbul_XC304469.ogg.npy,rewbul,140
compea_XC677383.ogg.npy,compea,42
orihob2_XC695674.ogg.npy,orihob2,121
comior1_XC268430.ogg.npy,comior1,38
grnwar1_XC453347.ogg.npy,grnwar1,72
eurcoo_XC288601.ogg.npy,eurcoo,57
commoo3_XC738831.ogg.npy,commoo3,40
comros_XC483700.ogg.npy,comros,43
grewar3_XC181137.ogg.npy,grewar3,70
eaywag1_XC391297.ogg.npy,eaywag1,53
bkwsti_XC788049.ogg.npy,bkwsti,14
grecou1_XC196957.ogg.npy,grecou1,64
houspa_XC260100.ogg.npy,houspa,82
rewbul_XC379640.ogg.npy,rewbul,140
blakit1_XC323761.ogg.npy,blakit1,17
blrwar1_XC756628.ogg.npy,blrwar1,20
grnwar1_XC524365.ogg.npy,grnwar1,72
houspa_XC582600.ogg.npy,houspa,82
comros_XC457664.ogg.npy,comros,43
litegr_XC411335.ogg.npy,litegr,106
whbsho3_XC856047.ogg.npy,whbsho3,168
brwjac1_XC697575.ogg.npy,brwjac1,29
bkskit1_XC352500.ogg.npy,bkskit1,13
hoopoe_XC804372.ogg.npy,hoopoe,80
rorpar_XC201703.ogg.npy,rorpar,143
brodro1_XC843785.ogg.npy,brodro1,28
stbkin1_XC773156.ogg.npy,stbkin1,158
gybpri1_XC207637.ogg.npy,gybpri1,77
lirplo_XC374914.ogg.npy,lirplo,105
bkwsti_XC782751.ogg.npy,bkwsti,14
indrob1_XC529867.ogg.npy,indrob1,85
grewar3_XC810537.ogg.npy,grewar3,70
comkin1_XC587763.ogg.npy,comkin1,39
eaywag1_XC380187.ogg.npy,eaywag1,53
litegr_XC838958.ogg.npy,litegr,106
plaflo1_XC163880.ogg.npy,plaflo1,128
laudov1_XC185291.ogg.npy,laudov1,101
eucdov_XC166067.ogg.npy,eucdov,55
plapri1_XC711505.ogg.npy,plapri1,129
whiter2_XC720987.ogg.npy,whiter2,174
copbar1_XC548382.ogg.npy,copbar1,46
grefla1_XC652580.ogg.npy,grefla1,66
eucdov_XC355152.ogg.npy,eucdov,55
grnsan_XC794114.ogg.npy,grnsan,71
rewbul_XC304898.ogg.npy,rewbul,140
cohcuc1_XC320266.ogg.npy,cohcuc1,35
eurcoo_XC619994.ogg.npy,eurcoo,57
greegr_XC345092.ogg.npy,greegr,65
purher1_XC636326.ogg.npy,purher1,132
eaywag1_XC738505.ogg.npy,eaywag1,53
blhori1_XC662749.ogg.npy,blhori1,18
ashpri1_XC788177.ogg.npy,ashpri1,2
bcnher_XC827610.ogg.npy,bcnher,10
ashdro1_XC288101.ogg.npy,ashdro1,1
woosan_XC263318.ogg.npy,woosan,177
gybpri1_XC550179.ogg.npy,gybpri1,77
piebus1_XC571389.ogg.npy,piebus1,125
grewar3_XC573422.ogg.npy,grewar3,70
bcnher_XC795884.ogg.npy,bcnher,10
whbwat1_XC147285.ogg.npy,whbwat1,171
bkskit1_XC350395.ogg.npy,bkskit1,13
spodov_XC401213.ogg.npy,spodov,155
placuc3_XC331891.ogg.npy,placuc3,127
bkwsti_XC791626.ogg.npy,bkwsti,14
ashpri1_XC665299.ogg.npy,ashpri1,2
rocpig_XC387811.ogg.npy,rocpig,142
greegr_XC412523.ogg.npy,greegr,65
lirplo_XC726576.ogg.npy,lirplo,105
heswoo1_XC357155.ogg.npy,heswoo1,79
comsan_XC746901.ogg.npy,comsan,44
houspa_XC818671.ogg.npy,houspa,82
eurcoo_XC550201.ogg.npy,eurcoo,57
tibfly3_XC777440.ogg.npy,tibfly3,161
eurcoo_XC571447.ogg.npy,eurcoo,57
eurcoo_XC673087.ogg.npy,eurcoo,57
bkwsti_XC209481.ogg.npy,bkwsti,14
insbab1_XC194546.ogg.npy,insbab1,90
grecou1_XC483651.ogg.npy,grecou1,64
grewar3_XC599946.ogg.npy,grewar3,70
comior1_XC362692.ogg.npy,comior1,38
pursun4_XC421991.ogg.npy,pursun4,134
plapri1_XC834651.ogg.npy,plapri1,129
inbrob1_XC604049.ogg.npy,inbrob1,83
comgre_XC234761.ogg.npy,comgre,37
aspswi1_XC796289.ogg.npy,aspswi1,7
whtkin2_XC208814.ogg.npy,whtkin2,176
commoo3_XC710638.ogg.npy,commoo3,40
zitcis1_XC453767.ogg.npy,zitcis1,181
spodov_XC304102.ogg.npy,spodov,155
bcnher_XC73032.ogg.npy,bcnher,10
bkwsti_XC789681.ogg.npy,bkwsti,14
grywag_XC312317.ogg.npy,grywag,76
blnmon1_XC637738.ogg.npy,blnmon1,19
litgre1_XC525871.ogg.npy,litgre1,107
comior1_XC676794.ogg.npy,comior1,38
eurcoo_XC714721.ogg.npy,eurcoo,57
bcnher_XC665151.ogg.npy,bcnher,10
houspa_XC783284.ogg.npy,houspa,82
grywag_XC251813.ogg.npy,grywag,76
barswa_XC690508.ogg.npy,barswa,9
blakit1_XC811136.ogg.npy,blakit1,17
woosan_XC424654.ogg.npy,woosan,177
vefnut1_XC196970.ogg.npy,vefnut1,163
bkrfla1_XC116440.ogg.npy,bkrfla1,12
eurcoo_XC682244.ogg.npy,eurcoo,57
lblwar1_XC343925.ogg.npy,lblwar1,102
whiter2_XC714118.ogg.npy,whiter2,174
woosan_XC330350.ogg.npy,woosan,177
barswa_XC457802.ogg.npy,barswa,9
categr_XC57418.ogg.npy,categr,33
rewlap1_XC544180.ogg.npy,rewlap1,141
cregos1_XC723475.ogg.npy,cregos1,48
greegr_XC681080.ogg.npy,greegr,65
brwowl1_XC742656.ogg.npy,brwowl1,30
houspa_XC559091.ogg.npy,houspa,82
forwag1_XC785115.ogg.npy,forwag1,58
grywag_XC545491.ogg.npy,grywag,76
comros_XC326165.ogg.npy,comros,43
woosan_XC381238.ogg.npy,woosan,177
graher1_XC489441.ogg.npy,graher1,62
eaywag1_XC401723.ogg.npy,eaywag1,53
comgre_XC355296.ogg.npy,comgre,37
gybpri1_XC488788.ogg.npy,gybpri1,77
eurcoo_XC376644.ogg.npy,eurcoo,57
gargan_XC799024.ogg.npy,gargan,59
commyn_XC444488.ogg.npy,commyn,41
grtdro1_XC86960.ogg.npy,grtdro1,73
comros_XC727386.ogg.npy,comros,43
blhori1_XC346182.ogg.npy,blhori1,18
comsan_XC587840.ogg.npy,comsan,44
comsan_XC142817.ogg.npy,comsan,44
litegr_XC841001.ogg.npy,litegr,106
houspa_XC697489.ogg.npy,houspa,82
bcnher_XC184836.ogg.npy,bcnher,10
piekin1_XC855532.ogg.npy,piekin1,126
rocpig_XC146725.ogg.npy,rocpig,142
brwowl1_XC470445.ogg.npy,brwowl1,30
barswa_XC671669.ogg.npy,barswa,9
blrwar1_XC574716.ogg.npy,blrwar1,20
junbab2_XC684278.ogg.npy,junbab2,95
grnsan_XC478932.ogg.npy,grnsan,71
rerswa1_XC178273.ogg.npy,rerswa1,138
greegr_XC357715.ogg.npy,greegr,65
tilwar1_XC285234.ogg.npy,tilwar1,162
lirplo_XC555099.ogg.npy,lirplo,105
greegr_XC151334.ogg.npy,greegr,65
grewar3_XC639489.ogg.npy,grewar3,70
thbwar1_XC266176.ogg.npy,thbwar1,160
blnmon1_XC572860.ogg.npy,blnmon1,19
grewar3_XC431698.ogg.npy,grewar3,70
eurcoo_XC702523.ogg.npy,eurcoo,57
purher1_XC363323.ogg.npy,purher1,132
houspa_XC183867.ogg.npy,houspa,82
greegr_XC765536.ogg.npy,greegr,65
comkin1_XC628463.ogg.npy,comkin1,39
houspa_XC278423.ogg.npy,houspa,82
blhori1_XC73046.ogg.npy,blhori1,18
eucdov_XC571438.ogg.npy,eucdov,55
marsan_XC493336.ogg.npy,marsan,115
rerswa1_XC423908.ogg.npy,rerswa1,138
comros_XC779453.ogg.npy,comros,43
lblwar1_XC453491.ogg.npy,lblwar1,102
zitcis1_XC336345.ogg.npy,zitcis1,181
comgre_XC740477.ogg.npy,comgre,37
greegr_XC188602.ogg.npy,greegr,65
zitcis1_XC354693.ogg.npy,zitcis1,181
grejun2_XC574339.ogg.npy,grejun2,68
lblwar1_XC405730.ogg.npy,lblwar1,102
putbab1_XC645207.ogg.npy,putbab1,136
eucdov_XC820046.ogg.npy,eucdov,55
labcro1_XC115154.ogg.npy,labcro1,100
aspswi1_XC304719.ogg.npy,aspswi1,7
eaywag1_XC682380.ogg.npy,eaywag1,53
zitcis1_XC762356.ogg.npy,zitcis1,181
bkwsti_XC781638.ogg.npy,bkwsti,14
comsan_XC675449.ogg.npy,comsan,44
revbul_XC507719.ogg.npy,revbul,139
commyn_XC606861.ogg.npy,commyn,41
rutfly6_XC817989.ogg.npy,rutfly6,148
comgre_XC367640.ogg.npy,comgre,37
commyn_XC314470.ogg.npy,commyn,41
commoo3_XC611878.ogg.npy,commoo3,40
barswa_XC361224.ogg.npy,barswa,9
barswa_XC457817.ogg.npy,barswa,9
comros_XC791231.ogg.npy,comros,43
kenplo1_XC778057.ogg.npy,kenplo1,98
houspa_XC808336.ogg.npy,houspa,82
lblwar1_XC639660.ogg.npy,lblwar1,102
houspa_XC702424.ogg.npy,houspa,82
comros_XC655820.ogg.npy,comros,43
whbwat1_XC764945.ogg.npy,whbwat1,171
grywag_XC745653.ogg.npy,grywag,76
litgre1_XC803923.ogg.npy,litgre1,107
sohmyn1_XC744700.ogg.npy,sohmyn1,153
comgre_XC587033.ogg.npy,comgre,37
rocpig_XC637685.ogg.npy,rocpig,142
purher1_XC808814.ogg.npy,purher1,132
blrwar1_XC566128.ogg.npy,blrwar1,20
comkin1_XC692958.ogg.npy,comkin1,39
eurcoo_XC528502.ogg.npy,eurcoo,57
rerswa1_XC423980.ogg.npy,rerswa1,138
copbar1_XC187028.ogg.npy,copbar1,46
comgre_XC793742.ogg.npy,comgre,37
eucdov_XC668870.ogg.npy,eucdov,55
rorpar_XC402164.ogg.npy,rorpar,143
ruftre2_XC510590.ogg.npy,ruftre2,146
hoopoe_XC642810.ogg.npy,hoopoe,80
rorpar_XC263126.ogg.npy,rorpar,143
tibfly3_XC163870.ogg.npy,tibfly3,161
rerswa1_XC282735.ogg.npy,rerswa1,138
grywag_XC649558.ogg.npy,grywag,76
woosan_XC556043.ogg.npy,woosan,177
lirplo_XC837832.ogg.npy,lirplo,105
grnsan_XC452280.ogg.npy,grnsan,71
whbwoo2_XC769012.ogg.npy,whbwoo2,172
rerswa1_XC307163.ogg.npy,rerswa1,138
comtai1_XC825545.ogg.npy,comtai1,45
asikoe2_XC413593.ogg.npy,asikoe2,4
eurcoo_XC636840.ogg.npy,eurcoo,57
blakit1_XC628626.ogg.npy,blakit1,17
comkin1_XC584299.ogg.npy,comkin1,39
grewar3_XC478728.ogg.npy,grewar3,70
litgre1_XC734387.ogg.npy,litgre1,107
piekin1_XC638453.ogg.npy,piekin1,126
gyhcaf1_XC769762.ogg.npy,gyhcaf1,78
rorpar_XC200786.ogg.npy,rorpar,143
categr_XC794287.ogg.npy,categr,33
gyhcaf1_XC818936.ogg.npy,gyhcaf1,78
comgre_XC403946.ogg.npy,comgre,37
eaywag1_XC765496.ogg.npy,eaywag1,53
commoo3_XC814114.ogg.npy,commoo3,40
bladro1_XC152984.ogg.npy,bladro1,15
blakit1_XC495362.ogg.npy,blakit1,17
greegr_XC285219.ogg.npy,greegr,65
zitcis1_XC443818.ogg.npy,zitcis1,181
comkin1_XC666617.ogg.npy,comkin1,39
commoo3_XC301593.ogg.npy,commoo3,40
grewar3_XC684273.ogg.npy,grewar3,70
sbeowl1_XC712582.ogg.npy,sbeowl1,149
grywag_XC438908.ogg.npy,grywag,76
rorpar_XC292141.ogg.npy,rorpar,143
grywag_XC738337.ogg.npy,grywag,76
blrwar1_XC190758.ogg.npy,blrwar1,20
grtdro1_XC19686.ogg.npy,grtdro1,73
comkin1_XC757945.ogg.npy,comkin1,39
gybpri1_XC858987.ogg.npy,gybpri1,77
bkwsti_XC647392.ogg.npy,bkwsti,14
lirplo_XC786976.ogg.npy,lirplo,105
comgre_XC25707.ogg.npy,comgre,37
whcbar1_XC659329.ogg.npy,whcbar1,173
grnsan_XC685589.ogg.npy,grnsan,71
purher1_XC637275.ogg.npy,purher1,132
copbar1_XC362180.ogg.npy,copbar1,46
comsan_XC636696.ogg.npy,comsan,44
graher1_XC587879.ogg.npy,graher1,62
bcnher_XC709867.ogg.npy,bcnher,10
barswa_XC770375.ogg.npy,barswa,9
woosan_XC215036.ogg.npy,woosan,177
laudov1_XC405371.ogg.npy,laudov1,101
grecou1_XC154542.ogg.npy,grecou1,64
bkwsti_XC120508.ogg.npy,bkwsti,14
comsan_XC738503.ogg.npy,comsan,44
graher1_XC839021.ogg.npy,graher1,62
labcro1_XC308259.ogg.npy,labcro1,100
graher1_XC686508.ogg.npy,graher1,62
woosan_XC663081.ogg.npy,woosan,177
rocpig_XC559541.ogg.npy,rocpig,142
litgre1_XC223166.ogg.npy,litgre1,107
blnmon1_XC351467.ogg.npy,blnmon1,19
ashwoo2_XC396949.ogg.npy,ashwoo2,3
eurcoo_XC774674.ogg.npy,eurcoo,57
vehpar1_XC439547.ogg.npy,vehpar1,164
eaywag1_XC386495.ogg.npy,eaywag1,53
bkskit1_XC360635.ogg.npy,bkskit1,13
eucdov_XC441879.ogg.npy,eucdov,55
wemhar1_XC796544.ogg.npy,wemhar1,166
eucdov_XC555157.ogg.npy,eucdov,55
grewar3_XC808524.ogg.npy,grewar3,70
blrwar1_XC199698.ogg.npy,blrwar1,20
eucdov_XC304853.ogg.npy,eucdov,55
purher1_XC156912.ogg.npy,purher1,132
rewbul_XC207896.ogg.npy,rewbul,140
graher1_XC608172.ogg.npy,graher1,62
grecou1_XC684730.ogg.npy,grecou1,64
grnsan_XC570186.ogg.npy,grnsan,71
commoo3_XC637461.ogg.npy,commoo3,40
commoo3_XC746179.ogg.npy,commoo3,40
zitcis1_XC333703.ogg.npy,zitcis1,181
litegr_XC468221.ogg.npy,litegr,106
comros_XC566431.ogg.npy,comros,43
maghor2_XC412338.ogg.npy,maghor2,111
commoo3_XC737268.ogg.npy,commoo3,40
graher1_XC595499.ogg.npy,graher1,62
commyn_XC116527.ogg.npy,commyn,41
indpit1_XC541424.ogg.npy,indpit1,84
wemhar1_XC769193.ogg.npy,wemhar1,166
insbab1_XC653061.ogg.npy,insbab1,90
eaywag1_XC584192.ogg.npy,eaywag1,53
blrwar1_XC659071.ogg.npy,blrwar1,20
blnmon1_XC858547.ogg.npy,blnmon1,19
houspa_XC835083.ogg.npy,houspa,82
comfla1_XC361850.ogg.npy,comfla1,36
bkskit1_XC351390.ogg.npy,bkskit1,13
eucdov_XC658109.ogg.npy,eucdov,55
eaywag1_XC799974.ogg.npy,eaywag1,53
barswa_XC702808.ogg.npy,barswa,9
grecou1_XC761594.ogg.npy,grecou1,64
emedov2_XC666202.ogg.npy,emedov2,54
brnhao1_XC173508.ogg.npy,brnhao1,26
isbduc1_XC295226.ogg.npy,isbduc1,93
hoopoe_XC329918.ogg.npy,hoopoe,80
litspi1_XC168288.ogg.npy,litspi1,108
gyhcaf1_XC464790.ogg.npy,gyhcaf1,78
labcro1_XC73387.ogg.npy,labcro1,100
thbwar1_XC266177.ogg.npy,thbwar1,160
grnsan_XC432596.ogg.npy,grnsan,71
houcro1_XC430266.ogg.npy,houcro1,81
nutman_XC607220.ogg.npy,nutman,120
whtkin2_XC779863.ogg.npy,whtkin2,176
blnmon1_XC457328.ogg.npy,blnmon1,19
bcnher_XC579689.ogg.npy,bcnher,10
grtdro1_XC756525.ogg.npy,grtdro1,73
bkwsti_XC716028.ogg.npy,bkwsti,14
commyn_XC73134.ogg.npy,commyn,41
litgre1_XC714856.ogg.npy,litgre1,107
gybpri1_XC641522.ogg.npy,gybpri1,77
zitcis1_XC570134.ogg.npy,zitcis1,181
grnsan_XC801767.ogg.npy,grnsan,71
comgre_XC580300.ogg.npy,comgre,37
eurcoo_XC567414.ogg.npy,eurcoo,57
comros_XC309536.ogg.npy,comros,43
bladro1_XC356443.ogg.npy,bladro1,15
eaywag1_XC149678.ogg.npy,eaywag1,53
rocpig_XC661810.ogg.npy,rocpig,142
comsan_XC513698.ogg.npy,comsan,44
comros_XC328380.ogg.npy,comros,43
putbab1_XC324119.ogg.npy,putbab1,136
purher1_XC356656.ogg.npy,purher1,132
eucdov_XC607054.ogg.npy,eucdov,55
lirplo_XC738521.ogg.npy,lirplo,105
crseag1_XC393380.ogg.npy,crseag1,50
cohcuc1_XC663579.ogg.npy,cohcuc1,35
comkin1_XC279686.ogg.npy,comkin1,39
piekin1_XC441889.ogg.npy,piekin1,126
eucdov_XC671655.ogg.npy,eucdov,55
greegr_XC515943.ogg.npy,greegr,65
eaywag1_XC316889.ogg.npy,eaywag1,53
eurcoo_XC793985.ogg.npy,eurcoo,57
asikoe2_XC347587.ogg.npy,asikoe2,4
blnmon1_XC503626.ogg.npy,blnmon1,19
nutman_XC789683.ogg.npy,nutman,120
shikra1_XC783720.ogg.npy,shikra1,151
brodro1_XC353800.ogg.npy,brodro1,28
grywag_XC728310.ogg.npy,grywag,76
comtai1_XC133738.ogg.npy,comtai1,45
comsan_XC736404.ogg.npy,comsan,44
plaflo1_XC779883.ogg.npy,plaflo1,128
commoo3_XC373393.ogg.npy,commoo3,40
asikoe2_XC362846.ogg.npy,asikoe2,4
crseag1_XC441716.ogg.npy,crseag1,50
zitcis1_XC309299.ogg.npy,zitcis1,181
cregos1_XC804343.ogg.npy,cregos1,48
grewar3_XC393233.ogg.npy,grewar3,70
vehpar1_XC490505.ogg.npy,vehpar1,164
commyn_XC528929.ogg.npy,commyn,41
grejun2_XC404358.ogg.npy,grejun2,68
thbwar1_XC777628.ogg.npy,thbwar1,160
houspa_XC550544.ogg.npy,houspa,82
zitcis1_XC307173.ogg.npy,zitcis1,181
ruftre2_XC116854.ogg.npy,ruftre2,146
rerswa1_XC423906.ogg.npy,rerswa1,138
wemhar1_XC154571.ogg.npy,wemhar1,166
purswa3_XC496483.ogg.npy,purswa3,135
houcro1_XC346129.ogg.npy,houcro1,81
bcnher_XC466177.ogg.npy,bcnher,10
gryfra_XC796874.ogg.npy,gryfra,74
commoo3_XC784584.ogg.npy,commoo3,40
grewar3_XC537475.ogg.npy,grewar3,70
zitcis1_XC607472.ogg.npy,zitcis1,181
commyn_XC507717.ogg.npy,commyn,41
whtkin2_XC762510.ogg.npy,whtkin2,176
lirplo_XC25888.ogg.npy,lirplo,105
zitcis1_XC572644.ogg.npy,zitcis1,181
greegr_XC302352.ogg.npy,greegr,65
rorpar_XC692060.ogg.npy,rorpar,143
barswa_XC568943.ogg.npy,barswa,9
comgre_XC493781.ogg.npy,comgre,37
asiope1_XC504755.ogg.npy,asiope1,5
houspa_XC653075.ogg.npy,houspa,82
shikra1_XC184129.ogg.npy,shikra1,151
comkin1_XC714324.ogg.npy,comkin1,39
eurcoo_XC777912.ogg.npy,eurcoo,57
graher1_XC521616.ogg.npy,graher1,62
grtdro1_XC384442.ogg.npy,grtdro1,73
bcnher_XC800052.ogg.npy,bcnher,10
commyn_XC281918.ogg.npy,commyn,41
greegr_XC515794.ogg.npy,greegr,65
comkin1_XC598005.ogg.npy,comkin1,39
gyhcaf1_XC756605.ogg.npy,gyhcaf1,78
grewar3_XC349805.ogg.npy,grewar3,70
grecou1_XC381166.ogg.npy,grecou1,64
rocpig_XC486869.ogg.npy,rocpig,142
litspi1_XC296441.ogg.npy,litspi1,108
litegr_XC338299.ogg.npy,litegr,106
comgre_XC663698.ogg.npy,comgre,37
junmyn1_XC426271.ogg.npy,junmyn1,96
blrwar1_XC630499.ogg.npy,blrwar1,20
lblwar1_XC652398.ogg.npy,lblwar1,102
barswa_XC339819.ogg.npy,barswa,9
asikoe2_XC301717.ogg.npy,asikoe2,4
rorpar_XC535793.ogg.npy,rorpar,143
litspi1_XC511722.ogg.npy,litspi1,108
categr_XC811818.ogg.npy,categr,33
gargan_XC279683.ogg.npy,gargan,59
purher1_XC184843.ogg.npy,purher1,132
bkwsti_XC417021.ogg.npy,bkwsti,14
whbwat1_XC764946.ogg.npy,whbwat1,171
brakit1_XC663573.ogg.npy,brakit1,22
barswa_XC677200.ogg.npy,barswa,9
comior1_XC813888.ogg.npy,comior1,38
grywag_XC839378.ogg.npy,grywag,76
hoopoe_XC788393.ogg.npy,hoopoe,80
bkskit1_XC360637.ogg.npy,bkskit1,13
comgre_XC738227.ogg.npy,comgre,37
rewbul_XC268364.ogg.npy,rewbul,140
purher1_XC645993.ogg.npy,purher1,132
houspa_XC600668.ogg.npy,houspa,82
maltro1_XC786590.ogg.npy,maltro1,113
bcnher_XC733160.ogg.npy,bcnher,10
litegr_XC718567.ogg.npy,litegr,106
cohcuc1_XC601770.ogg.npy,cohcuc1,35
houspa_XC550536.ogg.npy,houspa,82
zitcis1_XC568234.ogg.npy,zitcis1,181
commoo3_XC704499.ogg.npy,commoo3,40
comros_XC185474.ogg.npy,comros,43
commoo3_XC585735.ogg.npy,commoo3,40
asikoe2_XC545736.ogg.npy,asikoe2,4
barswa_XC457794.ogg.npy,barswa,9
orihob2_XC675438.ogg.npy,orihob2,121
comior1_XC174985.ogg.npy,comior1,38
rewlap1_XC37585.ogg.npy,rewlap1,141
bkwsti_XC338810.ogg.npy,bkwsti,14
bkwsti_XC667475.ogg.npy,bkwsti,14
grtdro1_XC683625.ogg.npy,grtdro1,73
gloibi_XC744145.ogg.npy,gloibi,60
blrwar1_XC372097.ogg.npy,blrwar1,20
lirplo_XC579825.ogg.npy,lirplo,105
cohcuc1_XC461601.ogg.npy,cohcuc1,35
eucdov_XC236608.ogg.npy,eucdov,55
grecou1_XC578717.ogg.npy,grecou1,64
rocpig_XC480209.ogg.npy,rocpig,142
commyn_XC521179.ogg.npy,commyn,41
rerswa1_XC826583.ogg.npy,rerswa1,138
litgre1_XC841271.ogg.npy,litgre1,107
bcnher_XC675694.ogg.npy,bcnher,10
grynig2_XC575163.ogg.npy,grynig2,75
houspa_XC268250.ogg.npy,houspa,82
kenplo1_XC544846.ogg.npy,kenplo1,98
hoopoe_XC701405.ogg.npy,hoopoe,80
purher1_XC830800.ogg.npy,purher1,132
cohcuc1_XC483085.ogg.npy,cohcuc1,35
litegr_XC333883.ogg.npy,litegr,106
grnsan_XC584438.ogg.npy,grnsan,71
houspa_XC269386.ogg.npy,houspa,82
whtkin2_XC157981.ogg.npy,whtkin2,176
comior1_XC572677.ogg.npy,comior1,38
rewbul_XC126901.ogg.npy,rewbul,140
eurcoo_XC732223.ogg.npy,eurcoo,57
asbfly_XC305518.ogg.npy,asbfly,0
crseag1_XC665722.ogg.npy,crseag1,50
indrol2_XC565947.ogg.npy,indrol2,86
tibfly3_XC196708.ogg.npy,tibfly3,161
purher1_XC580404.ogg.npy,purher1,132
eurcoo_XC148767.ogg.npy,eurcoo,57
ashpri1_XC73018.ogg.npy,ashpri1,2
comkin1_XC595517.ogg.npy,comkin1,39
commyn_XC571185.ogg.npy,commyn,41
comkin1_XC616099.ogg.npy,comkin1,39
bkskit1_XC361618.ogg.npy,bkskit1,13
grywag_XC256836.ogg.npy,grywag,76
grbeat1_XC782106.ogg.npy,grbeat1,63
thbwar1_XC519687.ogg.npy,thbwar1,160
woosan_XC668547.ogg.npy,woosan,177
pursun4_XC116820.ogg.npy,pursun4,134
comgre_XC789297.ogg.npy,comgre,37
comkin1_XC598291.ogg.npy,comkin1,39
shikra1_XC304986.ogg.npy,shikra1,151
grywag_XC235140.ogg.npy,grywag,76
eucdov_XC745082.ogg.npy,eucdov,55
gyhcaf1_XC491049.ogg.npy,gyhcaf1,78
bcnher_XC808965.ogg.npy,bcnher,10
nutman_XC448957.ogg.npy,nutman,120
bkwsti_XC463296.ogg.npy,bkwsti,14
pursun4_XC574321.ogg.npy,pursun4,134
indrob1_XC571766.ogg.npy,indrob1,85
litgre1_XC630675.ogg.npy,litgre1,107
btbeat1_XC683300.ogg.npy,btbeat1,31
comtai1_XC469358.ogg.npy,comtai1,45
cohcuc1_XC754344.ogg.npy,cohcuc1,35
junmyn1_XC209023.ogg.npy,junmyn1,96
litgre1_XC563076.ogg.npy,litgre1,107
comros_XC318058.ogg.npy,comros,43
bcnher_XC306165.ogg.npy,bcnher,10
lobsun2_XC406136.ogg.npy,lobsun2,110
insbab1_XC324012.ogg.npy,insbab1,90
blnmon1_XC651648.ogg.npy,blnmon1,19
comkin1_XC149672.ogg.npy,comkin1,39
grtdro1_XC730923.ogg.npy,grtdro1,73
eucdov_XC148870.ogg.npy,eucdov,55
commyn_XC397490.ogg.npy,commyn,41
grnwar1_XC482688.ogg.npy,grnwar1,72
graher1_XC582942.ogg.npy,graher1,62
comgre_XC799772.ogg.npy,comgre,37
woosan_XC744040.ogg.npy,woosan,177
hoopoe_XC491981.ogg.npy,hoopoe,80
rorpar_XC430604.ogg.npy,rorpar,143
litegr_XC721867.ogg.npy,litegr,106
spepic1_XC806906.ogg.npy,spepic1,154
junbab2_XC572637.ogg.npy,junbab2,95
bkskit1_XC513397.ogg.npy,bkskit1,13
grewar3_XC393056.ogg.npy,grewar3,70
bcnher_XC293559.ogg.npy,bcnher,10
comkin1_XC460319.ogg.npy,comkin1,39
bcnher_XC577785.ogg.npy,bcnher,10
gryfra_XC334051.ogg.npy,gryfra,74
greegr_XC518943.ogg.npy,greegr,65
litgre1_XC307354.ogg.npy,litgre1,107
bkskit1_XC520438.ogg.npy,bkskit1,13
pursun4_XC788187.ogg.npy,pursun4,134
comkin1_XC857240.ogg.npy,comkin1,39
brcful1_XC684830.ogg.npy,brcful1,24
brwowl1_XC338700.ogg.npy,brwowl1,30
litegr_XC822833.ogg.npy,litegr,106
purher1_XC827348.ogg.npy,purher1,132
greegr_XC167213.ogg.npy,greegr,65
grewar3_XC253263.ogg.npy,grewar3,70
lirplo_XC655309.ogg.npy,lirplo,105
ashpri1_XC530822.ogg.npy,ashpri1,2
whiter2_XC579202.ogg.npy,whiter2,174
comior1_XC551975.ogg.npy,comior1,38
commyn_XC729094.ogg.npy,commyn,41
eurcoo_XC267219.ogg.npy,eurcoo,57
revbul_XC441581.ogg.npy,revbul,139
rewbul_XC116837.ogg.npy,rewbul,140
barswa_XC553565.ogg.npy,barswa,9
plapri1_XC304085.ogg.npy,plapri1,129
houspa_XC578210.ogg.npy,houspa,82
labcro1_XC267642.ogg.npy,labcro1,100
thbwar1_XC682049.ogg.npy,thbwar1,160
grtdro1_XC327424.ogg.npy,grtdro1,73
woosan_XC666101.ogg.npy,woosan,177
commoo3_XC781137.ogg.npy,commoo3,40
woosan_XC579396.ogg.npy,woosan,177
woosan_XC577707.ogg.npy,woosan,177
zitcis1_XC337545.ogg.npy,zitcis1,181
houspa_XC288403.ogg.npy,houspa,82
pabflo1_XC535681.ogg.npy,pabflo1,123
wemhar1_XC440234.ogg.npy,wemhar1,166
bladro1_XC208794.ogg.npy,bladro1,15
blnmon1_XC799471.ogg.npy,blnmon1,19
comkin1_XC857971.ogg.npy,comkin1,39
brnshr_XC834459.ogg.npy,brnshr,27
wemhar1_XC512127.ogg.npy,wemhar1,166
comros_XC415553.ogg.npy,comros,43
grnsan_XC829060.ogg.npy,grnsan,71
zitcis1_XC800696.ogg.npy,zitcis1,181
eurbla2_XC270480.ogg.npy,eurbla2,56
piekin1_XC775824.ogg.npy,piekin1,126
whbtre1_XC296418.ogg.npy,whbtre1,169
woosan_XC184466.ogg.npy,woosan,177
wemhar1_XC315630.ogg.npy,wemhar1,166
zitcis1_XC301585.ogg.npy,zitcis1,181
houspa_XC564092.ogg.npy,houspa,82
eucdov_XC760695.ogg.npy,eucdov,55
crseag1_XC150851.ogg.npy,crseag1,50
copbar1_XC664633.ogg.npy,copbar1,46
graher1_XC497257.ogg.npy,graher1,62
bcnher_XC478463.ogg.npy,bcnher,10
hoopoe_XC795276.ogg.npy,hoopoe,80
revbul_XC839252.ogg.npy,revbul,139
eaywag1_XC373759.ogg.npy,eaywag1,53
nutman_XC546079.ogg.npy,nutman,120
labcro1_XC454329.ogg.npy,labcro1,100
eurcoo_XC791776.ogg.npy,eurcoo,57
marsan_XC490318.ogg.npy,marsan,115
brnshr_XC364378.ogg.npy,brnshr,27
litgre1_XC266563.ogg.npy,litgre1,107
brcful1_XC667200.ogg.npy,brcful1,24
grnsan_XC470484.ogg.npy,grnsan,71
comros_XC25088.ogg.npy,comros,43
eucdov_XC346161.ogg.npy,eucdov,55
grywag_XC668145.ogg.npy,grywag,76
grnwar1_XC141516.ogg.npy,grnwar1,72
rocpig_XC755295.ogg.npy,rocpig,142
greegr_XC829673.ogg.npy,greegr,65
grnwar1_XC163310.ogg.npy,grnwar1,72
zitcis1_XC124995.ogg.npy,zitcis1,181
ashdro1_XC114598.ogg.npy,ashdro1,1
whbtre1_XC783991.ogg.npy,whbtre1,169
eurcoo_XC544611.ogg.npy,eurcoo,57
blrwar1_XC659665.ogg.npy,blrwar1,20
graher1_XC587844.ogg.npy,graher1,62
rorpar_XC688323.ogg.npy,rorpar,143
eucdov_XC660868.ogg.npy,eucdov,55
litgre1_XC469458.ogg.npy,litgre1,107
grecou1_XC728479.ogg.npy,grecou1,64
rewbul_XC587974.ogg.npy,rewbul,140
eucdov_XC519525.ogg.npy,eucdov,55
bkwsti_XC537638.ogg.npy,bkwsti,14
nutman_XC797137.ogg.npy,nutman,120
bcnher_XC493110.ogg.npy,bcnher,10
rerswa1_XC423983.ogg.npy,rerswa1,138
asikoe2_XC347591.ogg.npy,asikoe2,4
comgre_XC500461.ogg.npy,comgre,37
woosan_XC551341.ogg.npy,woosan,177
commoo3_XC637366.ogg.npy,commoo3,40
litgre1_XC332370.ogg.npy,litgre1,107
eurcoo_XC711487.ogg.npy,eurcoo,57
whcbar1_XC417390.ogg.npy,whcbar1,173
lirplo_XC649316.ogg.npy,lirplo,105
houspa_XC741709.ogg.npy,houspa,82
labcro1_XC603876.ogg.npy,labcro1,100
barswa_XC337979.ogg.npy,barswa,9
barswa_XC821504.ogg.npy,barswa,9
litegr_XC585639.ogg.npy,litegr,106
marsan_XC383288.ogg.npy,marsan,115
mawthr1_XC455211.ogg.npy,mawthr1,116
brnshr_XC237395.ogg.npy,brnshr,27
zitcis1_XC559427.ogg.npy,zitcis1,181
grewar3_XC19696.ogg.npy,grewar3,70
grewar3_XC342323.ogg.npy,grewar3,70
grnsan_XC743265.ogg.npy,grnsan,71
whbwat1_XC764943.ogg.npy,whbwat1,171
brnhao1_XC386076.ogg.npy,brnhao1,26
revbul_XC207142.ogg.npy,revbul,139
whbbul2_XC652567.ogg.npy,whbbul2,167
bkskit1_XC353827.ogg.npy,bkskit1,13
stbkin1_XC576720.ogg.npy,stbkin1,158
comros_XC458528.ogg.npy,comros,43
lirplo_XC612712.ogg.npy,lirplo,105
blrwar1_XC391853.ogg.npy,blrwar1,20
litegr_XC302516.ogg.npy,litegr,106
grewar3_XC216107.ogg.npy,grewar3,70
brnhao1_XC651691.ogg.npy,brnhao1,26
bcnher_XC798414.ogg.npy,bcnher,10
eaywag1_XC624104.ogg.npy,eaywag1,53
nilfly2_XC856427.ogg.npy,nilfly2,118
brodro1_XC794297.ogg.npy,brodro1,28
litspi1_XC683316.ogg.npy,litspi1,108
eaywag1_XC675723.ogg.npy,eaywag1,53
gybpri1_XC643897.ogg.npy,gybpri1,77
bcnher_XC397486.ogg.npy,bcnher,10
piebus1_XC471613.ogg.npy,piebus1,125
blnmon1_XC632296.ogg.npy,blnmon1,19
litegr_XC452737.ogg.npy,litegr,106
comros_XC664573.ogg.npy,comros,43
litswi1_XC443715.ogg.npy,litswi1,109
gloibi_XC530954.ogg.npy,gloibi,60
eucdov_XC822210.ogg.npy,eucdov,55
rewlap1_XC802187.ogg.npy,rewlap1,141
revbul_XC205814.ogg.npy,revbul,139
houspa_XC669692.ogg.npy,houspa,82
grewar3_XC420982.ogg.npy,grewar3,70
brcful1_XC446690.ogg.npy,brcful1,24
heswoo1_XC399547.ogg.npy,heswoo1,79
categr_XC371472.ogg.npy,categr,33
commoo3_XC732742.ogg.npy,commoo3,40
cregos1_XC756437.ogg.npy,cregos1,48
tibfly3_XC683986.ogg.npy,tibfly3,161
litgre1_XC554313.ogg.npy,litgre1,107
comtai1_XC402080.ogg.npy,comtai1,45
plapri1_XC143277.ogg.npy,plapri1,129
grnsan_XC845322.ogg.npy,grnsan,71
zitcis1_XC801596.ogg.npy,zitcis1,181
grywag_XC594765.ogg.npy,grywag,76
litgre1_XC572641.ogg.npy,litgre1,107
bkskit1_XC353805.ogg.npy,bkskit1,13
hoopoe_XC187389.ogg.npy,hoopoe,80
blrwar1_XC659070.ogg.npy,blrwar1,20
graher1_XC267063.ogg.npy,graher1,62
comkin1_XC598257.ogg.npy,comkin1,39
whrmun_XC406716.ogg.npy,whrmun,175
comtai1_XC809633.ogg.npy,comtai1,45
labcro1_XC516273.ogg.npy,labcro1,100
rewlap1_XC573515.ogg.npy,rewlap1,141
ashdro1_XC365149.ogg.npy,ashdro1,1
insowl1_XC682027.ogg.npy,insowl1,91
rorpar_XC177634.ogg.npy,rorpar,143
grywag_XC806227.ogg.npy,grywag,76
eurcoo_XC544395.ogg.npy,eurcoo,57
eucdov_XC544183.ogg.npy,eucdov,55
asbfly_XC716738.ogg.npy,asbfly,0
thbwar1_XC146026.ogg.npy,thbwar1,160
comior1_XC362864.ogg.npy,comior1,38
brnshr_XC237035.ogg.npy,brnshr,27
eucdov_XC539220.ogg.npy,eucdov,55
forwag1_XC654101.ogg.npy,forwag1,58
bcnher_XC509469.ogg.npy,bcnher,10
insbab1_XC296438.ogg.npy,insbab1,90
comgre_XC797963.ogg.npy,comgre,37
blrwar1_XC570070.ogg.npy,blrwar1,20
grenig1_XC203429.ogg.npy,grenig1,69
rorpar_XC364238.ogg.npy,rorpar,143
brnshr_XC841415.ogg.npy,brnshr,27
zitcis1_XC474374.ogg.npy,zitcis1,181
copbar1_XC463124.ogg.npy,copbar1,46
orihob2_XC678427.ogg.npy,orihob2,121
comros_XC405220.ogg.npy,comros,43
comgre_XC635735.ogg.npy,comgre,37
bkskit1_XC351402.ogg.npy,bkskit1,13
eurcoo_XC496744.ogg.npy,eurcoo,57
comgre_XC824411.ogg.npy,comgre,37
thbwar1_XC755643.ogg.npy,thbwar1,160
comgre_XC829678.ogg.npy,comgre,37
litegr_XC592799.ogg.npy,litegr,106
bcnher_XC689920.ogg.npy,bcnher,10
zitcis1_XC263698.ogg.npy,zitcis1,181
grnsan_XC666847.ogg.npy,grnsan,71
eucdov_XC747408.ogg.npy,eucdov,55
blnmon1_XC345151.ogg.npy,blnmon1,19
putbab1_XC390017.ogg.npy,putbab1,136
grewar3_XC194418.ogg.npy,grewar3,70
stbkin1_XC446282.ogg.npy,stbkin1,158
eaywag1_XC650574.ogg.npy,eaywag1,53
comsan_XC584750.ogg.npy,comsan,44
zitcis1_XC714889.ogg.npy,zitcis1,181
eaywag1_XC56695.ogg.npy,eaywag1,53
malwoo1_XC134733.ogg.npy,malwoo1,114
litgre1_XC665316.ogg.npy,litgre1,107
grewar3_XC488576.ogg.npy,grewar3,70
pursun3_XC346137.ogg.npy,pursun3,133
btbeat1_XC239914.ogg.npy,btbeat1,31
crseag1_XC402538.ogg.npy,crseag1,50
junbab2_XC197112.ogg.npy,junbab2,95
hoopoe_XC179514.ogg.npy,hoopoe,80
eaywag1_XC768587.ogg.npy,eaywag1,53
graher1_XC569458.ogg.npy,graher1,62
chbeat1_XC819736.ogg.npy,chbeat1,34
pursun4_XC307645.ogg.npy,pursun4,134
litegr_XC333884.ogg.npy,litegr,106
graher1_XC788122.ogg.npy,graher1,62
graher1_XC854607.ogg.npy,graher1,62
putbab1_XC252150.ogg.npy,putbab1,136
grejun2_XC395054.ogg.npy,grejun2,68
eurcoo_XC780951.ogg.npy,eurcoo,57
grywag_XC507311.ogg.npy,grywag,76
brodro1_XC776499.ogg.npy,brodro1,28
commoo3_XC644878.ogg.npy,commoo3,40
zitcis1_XC332252.ogg.npy,zitcis1,181
grywag_XC702604.ogg.npy,grywag,76
categr_XC797583.ogg.npy,categr,33
lirplo_XC804577.ogg.npy,lirplo,105
wemhar1_XC118164.ogg.npy,wemhar1,166
blhori1_XC124197.ogg.npy,blhori1,18
maghor2_XC786589.ogg.npy,maghor2,111
junowl1_XC357881.ogg.npy,junowl1,97
pursun4_XC541655.ogg.npy,pursun4,134
revbul_XC346122.ogg.npy,revbul,139
comior1_XC735664.ogg.npy,comior1,38
lirplo_XC744323.ogg.npy,lirplo,105
lblwar1_XC768727.ogg.npy,lblwar1,102
comfla1_XC756482.ogg.npy,comfla1,36
putbab1_XC321751.ogg.npy,putbab1,136
litgre1_XC792111.ogg.npy,litgre1,107
lirplo_XC635363.ogg.npy,lirplo,105
asikoe2_XC659723.ogg.npy,asikoe2,4
laudov1_XC489188.ogg.npy,laudov1,101
pursun3_XC306704.ogg.npy,pursun3,133
bcnher_XC128633.ogg.npy,bcnher,10
blakit1_XC428617.ogg.npy,blakit1,17
mawthr1_XC406066.ogg.npy,mawthr1,116
woosan_XC822051.ogg.npy,woosan,177
eucdov_XC514762.ogg.npy,eucdov,55
barswa_XC327392.ogg.npy,barswa,9
comsan_XC467216.ogg.npy,comsan,44
houspa_XC260300.ogg.npy,houspa,82
litegr_XC778662.ogg.npy,litegr,106
comgre_XC844520.ogg.npy,comgre,37
spodov_XC627819.ogg.npy,spodov,155
spodov_XC291099.ogg.npy,spodov,155
hoopoe_XC544855.ogg.npy,hoopoe,80
purher1_XC803158.ogg.npy,purher1,132
whbsho3_XC856488.ogg.npy,whbsho3,168
lirplo_XC638953.ogg.npy,lirplo,105
zitcis1_XC821791.ogg.npy,zitcis1,181
rocpig_XC682220.ogg.npy,rocpig,142
comtai1_XC446606.ogg.npy,comtai1,45
grewar3_XC755993.ogg.npy,grewar3,70
comgre_XC643771.ogg.npy,comgre,37
grywag_XC673619.ogg.npy,grywag,76
grnwar1_XC164017.ogg.npy,grnwar1,72
comsan_XC554039.ogg.npy,comsan,44
eurcoo_XC554082.ogg.npy,eurcoo,57
comros_XC324845.ogg.npy,comros,43
pursun4_XC652002.ogg.npy,pursun4,134
bkskit1_XC350398.ogg.npy,bkskit1,13
pursun3_XC153015.ogg.npy,pursun3,133
bladro1_XC488833.ogg.npy,bladro1,15
gyhcaf1_XC491048.ogg.npy,gyhcaf1,78
litegr_XC365093.ogg.npy,litegr,106
litspi1_XC279169.ogg.npy,litspi1,108
ashpri1_XC665296.ogg.npy,ashpri1,2
grewar3_XC209530.ogg.npy,grewar3,70
hoopoe_XC641528.ogg.npy,hoopoe,80
houcro1_XC721596.ogg.npy,houcro1,81
grywag_XC825601.ogg.npy,grywag,76
whiter2_XC733016.ogg.npy,whiter2,174
crseag1_XC204119.ogg.npy,crseag1,50
lesyel1_XC295191.ogg.npy,lesyel1,103
emedov2_XC756424.ogg.npy,emedov2,54
lobsun2_XC207732.ogg.npy,lobsun2,110
brasta1_XC529845.ogg.npy,brasta1,23
blakit1_XC543648.ogg.npy,blakit1,17
eurcoo_XC646948.ogg.npy,eurcoo,57
forwag1_XC807379.ogg.npy,forwag1,58
zitcis1_XC235417.ogg.npy,zitcis1,181
vefnut1_XC616780.ogg.npy,vefnut1,163
comgre_XC842856.ogg.npy,comgre,37
grewar3_XC418549.ogg.npy,grewar3,70
bkwsti_XC845743.ogg.npy,bkwsti,14
crseag1_XC572671.ogg.npy,crseag1,50
bkwsti_XC622358.ogg.npy,bkwsti,14
forwag1_XC267576.ogg.npy,forwag1,58
litswi1_XC443712.ogg.npy,litswi1,109
comgre_XC27066.ogg.npy,comgre,37
sqtbul1_XC207742.ogg.npy,sqtbul1,157
rewbul_XC196710.ogg.npy,rewbul,140
spodov_XC348751.ogg.npy,spodov,155
brnhao1_XC347907.ogg.npy,brnhao1,26
eucdov_XC555425.ogg.npy,eucdov,55
blakit1_XC470420.ogg.npy,blakit1,17
asikoe2_XC712414.ogg.npy,asikoe2,4
hoopoe_XC827681.ogg.npy,hoopoe,80
bcnher_XC550235.ogg.npy,bcnher,10
bkwsti_XC285182.ogg.npy,bkwsti,14
comros_XC324397.ogg.npy,comros,43
categr_XC210378.ogg.npy,categr,33
lirplo_XC550646.ogg.npy,lirplo,105
pursun4_XC362687.ogg.npy,pursun4,134
barswa_XC620697.ogg.npy,barswa,9
comkin1_XC202473.ogg.npy,comkin1,39
lirplo_XC720515.ogg.npy,lirplo,105
whbbul2_XC335670.ogg.npy,whbbul2,167
eaywag1_XC334153.ogg.npy,eaywag1,53
whbwat1_XC284523.ogg.npy,whbwat1,171
laudov1_XC196005.ogg.npy,laudov1,101
zitcis1_XC414715.ogg.npy,zitcis1,181
comkin1_XC511668.ogg.npy,comkin1,39
comgre_XC522788.ogg.npy,comgre,37
litspi1_XC296442.ogg.npy,litspi1,108
barswa_XC839553.ogg.npy,barswa,9
woosan_XC749410.ogg.npy,woosan,177
hoopoe_XC237753.ogg.npy,hoopoe,80
copbar1_XC451368.ogg.npy,copbar1,46
categr_XC451681.ogg.npy,categr,33
eucdov_XC264228.ogg.npy,eucdov,55
blhori1_XC785946.ogg.npy,blhori1,18
eucdov_XC337620.ogg.npy,eucdov,55
oripip1_XC116492.ogg.npy,oripip1,122
piekin1_XC195767.ogg.npy,piekin1,126
shikra1_XC575201.ogg.npy,shikra1,151
insbab1_XC307923.ogg.npy,insbab1,90
isbduc1_XC571156.ogg.npy,isbduc1,93
eucdov_XC663906.ogg.npy,eucdov,55
brwowl1_XC575202.ogg.npy,brwowl1,30
labcro1_XC824066.ogg.npy,labcro1,100
lirplo_XC718353.ogg.npy,lirplo,105
redspu1_XC284532.ogg.npy,redspu1,137
barswa_XC575749.ogg.npy,barswa,9
rocpig_XC475650.ogg.npy,rocpig,142
putbab1_XC677305.ogg.npy,putbab1,136
grewar3_XC187079.ogg.npy,grewar3,70
copbar1_XC388230.ogg.npy,copbar1,46
comsan_XC435516.ogg.npy,comsan,44
labcro1_XC756515.ogg.npy,labcro1,100
comros_XC255336.ogg.npy,comros,43
bwfshr1_XC424236.ogg.npy,bwfshr1,32
woosan_XC471756.ogg.npy,woosan,177
putbab1_XC374671.ogg.npy,putbab1,136
categr_XC485246.ogg.npy,categr,33
kenplo1_XC671979.ogg.npy,kenplo1,98
lirplo_XC309207.ogg.npy,lirplo,105
barswa_XC361739.ogg.npy,barswa,9
categr_XC282494.ogg.npy,categr,33
nutman_XC213172.ogg.npy,nutman,120
eurcoo_XC706657.ogg.npy,eurcoo,57
eurcoo_XC795603.ogg.npy,eurcoo,57
indrol2_XC575121.ogg.npy,indrol2,86
bcnher_XC577787.ogg.npy,bcnher,10
graher1_XC48828.ogg.npy,graher1,62
isbduc1_XC467964.ogg.npy,isbduc1,93
cohcuc1_XC404486.ogg.npy,cohcuc1,35
grejun2_XC575108.ogg.npy,grejun2,68
bladro1_XC699918.ogg.npy,bladro1,15
commoo3_XC625979.ogg.npy,commoo3,40
brodro1_XC313110.ogg.npy,brodro1,28
comsan_XC764652.ogg.npy,comsan,44
litegr_XC683852.ogg.npy,litegr,106
yebbul3_XC207750.ogg.npy,yebbul3,180
grtdro1_XC614161.ogg.npy,grtdro1,73
wemhar1_XC552445.ogg.npy,wemhar1,166
grnsan_XC325504.ogg.npy,grnsan,71
whiter2_XC266237.ogg.npy,whiter2,174
purher1_XC794531.ogg.npy,purher1,132
eurcoo_XC571453.ogg.npy,eurcoo,57
comfla1_XC665385.ogg.npy,comfla1,36
nutman_XC217351.ogg.npy,nutman,120
grewar3_XC415953.ogg.npy,grewar3,70
comgre_XC797188.ogg.npy,comgre,37
comior1_XC631470.ogg.npy,comior1,38
comros_XC651507.ogg.npy,comros,43
lirplo_XC836835.ogg.npy,lirplo,105
purher1_XC664764.ogg.npy,purher1,132
bcnher_XC655270.ogg.npy,bcnher,10
commoo3_XC649692.ogg.npy,commoo3,40
grewar3_XC191263.ogg.npy,grewar3,70
comkin1_XC425999.ogg.npy,comkin1,39
comkin1_XC283497.ogg.npy,comkin1,39
blrwar1_XC659759.ogg.npy,blrwar1,20
graher1_XC704391.ogg.npy,graher1,62
labcro1_XC388534.ogg.npy,labcro1,100
pursun4_XC823523.ogg.npy,pursun4,134
rorpar_XC209727.ogg.npy,rorpar,143
pursun4_XC797133.ogg.npy,pursun4,134
putbab1_XC447975.ogg.npy,putbab1,136
tibfly3_XC568887.ogg.npy,tibfly3,161
asbfly_XC741062.ogg.npy,asbfly,0
litgre1_XC232846.ogg.npy,litgre1,107
rerswa1_XC382091.ogg.npy,rerswa1,138
whiter2_XC336348.ogg.npy,whiter2,174
purher1_XC641661.ogg.npy,purher1,132
graher1_XC303042.ogg.npy,graher1,62
lewduc1_XC667381.ogg.npy,lewduc1,104
inbrob1_XC266069.ogg.npy,inbrob1,83
crseag1_XC471059.ogg.npy,crseag1,50
commyn_XC344437.ogg.npy,commyn,41
crseag1_XC441718.ogg.npy,crseag1,50
junbab2_XC116753.ogg.npy,junbab2,95
litgre1_XC389636.ogg.npy,litgre1,107
eaywag1_XC740272.ogg.npy,eaywag1,53
grejun2_XC644233.ogg.npy,grejun2,68
pursun4_XC513476.ogg.npy,pursun4,134
comkin1_XC836655.ogg.npy,comkin1,39
grnsan_XC142641.ogg.npy,grnsan,71
comros_XC184798.ogg.npy,comros,43
bkskit1_XC363280.ogg.npy,bkskit1,13
comros_XC199287.ogg.npy,comros,43
jerbus2_XC567159.ogg.npy,jerbus2,94
comkin1_XC436251.ogg.npy,comkin1,39
woosan_XC509637.ogg.npy,woosan,177
ashpri1_XC116341.ogg.npy,ashpri1,2
brwowl1_XC355113.ogg.npy,brwowl1,30
insowl1_XC233804.ogg.npy,insowl1,91
eucdov_XC747424.ogg.npy,eucdov,55
litegr_XC333906.ogg.npy,litegr,106
comsan_XC552592.ogg.npy,comsan,44
litegr_XC697839.ogg.npy,litegr,106
asbfly_XC376509.ogg.npy,asbfly,0
inbrob1_XC657593.ogg.npy,inbrob1,83
blrwar1_XC567838.ogg.npy,blrwar1,20
eurcoo_XC742435.ogg.npy,eurcoo,57
bkwsti_XC799233.ogg.npy,bkwsti,14
blnmon1_XC192435.ogg.npy,blnmon1,19
bwfshr1_XC519891.ogg.npy,bwfshr1,32
grnsan_XC338834.ogg.npy,grnsan,71
comgre_XC616053.ogg.npy,comgre,37
goflea1_XC49768.ogg.npy,goflea1,61
piekin1_XC514864.ogg.npy,piekin1,126
brnshr_XC458238.ogg.npy,brnshr,27
commyn_XC447268.ogg.npy,commyn,41
crbsun2_XC605963.ogg.npy,crbsun2,47
zitcis1_XC787744.ogg.npy,zitcis1,181
wemhar1_XC467932.ogg.npy,wemhar1,166
grnsan_XC301655.ogg.npy,grnsan,71
eaywag1_XC416426.ogg.npy,eaywag1,53
grnsan_XC590726.ogg.npy,grnsan,71
gyhcaf1_XC470413.ogg.npy,gyhcaf1,78
eucdov_XC581798.ogg.npy,eucdov,55
rerswa1_XC699938.ogg.npy,rerswa1,138
stbkin1_XC496185.ogg.npy,stbkin1,158
zitcis1_XC204630.ogg.npy,zitcis1,181
litegr_XC697846.ogg.npy,litegr,106
plapri1_XC240457.ogg.npy,plapri1,129
grnsan_XC658481.ogg.npy,grnsan,71
spodov_XC786219.ogg.npy,spodov,155
barswa_XC658037.ogg.npy,barswa,9
lblwar1_XC639662.ogg.npy,lblwar1,102
grnsan_XC579827.ogg.npy,grnsan,71
placuc3_XC663615.ogg.npy,placuc3,127
plapri1_XC726453.ogg.npy,plapri1,129
categr_XC463749.ogg.npy,categr,33
mawthr1_XC490495.ogg.npy,mawthr1,116
putbab1_XC658742.ogg.npy,putbab1,136
copbar1_XC507753.ogg.npy,copbar1,46
greegr_XC147337.ogg.npy,greegr,65
houspa_XC561782.ogg.npy,houspa,82
eucdov_XC541576.ogg.npy,eucdov,55
commoo3_XC542964.ogg.npy,commoo3,40
litgre1_XC354513.ogg.npy,litgre1,107
comkin1_XC843424.ogg.npy,comkin1,39
litgre1_XC715551.ogg.npy,litgre1,107
eaywag1_XC481362.ogg.npy,eaywag1,53
gyhcaf1_XC116624.ogg.npy,gyhcaf1,78
comtai1_XC660403.ogg.npy,comtai1,45
grewar3_XC810787.ogg.npy,grewar3,70
thbwar1_XC755644.ogg.npy,thbwar1,160
blrwar1_XC656447.ogg.npy,blrwar1,20
rufwoo2_XC795768.ogg.npy,rufwoo2,147
rewbul_XC713031.ogg.npy,rewbul,140
comgre_XC666573.ogg.npy,comgre,37
comgre_XC692935.ogg.npy,comgre,37
grywag_XC723684.ogg.npy,grywag,76
litgre1_XC554410.ogg.npy,litgre1,107
cohcuc1_XC136837.ogg.npy,cohcuc1,35
litgre1_XC473807.ogg.npy,litgre1,107
barswa_XC458636.ogg.npy,barswa,9
whtkin2_XC714497.ogg.npy,whtkin2,176
eaywag1_XC799917.ogg.npy,eaywag1,53
woosan_XC190516.ogg.npy,woosan,177
orihob2_XC556684.ogg.npy,orihob2,121
blakit1_XC662373.ogg.npy,blakit1,17
grtdro1_XC654538.ogg.npy,grtdro1,73
bkwsti_XC725088.ogg.npy,bkwsti,14
woosan_XC110316.ogg.npy,woosan,177
lobsun2_XC19766.ogg.npy,lobsun2,110
rorpar_XC116842.ogg.npy,rorpar,143
ashpri1_XC744647.ogg.npy,ashpri1,2
comsan_XC821518.ogg.npy,comsan,44
emedov2_XC743683.ogg.npy,emedov2,54
lblwar1_XC633472.ogg.npy,lblwar1,102
brnshr_XC504032.ogg.npy,brnshr,27
hoopoe_XC208153.ogg.npy,hoopoe,80
litspi1_XC192481.ogg.npy,litspi1,108
gargan_XC547205.ogg.npy,gargan,59
eurcoo_XC528134.ogg.npy,eurcoo,57
ashwoo2_XC802713.ogg.npy,ashwoo2,3
labcro1_XC191645.ogg.npy,labcro1,100
graher1_XC844588.ogg.npy,graher1,62
eaywag1_XC799973.ogg.npy,eaywag1,53
rorpar_XC750191.ogg.npy,rorpar,143
litgre1_XC301652.ogg.npy,litgre1,107
comros_XC768920.ogg.npy,comros,43
grtdro1_XC756526.ogg.npy,grtdro1,73
whbwoo2_XC214024.ogg.npy,whbwoo2,172
bkskit1_XC361617.ogg.npy,bkskit1,13
putbab1_XC371628.ogg.npy,putbab1,136
kenplo1_XC429600.ogg.npy,kenplo1,98
whbsho3_XC548369.ogg.npy,whbsho3,168
eucdov_XC726353.ogg.npy,eucdov,55
grtdro1_XC352037.ogg.npy,grtdro1,73
kenplo1_XC338270.ogg.npy,kenplo1,98
lirplo_XC743057.ogg.npy,lirplo,105
bkwsti_XC381837.ogg.npy,bkwsti,14
lirplo_XC148668.ogg.npy,lirplo,105
houspa_XC654112.ogg.npy,houspa,82
blhori1_XC719738.ogg.npy,blhori1,18
graher1_XC496050.ogg.npy,graher1,62
purher1_XC631067.ogg.npy,purher1,132
grewar3_XC203673.ogg.npy,grewar3,70
grecou1_XC365426.ogg.npy,grecou1,64
hoopoe_XC181659.ogg.npy,hoopoe,80
blakit1_XC793214.ogg.npy,blakit1,17
bkwsti_XC667380.ogg.npy,bkwsti,14
hoopoe_XC125950.ogg.npy,hoopoe,80
eucdov_XC183803.ogg.npy,eucdov,55
stbkin1_XC194143.ogg.npy,stbkin1,158
woosan_XC506558.ogg.npy,woosan,177
comsan_XC743707.ogg.npy,comsan,44
bcnher_XC530927.ogg.npy,bcnher,10
zitcis1_XC633794.ogg.npy,zitcis1,181
litgre1_XC462565.ogg.npy,litgre1,107
brnshr_XC469465.ogg.npy,brnshr,27
brwowl1_XC114850.ogg.npy,brwowl1,30
blhori1_XC181191.ogg.npy,blhori1,18
gyhcaf1_XC19710.ogg.npy,gyhcaf1,78
wemhar1_XC635625.ogg.npy,wemhar1,166
commyn_XC489173.ogg.npy,commyn,41
graher1_XC686512.ogg.npy,graher1,62
whcbar1_XC464137.ogg.npy,whcbar1,173
brcful1_XC791249.ogg.npy,brcful1,24
barswa_XC720336.ogg.npy,barswa,9
zitcis1_XC572643.ogg.npy,zitcis1,181
grbeat1_XC398811.ogg.npy,grbeat1,63
greegr_XC196156.ogg.npy,greegr,65
grbeat1_XC174979.ogg.npy,grbeat1,63
kenplo1_XC718485.ogg.npy,kenplo1,98
blrwar1_XC659107.ogg.npy,blrwar1,20
grenig1_XC308905.ogg.npy,grenig1,69
comior1_XC397020.ogg.npy,comior1,38
purher1_XC184842.ogg.npy,purher1,132
purswa3_XC775452.ogg.npy,purswa3,135
comros_XC162683.ogg.npy,comros,43
comkin1_XC499646.ogg.npy,comkin1,39
junowl1_XC503422.ogg.npy,junowl1,97
grywag_XC421768.ogg.npy,grywag,76
barswa_XC823733.ogg.npy,barswa,9
rorpar_XC845917.ogg.npy,rorpar,143
barswa_XC769696.ogg.npy,barswa,9
comgre_XC801582.ogg.npy,comgre,37
comros_XC191617.ogg.npy,comros,43
eaywag1_XC676607.ogg.npy,eaywag1,53
rewlap1_XC196952.ogg.npy,rewlap1,141
comsan_XC283836.ogg.npy,comsan,44
graher1_XC747334.ogg.npy,graher1,62
piebus1_XC122395.ogg.npy,piebus1,125
woosan_XC808858.ogg.npy,woosan,177
litgre1_XC489673.ogg.npy,litgre1,107
graher1_XC573925.ogg.npy,graher1,62
pursun4_XC687328.ogg.npy,pursun4,134
whiter2_XC371055.ogg.npy,whiter2,174
rorpar_XC423100.ogg.npy,rorpar,143
zitcis1_XC376754.ogg.npy,zitcis1,181
revbul_XC578600.ogg.npy,revbul,139
litegr_XC858034.ogg.npy,litegr,106
graher1_XC334074.ogg.npy,graher1,62
grbeat1_XC686126.ogg.npy,grbeat1,63
ashdro1_XC681472.ogg.npy,ashdro1,1
whbwat1_XC606430.ogg.npy,whbwat1,171
woosan_XC565576.ogg.npy,woosan,177
wemhar1_XC562842.ogg.npy,wemhar1,166
grewar3_XC290121.ogg.npy,grewar3,70
eaywag1_XC648997.ogg.npy,eaywag1,53
zitcis1_XC372504.ogg.npy,zitcis1,181
insbab1_XC170833.ogg.npy,insbab1,90
purher1_XC732686.ogg.npy,purher1,132
ingori1_XC733455.ogg.npy,ingori1,88
purswa3_XC722949.ogg.npy,purswa3,135
grejun2_XC574328.ogg.npy,grejun2,68
graher1_XC590144.ogg.npy,graher1,62
grnsan_XC596960.ogg.npy,grnsan,71
litegr_XC581185.ogg.npy,litegr,106
piekin1_XC515832.ogg.npy,piekin1,126
categr_XC352659.ogg.npy,categr,33
grywag_XC807257.ogg.npy,grywag,76
kenplo1_XC739121.ogg.npy,kenplo1,98
comtai1_XC580105.ogg.npy,comtai1,45
comkin1_XC247880.ogg.npy,comkin1,39
goflea1_XC295440.ogg.npy,goflea1,61
gargan_XC656682.ogg.npy,gargan,59
rorpar_XC309170.ogg.npy,rorpar,143
btbeat1_XC757871.ogg.npy,btbeat1,31
whbbul2_XC163926.ogg.npy,whbbul2,167
asikoe2_XC400194.ogg.npy,asikoe2,4
blnmon1_XC424218.ogg.npy,blnmon1,19
grnsan_XC808190.ogg.npy,grnsan,71
houcro1_XC293565.ogg.npy,houcro1,81
eaywag1_XC154909.ogg.npy,eaywag1,53
brnhao1_XC486586.ogg.npy,brnhao1,26
bcnher_XC712829.ogg.npy,bcnher,10
purher1_XC643121.ogg.npy,purher1,132
ashdro1_XC450404.ogg.npy,ashdro1,1
grnsan_XC742909.ogg.npy,grnsan,71
eucdov_XC757185.ogg.npy,eucdov,55
purher1_XC819767.ogg.npy,purher1,132
putbab1_XC494624.ogg.npy,putbab1,136
grtdro1_XC372567.ogg.npy,grtdro1,73
rewbul_XC815425.ogg.npy,rewbul,140
zitcis1_XC364765.ogg.npy,zitcis1,181
litegr_XC465765.ogg.npy,litegr,106
categr_XC361551.ogg.npy,categr,33
bkwsti_XC632159.ogg.npy,bkwsti,14
gyhcaf1_XC368339.ogg.npy,gyhcaf1,78
bcnher_XC742241.ogg.npy,bcnher,10
eucdov_XC268867.ogg.npy,eucdov,55
litegr_XC605412.ogg.npy,litegr,106
grecou1_XC777662.ogg.npy,grecou1,64
moipig1_XC191876.ogg.npy,moipig1,117
gloibi_XC417660.ogg.npy,gloibi,60
whbwat1_XC638315.ogg.npy,whbwat1,171
bcnher_XC748330.ogg.npy,bcnher,10
thbwar1_XC117059.ogg.npy,thbwar1,160
eucdov_XC309598.ogg.npy,eucdov,55
plapri1_XC792521.ogg.npy,plapri1,129
blrwar1_XC247337.ogg.npy,blrwar1,20
emedov2_XC138186.ogg.npy,emedov2,54
bcnher_XC658124.ogg.npy,bcnher,10
rorpar_XC627332.ogg.npy,rorpar,143
blhori1_XC19589.ogg.npy,blhori1,18
brcful1_XC605318.ogg.npy,brcful1,24
grnsan_XC666669.ogg.npy,grnsan,71
blhori1_XC346328.ogg.npy,blhori1,18
grefla1_XC619762.ogg.npy,grefla1,66
categr_XC757065.ogg.npy,categr,33
vehpar1_XC614180.ogg.npy,vehpar1,164
labcro1_XC359290.ogg.npy,labcro1,100
rorpar_XC167779.ogg.npy,rorpar,143
brwowl1_XC768383.ogg.npy,brwowl1,30
gyhcaf1_XC491051.ogg.npy,gyhcaf1,78
grnsan_XC495145.ogg.npy,grnsan,71
whbwat1_XC371802.ogg.npy,whbwat1,171
rocpig_XC349161.ogg.npy,rocpig,142
zitcis1_XC474357.ogg.npy,zitcis1,181
comgre_XC350228.ogg.npy,comgre,37
comtai1_XC834667.ogg.npy,comtai1,45
rocpig_XC126804.ogg.npy,rocpig,142
crseag1_XC213913.ogg.npy,crseag1,50
rewbul_XC304282.ogg.npy,rewbul,140
forwag1_XC838779.ogg.npy,forwag1,58
bcnher_XC559526.ogg.npy,bcnher,10
kenplo1_XC579849.ogg.npy,kenplo1,98
pursun4_XC357594.ogg.npy,pursun4,134
indpit1_XC139543.ogg.npy,indpit1,84
blrwar1_XC566125.ogg.npy,blrwar1,20
woosan_XC857970.ogg.npy,woosan,177
litegr_XC372948.ogg.npy,litegr,106
lirplo_XC745652.ogg.npy,lirplo,105
asikoe2_XC722515.ogg.npy,asikoe2,4
whbsho3_XC856457.ogg.npy,whbsho3,168
copbar1_XC341340.ogg.npy,copbar1,46
graher1_XC807507.ogg.npy,graher1,62
houspa_XC127477.ogg.npy,houspa,82
grnsan_XC670073.ogg.npy,grnsan,71
hoopoe_XC789267.ogg.npy,hoopoe,80
junbab2_XC208583.ogg.npy,junbab2,95
graher1_XC590234.ogg.npy,graher1,62
eaywag1_XC417145.ogg.npy,eaywag1,53
grewar3_XC505992.ogg.npy,grewar3,70
bcnher_XC213658.ogg.npy,bcnher,10
lewduc1_XC190973.ogg.npy,lewduc1,104
forwag1_XC704660.ogg.npy,forwag1,58
grewar3_XC181379.ogg.npy,grewar3,70
comtai1_XC209046.ogg.npy,comtai1,45
litegr_XC577901.ogg.npy,litegr,106
blaeag1_XC112826.ogg.npy,blaeag1,16
litgre1_XC450300.ogg.npy,litgre1,107
litgre1_XC429766.ogg.npy,litgre1,107
tibfly3_XC423295.ogg.npy,tibfly3,161
litegr_XC843447.ogg.npy,litegr,106
rorpar_XC287990.ogg.npy,rorpar,143
hoopoe_XC376351.ogg.npy,hoopoe,80
rocpig_XC825052.ogg.npy,rocpig,142
rewbul_XC784304.ogg.npy,rewbul,140
grtdro1_XC721647.ogg.npy,grtdro1,73
comsan_XC580808.ogg.npy,comsan,44
cregos1_XC398719.ogg.npy,cregos1,48
ashwoo2_XC829157.ogg.npy,ashwoo2,3
barswa_XC324838.ogg.npy,barswa,9
stbkin1_XC681278.ogg.npy,stbkin1,158
lirplo_XC795638.ogg.npy,lirplo,105
comkin1_XC418913.ogg.npy,comkin1,39
bkskit1_XC350262.ogg.npy,bkskit1,13
comgre_XC759403.ogg.npy,comgre,37
zitcis1_XC768494.ogg.npy,zitcis1,181
rorpar_XC638006.ogg.npy,rorpar,143
asikoe2_XC302927.ogg.npy,asikoe2,4
forwag1_XC814057.ogg.npy,forwag1,58
purher1_XC838662.ogg.npy,purher1,132
graher1_XC438368.ogg.npy,graher1,62
compea_XC731727.ogg.npy,compea,42
asikoe2_XC813014.ogg.npy,asikoe2,4
brnshr_XC787973.ogg.npy,brnshr,27
bcnher_XC579688.ogg.npy,bcnher,10
blrwar1_XC570213.ogg.npy,blrwar1,20
hoopoe_XC856141.ogg.npy,hoopoe,80
rossta2_XC484522.ogg.npy,rossta2,144
bkcbul1_XC783987.ogg.npy,bkcbul1,11
eucdov_XC743812.ogg.npy,eucdov,55
grtdro1_XC329517.ogg.npy,grtdro1,73
woosan_XC471902.ogg.npy,woosan,177
bcnher_XC667383.ogg.npy,bcnher,10
rewbul_XC713450.ogg.npy,rewbul,140
blnmon1_XC770511.ogg.npy,blnmon1,19
litegr_XC856824.ogg.npy,litegr,106
litspi1_XC618632.ogg.npy,litspi1,108
grewar3_XC323609.ogg.npy,grewar3,70
lirplo_XC576945.ogg.npy,lirplo,105
woosan_XC824740.ogg.npy,woosan,177
blakit1_XC660615.ogg.npy,blakit1,17
eaywag1_XC718541.ogg.npy,eaywag1,53
ashdro1_XC528339.ogg.npy,ashdro1,1
litgre1_XC713121.ogg.npy,litgre1,107
bkwsti_XC346210.ogg.npy,bkwsti,14
eucdov_XC642605.ogg.npy,eucdov,55
bkskit1_XC350371.ogg.npy,bkskit1,13
barswa_XC728300.ogg.npy,barswa,9
comgre_XC666307.ogg.npy,comgre,37
whrmun_XC711672.ogg.npy,whrmun,175
grewar3_XC116618.ogg.npy,grewar3,70
grywag_XC806690.ogg.npy,grywag,76
litegr_XC464864.ogg.npy,litegr,106
gargan_XC709257.ogg.npy,gargan,59
rewbul_XC304461.ogg.npy,rewbul,140
comtai1_XC723472.ogg.npy,comtai1,45
purswa3_XC382827.ogg.npy,purswa3,135
grtdro1_XC562529.ogg.npy,grtdro1,73
eurcoo_XC279005.ogg.npy,eurcoo,57
graher1_XC513743.ogg.npy,graher1,62
whbwag1_XC282592.ogg.npy,whbwag1,170
smamin1_XC212573.ogg.npy,smamin1,152
comgre_XC379794.ogg.npy,comgre,37
comior1_XC659821.ogg.npy,comior1,38
spepic1_XC23009.ogg.npy,spepic1,154
bkwsti_XC260281.ogg.npy,bkwsti,14
bkrfla1_XC209206.ogg.npy,bkrfla1,12
houspa_XC505685.ogg.npy,houspa,82
grywag_XC586068.ogg.npy,grywag,76
woosan_XC265263.ogg.npy,woosan,177
eaywag1_XC378011.ogg.npy,eaywag1,53
barswa_XC457799.ogg.npy,barswa,9
comros_XC768479.ogg.npy,comros,43
blrwar1_XC573531.ogg.npy,blrwar1,20
grbeat1_XC197753.ogg.npy,grbeat1,63
brnhao1_XC155373.ogg.npy,brnhao1,26
junowl1_XC787692.ogg.npy,junowl1,97
zitcis1_XC710455.ogg.npy,zitcis1,181
bkwsti_XC192402.ogg.npy,bkwsti,14
commoo3_XC621345.ogg.npy,commoo3,40
brakit1_XC665742.ogg.npy,brakit1,22
rocpig_XC511878.ogg.npy,rocpig,142
malpar1_XC404465.ogg.npy,malpar1,112
commyn_XC812210.ogg.npy,commyn,41
comtai1_XC834664.ogg.npy,comtai1,45
barswa_XC674252.ogg.npy,barswa,9
vefnut1_XC571886.ogg.npy,vefnut1,163
rorpar_XC630298.ogg.npy,rorpar,143
zitcis1_XC380678.ogg.npy,zitcis1,181
inbrob1_XC685572.ogg.npy,inbrob1,83
putbab1_XC718035.ogg.npy,putbab1,136
rewbul_XC767513.ogg.npy,rewbul,140
graher1_XC672787.ogg.npy,graher1,62
wemhar1_XC795174.ogg.npy,wemhar1,166
mawthr1_XC215863.ogg.npy,mawthr1,116
comros_XC833883.ogg.npy,comros,43
grnwar1_XC482447.ogg.npy,grnwar1,72
eucdov_XC587345.ogg.npy,eucdov,55
asbfly_XC610733.ogg.npy,asbfly,0
comsan_XC569862.ogg.npy,comsan,44
grnsan_XC477872.ogg.npy,grnsan,71
rewbul_XC265112.ogg.npy,rewbul,140
comsan_XC582935.ogg.npy,comsan,44
eucdov_XC726268.ogg.npy,eucdov,55
comgre_XC686479.ogg.npy,comgre,37
wemhar1_XC779772.ogg.npy,wemhar1,166
comtai1_XC133730.ogg.npy,comtai1,45
gloibi_XC712962.ogg.npy,gloibi,60
comkin1_XC293530.ogg.npy,comkin1,39
rewlap1_XC684869.ogg.npy,rewlap1,141
grywag_XC207265.ogg.npy,grywag,76
grehor1_XC169937.ogg.npy,grehor1,67
piekin1_XC854785.ogg.npy,piekin1,126
hoopoe_XC416039.ogg.npy,hoopoe,80
barswa_XC452060.ogg.npy,barswa,9
chbeat1_XC700071.ogg.npy,chbeat1,34
bcnher_XC582943.ogg.npy,bcnher,10
grewar3_XC478348.ogg.npy,grewar3,70
eaywag1_XC656825.ogg.npy,eaywag1,53
blrwar1_XC653540.ogg.npy,blrwar1,20
asikoe2_XC579391.ogg.npy,asikoe2,4
lirplo_XC551781.ogg.npy,lirplo,105
grnsan_XC547054.ogg.npy,grnsan,71
bkwsti_XC201609.ogg.npy,bkwsti,14
whtkin2_XC306378.ogg.npy,whtkin2,176
blakit1_XC686908.ogg.npy,blakit1,17
asikoe2_XC208774.ogg.npy,asikoe2,4
hoopoe_XC469243.ogg.npy,hoopoe,80
whbwat1_XC435909.ogg.npy,whbwat1,171
grnsan_XC585125.ogg.npy,grnsan,71
gloibi_XC744153.ogg.npy,gloibi,60
ingori1_XC494923.ogg.npy,ingori1,88
gargan_XC716421.ogg.npy,gargan,59
isbduc1_XC580929.ogg.npy,isbduc1,93
bkwsti_XC666048.ogg.npy,bkwsti,14
comtai1_XC665777.ogg.npy,comtai1,45
putbab1_XC612259.ogg.npy,putbab1,136
litegr_XC447850.ogg.npy,litegr,106
comgre_XC795128.ogg.npy,comgre,37
grewar3_XC810536.ogg.npy,grewar3,70
litgre1_XC472066.ogg.npy,litgre1,107
graher1_XC674437.ogg.npy,graher1,62
sohmyn1_XC651290.ogg.npy,sohmyn1,153
litegr_XC720154.ogg.npy,litegr,106
asikoe2_XC812736.ogg.npy,asikoe2,4
hoopoe_XC741847.ogg.npy,hoopoe,80
woosan_XC638862.ogg.npy,woosan,177
categr_XC304253.ogg.npy,categr,33
grnsan_XC644242.ogg.npy,grnsan,71
litgre1_XC573644.ogg.npy,litgre1,107
crseag1_XC529893.ogg.npy,crseag1,50
laudov1_XC665958.ogg.npy,laudov1,101
rocpig_XC121680.ogg.npy,rocpig,142
houspa_XC443087.ogg.npy,houspa,82
graher1_XC513447.ogg.npy,graher1,62
sbeowl1_XC616965.ogg.npy,sbeowl1,149
crseag1_XC315636.ogg.npy,crseag1,50
litswi1_XC309587.ogg.npy,litswi1,109
grywag_XC675031.ogg.npy,grywag,76
bcnher_XC800073.ogg.npy,bcnher,10
rorpar_XC209710.ogg.npy,rorpar,143
eucdov_XC410909.ogg.npy,eucdov,55
brcful1_XC319829.ogg.npy,brcful1,24
putbab1_XC443130.ogg.npy,putbab1,136
rerswa1_XC857584.ogg.npy,rerswa1,138
vefnut1_XC858361.ogg.npy,vefnut1,163
zitcis1_XC828609.ogg.npy,zitcis1,181
brnshr_XC779924.ogg.npy,brnshr,27
grewar3_XC185505.ogg.npy,grewar3,70
comkin1_XC436252.ogg.npy,comkin1,39
barswa_XC854612.ogg.npy,barswa,9
laudov1_XC434667.ogg.npy,laudov1,101
gargan_XC756273.ogg.npy,gargan,59
brakit1_XC743675.ogg.npy,brakit1,22
grywag_XC470711.ogg.npy,grywag,76
litgre1_XC721819.ogg.npy,litgre1,107
gyhcaf1_XC177113.ogg.npy,gyhcaf1,78
whiter2_XC770349.ogg.npy,whiter2,174
brnhao1_XC782084.ogg.npy,brnhao1,26
bkwsti_XC469770.ogg.npy,bkwsti,14
bladro1_XC503411.ogg.npy,bladro1,15
putbab1_XC180858.ogg.npy,putbab1,136
blrwar1_XC347280.ogg.npy,blrwar1,20
crseag1_XC807425.ogg.npy,crseag1,50
rorpar_XC209719.ogg.npy,rorpar,143
bncwoo3_XC741495.ogg.npy,bncwoo3,21
graher1_XC633142.ogg.npy,graher1,62
rewlap1_XC857731.ogg.npy,rewlap1,141
crbsun2_XC168284.ogg.npy,crbsun2,47
eucdov_XC747494.ogg.npy,eucdov,55
graher1_XC587830.ogg.npy,graher1,62
grywag_XC734824.ogg.npy,grywag,76
comgre_XC646300.ogg.npy,comgre,37
labcro1_XC464637.ogg.npy,labcro1,100
wemhar1_XC246615.ogg.npy,wemhar1,166
litgre1_XC567964.ogg.npy,litgre1,107
rewbul_XC706117.ogg.npy,rewbul,140
indrol2_XC345160.ogg.npy,indrol2,86
pursun4_XC116821.ogg.npy,pursun4,134
gryfra_XC451799.ogg.npy,gryfra,74
asikoe2_XC538078.ogg.npy,asikoe2,4
pabflo1_XC308276.ogg.npy,pabflo1,123
blakit1_XC794957.ogg.npy,blakit1,17
bcnher_XC554387.ogg.npy,bcnher,10
rerswa1_XC178394.ogg.npy,rerswa1,138
commyn_XC529139.ogg.npy,commyn,41
houspa_XC678677.ogg.npy,houspa,82
litswi1_XC443721.ogg.npy,litswi1,109
copbar1_XC164811.ogg.npy,copbar1,46
litgre1_XC301648.ogg.npy,litgre1,107
litgre1_XC597731.ogg.npy,litgre1,107
barswa_XC361231.ogg.npy,barswa,9
tilwar1_XC329473.ogg.npy,tilwar1,162
comsan_XC822532.ogg.npy,comsan,44
pursun3_XC664673.ogg.npy,pursun3,133
bcnher_XC665440.ogg.npy,bcnher,10
eaywag1_XC489936.ogg.npy,eaywag1,53
rewlap1_XC330916.ogg.npy,rewlap1,141
tibfly3_XC424131.ogg.npy,tibfly3,161
pursun4_XC74150.ogg.npy,pursun4,134
brnhao1_XC660215.ogg.npy,brnhao1,26
blrwar1_XC657908.ogg.npy,blrwar1,20
wemhar1_XC269744.ogg.npy,wemhar1,166
comtai1_XC424135.ogg.npy,comtai1,45
comior1_XC303819.ogg.npy,comior1,38
rocpig_XC463507.ogg.npy,rocpig,142
piebus1_XC75086.ogg.npy,piebus1,125
thbwar1_XC508626.ogg.npy,thbwar1,160
putbab1_XC673276.ogg.npy,putbab1,136
bkwsti_XC500624.ogg.npy,bkwsti,14
eurcoo_XC780812.ogg.npy,eurcoo,57
bcnher_XC421615.ogg.npy,bcnher,10
graher1_XC580208.ogg.npy,graher1,62
grnsan_XC240530.ogg.npy,grnsan,71
blakit1_XC764286.ogg.npy,blakit1,17
litgre1_XC575370.ogg.npy,litgre1,107
comior1_XC710196.ogg.npy,comior1,38
grnsan_XC741613.ogg.npy,grnsan,71
grtdro1_XC683297.ogg.npy,grtdro1,73
grnsan_XC539339.ogg.npy,grnsan,71
tibfly3_XC21999.ogg.npy,tibfly3,161
asikoe2_XC345185.ogg.npy,asikoe2,4
woosan_XC555605.ogg.npy,woosan,177
grewar3_XC378012.ogg.npy,grewar3,70
whbsho3_XC116281.ogg.npy,whbsho3,168
redspu1_XC356035.ogg.npy,redspu1,137
categr_XC315439.ogg.npy,categr,33
eurcoo_XC246618.ogg.npy,eurcoo,57
whbwoo2_XC725681.ogg.npy,whbwoo2,172
purher1_XC712444.ogg.npy,purher1,132
rossta2_XC484514.ogg.npy,rossta2,144
hoopoe_XC815405.ogg.npy,hoopoe,80
grnsan_XC744299.ogg.npy,grnsan,71
tibfly3_XC590556.ogg.npy,tibfly3,161
copbar1_XC576598.ogg.npy,copbar1,46
eucdov_XC795938.ogg.npy,eucdov,55
grtdro1_XC490549.ogg.npy,grtdro1,73
woosan_XC662168.ogg.npy,woosan,177
rorpar_XC604484.ogg.npy,rorpar,143
zitcis1_XC268232.ogg.npy,zitcis1,181
aspswi1_XC116348.ogg.npy,aspswi1,7
grnsan_XC646588.ogg.npy,grnsan,71
eucdov_XC551229.ogg.npy,eucdov,55
litspi1_XC683302.ogg.npy,litspi1,108
grnsan_XC548641.ogg.npy,grnsan,71
labcro1_XC587211.ogg.npy,labcro1,100
grtdro1_XC213914.ogg.npy,grtdro1,73
litspi1_XC151075.ogg.npy,litspi1,108
blakit1_XC572731.ogg.npy,blakit1,17
blrwar1_XC234437.ogg.npy,blrwar1,20
grtdro1_XC476256.ogg.npy,grtdro1,73
graher1_XC261369.ogg.npy,graher1,62
comtai1_XC396911.ogg.npy,comtai1,45
grenig1_XC490558.ogg.npy,grenig1,69
zitcis1_XC795372.ogg.npy,zitcis1,181
litegr_XC411012.ogg.npy,litegr,106
crseag1_XC523491.ogg.npy,crseag1,50
copbar1_XC783719.ogg.npy,copbar1,46
bcnher_XC699735.ogg.npy,bcnher,10
grewar3_XC430647.ogg.npy,grewar3,70
houspa_XC811634.ogg.npy,houspa,82
graher1_XC587883.ogg.npy,graher1,62
litegr_XC840869.ogg.npy,litegr,106
bcnher_XC800593.ogg.npy,bcnher,10
comtai1_XC402973.ogg.npy,comtai1,45
kenplo1_XC718560.ogg.npy,kenplo1,98
woosan_XC800595.ogg.npy,woosan,177
comior1_XC297269.ogg.npy,comior1,38
comfla1_XC558424.ogg.npy,comfla1,36
categr_XC669289.ogg.npy,categr,33
whbwat1_XC150717.ogg.npy,whbwat1,171
comsan_XC674649.ogg.npy,comsan,44
laudov1_XC185511.ogg.npy,laudov1,101
hoopoe_XC788394.ogg.npy,hoopoe,80
spodov_XC710627.ogg.npy,spodov,155
graher1_XC381572.ogg.npy,graher1,62
zitcis1_XC639178.ogg.npy,zitcis1,181
grewar3_XC573376.ogg.npy,grewar3,70
grnwar1_XC135006.ogg.npy,grnwar1,72
litgre1_XC501094.ogg.npy,litgre1,107
zitcis1_XC460614.ogg.npy,zitcis1,181
stbkin1_XC578697.ogg.npy,stbkin1,158
blrwar1_XC562674.ogg.npy,blrwar1,20
eaywag1_XC645707.ogg.npy,eaywag1,53
barswa_XC643880.ogg.npy,barswa,9
gargan_XC361394.ogg.npy,gargan,59
houspa_XC175618.ogg.npy,houspa,82
categr_XC129098.ogg.npy,categr,33
comsan_XC266360.ogg.npy,comsan,44
malpar1_XC568954.ogg.npy,malpar1,112
comsan_XC835748.ogg.npy,comsan,44
asbfly_XC856776.ogg.npy,asbfly,0
purher1_XC746047.ogg.npy,purher1,132
comros_XC378783.ogg.npy,comros,43
bcnher_XC817622.ogg.npy,bcnher,10
comros_XC146004.ogg.npy,comros,43
rorpar_XC547224.ogg.npy,rorpar,143
comsan_XC829389.ogg.npy,comsan,44
pabflo1_XC164024.ogg.npy,pabflo1,123
grecou1_XC676987.ogg.npy,grecou1,64
comkin1_XC200250.ogg.npy,comkin1,39
wemhar1_XC733803.ogg.npy,wemhar1,166
whbbul2_XC208324.ogg.npy,whbbul2,167
tilwar1_XC191453.ogg.npy,tilwar1,162
purher1_XC619305.ogg.npy,purher1,132
bkskit1_XC361615.ogg.npy,bkskit1,13
comros_XC809744.ogg.npy,comros,43
rewbul_XC291448.ogg.npy,rewbul,140
commoo3_XC696568.ogg.npy,commoo3,40
bcnher_XC827749.ogg.npy,bcnher,10
woosan_XC278160.ogg.npy,woosan,177
woosan_XC584877.ogg.npy,woosan,177
graher1_XC794326.ogg.npy,graher1,62
grnwar1_XC594434.ogg.npy,grnwar1,72
eurcoo_XC643218.ogg.npy,eurcoo,57
junowl1_XC818543.ogg.npy,junowl1,97
woosan_XC743639.ogg.npy,woosan,177
purher1_XC644353.ogg.npy,purher1,132
eurcoo_XC715190.ogg.npy,eurcoo,57
commyn_XC110880.ogg.npy,commyn,41
eurcoo_XC26788.ogg.npy,eurcoo,57
comtai1_XC126749.ogg.npy,comtai1,45
comkin1_XC738159.ogg.npy,comkin1,39
stbkin1_XC240371.ogg.npy,stbkin1,158
rewlap1_XC732874.ogg.npy,rewlap1,141
piebus1_XC497083.ogg.npy,piebus1,125
rossta2_XC652561.ogg.npy,rossta2,144
eucdov_XC564836.ogg.npy,eucdov,55
graher1_XC799810.ogg.npy,graher1,62
hoopoe_XC750097.ogg.npy,hoopoe,80
whbwag1_XC267085.ogg.npy,whbwag1,170
grywag_XC633119.ogg.npy,grywag,76
bcnher_XC476511.ogg.npy,bcnher,10
graher1_XC667505.ogg.npy,graher1,62
rufbab3_XC282570.ogg.npy,rufbab3,145
blrwar1_XC566732.ogg.npy,blrwar1,20
comsan_XC818796.ogg.npy,comsan,44
dafbab1_XC296435.ogg.npy,dafbab1,51
rewbul_XC585176.ogg.npy,rewbul,140
zitcis1_XC803673.ogg.npy,zitcis1,181
rossta2_XC653843.ogg.npy,rossta2,144
bcnher_XC267057.ogg.npy,bcnher,10
sohmyn1_XC651286.ogg.npy,sohmyn1,153
eaywag1_XC675946.ogg.npy,eaywag1,53
brnhao1_XC546664.ogg.npy,brnhao1,26
lirplo_XC523192.ogg.npy,lirplo,105
woosan_XC777455.ogg.npy,woosan,177
whiter2_XC729914.ogg.npy,whiter2,174
greegr_XC811612.ogg.npy,greegr,65
comtai1_XC603999.ogg.npy,comtai1,45
junmyn1_XC208334.ogg.npy,junmyn1,96
grewar3_XC504435.ogg.npy,grewar3,70
comsan_XC584398.ogg.npy,comsan,44
litegr_XC333985.ogg.npy,litegr,106
rocpig_XC698375.ogg.npy,rocpig,142
bkskit1_XC350370.ogg.npy,bkskit1,13
tibfly3_XC163865.ogg.npy,tibfly3,161
woosan_XC557254.ogg.npy,woosan,177
bkskit1_XC360645.ogg.npy,bkskit1,13
comros_XC370816.ogg.npy,comros,43
bkwsti_XC721370.ogg.npy,bkwsti,14
laudov1_XC155909.ogg.npy,laudov1,101
labcro1_XC308929.ogg.npy,labcro1,100
grewar3_XC375796.ogg.npy,grewar3,70
plapri1_XC788001.ogg.npy,plapri1,129
rocpig_XC360365.ogg.npy,rocpig,142
comros_XC190924.ogg.npy,comros,43
comsan_XC668056.ogg.npy,comsan,44
brwowl1_XC719975.ogg.npy,brwowl1,30
rerswa1_XC196655.ogg.npy,rerswa1,138
categr_XC451817.ogg.npy,categr,33
whiter2_XC180967.ogg.npy,whiter2,174
placuc3_XC464043.ogg.npy,placuc3,127
bkskit1_XC350256.ogg.npy,bkskit1,13
litegr_XC795965.ogg.npy,litegr,106
litegr_XC718475.ogg.npy,litegr,106
asikoe2_XC787552.ogg.npy,asikoe2,4
blrwar1_XC573523.ogg.npy,blrwar1,20
lirplo_XC555838.ogg.npy,lirplo,105
comgre_XC642074.ogg.npy,comgre,37
commyn_XC269131.ogg.npy,commyn,41
ashdro1_XC116335.ogg.npy,ashdro1,1
tibfly3_XC209012.ogg.npy,tibfly3,161
eaywag1_XC204549.ogg.npy,eaywag1,53
spodov_XC545211.ogg.npy,spodov,155
lewduc1_XC686125.ogg.npy,lewduc1,104
zitcis1_XC356560.ogg.npy,zitcis1,181
woosan_XC216978.ogg.npy,woosan,177
comsan_XC556781.ogg.npy,comsan,44
placuc3_XC659325.ogg.npy,placuc3,127
rerswa1_XC471955.ogg.npy,rerswa1,138
categr_XC45472.ogg.npy,categr,33
bkwsti_XC798981.ogg.npy,bkwsti,14
grewar3_XC808604.ogg.npy,grewar3,70
woosan_XC644599.ogg.npy,woosan,177
grnwar1_XC736619.ogg.npy,grnwar1,72
kenplo1_XC649344.ogg.npy,kenplo1,98
comros_XC492510.ogg.npy,comros,43
commoo3_XC428499.ogg.npy,commoo3,40
blrwar1_XC734815.ogg.npy,blrwar1,20
vefnut1_XC31586.ogg.npy,vefnut1,163
eucdov_XC371905.ogg.npy,eucdov,55
houspa_XC459343.ogg.npy,houspa,82
litgre1_XC666192.ogg.npy,litgre1,107
comgre_XC686496.ogg.npy,comgre,37
shikra1_XC74449.ogg.npy,shikra1,151
bcnher_XC478220.ogg.npy,bcnher,10
eaywag1_XC481360.ogg.npy,eaywag1,53
bwfshr1_XC244035.ogg.npy,bwfshr1,32
gargan_XC827733.ogg.npy,gargan,59
ingori1_XC143255.ogg.npy,ingori1,88
comkin1_XC434676.ogg.npy,comkin1,39
bkskit1_XC360516.ogg.npy,bkskit1,13
gyhcaf1_XC151227.ogg.npy,gyhcaf1,78
comros_XC664972.ogg.npy,comros,43
brnhao1_XC438467.ogg.npy,brnhao1,26
blrwar1_XC650739.ogg.npy,blrwar1,20
comior1_XC661284.ogg.npy,comior1,38
blrwar1_XC574767.ogg.npy,blrwar1,20
woosan_XC664762.ogg.npy,woosan,177
rocpig_XC202269.ogg.npy,rocpig,142
grywag_XC420675.ogg.npy,grywag,76
brnhao1_XC730733.ogg.npy,brnhao1,26
lesyel1_XC151548.ogg.npy,lesyel1,103
grtdro1_XC651708.ogg.npy,grtdro1,73
bkwsti_XC797768.ogg.npy,bkwsti,14
bcnher_XC701523.ogg.npy,bcnher,10
eurcoo_XC730134.ogg.npy,eurcoo,57
rewbul_XC301704.ogg.npy,rewbul,140
grnsan_XC702006.ogg.npy,grnsan,71
whbwoo2_XC775169.ogg.npy,whbwoo2,172
purher1_XC742731.ogg.npy,purher1,132
litspi1_XC761904.ogg.npy,litspi1,108
litegr_XC596990.ogg.npy,litegr,106
comkin1_XC522821.ogg.npy,comkin1,39
comgre_XC745339.ogg.npy,comgre,37
whbwat1_XC541285.ogg.npy,whbwat1,171
blakit1_XC485741.ogg.npy,blakit1,17
grecou1_XC239404.ogg.npy,grecou1,64
litegr_XC574140.ogg.npy,litegr,106
wemhar1_XC365601.ogg.npy,wemhar1,166
rorpar_XC474519.ogg.npy,rorpar,143
graher1_XC802297.ogg.npy,graher1,62
woosan_XC565297.ogg.npy,woosan,177
nutman_XC382152.ogg.npy,nutman,120
wemhar1_XC592702.ogg.npy,wemhar1,166
rorpar_XC695604.ogg.npy,rorpar,143
bcnher_XC437720.ogg.npy,bcnher,10
litspi1_XC244319.ogg.npy,litspi1,108
houspa_XC464865.ogg.npy,houspa,82
zitcis1_XC634275.ogg.npy,zitcis1,181
bcnher_XC481923.ogg.npy,bcnher,10
kenplo1_XC837656.ogg.npy,kenplo1,98
blakit1_XC757061.ogg.npy,blakit1,17
emedov2_XC666199.ogg.npy,emedov2,54
litegr_XC730186.ogg.npy,litegr,106
redspu1_XC312771.ogg.npy,redspu1,137
brcful1_XC666046.ogg.npy,brcful1,24
comgre_XC824434.ogg.npy,comgre,37
blrwar1_XC814045.ogg.npy,blrwar1,20
bcnher_XC547031.ogg.npy,bcnher,10
commoo3_XC556745.ogg.npy,commoo3,40
eurcoo_XC628567.ogg.npy,eurcoo,57
redspu1_XC37584.ogg.npy,redspu1,137
pursun3_XC469367.ogg.npy,pursun3,133
bkwsti_XC588211.ogg.npy,bkwsti,14
eaywag1_XC376346.ogg.npy,eaywag1,53
commyn_XC114909.ogg.npy,commyn,41
bcnher_XC557328.ogg.npy,bcnher,10
lblwar1_XC411576.ogg.npy,lblwar1,102
eucdov_XC446524.ogg.npy,eucdov,55
spepic1_XC589301.ogg.npy,spepic1,154
houspa_XC582614.ogg.npy,houspa,82
houspa_XC175617.ogg.npy,houspa,82
lirplo_XC642219.ogg.npy,lirplo,105
grywag_XC376565.ogg.npy,grywag,76
grywag_XC701895.ogg.npy,grywag,76
commoo3_XC315363.ogg.npy,commoo3,40
blrwar1_XC184125.ogg.npy,blrwar1,20
grefla1_XC820702.ogg.npy,grefla1,66
grecou1_XC196956.ogg.npy,grecou1,64
insowl1_XC310619.ogg.npy,insowl1,91
yebbul3_XC178274.ogg.npy,yebbul3,180
mawthr1_XC455222.ogg.npy,mawthr1,116
ingori1_XC755734.ogg.npy,ingori1,88
grnsan_XC751085.ogg.npy,grnsan,71
comkin1_XC767393.ogg.npy,comkin1,39
rewbul_XC207909.ogg.npy,rewbul,140
grywag_XC235139.ogg.npy,grywag,76
rorpar_XC202283.ogg.npy,rorpar,143
crseag1_XC213912.ogg.npy,crseag1,50
forwag1_XC206000.ogg.npy,forwag1,58
houcro1_XC194310.ogg.npy,houcro1,81
graher1_XC728116.ogg.npy,graher1,62
brwowl1_XC409957.ogg.npy,brwowl1,30
blrwar1_XC345787.ogg.npy,blrwar1,20
nutman_XC816754.ogg.npy,nutman,120
gybpri1_XC858986.ogg.npy,gybpri1,77
greegr_XC455644.ogg.npy,greegr,65
greegr_XC807348.ogg.npy,greegr,65
comros_XC657070.ogg.npy,comros,43
whbwag1_XC463790.ogg.npy,whbwag1,170
grnsan_XC817689.ogg.npy,grnsan,71
indrob1_XC575120.ogg.npy,indrob1,85
whbwat1_XC357708.ogg.npy,whbwat1,171
yebbul3_XC353474.ogg.npy,yebbul3,180
eucdov_XC625921.ogg.npy,eucdov,55
ingori1_XC185493.ogg.npy,ingori1,88
thbwar1_XC394029.ogg.npy,thbwar1,160
categr_XC353850.ogg.npy,categr,33
yebbul3_XC786597.ogg.npy,yebbul3,180
laudov1_XC405377.ogg.npy,laudov1,101
shikra1_XC343014.ogg.npy,shikra1,151
comsan_XC686336.ogg.npy,comsan,44
comros_XC34998.ogg.npy,comros,43
blrwar1_XC581983.ogg.npy,blrwar1,20
litspi1_XC197380.ogg.npy,litspi1,108
sqtbul1_XC618873.ogg.npy,sqtbul1,157
woosan_XC664809.ogg.npy,woosan,177
grywag_XC677670.ogg.npy,grywag,76
labcro1_XC684623.ogg.npy,labcro1,100
lobsun2_XC498569.ogg.npy,lobsun2,110
lirplo_XC562810.ogg.npy,lirplo,105
comkin1_XC463059.ogg.npy,comkin1,39
brodro1_XC445638.ogg.npy,brodro1,28
rewbul_XC630189.ogg.npy,rewbul,140
commoo3_XC362200.ogg.npy,commoo3,40
brnhao1_XC124208.ogg.npy,brnhao1,26
bladro1_XC578826.ogg.npy,bladro1,15
litgre1_XC856386.ogg.npy,litgre1,107
whiter2_XC178202.ogg.npy,whiter2,174
houcro1_XC523319.ogg.npy,houcro1,81
greegr_XC336032.ogg.npy,greegr,65
putbab1_XC465693.ogg.npy,putbab1,136
whtkin2_XC633064.ogg.npy,whtkin2,176
woosan_XC673257.ogg.npy,woosan,177
rewlap1_XC572651.ogg.npy,rewlap1,141
woosan_XC742927.ogg.npy,woosan,177
graher1_XC589060.ogg.npy,graher1,62
bladro1_XC330303.ogg.npy,bladro1,15
comsan_XC760730.ogg.npy,comsan,44
inbrob1_XC265859.ogg.npy,inbrob1,83
labcro1_XC115152.ogg.npy,labcro1,100
brnshr_XC458248.ogg.npy,brnshr,27
bladro1_XC786974.ogg.npy,bladro1,15
woosan_XC826962.ogg.npy,woosan,177
ashwoo2_XC584167.ogg.npy,ashwoo2,3
houspa_XC433158.ogg.npy,houspa,82
whrmun_XC809320.ogg.npy,whrmun,175
grywag_XC603011.ogg.npy,grywag,76
purher1_XC826506.ogg.npy,purher1,132
eucdov_XC128849.ogg.npy,eucdov,55
comkin1_XC509674.ogg.npy,comkin1,39
graher1_XC497259.ogg.npy,graher1,62
blakit1_XC480258.ogg.npy,blakit1,17
barswa_XC428204.ogg.npy,barswa,9
barswa_XC306047.ogg.npy,barswa,9
barswa_XC770373.ogg.npy,barswa,9
comkin1_XC819519.ogg.npy,comkin1,39
lirplo_XC547915.ogg.npy,lirplo,105
grtdro1_XC116552.ogg.npy,grtdro1,73
nutman_XC441712.ogg.npy,nutman,120
hoopoe_XC367997.ogg.npy,hoopoe,80
graher1_XC607949.ogg.npy,graher1,62
comros_XC376485.ogg.npy,comros,43
bkwsti_XC599096.ogg.npy,bkwsti,14
bkwsti_XC487841.ogg.npy,bkwsti,14
compea_XC196656.ogg.npy,compea,42
eaywag1_XC765755.ogg.npy,eaywag1,53
bcnher_XC2797.ogg.npy,bcnher,10
eaywag1_XC584625.ogg.npy,eaywag1,53
shikra1_XC397784.ogg.npy,shikra1,151
comkin1_XC680210.ogg.npy,comkin1,39
commoo3_XC632839.ogg.npy,commoo3,40
whiter2_XC742687.ogg.npy,whiter2,174
grywag_XC750827.ogg.npy,grywag,76
eaywag1_XC743075.ogg.npy,eaywag1,53
comsan_XC590100.ogg.npy,comsan,44
scamin3_XC497292.ogg.npy,scamin3,150
greegr_XC597845.ogg.npy,greegr,65
houspa_XC360901.ogg.npy,houspa,82
litspi1_XC57249.ogg.npy,litspi1,108
houspa_XC544200.ogg.npy,houspa,82
crseag1_XC241042.ogg.npy,crseag1,50
grewar3_XC745754.ogg.npy,grewar3,70
grnsan_XC633454.ogg.npy,grnsan,71
rorpar_XC481831.ogg.npy,rorpar,143
eurcoo_XC713483.ogg.npy,eurcoo,57
comsan_XC558727.ogg.npy,comsan,44
ashdro1_XC492732.ogg.npy,ashdro1,1
kenplo1_XC785269.ogg.npy,kenplo1,98
comsan_XC676427.ogg.npy,comsan,44
comsan_XC496097.ogg.npy,comsan,44
crseag1_XC321538.ogg.npy,crseag1,50
pursun4_XC195584.ogg.npy,pursun4,134
eurcoo_XC543183.ogg.npy,eurcoo,57
graher1_XC832779.ogg.npy,graher1,62
zitcis1_XC727228.ogg.npy,zitcis1,181
whrmun_XC768407.ogg.npy,whrmun,175
woosan_XC846041.ogg.npy,woosan,177
comior1_XC461231.ogg.npy,comior1,38
litswi1_XC315558.ogg.npy,litswi1,109
barswa_XC747401.ogg.npy,barswa,9
litgre1_XC687079.ogg.npy,litgre1,107
grewar3_XC735991.ogg.npy,grewar3,70
comgre_XC668890.ogg.npy,comgre,37
barswa_XC344095.ogg.npy,barswa,9
pomgrp2_XC397146.ogg.npy,pomgrp2,131
crseag1_XC466084.ogg.npy,crseag1,50
ashdro1_XC463832.ogg.npy,ashdro1,1
whbwat1_XC783708.ogg.npy,whbwat1,171
comkin1_XC505719.ogg.npy,comkin1,39
marsan_XC138817.ogg.npy,marsan,115
grewar3_XC181224.ogg.npy,grewar3,70
eucdov_XC658231.ogg.npy,eucdov,55
eaywag1_XC497336.ogg.npy,eaywag1,53
grnwar1_XC207762.ogg.npy,grnwar1,72
wemhar1_XC586239.ogg.npy,wemhar1,166
lewduc1_XC190866.ogg.npy,lewduc1,104
gyhcaf1_XC799360.ogg.npy,gyhcaf1,78
kenplo1_XC837287.ogg.npy,kenplo1,98
kenplo1_XC808295.ogg.npy,kenplo1,98
comgre_XC267939.ogg.npy,comgre,37
comkin1_XC826967.ogg.npy,comkin1,39
comsan_XC829354.ogg.npy,comsan,44
wemhar1_XC721058.ogg.npy,wemhar1,166
whtkin2_XC621463.ogg.npy,whtkin2,176
zitcis1_XC323194.ogg.npy,zitcis1,181
grewar3_XC420665.ogg.npy,grewar3,70
grnwar1_XC317644.ogg.npy,grnwar1,72
comkin1_XC832055.ogg.npy,comkin1,39
crbsun2_XC604032.ogg.npy,crbsun2,47
zitcis1_XC745668.ogg.npy,zitcis1,181
bkskit1_XC805220.ogg.npy,bkskit1,13
inbrob1_XC312278.ogg.npy,inbrob1,83
litgre1_XC638691.ogg.npy,litgre1,107
crseag1_XC482239.ogg.npy,crseag1,50
barswa_XC807140.ogg.npy,barswa,9
comtai1_XC721355.ogg.npy,comtai1,45
whiter2_XC845780.ogg.npy,whiter2,174
eucdov_XC483399.ogg.npy,eucdov,55
comsan_XC668902.ogg.npy,comsan,44
ashpri1_XC788174.ogg.npy,ashpri1,2
comgre_XC492653.ogg.npy,comgre,37
labcro1_XC344447.ogg.npy,labcro1,100
eurcoo_XC362195.ogg.npy,eurcoo,57
comsan_XC799057.ogg.npy,comsan,44
stbkin1_XC582602.ogg.npy,stbkin1,158
revbul_XC174862.ogg.npy,revbul,139
grnwar1_XC135004.ogg.npy,grnwar1,72
blhori1_XC371944.ogg.npy,blhori1,18
litspi1_XC390754.ogg.npy,litspi1,108
commoo3_XC486755.ogg.npy,commoo3,40
shikra1_XC185038.ogg.npy,shikra1,151
rorpar_XC355179.ogg.npy,rorpar,143
woosan_XC724017.ogg.npy,woosan,177
ingori1_XC464133.ogg.npy,ingori1,88
lirplo_XC648430.ogg.npy,lirplo,105
plapri1_XC338726.ogg.npy,plapri1,129
comros_XC569924.ogg.npy,comros,43
brodro1_XC623265.ogg.npy,brodro1,28
graher1_XC607064.ogg.npy,graher1,62
piekin1_XC517410.ogg.npy,piekin1,126
pursun3_XC242415.ogg.npy,pursun3,133
comkin1_XC623937.ogg.npy,comkin1,39
comtai1_XC241382.ogg.npy,comtai1,45
purher1_XC725732.ogg.npy,purher1,132
litgre1_XC642235.ogg.npy,litgre1,107
eucdov_XC802284.ogg.npy,eucdov,55
brnshr_XC162688.ogg.npy,brnshr,27
placuc3_XC214136.ogg.npy,placuc3,127
lirplo_XC627307.ogg.npy,lirplo,105
eaywag1_XC544240.ogg.npy,eaywag1,53
commyn_XC825746.ogg.npy,commyn,41
grenig1_XC203635.ogg.npy,grenig1,69
blrwar1_XC733119.ogg.npy,blrwar1,20
crseag1_XC665788.ogg.npy,crseag1,50
grewar3_XC431692.ogg.npy,grewar3,70
grecou1_XC293569.ogg.npy,grecou1,64
litgre1_XC528152.ogg.npy,litgre1,107
bkwsti_XC686814.ogg.npy,bkwsti,14
bcnher_XC528094.ogg.npy,bcnher,10
comsan_XC429318.ogg.npy,comsan,44
shikra1_XC441583.ogg.npy,shikra1,151
ashdro1_XC707794.ogg.npy,ashdro1,1
gargan_XC131152.ogg.npy,gargan,59
eucdov_XC544639.ogg.npy,eucdov,55
bkskit1_XC352550.ogg.npy,bkskit1,13
comgre_XC831319.ogg.npy,comgre,37
rorpar_XC855830.ogg.npy,rorpar,143
grywag_XC506554.ogg.npy,grywag,76
brwjac1_XC318463.ogg.npy,brwjac1,29
nutman_XC718279.ogg.npy,nutman,120
tibfly3_XC164016.ogg.npy,tibfly3,161
comros_XC181309.ogg.npy,comros,43
bkrfla1_XC469352.ogg.npy,bkrfla1,12
crbsun2_XC163911.ogg.npy,crbsun2,47
comsan_XC555245.ogg.npy,comsan,44
comkin1_XC315331.ogg.npy,comkin1,39
graher1_XC826762.ogg.npy,graher1,62
brnhao1_XC740229.ogg.npy,brnhao1,26
gargan_XC644633.ogg.npy,gargan,59
revbul_XC541611.ogg.npy,revbul,139
piekin1_XC855529.ogg.npy,piekin1,126
blnmon1_XC497014.ogg.npy,blnmon1,19
houspa_XC527133.ogg.npy,houspa,82
blrwar1_XC718711.ogg.npy,blrwar1,20
litswi1_XC440301.ogg.npy,litswi1,109
bkrfla1_XC196734.ogg.npy,bkrfla1,12
lirplo_XC182465.ogg.npy,lirplo,105
whbwat1_XC304319.ogg.npy,whbwat1,171
blrwar1_XC692991.ogg.npy,blrwar1,20
plhpar1_XC403958.ogg.npy,plhpar1,130
comros_XC184589.ogg.npy,comros,43
comgre_XC266351.ogg.npy,comgre,37
comsan_XC621615.ogg.npy,comsan,44
kenplo1_XC555089.ogg.npy,kenplo1,98
plapri1_XC840882.ogg.npy,plapri1,129
brcful1_XC642356.ogg.npy,brcful1,24
comgre_XC807758.ogg.npy,comgre,37
bcnher_XC856308.ogg.npy,bcnher,10
grtdro1_XC205311.ogg.npy,grtdro1,73
spodov_XC539818.ogg.npy,spodov,155
grewar3_XC181090.ogg.npy,grewar3,70
kenplo1_XC488745.ogg.npy,kenplo1,98
wemhar1_XC638179.ogg.npy,wemhar1,166
spodov_XC186558.ogg.npy,spodov,155
lewduc1_XC777061.ogg.npy,lewduc1,104
indrob1_XC197115.ogg.npy,indrob1,85
grnsan_XC738522.ogg.npy,grnsan,71
rorpar_XC338695.ogg.npy,rorpar,143
woosan_XC204559.ogg.npy,woosan,177
whiter2_XC770344.ogg.npy,whiter2,174
grtdro1_XC770572.ogg.npy,grtdro1,73
commoo3_XC781082.ogg.npy,commoo3,40
rewbul_XC210183.ogg.npy,rewbul,140
whcbar1_XC460802.ogg.npy,whcbar1,173
comros_XC573403.ogg.npy,comros,43
blrwar1_XC567058.ogg.npy,blrwar1,20
barswa_XC663206.ogg.npy,barswa,9
hoopoe_XC504497.ogg.npy,hoopoe,80
grtdro1_XC284775.ogg.npy,grtdro1,73
grnsan_XC840089.ogg.npy,grnsan,71
bcnher_XC697838.ogg.npy,bcnher,10
hoopoe_XC536152.ogg.npy,hoopoe,80
rerswa1_XC611239.ogg.npy,rerswa1,138
graher1_XC182868.ogg.npy,graher1,62
eurcoo_XC680709.ogg.npy,eurcoo,57
comsan_XC801188.ogg.npy,comsan,44
bkwsti_XC721979.ogg.npy,bkwsti,14
graher1_XC586707.ogg.npy,graher1,62
rocpig_XC829901.ogg.npy,rocpig,142
zitcis1_XC742836.ogg.npy,zitcis1,181
bcnher_XC357564.ogg.npy,bcnher,10
commyn_XC73131.ogg.npy,commyn,41
commoo3_XC620168.ogg.npy,commoo3,40
houcro1_XC687323.ogg.npy,houcro1,81
rerswa1_XC310320.ogg.npy,rerswa1,138
zitcis1_XC142812.ogg.npy,zitcis1,181
copbar1_XC362179.ogg.npy,copbar1,46
woosan_XC672984.ogg.npy,woosan,177
rorpar_XC630592.ogg.npy,rorpar,143
grecou1_XC621008.ogg.npy,grecou1,64
comkin1_XC845422.ogg.npy,comkin1,39
grefla1_XC619765.ogg.npy,grefla1,66
whbwat1_XC712737.ogg.npy,whbwat1,171
grtdro1_XC362757.ogg.npy,grtdro1,73
purher1_XC784183.ogg.npy,purher1,132
bkwsti_XC418409.ogg.npy,bkwsti,14
tibfly3_XC572664.ogg.npy,tibfly3,161
whiter2_XC263345.ogg.npy,whiter2,174
lirplo_XC527174.ogg.npy,lirplo,105
greegr_XC188001.ogg.npy,greegr,65
blrwar1_XC561869.ogg.npy,blrwar1,20
eucdov_XC481132.ogg.npy,eucdov,55
comgre_XC672544.ogg.npy,comgre,37
eucdov_XC402437.ogg.npy,eucdov,55
lirplo_XC646469.ogg.npy,lirplo,105
rorpar_XC167769.ogg.npy,rorpar,143
blakit1_XC628280.ogg.npy,blakit1,17
houspa_XC315991.ogg.npy,houspa,82
blnmon1_XC345154.ogg.npy,blnmon1,19
comtai1_XC643663.ogg.npy,comtai1,45
blhori1_XC628393.ogg.npy,blhori1,18
hoopoe_XC834416.ogg.npy,hoopoe,80
nutman_XC558256.ogg.npy,nutman,120
plapri1_XC721172.ogg.npy,plapri1,129
grnsan_XC754737.ogg.npy,grnsan,71
litegr_XC333893.ogg.npy,litegr,106
mawthr1_XC400394.ogg.npy,mawthr1,116
whbwat1_XC822437.ogg.npy,whbwat1,171
comsan_XC27065.ogg.npy,comsan,44
grewar3_XC206317.ogg.npy,grewar3,70
lobsun2_XC268366.ogg.npy,lobsun2,110
barswa_XC741809.ogg.npy,barswa,9
graher1_XC559528.ogg.npy,graher1,62
rocpig_XC541143.ogg.npy,rocpig,142
junbab2_XC578190.ogg.npy,junbab2,95
woosan_XC814873.ogg.npy,woosan,177
comros_XC837038.ogg.npy,comros,43
whtkin2_XC155920.ogg.npy,whtkin2,176
pursun4_XC676583.ogg.npy,pursun4,134
crbsun2_XC214027.ogg.npy,crbsun2,47
grywag_XC588720.ogg.npy,grywag,76
eaywag1_XC243654.ogg.npy,eaywag1,53
nutman_XC207443.ogg.npy,nutman,120
bcnher_XC481939.ogg.npy,bcnher,10
barswa_XC499075.ogg.npy,barswa,9
litspi1_XC126805.ogg.npy,litspi1,108
comsan_XC668161.ogg.npy,comsan,44
whcbar1_XC788184.ogg.npy,whcbar1,173
barswa_XC330429.ogg.npy,barswa,9
bkwsti_XC182739.ogg.npy,bkwsti,14
comkin1_XC432063.ogg.npy,comkin1,39
grejun2_XC644238.ogg.npy,grejun2,68
bcnher_XC655739.ogg.npy,bcnher,10
blrwar1_XC658348.ogg.npy,blrwar1,20
labcro1_XC663927.ogg.npy,labcro1,100
sttwoo1_XC213965.ogg.npy,sttwoo1,159
litegr_XC841081.ogg.npy,litegr,106
grnsan_XC542515.ogg.npy,grnsan,71
purher1_XC585921.ogg.npy,purher1,132
comsan_XC489268.ogg.npy,comsan,44
lirplo_XC448947.ogg.npy,lirplo,105
graher1_XC598023.ogg.npy,graher1,62
comgre_XC777817.ogg.npy,comgre,37
comros_XC416787.ogg.npy,comros,43
eurbla2_XC574615.ogg.npy,eurbla2,56
whtkin2_XC575208.ogg.npy,whtkin2,176
bladro1_XC239438.ogg.npy,bladro1,15
rerswa1_XC399234.ogg.npy,rerswa1,138
putbab1_XC696743.ogg.npy,putbab1,136
ingori1_XC188484.ogg.npy,ingori1,88
commyn_XC402381.ogg.npy,commyn,41
comkin1_XC502269.ogg.npy,comkin1,39
rocpig_XC181094.ogg.npy,rocpig,142
houspa_XC402357.ogg.npy,houspa,82
pabflo1_XC741594.ogg.npy,pabflo1,123
eaywag1_XC494491.ogg.npy,eaywag1,53
rorpar_XC783589.ogg.npy,rorpar,143
aspswi1_XC283409.ogg.npy,aspswi1,7
comkin1_XC150030.ogg.npy,comkin1,39
woosan_XC140447.ogg.npy,woosan,177
asbfly_XC578908.ogg.npy,asbfly,0
whiter2_XC135814.ogg.npy,whiter2,174
bcnher_XC741694.ogg.npy,bcnher,10
labcro1_XC787547.ogg.npy,labcro1,100
spodov_XC37600.ogg.npy,spodov,155
comros_XC129461.ogg.npy,comros,43
grywag_XC708221.ogg.npy,grywag,76
grewar3_XC809436.ogg.npy,grewar3,70
gybpri1_XC548375.ogg.npy,gybpri1,77
tibfly3_XC189109.ogg.npy,tibfly3,161
comior1_XC284767.ogg.npy,comior1,38
commoo3_XC400809.ogg.npy,commoo3,40
labcro1_XC684247.ogg.npy,labcro1,100
grywag_XC412765.ogg.npy,grywag,76
grywag_XC633116.ogg.npy,grywag,76
nutman_XC783715.ogg.npy,nutman,120
bcnher_XC240302.ogg.npy,bcnher,10
plapri1_XC575213.ogg.npy,plapri1,129
crseag1_XC417397.ogg.npy,crseag1,50
comior1_XC606375.ogg.npy,comior1,38
greegr_XC130689.ogg.npy,greegr,65
bkskit1_XC351409.ogg.npy,bkskit1,13
stbkin1_XC404134.ogg.npy,stbkin1,158
graher1_XC855157.ogg.npy,graher1,62
comkin1_XC714223.ogg.npy,comkin1,39
lesyel1_XC406134.ogg.npy,lesyel1,103
oripip1_XC346385.ogg.npy,oripip1,122
compea_XC208916.ogg.npy,compea,42
thbwar1_XC340011.ogg.npy,thbwar1,160
asbfly_XC716740.ogg.npy,asbfly,0
bkskit1_XC433769.ogg.npy,bkskit1,13
whbwat1_XC396583.ogg.npy,whbwat1,171
grynig2_XC196578.ogg.npy,grynig2,75
indrob1_XC785417.ogg.npy,indrob1,85
sbeowl1_XC194753.ogg.npy,sbeowl1,149
brcful1_XC157971.ogg.npy,brcful1,24
houspa_XC175621.ogg.npy,houspa,82
goflea1_XC19678.ogg.npy,goflea1,61
comgre_XC829333.ogg.npy,comgre,37
insowl1_XC303713.ogg.npy,insowl1,91
ruftre2_XC240364.ogg.npy,ruftre2,146
wemhar1_XC623539.ogg.npy,wemhar1,166
barswa_XC459354.ogg.npy,barswa,9
grnwar1_XC795529.ogg.npy,grnwar1,72
spoowl1_XC442331.ogg.npy,spoowl1,156
comtai1_XC684266.ogg.npy,comtai1,45
ruftre2_XC426340.ogg.npy,ruftre2,146
rewlap1_XC208798.ogg.npy,rewlap1,141
rewlap1_XC295443.ogg.npy,rewlap1,141
eucdov_XC573942.ogg.npy,eucdov,55
forwag1_XC814058.ogg.npy,forwag1,58
litegr_XC795969.ogg.npy,litegr,106
bkwsti_XC570969.ogg.npy,bkwsti,14
asikoe2_XC476378.ogg.npy,asikoe2,4
bkskit1_XC351399.ogg.npy,bkskit1,13
commoo3_XC844780.ogg.npy,commoo3,40
eurcoo_XC436379.ogg.npy,eurcoo,57
rorpar_XC283707.ogg.npy,rorpar,143
woosan_XC431564.ogg.npy,woosan,177
commoo3_XC597221.ogg.npy,commoo3,40
grnsan_XC814761.ogg.npy,grnsan,71
blrwar1_XC506489.ogg.npy,blrwar1,20
eaywag1_XC672859.ogg.npy,eaywag1,53
eucdov_XC814143.ogg.npy,eucdov,55
rewbul_XC469080.ogg.npy,rewbul,140
brakit1_XC663577.ogg.npy,brakit1,22
compea_XC812476.ogg.npy,compea,42
woosan_XC827752.ogg.npy,woosan,177
bcnher_XC794587.ogg.npy,bcnher,10
bkrfla1_XC324155.ogg.npy,bkrfla1,12
zitcis1_XC310412.ogg.npy,zitcis1,181
brnshr_XC441578.ogg.npy,brnshr,27
putbab1_XC316365.ogg.npy,putbab1,136
graher1_XC740192.ogg.npy,graher1,62
dafbab1_XC453490.ogg.npy,dafbab1,51
labcro1_XC842166.ogg.npy,labcro1,100
eucdov_XC585928.ogg.npy,eucdov,55
comior1_XC57247.ogg.npy,comior1,38
compea_XC412767.ogg.npy,compea,42
bkwsti_XC536442.ogg.npy,bkwsti,14
zitcis1_XC338812.ogg.npy,zitcis1,181
ashdro1_XC139175.ogg.npy,ashdro1,1
grywag_XC571656.ogg.npy,grywag,76
rewbul_XC304449.ogg.npy,rewbul,140
lblwar1_XC265869.ogg.npy,lblwar1,102
putbab1_XC487711.ogg.npy,putbab1,136
comgre_XC456727.ogg.npy,comgre,37
litegr_XC632272.ogg.npy,litegr,106
rewlap1_XC416117.ogg.npy,rewlap1,141
wemhar1_XC557231.ogg.npy,wemhar1,166
houspa_XC539455.ogg.npy,houspa,82
comsan_XC802129.ogg.npy,comsan,44
grewar3_XC180477.ogg.npy,grewar3,70
eucdov_XC696154.ogg.npy,eucdov,55
nutman_XC268840.ogg.npy,nutman,120
wemhar1_XC411295.ogg.npy,wemhar1,166
litegr_XC741964.ogg.npy,litegr,106
whtkin2_XC576691.ogg.npy,whtkin2,176
gargan_XC182411.ogg.npy,gargan,59
categr_XC800224.ogg.npy,categr,33
woosan_XC363663.ogg.npy,woosan,177
gyhcaf1_XC151229.ogg.npy,gyhcaf1,78
grtdro1_XC124360.ogg.npy,grtdro1,73
copbar1_XC142516.ogg.npy,copbar1,46
indrol2_XC555541.ogg.npy,indrol2,86
ruftre2_XC403960.ogg.npy,ruftre2,146
btbeat1_XC40053.ogg.npy,btbeat1,31
comros_XC486708.ogg.npy,comros,43
bkwsti_XC636949.ogg.npy,bkwsti,14
eaywag1_XC524524.ogg.npy,eaywag1,53
rufwoo2_XC646643.ogg.npy,rufwoo2,147
comros_XC27955.ogg.npy,comros,43
comtai1_XC616973.ogg.npy,comtai1,45
comsan_XC665492.ogg.npy,comsan,44
whbbul2_XC209556.ogg.npy,whbbul2,167
hoopoe_XC657760.ogg.npy,hoopoe,80
greegr_XC145803.ogg.npy,greegr,65
houspa_XC183686.ogg.npy,houspa,82
indpit1_XC442822.ogg.npy,indpit1,84
comkin1_XC686764.ogg.npy,comkin1,39
eurbla2_XC256107.ogg.npy,eurbla2,56
asikoe2_XC444228.ogg.npy,asikoe2,4
piebus1_XC826966.ogg.npy,piebus1,125
brnhao1_XC540144.ogg.npy,brnhao1,26
lirplo_XC184342.ogg.npy,lirplo,105
commoo3_XC268554.ogg.npy,commoo3,40
grewar3_XC134126.ogg.npy,grewar3,70
grnsan_XC547921.ogg.npy,grnsan,71
grewar3_XC282723.ogg.npy,grewar3,70
brcful1_XC843810.ogg.npy,brcful1,24
grnsan_XC175473.ogg.npy,grnsan,71
bkskit1_XC353839.ogg.npy,bkskit1,13
piebus1_XC776374.ogg.npy,piebus1,125
comsan_XC804670.ogg.npy,comsan,44
ashdro1_XC651728.ogg.npy,ashdro1,1
spepic1_XC706693.ogg.npy,spepic1,154
stbkin1_XC37603.ogg.npy,stbkin1,158
eucdov_XC507343.ogg.npy,eucdov,55
grywag_XC267570.ogg.npy,grywag,76
bladro1_XC580643.ogg.npy,bladro1,15
bcnher_XC276735.ogg.npy,bcnher,10
grnsan_XC34109.ogg.npy,grnsan,71
putbab1_XC173266.ogg.npy,putbab1,136
brnhao1_XC610740.ogg.npy,brnhao1,26
spodov_XC293551.ogg.npy,spodov,155
marsan_XC733179.ogg.npy,marsan,115
houspa_XC571254.ogg.npy,houspa,82
woosan_XC423394.ogg.npy,woosan,177
comros_XC199125.ogg.npy,comros,43
bkwsti_XC662166.ogg.npy,bkwsti,14
grewar3_XC180534.ogg.npy,grewar3,70
blnmon1_XC402879.ogg.npy,blnmon1,19
litgre1_XC267214.ogg.npy,litgre1,107
smamin1_XC397187.ogg.npy,smamin1,152
piebus1_XC204612.ogg.npy,piebus1,125
rorpar_XC446300.ogg.npy,rorpar,143
junbab2_XC665602.ogg.npy,junbab2,95
comros_XC134729.ogg.npy,comros,43
litswi1_XC723394.ogg.npy,litswi1,109
houspa_XC627467.ogg.npy,houspa,82
eucdov_XC777782.ogg.npy,eucdov,55
blhori1_XC396841.ogg.npy,blhori1,18
indrob1_XC308269.ogg.npy,indrob1,85
litgre1_XC571553.ogg.npy,litgre1,107
litegr_XC601281.ogg.npy,litegr,106
comkin1_XC666616.ogg.npy,comkin1,39
graher1_XC659606.ogg.npy,graher1,62
wemhar1_XC590354.ogg.npy,wemhar1,166
labcro1_XC375236.ogg.npy,labcro1,100
bcnher_XC294018.ogg.npy,bcnher,10
litgre1_XC624657.ogg.npy,litgre1,107
whbbul2_XC295481.ogg.npy,whbbul2,167
commoo3_XC640693.ogg.npy,commoo3,40
blakit1_XC583029.ogg.npy,blakit1,17
grywag_XC563695.ogg.npy,grywag,76
comsan_XC552513.ogg.npy,comsan,44
bkwsti_XC557035.ogg.npy,bkwsti,14
whbwat1_XC539778.ogg.npy,whbwat1,171
aspswi1_XC286657.ogg.npy,aspswi1,7
grnsan_XC814344.ogg.npy,grnsan,71
woosan_XC814623.ogg.npy,woosan,177
rorpar_XC237579.ogg.npy,rorpar,143
whiter2_XC184345.ogg.npy,whiter2,174
grnwar1_XC208998.ogg.npy,grnwar1,72
rorpar_XC757943.ogg.npy,rorpar,143
grywag_XC367186.ogg.npy,grywag,76
rewlap1_XC483703.ogg.npy,rewlap1,141
commoo3_XC461623.ogg.npy,commoo3,40
grecou1_XC784590.ogg.npy,grecou1,64
bkcbul1_XC362109.ogg.npy,bkcbul1,11
blnmon1_XC639712.ogg.npy,blnmon1,19
houcro1_XC443481.ogg.npy,houcro1,81
gargan_XC790233.ogg.npy,gargan,59
asikoe2_XC591315.ogg.npy,asikoe2,4
houspa_XC784249.ogg.npy,houspa,82
categr_XC857912.ogg.npy,categr,33
woosan_XC552623.ogg.npy,woosan,177
whiter2_XC585394.ogg.npy,whiter2,174
kenplo1_XC333817.ogg.npy,kenplo1,98
woosan_XC153897.ogg.npy,woosan,177
bkwsti_XC835130.ogg.npy,bkwsti,14
lirplo_XC326570.ogg.npy,lirplo,105
bkwsti_XC726189.ogg.npy,bkwsti,14
grecou1_XC157744.ogg.npy,grecou1,64
grynig2_XC197110.ogg.npy,grynig2,75
grywag_XC393743.ogg.npy,grywag,76
thbwar1_XC485017.ogg.npy,thbwar1,160
revbul_XC352142.ogg.npy,revbul,139
brodro1_XC207264.ogg.npy,brodro1,28
comtai1_XC309726.ogg.npy,comtai1,45
indrol2_XC398456.ogg.npy,indrol2,86
bkwsti_XC650191.ogg.npy,bkwsti,14
litegr_XC448898.ogg.npy,litegr,106
lirplo_XC804970.ogg.npy,lirplo,105
rocpig_XC488173.ogg.npy,rocpig,142
graher1_XC570619.ogg.npy,graher1,62
comgre_XC836921.ogg.npy,comgre,37
blnmon1_XC665062.ogg.npy,blnmon1,19
comkin1_XC305141.ogg.npy,comkin1,39
purher1_XC480204.ogg.npy,purher1,132
litgre1_XC629807.ogg.npy,litgre1,107
grnsan_XC664801.ogg.npy,grnsan,71
kenplo1_XC550837.ogg.npy,kenplo1,98
bkwsti_XC263311.ogg.npy,bkwsti,14
comior1_XC793206.ogg.npy,comior1,38
brwowl1_XC637206.ogg.npy,brwowl1,30
blrwar1_XC139033.ogg.npy,blrwar1,20
comros_XC750945.ogg.npy,comros,43
blrwar1_XC480406.ogg.npy,blrwar1,20
lesyel1_XC151547.ogg.npy,lesyel1,103
purher1_XC748055.ogg.npy,purher1,132
grnsan_XC578544.ogg.npy,grnsan,71
comgre_XC799696.ogg.npy,comgre,37
insowl1_XC216497.ogg.npy,insowl1,91
hoopoe_XC149053.ogg.npy,hoopoe,80
brodro1_XC477950.ogg.npy,brodro1,28
integr_XC842970.ogg.npy,integr,92
blrwar1_XC809377.ogg.npy,blrwar1,20
barswa_XC324839.ogg.npy,barswa,9
kenplo1_XC817404.ogg.npy,kenplo1,98
gyhcaf1_XC681923.ogg.npy,gyhcaf1,78
categr_XC113766.ogg.npy,categr,33
eurcoo_XC585648.ogg.npy,eurcoo,57
rocpig_XC793581.ogg.npy,rocpig,142
eaywag1_XC151528.ogg.npy,eaywag1,53
greegr_XC738072.ogg.npy,greegr,65
piebus1_XC686232.ogg.npy,piebus1,125
piebus1_XC404479.ogg.npy,piebus1,125
rerswa1_XC371367.ogg.npy,rerswa1,138
junowl1_XC73789.ogg.npy,junowl1,97
grewar3_XC348261.ogg.npy,grewar3,70
bcnher_XC241679.ogg.npy,bcnher,10
rorpar_XC202571.ogg.npy,rorpar,143
barswa_XC471775.ogg.npy,barswa,9
ashdro1_XC335978.ogg.npy,ashdro1,1
lirplo_XC638026.ogg.npy,lirplo,105
greegr_XC187098.ogg.npy,greegr,65
houcro1_XC454305.ogg.npy,houcro1,81
brnshr_XC345216.ogg.npy,brnshr,27
grecou1_XC723677.ogg.npy,grecou1,64
whtkin2_XC304327.ogg.npy,whtkin2,176
houspa_XC588855.ogg.npy,houspa,82
bladro1_XC209203.ogg.npy,bladro1,15
litegr_XC411010.ogg.npy,litegr,106
eurcoo_XC364923.ogg.npy,eurcoo,57
eurcoo_XC305957.ogg.npy,eurcoo,57
houspa_XC440680.ogg.npy,houspa,82
wemhar1_XC473954.ogg.npy,wemhar1,166
hoopoe_XC689716.ogg.npy,hoopoe,80
blnmon1_XC292510.ogg.npy,blnmon1,19
purher1_XC412510.ogg.npy,purher1,132
laudov1_XC444435.ogg.npy,laudov1,101
grywag_XC483470.ogg.npy,grywag,76
whbwat1_XC781779.ogg.npy,whbwat1,171
brakit1_XC575564.ogg.npy,brakit1,22
comtai1_XC410318.ogg.npy,comtai1,45
grnsan_XC326656.ogg.npy,grnsan,71
barswa_XC477005.ogg.npy,barswa,9
houspa_XC167743.ogg.npy,houspa,82
rorpar_XC402325.ogg.npy,rorpar,143
commoo3_XC628214.ogg.npy,commoo3,40
comgre_XC467933.ogg.npy,comgre,37
rerswa1_XC293580.ogg.npy,rerswa1,138
plapri1_XC74456.ogg.npy,plapri1,129
commoo3_XC794766.ogg.npy,commoo3,40
bkwsti_XC268620.ogg.npy,bkwsti,14
zitcis1_XC768492.ogg.npy,zitcis1,181
whiter2_XC660324.ogg.npy,whiter2,174
purher1_XC793708.ogg.npy,purher1,132
yebbab1_XC531087.ogg.npy,yebbab1,179
zitcis1_XC126357.ogg.npy,zitcis1,181
ashpri1_XC186708.ogg.npy,ashpri1,2
eucdov_XC746321.ogg.npy,eucdov,55
bkwsti_XC775273.ogg.npy,bkwsti,14
rewbul_XC524196.ogg.npy,rewbul,140
kenplo1_XC485350.ogg.npy,kenplo1,98
shikra1_XC545721.ogg.npy,shikra1,151
btbeat1_XC444462.ogg.npy,btbeat1,31
hoopoe_XC555388.ogg.npy,hoopoe,80
commoo3_XC716402.ogg.npy,commoo3,40
comgre_XC747588.ogg.npy,comgre,37
rewbul_XC400967.ogg.npy,rewbul,140
spodov_XC463317.ogg.npy,spodov,155
eaywag1_XC145084.ogg.npy,eaywag1,53
ashpri1_XC788228.ogg.npy,ashpri1,2
eaywag1_XC856317.ogg.npy,eaywag1,53
inbrob1_XC20191.ogg.npy,inbrob1,83
blnmon1_XC551670.ogg.npy,blnmon1,19
rerswa1_XC423911.ogg.npy,rerswa1,138
comior1_XC192030.ogg.npy,comior1,38
categr_XC845737.ogg.npy,categr,33
comsan_XC381328.ogg.npy,comsan,44
gargan_XC340607.ogg.npy,gargan,59
hoopoe_XC657763.ogg.npy,hoopoe,80
eaywag1_XC832047.ogg.npy,eaywag1,53
grywag_XC704360.ogg.npy,grywag,76
eucdov_XC747818.ogg.npy,eucdov,55
comkin1_XC581603.ogg.npy,comkin1,39
wemhar1_XC769190.ogg.npy,wemhar1,166
litswi1_XC203039.ogg.npy,litswi1,109
kenplo1_XC718497.ogg.npy,kenplo1,98
litspi1_XC363423.ogg.npy,litspi1,108
zitcis1_XC570141.ogg.npy,zitcis1,181
rerswa1_XC384434.ogg.npy,rerswa1,138
greegr_XC751146.ogg.npy,greegr,65
purher1_XC837005.ogg.npy,purher1,132
bkskit1_XC350250.ogg.npy,bkskit1,13
zitcis1_XC288599.ogg.npy,zitcis1,181
whrmun_XC711687.ogg.npy,whrmun,175
eaywag1_XC306208.ogg.npy,eaywag1,53
blnmon1_XC528927.ogg.npy,blnmon1,19
bkwsti_XC478424.ogg.npy,bkwsti,14
bkskit1_XC353817.ogg.npy,bkskit1,13
whbwat1_XC303532.ogg.npy,whbwat1,171
emedov2_XC423282.ogg.npy,emedov2,54
sohmyn1_XC192896.ogg.npy,sohmyn1,153
grewar3_XC845833.ogg.npy,grewar3,70
grtdro1_XC151393.ogg.npy,grtdro1,73
bkwsti_XC185110.ogg.npy,bkwsti,14
blhori1_XC710194.ogg.npy,blhori1,18
lblwar1_XC687973.ogg.npy,lblwar1,102
labcro1_XC461514.ogg.npy,labcro1,100
comros_XC183902.ogg.npy,comros,43
houspa_XC364247.ogg.npy,houspa,82
purswa3_XC278753.ogg.npy,purswa3,135
gloibi_XC140511.ogg.npy,gloibi,60
bkwsti_XC284625.ogg.npy,bkwsti,14
litspi1_XC505510.ogg.npy,litspi1,108
litswi1_XC710190.ogg.npy,litswi1,109
grywag_XC842300.ogg.npy,grywag,76
grecou1_XC158458.ogg.npy,grecou1,64
zitcis1_XC722428.ogg.npy,zitcis1,181
brodro1_XC736489.ogg.npy,brodro1,28
revbul_XC279623.ogg.npy,revbul,139
pursun4_XC857501.ogg.npy,pursun4,134
brnshr_XC267578.ogg.npy,brnshr,27
comsan_XC681230.ogg.npy,comsan,44
comtai1_XC616410.ogg.npy,comtai1,45
putbab1_XC428969.ogg.npy,putbab1,136
purher1_XC647112.ogg.npy,purher1,132
sohmyn1_XC783988.ogg.npy,sohmyn1,153
gargan_XC766412.ogg.npy,gargan,59
chbeat1_XC343056.ogg.npy,chbeat1,34
hoopoe_XC387611.ogg.npy,hoopoe,80
grbeat1_XC590326.ogg.npy,grbeat1,63
gybpri1_XC572663.ogg.npy,gybpri1,77
commoo3_XC837574.ogg.npy,commoo3,40
junbab2_XC19745.ogg.npy,junbab2,95
pursun3_XC209932.ogg.npy,pursun3,133
barswa_XC804226.ogg.npy,barswa,9
barswa_XC210730.ogg.npy,barswa,9
comros_XC319403.ogg.npy,comros,43
woosan_XC381827.ogg.npy,woosan,177
litegr_XC576994.ogg.npy,litegr,106
grecou1_XC381168.ogg.npy,grecou1,64
eurcoo_XC783536.ogg.npy,eurcoo,57
asikoe2_XC610602.ogg.npy,asikoe2,4
brwowl1_XC742655.ogg.npy,brwowl1,30
comsan_XC213342.ogg.npy,comsan,44
comior1_XC321875.ogg.npy,comior1,38
comgre_XC755897.ogg.npy,comgre,37
blrwar1_XC180592.ogg.npy,blrwar1,20
piekin1_XC515899.ogg.npy,piekin1,126
comtai1_XC347935.ogg.npy,comtai1,45
nutman_XC746720.ogg.npy,nutman,120
maltro1_XC206370.ogg.npy,maltro1,113
eurcoo_XC778297.ogg.npy,eurcoo,57
comior1_XC31538.ogg.npy,comior1,38
zitcis1_XC468634.ogg.npy,zitcis1,181
bkwsti_XC338801.ogg.npy,bkwsti,14
bcnher_XC676277.ogg.npy,bcnher,10
greegr_XC422107.ogg.npy,greegr,65
grtdro1_XC603513.ogg.npy,grtdro1,73
categr_XC350629.ogg.npy,categr,33
comgre_XC631206.ogg.npy,comgre,37
mawthr1_XC324013.ogg.npy,mawthr1,116
bkwsti_XC327518.ogg.npy,bkwsti,14
hoopoe_XC617643.ogg.npy,hoopoe,80
ruftre2_XC433067.ogg.npy,ruftre2,146
graher1_XC496006.ogg.npy,graher1,62
btbeat1_XC430259.ogg.npy,btbeat1,31
eurcoo_XC858054.ogg.npy,eurcoo,57
gybpri1_XC558852.ogg.npy,gybpri1,77
houcro1_XC208879.ogg.npy,houcro1,81
asbfly_XC749597.ogg.npy,asbfly,0
houspa_XC553795.ogg.npy,houspa,82
labcro1_XC133780.ogg.npy,labcro1,100
commoo3_XC309631.ogg.npy,commoo3,40
eurcoo_XC706988.ogg.npy,eurcoo,57
woosan_XC754702.ogg.npy,woosan,177
brnshr_XC345744.ogg.npy,brnshr,27
commoo3_XC628522.ogg.npy,commoo3,40
barswa_XC690498.ogg.npy,barswa,9
lirplo_XC632884.ogg.npy,lirplo,105
brnshr_XC319059.ogg.npy,brnshr,27
bkskit1_XC350258.ogg.npy,bkskit1,13
rocpig_XC315410.ogg.npy,rocpig,142
houspa_XC541827.ogg.npy,houspa,82
lirplo_XC341210.ogg.npy,lirplo,105
eaywag1_XC334149.ogg.npy,eaywag1,53
commoo3_XC631188.ogg.npy,commoo3,40
grewar3_XC184040.ogg.npy,grewar3,70
bladro1_XC425052.ogg.npy,bladro1,15
hoopoe_XC309444.ogg.npy,hoopoe,80
grywag_XC527592.ogg.npy,grywag,76
comkin1_XC434131.ogg.npy,comkin1,39
laudov1_XC157422.ogg.npy,laudov1,101
bcnher_XC723510.ogg.npy,bcnher,10
brwowl1_XC416452.ogg.npy,brwowl1,30
grewar3_XC809712.ogg.npy,grewar3,70
piekin1_XC303854.ogg.npy,piekin1,126
bkwsti_XC419885.ogg.npy,bkwsti,14
pursun4_XC452272.ogg.npy,pursun4,134
litegr_XC687072.ogg.npy,litegr,106
eaywag1_XC718505.ogg.npy,eaywag1,53
cregos1_XC575551.ogg.npy,cregos1,48
commoo3_XC549719.ogg.npy,commoo3,40
grynig2_XC214014.ogg.npy,grynig2,75
rufwoo2_XC255432.ogg.npy,rufwoo2,147
brodro1_XC844001.ogg.npy,brodro1,28
eaywag1_XC757601.ogg.npy,eaywag1,53
blnmon1_XC779859.ogg.npy,blnmon1,19
maltro1_XC397144.ogg.npy,maltro1,113
stbkin1_XC665741.ogg.npy,stbkin1,158
insbab1_XC187147.ogg.npy,insbab1,90
whbwat1_XC605226.ogg.npy,whbwat1,171
revbul_XC209007.ogg.npy,revbul,139
bladro1_XC761716.ogg.npy,bladro1,15
houspa_XC151143.ogg.npy,houspa,82
lirplo_XC722276.ogg.npy,lirplo,105
bladro1_XC200267.ogg.npy,bladro1,15
grbeat1_XC236712.ogg.npy,grbeat1,63
eurcoo_XC674299.ogg.npy,eurcoo,57
litspi1_XC619541.ogg.npy,litspi1,108
junowl1_XC554215.ogg.npy,junowl1,97
grywag_XC505288.ogg.npy,grywag,76
comkin1_XC598249.ogg.npy,comkin1,39
grnsan_XC301657.ogg.npy,grnsan,71
houcro1_XC735671.ogg.npy,houcro1,81
comkin1_XC428528.ogg.npy,comkin1,39
brnhao1_XC482486.ogg.npy,brnhao1,26
whtkin2_XC575207.ogg.npy,whtkin2,176
oripip1_XC701789.ogg.npy,oripip1,122
blakit1_XC422724.ogg.npy,blakit1,17
labcro1_XC19736.ogg.npy,labcro1,100
categr_XC311860.ogg.npy,categr,33
mawthr1_XC318812.ogg.npy,mawthr1,116
rorpar_XC542746.ogg.npy,rorpar,143
zitcis1_XC634274.ogg.npy,zitcis1,181
brnshr_XC458247.ogg.npy,brnshr,27
litgre1_XC326376.ogg.npy,litgre1,107
bcnher_XC720203.ogg.npy,bcnher,10
litegr_XC592648.ogg.npy,litegr,106
gyhcaf1_XC773547.ogg.npy,gyhcaf1,78
litspi1_XC215861.ogg.npy,litspi1,108
laudov1_XC309754.ogg.npy,laudov1,101
barswa_XC458642.ogg.npy,barswa,9
whbwag1_XC575107.ogg.npy,whbwag1,170
hoopoe_XC789274.ogg.npy,hoopoe,80
barswa_XC779101.ogg.npy,barswa,9
comtai1_XC360410.ogg.npy,comtai1,45
litegr_XC677279.ogg.npy,litegr,106
hoopoe_XC611595.ogg.npy,hoopoe,80
brnshr_XC679574.ogg.npy,brnshr,27
bcnher_XC661217.ogg.npy,bcnher,10
eucdov_XC73172.ogg.npy,eucdov,55
eucdov_XC740410.ogg.npy,eucdov,55
woosan_XC746238.ogg.npy,woosan,177
lblwar1_XC687961.ogg.npy,lblwar1,102
graher1_XC547455.ogg.npy,graher1,62
grewar3_XC416907.ogg.npy,grewar3,70
bkwsti_XC845198.ogg.npy,bkwsti,14
thbwar1_XC785360.ogg.npy,thbwar1,160
lirplo_XC803070.ogg.npy,lirplo,105
comkin1_XC571413.ogg.npy,comkin1,39
bkwsti_XC792964.ogg.npy,bkwsti,14
piekin1_XC608939.ogg.npy,piekin1,126
eurcoo_XC416390.ogg.npy,eurcoo,57
rewbul_XC215848.ogg.npy,rewbul,140
rewlap1_XC733009.ogg.npy,rewlap1,141
blrwar1_XC252742.ogg.npy,blrwar1,20
litegr_XC718466.ogg.npy,litegr,106
woosan_XC725070.ogg.npy,woosan,177
grtdro1_XC464139.ogg.npy,grtdro1,73
grywag_XC566559.ogg.npy,grywag,76
blakit1_XC73033.ogg.npy,blakit1,17
bcnher_XC566159.ogg.npy,bcnher,10
commoo3_XC545123.ogg.npy,commoo3,40
vefnut1_XC241748.ogg.npy,vefnut1,163
grtdro1_XC610725.ogg.npy,grtdro1,73
hoopoe_XC179276.ogg.npy,hoopoe,80
eaywag1_XC765236.ogg.npy,eaywag1,53
rewlap1_XC637694.ogg.npy,rewlap1,141
comkin1_XC632931.ogg.npy,comkin1,39
categr_XC45474.ogg.npy,categr,33
revbul_XC115441.ogg.npy,revbul,139
crbsun2_XC114109.ogg.npy,crbsun2,47
rorpar_XC559630.ogg.npy,rorpar,143
grewar3_XC818944.ogg.npy,grewar3,70
spodov_XC605124.ogg.npy,spodov,155
insbab1_XC296440.ogg.npy,insbab1,90
piekin1_XC517391.ogg.npy,piekin1,126
houcro1_XC443745.ogg.npy,houcro1,81
rerswa1_XC558233.ogg.npy,rerswa1,138
rerswa1_XC330925.ogg.npy,rerswa1,138
bcnher_XC581292.ogg.npy,bcnher,10
blnmon1_XC206710.ogg.npy,blnmon1,19
revbul_XC53988.ogg.npy,revbul,139
whiter2_XC714120.ogg.npy,whiter2,174
graher1_XC586235.ogg.npy,graher1,62
scamin3_XC197607.ogg.npy,scamin3,150
lirplo_XC475550.ogg.npy,lirplo,105
commoo3_XC541828.ogg.npy,commoo3,40
gargan_XC651912.ogg.npy,gargan,59
yebbul3_XC632655.ogg.npy,yebbul3,180
houspa_XC587766.ogg.npy,houspa,82
comsan_XC644274.ogg.npy,comsan,44
laudov1_XC406131.ogg.npy,laudov1,101
gyhcaf1_XC304720.ogg.npy,gyhcaf1,78
eucdov_XC507340.ogg.npy,eucdov,55
purher1_XC665466.ogg.npy,purher1,132
houspa_XC233324.ogg.npy,houspa,82
indpit1_XC210837.ogg.npy,indpit1,84
rorpar_XC583138.ogg.npy,rorpar,143
zitcis1_XC756114.ogg.npy,zitcis1,181
rorpar_XC696972.ogg.npy,rorpar,143
asikoe2_XC305691.ogg.npy,asikoe2,4
rewlap1_XC173180.ogg.npy,rewlap1,141
houspa_XC344302.ogg.npy,houspa,82
zitcis1_XC526448.ogg.npy,zitcis1,181
bladro1_XC240298.ogg.npy,bladro1,15
litegr_XC779146.ogg.npy,litegr,106
whtkin2_XC312292.ogg.npy,whtkin2,176
litegr_XC333967.ogg.npy,litegr,106
comgre_XC507426.ogg.npy,comgre,37
comros_XC182521.ogg.npy,comros,43
comros_XC458153.ogg.npy,comros,43
goflea1_XC684238.ogg.npy,goflea1,61
insbab1_XC655448.ogg.npy,insbab1,90
litegr_XC840511.ogg.npy,litegr,106
comkin1_XC856964.ogg.npy,comkin1,39
asikoe2_XC375709.ogg.npy,asikoe2,4
piebus1_XC756604.ogg.npy,piebus1,125
blhori1_XC122996.ogg.npy,blhori1,18
inbrob1_XC800683.ogg.npy,inbrob1,83
grywag_XC486123.ogg.npy,grywag,76
brodro1_XC625555.ogg.npy,brodro1,28
emedov2_XC151051.ogg.npy,emedov2,54
comsan_XC750313.ogg.npy,comsan,44
blrwar1_XC733671.ogg.npy,blrwar1,20
commyn_XC328236.ogg.npy,commyn,41
houspa_XC641223.ogg.npy,houspa,82
blrwar1_XC113343.ogg.npy,blrwar1,20
eurcoo_XC580131.ogg.npy,eurcoo,57
lewduc1_XC37524.ogg.npy,lewduc1,104
grewar3_XC809239.ogg.npy,grewar3,70
blrwar1_XC659105.ogg.npy,blrwar1,20
spodov_XC736038.ogg.npy,spodov,155
comkin1_XC592341.ogg.npy,comkin1,39
ashpri1_XC399445.ogg.npy,ashpri1,2
brnhao1_XC578764.ogg.npy,brnhao1,26
litgre1_XC472527.ogg.npy,litgre1,107
lirplo_XC798363.ogg.npy,lirplo,105
tibfly3_XC195592.ogg.npy,tibfly3,161
barswa_XC452058.ogg.npy,barswa,9
whbbul2_XC590324.ogg.npy,whbbul2,167
grnsan_XC787629.ogg.npy,grnsan,71
eucdov_XC454593.ogg.npy,eucdov,55
bkwsti_XC192403.ogg.npy,bkwsti,14
lirplo_XC362597.ogg.npy,lirplo,105
whcbar1_XC19903.ogg.npy,whcbar1,173
brodro1_XC617628.ogg.npy,brodro1,28
piekin1_XC392127.ogg.npy,piekin1,126
rorpar_XC534454.ogg.npy,rorpar,143
mawthr1_XC490497.ogg.npy,mawthr1,116
lirplo_XC797032.ogg.npy,lirplo,105
bkwsti_XC155092.ogg.npy,bkwsti,14
grewar3_XC116619.ogg.npy,grewar3,70
lirplo_XC572089.ogg.npy,lirplo,105
tibfly3_XC207660.ogg.npy,tibfly3,161
hoopoe_XC648966.ogg.npy,hoopoe,80
greegr_XC116543.ogg.npy,greegr,65
commyn_XC528936.ogg.npy,commyn,41
lirplo_XC790877.ogg.npy,lirplo,105
bkwsti_XC428707.ogg.npy,bkwsti,14
eaywag1_XC675747.ogg.npy,eaywag1,53
blhori1_XC308274.ogg.npy,blhori1,18
houspa_XC312107.ogg.npy,houspa,82
pursun3_XC215847.ogg.npy,pursun3,133
crseag1_XC478036.ogg.npy,crseag1,50
grnsan_XC844528.ogg.npy,grnsan,71
grnwar1_XC193345.ogg.npy,grnwar1,72
bkskit1_XC186607.ogg.npy,bkskit1,13
grewar3_XC321353.ogg.npy,grewar3,70
comtai1_XC720008.ogg.npy,comtai1,45
comkin1_XC450292.ogg.npy,comkin1,39
grnsan_XC840041.ogg.npy,grnsan,71
woosan_XC266297.ogg.npy,woosan,177
barfly1_XC386967.ogg.npy,barfly1,8
commoo3_XC624884.ogg.npy,commoo3,40
graher1_XC844555.ogg.npy,graher1,62
litegr_XC585643.ogg.npy,litegr,106
barswa_XC363996.ogg.npy,barswa,9
houspa_XC741816.ogg.npy,houspa,82
comros_XC134711.ogg.npy,comros,43
asikoe2_XC787963.ogg.npy,asikoe2,4
grewar3_XC420040.ogg.npy,grewar3,70
blrwar1_XC654497.ogg.npy,blrwar1,20
blakit1_XC858024.ogg.npy,blakit1,17
asikoe2_XC808437.ogg.npy,asikoe2,4
putbab1_XC325245.ogg.npy,putbab1,136
eucdov_XC795939.ogg.npy,eucdov,55
lirplo_XC523193.ogg.npy,lirplo,105
chbeat1_XC269244.ogg.npy,chbeat1,34
lirplo_XC433007.ogg.npy,lirplo,105
whrmun_XC773397.ogg.npy,whrmun,175
shikra1_XC510776.ogg.npy,shikra1,151
comkin1_XC825771.ogg.npy,comkin1,39
hoopoe_XC173847.ogg.npy,hoopoe,80
blhori1_XC740468.ogg.npy,blhori1,18
comkin1_XC677955.ogg.npy,comkin1,39
comgre_XC266343.ogg.npy,comgre,37
bcnher_XC329641.ogg.npy,bcnher,10
commyn_XC446210.ogg.npy,commyn,41
comkin1_XC267325.ogg.npy,comkin1,39
ruftre2_XC147283.ogg.npy,ruftre2,146
copbar1_XC842013.ogg.npy,copbar1,46
houspa_XC557928.ogg.npy,houspa,82
litgre1_XC650492.ogg.npy,litgre1,107
comsan_XC666071.ogg.npy,comsan,44
gyhcaf1_XC304711.ogg.npy,gyhcaf1,78
woosan_XC644624.ogg.npy,woosan,177
eucdov_XC711433.ogg.npy,eucdov,55
litgre1_XC331376.ogg.npy,litgre1,107
houspa_XC169664.ogg.npy,houspa,82
commoo3_XC781980.ogg.npy,commoo3,40
rewlap1_XC484174.ogg.npy,rewlap1,141
bcnher_XC581481.ogg.npy,bcnher,10
eurcoo_XC625416.ogg.npy,eurcoo,57
bkskit1_XC352652.ogg.npy,bkskit1,13
indrob1_XC404496.ogg.npy,indrob1,85
copbar1_XC702460.ogg.npy,copbar1,46
lblwar1_XC324173.ogg.npy,lblwar1,102
litswi1_XC305771.ogg.npy,litswi1,109
rorpar_XC784680.ogg.npy,rorpar,143
purswa3_XC429769.ogg.npy,purswa3,135
comros_XC34997.ogg.npy,comros,43
bkwsti_XC660956.ogg.npy,bkwsti,14
bkwsti_XC379763.ogg.npy,bkwsti,14
litegr_XC753453.ogg.npy,litegr,106
grywag_XC659589.ogg.npy,grywag,76
woosan_XC343739.ogg.npy,woosan,177
crfbar1_XC214028.ogg.npy,crfbar1,49
litegr_XC333942.ogg.npy,litegr,106
grejun2_XC568952.ogg.npy,grejun2,68
bladro1_XC514817.ogg.npy,bladro1,15
dafbab1_XC464134.ogg.npy,dafbab1,51
comsan_XC577943.ogg.npy,comsan,44
comros_XC320447.ogg.npy,comros,43
greegr_XC331744.ogg.npy,greegr,65
junmyn1_XC347606.ogg.npy,junmyn1,96
rewbul_XC414674.ogg.npy,rewbul,140
comgre_XC673647.ogg.npy,comgre,37
comsan_XC578171.ogg.npy,comsan,44
grnwar1_XC724025.ogg.npy,grnwar1,72
eucdov_XC522754.ogg.npy,eucdov,55
comros_XC25065.ogg.npy,comros,43
kenplo1_XC338265.ogg.npy,kenplo1,98
whiter2_XC845420.ogg.npy,whiter2,174
rerswa1_XC178398.ogg.npy,rerswa1,138
moipig1_XC561611.ogg.npy,moipig1,117
eaywag1_XC370080.ogg.npy,eaywag1,53
eurcoo_XC635545.ogg.npy,eurcoo,57
comkin1_XC412190.ogg.npy,comkin1,39
labcro1_XC811530.ogg.npy,labcro1,100
bladro1_XC489908.ogg.npy,bladro1,15
barswa_XC361226.ogg.npy,barswa,9
grnsan_XC669509.ogg.npy,grnsan,71
eaywag1_XC513497.ogg.npy,eaywag1,53
maghor2_XC189231.ogg.npy,maghor2,111
maghor2_XC140250.ogg.npy,maghor2,111
gargan_XC807089.ogg.npy,gargan,59
bkwsti_XC838348.ogg.npy,bkwsti,14
tibfly3_XC307919.ogg.npy,tibfly3,161
copbar1_XC620130.ogg.npy,copbar1,46
bkskit1_XC350263.ogg.npy,bkskit1,13
brnhao1_XC327442.ogg.npy,brnhao1,26
categr_XC327832.ogg.npy,categr,33
grywag_XC561836.ogg.npy,grywag,76
rocpig_XC757059.ogg.npy,rocpig,142
bkskit1_XC350387.ogg.npy,bkskit1,13
rorpar_XC421505.ogg.npy,rorpar,143
lirplo_XC642822.ogg.npy,lirplo,105
wemhar1_XC526994.ogg.npy,wemhar1,166
comros_XC321388.ogg.npy,comros,43
comros_XC374390.ogg.npy,comros,43
bkwsti_XC327524.ogg.npy,bkwsti,14
ashdro1_XC429029.ogg.npy,ashdro1,1
comgre_XC564356.ogg.npy,comgre,37
grewar3_XC652509.ogg.npy,grewar3,70
forwag1_XC473791.ogg.npy,forwag1,58
junbab2_XC796042.ogg.npy,junbab2,95
eaywag1_XC673590.ogg.npy,eaywag1,53
zitcis1_XC459485.ogg.npy,zitcis1,181
gyhcaf1_XC207765.ogg.npy,gyhcaf1,78
lirplo_XC484239.ogg.npy,lirplo,105
stbkin1_XC122388.ogg.npy,stbkin1,158
whrmun_XC778724.ogg.npy,whrmun,175
barswa_XC411677.ogg.npy,barswa,9
spoowl1_XC740456.ogg.npy,spoowl1,156
comgre_XC686497.ogg.npy,comgre,37
rewlap1_XC613965.ogg.npy,rewlap1,141
plapri1_XC834662.ogg.npy,plapri1,129
inbrob1_XC457479.ogg.npy,inbrob1,83
blhori1_XC390346.ogg.npy,blhori1,18
rorpar_XC780901.ogg.npy,rorpar,143
comgre_XC774716.ogg.npy,comgre,37
cohcuc1_XC514749.ogg.npy,cohcuc1,35
whbwat1_XC625039.ogg.npy,whbwat1,171
hoopoe_XC799492.ogg.npy,hoopoe,80
plaflo1_XC208893.ogg.npy,plaflo1,128
bcnher_XC725331.ogg.npy,bcnher,10
brnhao1_XC158670.ogg.npy,brnhao1,26
grewar3_XC116714.ogg.npy,grewar3,70
comros_XC134813.ogg.npy,comros,43
ashdro1_XC265675.ogg.npy,ashdro1,1
barfly1_XC856487.ogg.npy,barfly1,8
eurcoo_XC714402.ogg.npy,eurcoo,57
gybpri1_XC858822.ogg.npy,gybpri1,77
litspi1_XC402334.ogg.npy,litspi1,108
graher1_XC603413.ogg.npy,graher1,62
bcnher_XC746093.ogg.npy,bcnher,10
purher1_XC732684.ogg.npy,purher1,132
ashpri1_XC594109.ogg.npy,ashpri1,2
asbfly_XC712207.ogg.npy,asbfly,0
brnhao1_XC469356.ogg.npy,brnhao1,26
purher1_XC721088.ogg.npy,purher1,132
comros_XC365771.ogg.npy,comros,43
comsan_XC686330.ogg.npy,comsan,44
whiter2_XC480132.ogg.npy,whiter2,174
barswa_XC303618.ogg.npy,barswa,9
comros_XC325197.ogg.npy,comros,43
insbab1_XC209936.ogg.npy,insbab1,90
litgre1_XC805169.ogg.npy,litgre1,107
lirplo_XC591098.ogg.npy,lirplo,105
commyn_XC519640.ogg.npy,commyn,41
labcro1_XC191642.ogg.npy,labcro1,100
commoo3_XC681894.ogg.npy,commoo3,40
bwfshr1_XC86932.ogg.npy,bwfshr1,32
graher1_XC549779.ogg.npy,graher1,62
comgre_XC696669.ogg.npy,comgre,37
grywag_XC792882.ogg.npy,grywag,76
litgre1_XC713058.ogg.npy,litgre1,107
asikoe2_XC433669.ogg.npy,asikoe2,4
hoopoe_XC573209.ogg.npy,hoopoe,80
comkin1_XC674470.ogg.npy,comkin1,39
eaywag1_XC747025.ogg.npy,eaywag1,53
comgre_XC671300.ogg.npy,comgre,37
gyhcaf1_XC149870.ogg.npy,gyhcaf1,78
bcnher_XC724173.ogg.npy,bcnher,10
putbab1_XC781016.ogg.npy,putbab1,136
houcro1_XC198765.ogg.npy,houcro1,81
asikoe2_XC446446.ogg.npy,asikoe2,4
blrwar1_XC120472.ogg.npy,blrwar1,20
blrwar1_XC659094.ogg.npy,blrwar1,20
pursun3_XC572638.ogg.npy,pursun3,133
kenplo1_XC485349.ogg.npy,kenplo1,98
zitcis1_XC254005.ogg.npy,zitcis1,181
gyhcaf1_XC606221.ogg.npy,gyhcaf1,78
comkin1_XC499526.ogg.npy,comkin1,39
blrwar1_XC579363.ogg.npy,blrwar1,20
rewlap1_XC606445.ogg.npy,rewlap1,141
comkin1_XC591060.ogg.npy,comkin1,39
bkwsti_XC788171.ogg.npy,bkwsti,14
inbrob1_XC646897.ogg.npy,inbrob1,83
grewar3_XC567620.ogg.npy,grewar3,70
zitcis1_XC498839.ogg.npy,zitcis1,181
brcful1_XC747111.ogg.npy,brcful1,24
grecou1_XC612691.ogg.npy,grecou1,64
zitcis1_XC768441.ogg.npy,zitcis1,181
grywag_XC576609.ogg.npy,grywag,76
laudov1_XC538795.ogg.npy,laudov1,101
purher1_XC845652.ogg.npy,purher1,132
gloibi_XC358627.ogg.npy,gloibi,60
crseag1_XC318993.ogg.npy,crseag1,50
rufwoo2_XC566711.ogg.npy,rufwoo2,147
gybpri1_XC613961.ogg.npy,gybpri1,77
woosan_XC492652.ogg.npy,woosan,177
grywag_XC310222.ogg.npy,grywag,76
plapri1_XC406650.ogg.npy,plapri1,129
comsan_XC743066.ogg.npy,comsan,44
indpit1_XC648161.ogg.npy,indpit1,84
eurcoo_XC637767.ogg.npy,eurcoo,57
comros_XC569085.ogg.npy,comros,43
whbtre1_XC665707.ogg.npy,whbtre1,169
comior1_XC189108.ogg.npy,comior1,38
comgre_XC664975.ogg.npy,comgre,37
comgre_XC266352.ogg.npy,comgre,37
sqtbul1_XC207161.ogg.npy,sqtbul1,157
asikoe2_XC194196.ogg.npy,asikoe2,4
stbkin1_XC843428.ogg.npy,stbkin1,158
blrwar1_XC185001.ogg.npy,blrwar1,20
gargan_XC715889.ogg.npy,gargan,59
rorpar_XC534231.ogg.npy,rorpar,143
ashpri1_XC845976.ogg.npy,ashpri1,2
grnwar1_XC726571.ogg.npy,grnwar1,72
btbeat1_XC536275.ogg.npy,btbeat1,31
greegr_XC593431.ogg.npy,greegr,65
ruftre2_XC795714.ogg.npy,ruftre2,146
eurcoo_XC629412.ogg.npy,eurcoo,57
blrwar1_XC180476.ogg.npy,blrwar1,20
comkin1_XC616338.ogg.npy,comkin1,39
brnshr_XC596970.ogg.npy,brnshr,27
nutman_XC441714.ogg.npy,nutman,120
woosan_XC265259.ogg.npy,woosan,177
houcro1_XC787550.ogg.npy,houcro1,81
rerswa1_XC148621.ogg.npy,rerswa1,138
piekin1_XC806909.ogg.npy,piekin1,126
aspfly1_XC523459.ogg.npy,aspfly1,6
bkwsti_XC632158.ogg.npy,bkwsti,14
blnmon1_XC843208.ogg.npy,blnmon1,19
barswa_XC651242.ogg.npy,barswa,9
houcro1_XC163854.ogg.npy,houcro1,81
blrwar1_XC660042.ogg.npy,blrwar1,20
comsan_XC185459.ogg.npy,comsan,44
grewar3_XC533876.ogg.npy,grewar3,70
zitcis1_XC791515.ogg.npy,zitcis1,181
kenplo1_XC718499.ogg.npy,kenplo1,98
blakit1_XC381845.ogg.npy,blakit1,17
barswa_XC795467.ogg.npy,barswa,9
litegr_XC669096.ogg.npy,litegr,106
blakit1_XC163903.ogg.npy,blakit1,17
gybpri1_XC786297.ogg.npy,gybpri1,77
sttwoo1_XC615774.ogg.npy,sttwoo1,159
purswa3_XC784018.ogg.npy,purswa3,135
blnmon1_XC406628.ogg.npy,blnmon1,19
comros_XC527309.ogg.npy,comros,43
grewar3_XC845823.ogg.npy,grewar3,70
bkwsti_XC578107.ogg.npy,bkwsti,14
brnshr_XC293538.ogg.npy,brnshr,27
grnsan_XC622364.ogg.npy,grnsan,71
whrmun_XC401438.ogg.npy,whrmun,175
barswa_XC555397.ogg.npy,barswa,9
bkskit1_XC350401.ogg.npy,bkskit1,13
ashdro1_XC684408.ogg.npy,ashdro1,1
piebus1_XC143253.ogg.npy,piebus1,125
laudov1_XC377582.ogg.npy,laudov1,101
grewar3_XC187080.ogg.npy,grewar3,70
rossta2_XC572187.ogg.npy,rossta2,144
comsan_XC839052.ogg.npy,comsan,44
gloibi_XC737595.ogg.npy,gloibi,60
blnmon1_XC594284.ogg.npy,blnmon1,19
brnshr_XC591612.ogg.npy,brnshr,27
whiter2_XC770346.ogg.npy,whiter2,174
comior1_XC376482.ogg.npy,comior1,38
comkin1_XC474270.ogg.npy,comkin1,39
barswa_XC747390.ogg.npy,barswa,9
spodov_XC784524.ogg.npy,spodov,155
maltro1_XC613274.ogg.npy,maltro1,113
comros_XC145111.ogg.npy,comros,43
gybpri1_XC709698.ogg.npy,gybpri1,77
wemhar1_XC145352.ogg.npy,wemhar1,166
categr_XC57415.ogg.npy,categr,33
mawthr1_XC19768.ogg.npy,mawthr1,116
houspa_XC677906.ogg.npy,houspa,82
litegr_XC333946.ogg.npy,litegr,106
gargan_XC644634.ogg.npy,gargan,59
eurcoo_XC402897.ogg.npy,eurcoo,57
plapri1_XC834460.ogg.npy,plapri1,129
grywag_XC771881.ogg.npy,grywag,76
rossta2_XC564138.ogg.npy,rossta2,144
grbeat1_XC196955.ogg.npy,grbeat1,63
greegr_XC605060.ogg.npy,greegr,65
greegr_XC606999.ogg.npy,greegr,65
grbeat1_XC699154.ogg.npy,grbeat1,63
asikoe2_XC665213.ogg.npy,asikoe2,4
graher1_XC356092.ogg.npy,graher1,62
grywag_XC608017.ogg.npy,grywag,76
asbfly_XC209218.ogg.npy,asbfly,0
rocpig_XC486870.ogg.npy,rocpig,142
eurcoo_XC808756.ogg.npy,eurcoo,57
comsan_XC830855.ogg.npy,comsan,44
tibfly3_XC655491.ogg.npy,tibfly3,161
whtkin2_XC784521.ogg.npy,whtkin2,176
woosan_XC580553.ogg.npy,woosan,177
eurcoo_XC524585.ogg.npy,eurcoo,57
brnshr_XC458651.ogg.npy,brnshr,27
hoopoe_XC522078.ogg.npy,hoopoe,80
comsan_XC666039.ogg.npy,comsan,44
grnsan_XC639364.ogg.npy,grnsan,71
grywag_XC564946.ogg.npy,grywag,76
comgre_XC797771.ogg.npy,comgre,37
eurcoo_XC633567.ogg.npy,eurcoo,57
eaywag1_XC471745.ogg.npy,eaywag1,53
nutman_XC770941.ogg.npy,nutman,120
bcnher_XC549290.ogg.npy,bcnher,10
cohcuc1_XC328436.ogg.npy,cohcuc1,35
commoo3_XC601044.ogg.npy,commoo3,40
kerlau2_XC856385.ogg.npy,kerlau2,99
grecou1_XC73174.ogg.npy,grecou1,64
greegr_XC143579.ogg.npy,greegr,65
woosan_XC687191.ogg.npy,woosan,177
houspa_XC376476.ogg.npy,houspa,82
insbab1_XC294383.ogg.npy,insbab1,90
ashdro1_XC293436.ogg.npy,ashdro1,1
commoo3_XC792808.ogg.npy,commoo3,40
litgre1_XC626977.ogg.npy,litgre1,107
houspa_XC182595.ogg.npy,houspa,82
maltro1_XC416099.ogg.npy,maltro1,113
cregos1_XC790418.ogg.npy,cregos1,48
rossta2_XC573356.ogg.npy,rossta2,144
hoopoe_XC710302.ogg.npy,hoopoe,80
wemhar1_XC404338.ogg.npy,wemhar1,166
gargan_XC644644.ogg.npy,gargan,59
whbwat1_XC665667.ogg.npy,whbwat1,171
litgre1_XC818173.ogg.npy,litgre1,107
comros_XC805755.ogg.npy,comros,43
putbab1_XC663564.ogg.npy,putbab1,136
blrwar1_XC563358.ogg.npy,blrwar1,20
gybpri1_XC723993.ogg.npy,gybpri1,77
grnsan_XC756897.ogg.npy,grnsan,71
blrwar1_XC503978.ogg.npy,blrwar1,20
grtdro1_XC284776.ogg.npy,grtdro1,73
comior1_XC393660.ogg.npy,comior1,38
comkin1_XC602783.ogg.npy,comkin1,39
vehpar1_XC497094.ogg.npy,vehpar1,164
sqtbul1_XC207757.ogg.npy,sqtbul1,157
rerswa1_XC417707.ogg.npy,rerswa1,138
bkwsti_XC738335.ogg.npy,bkwsti,14
rerswa1_XC423974.ogg.npy,rerswa1,138
comros_XC580323.ogg.npy,comros,43
labcro1_XC741585.ogg.npy,labcro1,100
wemhar1_XC632468.ogg.npy,wemhar1,166
hoopoe_XC176275.ogg.npy,hoopoe,80
gloibi_XC237350.ogg.npy,gloibi,60
graher1_XC256373.ogg.npy,graher1,62
ruftre2_XC431189.ogg.npy,ruftre2,146
eaywag1_XC490465.ogg.npy,eaywag1,53
blrwar1_XC568493.ogg.npy,blrwar1,20
grywag_XC155709.ogg.npy,grywag,76
woosan_XC699303.ogg.npy,woosan,177
ashpri1_XC276715.ogg.npy,ashpri1,2
rewbul_XC400982.ogg.npy,rewbul,140
gyhcaf1_XC759946.ogg.npy,gyhcaf1,78
ruftre2_XC74361.ogg.npy,ruftre2,146
tibfly3_XC303904.ogg.npy,tibfly3,161
hoopoe_XC306289.ogg.npy,hoopoe,80
eucdov_XC812544.ogg.npy,eucdov,55
woosan_XC368106.ogg.npy,woosan,177
asikoe2_XC707490.ogg.npy,asikoe2,4
grnsan_XC460343.ogg.npy,grnsan,71
ashdro1_XC53987.ogg.npy,ashdro1,1
comgre_XC432272.ogg.npy,comgre,37
houspa_XC509702.ogg.npy,houspa,82
spepic1_XC303984.ogg.npy,spepic1,154
grehor1_XC304717.ogg.npy,grehor1,67
rewbul_XC793366.ogg.npy,rewbul,140
asikoe2_XC331683.ogg.npy,asikoe2,4
houspa_XC326676.ogg.npy,houspa,82
kenplo1_XC185105.ogg.npy,kenplo1,98
houcro1_XC681127.ogg.npy,houcro1,81
bkwsti_XC660960.ogg.npy,bkwsti,14
comsan_XC434766.ogg.npy,comsan,44
grecou1_XC450275.ogg.npy,grecou1,64
woosan_XC190515.ogg.npy,woosan,177
lirplo_XC714693.ogg.npy,lirplo,105
kenplo1_XC718518.ogg.npy,kenplo1,98
grywag_XC202516.ogg.npy,grywag,76
comgre_XC25703.ogg.npy,comgre,37
whbbul2_XC207806.ogg.npy,whbbul2,167
bcnher_XC577898.ogg.npy,bcnher,10
lirplo_XC523191.ogg.npy,lirplo,105
comsan_XC338206.ogg.npy,comsan,44
bkwsti_XC755896.ogg.npy,bkwsti,14
comsan_XC557910.ogg.npy,comsan,44
graher1_XC139810.ogg.npy,graher1,62
lirplo_XC587064.ogg.npy,lirplo,105
purher1_XC824689.ogg.npy,purher1,132
ashpri1_XC665295.ogg.npy,ashpri1,2
hoopoe_XC471860.ogg.npy,hoopoe,80
nutman_XC685783.ogg.npy,nutman,120
commoo3_XC634637.ogg.npy,commoo3,40
whtkin2_XC156896.ogg.npy,whtkin2,176
eurcoo_XC456246.ogg.npy,eurcoo,57
putbab1_XC571200.ogg.npy,putbab1,136
eaywag1_XC795837.ogg.npy,eaywag1,53
rufwoo2_XC418132.ogg.npy,rufwoo2,147
gargan_XC833727.ogg.npy,gargan,59
zitcis1_XC337543.ogg.npy,zitcis1,181
shikra1_XC466298.ogg.npy,shikra1,151
litegr_XC294611.ogg.npy,litegr,106
commoo3_XC363180.ogg.npy,commoo3,40
whbtre1_XC296419.ogg.npy,whbtre1,169
crbsun2_XC178281.ogg.npy,crbsun2,47
mawthr1_XC443128.ogg.npy,mawthr1,116
cregos1_XC840802.ogg.npy,cregos1,48
comsan_XC677812.ogg.npy,comsan,44
commyn_XC331569.ogg.npy,commyn,41
gyhcaf1_XC684589.ogg.npy,gyhcaf1,78
rocpig_XC709206.ogg.npy,rocpig,142
gyhcaf1_XC20216.ogg.npy,gyhcaf1,78
bkwsti_XC182737.ogg.npy,bkwsti,14
comtai1_XC163908.ogg.npy,comtai1,45
hoopoe_XC793077.ogg.npy,hoopoe,80
kenplo1_XC785266.ogg.npy,kenplo1,98
copbar1_XC777503.ogg.npy,copbar1,46
comkin1_XC288184.ogg.npy,comkin1,39
zitcis1_XC797511.ogg.npy,zitcis1,181
comros_XC432568.ogg.npy,comros,43
chbeat1_XC639690.ogg.npy,chbeat1,34
labcro1_XC574366.ogg.npy,labcro1,100
woosan_XC545316.ogg.npy,woosan,177
barswa_XC486209.ogg.npy,barswa,9
graher1_XC56770.ogg.npy,graher1,62
barswa_XC556809.ogg.npy,barswa,9
graher1_XC432919.ogg.npy,graher1,62
maltro1_XC317373.ogg.npy,maltro1,113
brnhao1_XC744702.ogg.npy,brnhao1,26
rossta2_XC572186.ogg.npy,rossta2,144
bkwsti_XC188713.ogg.npy,bkwsti,14
asbfly_XC756617.ogg.npy,asbfly,0
rewlap1_XC322365.ogg.npy,rewlap1,141
labcro1_XC345836.ogg.npy,labcro1,100
spoowl1_XC591177.ogg.npy,spoowl1,156
hoopoe_XC240517.ogg.npy,hoopoe,80
revbul_XC507741.ogg.npy,revbul,139
kenplo1_XC494531.ogg.npy,kenplo1,98
grewar3_XC148825.ogg.npy,grewar3,70
rorpar_XC334309.ogg.npy,rorpar,143
commoo3_XC400868.ogg.npy,commoo3,40
grewar3_XC294387.ogg.npy,grewar3,70
whtkin2_XC615043.ogg.npy,whtkin2,176
grecou1_XC621005.ogg.npy,grecou1,64
houspa_XC603162.ogg.npy,houspa,82
barswa_XC361810.ogg.npy,barswa,9
brwowl1_XC824380.ogg.npy,brwowl1,30
barswa_XC492284.ogg.npy,barswa,9
asikoe2_XC767731.ogg.npy,asikoe2,4
commoo3_XC263111.ogg.npy,commoo3,40
pursun3_XC208781.ogg.npy,pursun3,133
graher1_XC645177.ogg.npy,graher1,62
whbwat1_XC549718.ogg.npy,whbwat1,171
lblwar1_XC453492.ogg.npy,lblwar1,102
laudov1_XC444434.ogg.npy,laudov1,101
bkwsti_XC795867.ogg.npy,bkwsti,14
grtdro1_XC461223.ogg.npy,grtdro1,73
lirplo_XC571107.ogg.npy,lirplo,105
eaywag1_XC587683.ogg.npy,eaywag1,53
comros_XC568861.ogg.npy,comros,43
rocpig_XC113783.ogg.npy,rocpig,142
bkskit1_XC350265.ogg.npy,bkskit1,13
houspa_XC430463.ogg.npy,houspa,82
blrwar1_XC826766.ogg.npy,blrwar1,20
crseag1_XC415702.ogg.npy,crseag1,50
comgre_XC646975.ogg.npy,comgre,37
bcnher_XC403621.ogg.npy,bcnher,10
bkwsti_XC431789.ogg.npy,bkwsti,14
whbwoo2_XC775439.ogg.npy,whbwoo2,172
eaywag1_XC645414.ogg.npy,eaywag1,53
eurbla2_XC325425.ogg.npy,eurbla2,56
grecou1_XC562183.ogg.npy,grecou1,64
brasta1_XC308264.ogg.npy,brasta1,23
categr_XC756285.ogg.npy,categr,33
litgre1_XC676253.ogg.npy,litgre1,107
brakit1_XC644542.ogg.npy,brakit1,22
piekin1_XC515909.ogg.npy,piekin1,126
litegr_XC576973.ogg.npy,litegr,106
bkwsti_XC558690.ogg.npy,bkwsti,14
grywag_XC655276.ogg.npy,grywag,76
zitcis1_XC765376.ogg.npy,zitcis1,181
rewbul_XC504283.ogg.npy,rewbul,140
sttwoo1_XC349693.ogg.npy,sttwoo1,159
eaywag1_XC842056.ogg.npy,eaywag1,53
litgre1_XC381779.ogg.npy,litgre1,107
putbab1_XC697556.ogg.npy,putbab1,136
whtkin2_XC209207.ogg.npy,whtkin2,176
eurcoo_XC716955.ogg.npy,eurcoo,57
mawthr1_XC662505.ogg.npy,mawthr1,116
rorpar_XC841186.ogg.npy,rorpar,143
bkskit1_XC351387.ogg.npy,bkskit1,13
whbwag1_XC590564.ogg.npy,whbwag1,170
comior1_XC207162.ogg.npy,comior1,38
bcnher_XC835631.ogg.npy,bcnher,10
woosan_XC471730.ogg.npy,woosan,177
lblwar1_XC420968.ogg.npy,lblwar1,102
litswi1_XC358257.ogg.npy,litswi1,109
litegr_XC305617.ogg.npy,litegr,106
whtkin2_XC698981.ogg.npy,whtkin2,176
junmyn1_XC151336.ogg.npy,junmyn1,96
litspi1_XC279170.ogg.npy,litspi1,108
wemhar1_XC667204.ogg.npy,wemhar1,166
gyhcaf1_XC782951.ogg.npy,gyhcaf1,78
oripip1_XC115364.ogg.npy,oripip1,122
commyn_XC579177.ogg.npy,commyn,41
comgre_XC646956.ogg.npy,comgre,37
lirplo_XC797764.ogg.npy,lirplo,105
houspa_XC441866.ogg.npy,houspa,82
graher1_XC848178.ogg.npy,graher1,62
grtdro1_XC845764.ogg.npy,grtdro1,73
grtdro1_XC621762.ogg.npy,grtdro1,73
labcro1_XC191644.ogg.npy,labcro1,100
whbwoo2_XC130403.ogg.npy,whbwoo2,172
stbkin1_XC636711.ogg.npy,stbkin1,158
commyn_XC548866.ogg.npy,commyn,41
spodov_XC521272.ogg.npy,spodov,155
bkskit1_XC353833.ogg.npy,bkskit1,13
commoo3_XC187965.ogg.npy,commoo3,40
commyn_XC612157.ogg.npy,commyn,41
houcro1_XC118211.ogg.npy,houcro1,81
plhpar1_XC74074.ogg.npy,plhpar1,130
bcnher_XC545676.ogg.npy,bcnher,10
comfla1_XC767037.ogg.npy,comfla1,36
comros_XC624637.ogg.npy,comros,43
woosan_XC509675.ogg.npy,woosan,177
wemhar1_XC646164.ogg.npy,wemhar1,166
copbar1_XC531534.ogg.npy,copbar1,46
tibfly3_XC402090.ogg.npy,tibfly3,161
rocpig_XC606456.ogg.npy,rocpig,142
eurcoo_XC548415.ogg.npy,eurcoo,57
grywag_XC838833.ogg.npy,grywag,76
litgre1_XC429610.ogg.npy,litgre1,107
lirplo_XC825183.ogg.npy,lirplo,105
comsan_XC528637.ogg.npy,comsan,44
eurcoo_XC436465.ogg.npy,eurcoo,57
wemhar1_XC262854.ogg.npy,wemhar1,166
blrwar1_XC564175.ogg.npy,blrwar1,20
bkcbul1_XC214031.ogg.npy,bkcbul1,11
greegr_XC331726.ogg.npy,greegr,65
blhori1_XC192880.ogg.npy,blhori1,18
crseag1_XC760793.ogg.npy,crseag1,50
bcnher_XC630522.ogg.npy,bcnher,10
crseag1_XC856692.ogg.npy,crseag1,50
grtdro1_XC572138.ogg.npy,grtdro1,73
whtkin2_XC608684.ogg.npy,whtkin2,176
piebus1_XC185319.ogg.npy,piebus1,125
ingori1_XC337338.ogg.npy,ingori1,88
asikoe2_XC858894.ogg.npy,asikoe2,4
rorpar_XC691768.ogg.npy,rorpar,143
piekin1_XC615881.ogg.npy,piekin1,126
lirplo_XC313559.ogg.npy,lirplo,105
rorpar_XC419853.ogg.npy,rorpar,143
greegr_XC515821.ogg.npy,greegr,65
brcful1_XC197597.ogg.npy,brcful1,24
greegr_XC390822.ogg.npy,greegr,65
wemhar1_XC462558.ogg.npy,wemhar1,166
comsan_XC744929.ogg.npy,comsan,44
blrwar1_XC563156.ogg.npy,blrwar1,20
zitcis1_XC793021.ogg.npy,zitcis1,181
hoopoe_XC157534.ogg.npy,hoopoe,80
comsan_XC27064.ogg.npy,comsan,44
bladro1_XC209549.ogg.npy,bladro1,15
blrwar1_XC659126.ogg.npy,blrwar1,20
grtdro1_XC284612.ogg.npy,grtdro1,73
stbkin1_XC855535.ogg.npy,stbkin1,158
eurcoo_XC790789.ogg.npy,eurcoo,57
rufbab3_XC178276.ogg.npy,rufbab3,145
commoo3_XC635719.ogg.npy,commoo3,40
graher1_XC307709.ogg.npy,graher1,62
grnsan_XC656836.ogg.npy,grnsan,71
bkskit1_XC352569.ogg.npy,bkskit1,13
litgre1_XC425742.ogg.npy,litgre1,107
whcbar1_XC574857.ogg.npy,whcbar1,173
hoopoe_XC265939.ogg.npy,hoopoe,80
commoo3_XC553548.ogg.npy,commoo3,40
comior1_XC754359.ogg.npy,comior1,38
comgre_XC376848.ogg.npy,comgre,37
ruftre2_XC614489.ogg.npy,ruftre2,146
rewlap1_XC367975.ogg.npy,rewlap1,141
greegr_XC558126.ogg.npy,greegr,65
marsan_XC371014.ogg.npy,marsan,115
comtai1_XC671499.ogg.npy,comtai1,45
commyn_XC110877.ogg.npy,commyn,41
ashpri1_XC578479.ogg.npy,ashpri1,2
brcful1_XC574864.ogg.npy,brcful1,24
graher1_XC829348.ogg.npy,graher1,62
barswa_XC581792.ogg.npy,barswa,9
kenplo1_XC836451.ogg.npy,kenplo1,98
grnsan_XC568008.ogg.npy,grnsan,71
grywag_XC610779.ogg.npy,grywag,76
pursun3_XC284857.ogg.npy,pursun3,133
stbkin1_XC236336.ogg.npy,stbkin1,158
comgre_XC634242.ogg.npy,comgre,37
lblwar1_XC756577.ogg.npy,lblwar1,102
grewar3_XC139391.ogg.npy,grewar3,70
zitcis1_XC794252.ogg.npy,zitcis1,181
pursun4_XC19812.ogg.npy,pursun4,134
blrwar1_XC655096.ogg.npy,blrwar1,20
hoopoe_XC480798.ogg.npy,hoopoe,80
stbkin1_XC636704.ogg.npy,stbkin1,158
brcful1_XC614614.ogg.npy,brcful1,24
rocpig_XC602013.ogg.npy,rocpig,142
brnshr_XC458242.ogg.npy,brnshr,27
bkwsti_XC363454.ogg.npy,bkwsti,14
litegr_XC333935.ogg.npy,litegr,106
brnhao1_XC619080.ogg.npy,brnhao1,26
rerswa1_XC370598.ogg.npy,rerswa1,138
bkwsti_XC236580.ogg.npy,bkwsti,14
eurcoo_XC448709.ogg.npy,eurcoo,57
tibfly3_XC428965.ogg.npy,tibfly3,161
woosan_XC581779.ogg.npy,woosan,177
rewbul_XC305211.ogg.npy,rewbul,140
houspa_XC179341.ogg.npy,houspa,82
crseag1_XC334000.ogg.npy,crseag1,50
comros_XC488285.ogg.npy,comros,43
gargan_XC803478.ogg.npy,gargan,59
blrwar1_XC807160.ogg.npy,blrwar1,20
rufwoo2_XC761135.ogg.npy,rufwoo2,147
bkwsti_XC347981.ogg.npy,bkwsti,14
pabflo1_XC454349.ogg.npy,pabflo1,123
comtai1_XC305917.ogg.npy,comtai1,45
comros_XC198969.ogg.npy,comros,43
plaflo1_XC208895.ogg.npy,plaflo1,128
brnshr_XC743391.ogg.npy,brnshr,27
gargan_XC710075.ogg.npy,gargan,59
whbwat1_XC208276.ogg.npy,whbwat1,171
comtai1_XC396742.ogg.npy,comtai1,45
comsan_XC663488.ogg.npy,comsan,44
grnsan_XC597335.ogg.npy,grnsan,71
lirplo_XC756066.ogg.npy,lirplo,105
blakit1_XC221994.ogg.npy,blakit1,17
barswa_XC541615.ogg.npy,barswa,9
comros_XC199245.ogg.npy,comros,43
comros_XC323449.ogg.npy,comros,43
eaywag1_XC800163.ogg.npy,eaywag1,53
blrwar1_XC572563.ogg.npy,blrwar1,20
pursun4_XC404206.ogg.npy,pursun4,134
categr_XC298147.ogg.npy,categr,33
litgre1_XC578474.ogg.npy,litgre1,107
zitcis1_XC143572.ogg.npy,zitcis1,181
brasta1_XC200264.ogg.npy,brasta1,23
stbkin1_XC667576.ogg.npy,stbkin1,158
whbsho3_XC856378.ogg.npy,whbsho3,168
kenplo1_XC808292.ogg.npy,kenplo1,98
commyn_XC73133.ogg.npy,commyn,41
comgre_XC618178.ogg.npy,comgre,37
wemhar1_XC620255.ogg.npy,wemhar1,166
oripip1_XC644735.ogg.npy,oripip1,122
grnsan_XC712533.ogg.npy,grnsan,71
blrwar1_XC731542.ogg.npy,blrwar1,20
greegr_XC307187.ogg.npy,greegr,65
comior1_XC297271.ogg.npy,comior1,38
gargan_XC793037.ogg.npy,gargan,59
orihob2_XC267812.ogg.npy,orihob2,121
litgre1_XC665237.ogg.npy,litgre1,107
inpher1_XC116748.ogg.npy,inpher1,89
eaywag1_XC650553.ogg.npy,eaywag1,53
houcro1_XC357593.ogg.npy,houcro1,81
barswa_XC773825.ogg.npy,barswa,9
grewar3_XC448206.ogg.npy,grewar3,70
spoowl1_XC397234.ogg.npy,spoowl1,156
plapri1_XC751128.ogg.npy,plapri1,129
litegr_XC717214.ogg.npy,litegr,106
eurcoo_XC485311.ogg.npy,eurcoo,57
comros_XC477439.ogg.npy,comros,43
comkin1_XC714216.ogg.npy,comkin1,39
comros_XC457677.ogg.npy,comros,43
spodov_XC510573.ogg.npy,spodov,155
comtai1_XC116528.ogg.npy,comtai1,45
gyhcaf1_XC531693.ogg.npy,gyhcaf1,78
eurcoo_XC779934.ogg.npy,eurcoo,57
rewbul_XC19826.ogg.npy,rewbul,140
bcnher_XC773576.ogg.npy,bcnher,10
indrob1_XC540553.ogg.npy,indrob1,85
pursun3_XC282342.ogg.npy,pursun3,133
gyhcaf1_XC744697.ogg.npy,gyhcaf1,78
labcro1_XC845341.ogg.npy,labcro1,100
eurcoo_XC839900.ogg.npy,eurcoo,57
comsan_XC434764.ogg.npy,comsan,44
vehpar1_XC213916.ogg.npy,vehpar1,164
bkwsti_XC749446.ogg.npy,bkwsti,14
comros_XC568933.ogg.npy,comros,43
sohmyn1_XC777529.ogg.npy,sohmyn1,153
grtdro1_XC858364.ogg.npy,grtdro1,73
litegr_XC333933.ogg.npy,litegr,106
bkwsti_XC804586.ogg.npy,bkwsti,14
graher1_XC313107.ogg.npy,graher1,62
whtkin2_XC662873.ogg.npy,whtkin2,176
rufbab3_XC598022.ogg.npy,rufbab3,145
barswa_XC667239.ogg.npy,barswa,9
gloibi_XC145799.ogg.npy,gloibi,60
brnshr_XC410420.ogg.npy,brnshr,27
bkwsti_XC388799.ogg.npy,bkwsti,14
copbar1_XC19649.ogg.npy,copbar1,46
zitcis1_XC598045.ogg.npy,zitcis1,181
whtkin2_XC742998.ogg.npy,whtkin2,176
ashdro1_XC628590.ogg.npy,ashdro1,1
whcbar1_XC425928.ogg.npy,whcbar1,173
houspa_XC293933.ogg.npy,houspa,82
bladro1_XC209564.ogg.npy,bladro1,15
putbab1_XC684392.ogg.npy,putbab1,136
grehor1_XC407841.ogg.npy,grehor1,67
purher1_XC746212.ogg.npy,purher1,132
cohcuc1_XC696706.ogg.npy,cohcuc1,35
hoopoe_XC461841.ogg.npy,hoopoe,80
moipig1_XC19775.ogg.npy,moipig1,117
nutman_XC590062.ogg.npy,nutman,120
bkskit1_XC704241.ogg.npy,bkskit1,13
commoo3_XC783965.ogg.npy,commoo3,40
bkwsti_XC118195.ogg.npy,bkwsti,14
gyhcaf1_XC503743.ogg.npy,gyhcaf1,78
revbul_XC182627.ogg.npy,revbul,139
comsan_XC736942.ogg.npy,comsan,44
rorpar_XC656950.ogg.npy,rorpar,143
graher1_XC673323.ogg.npy,graher1,62
eaywag1_XC677330.ogg.npy,eaywag1,53
grecou1_XC207249.ogg.npy,grecou1,64
piebus1_XC497084.ogg.npy,piebus1,125
blrwar1_XC712873.ogg.npy,blrwar1,20
whcbar1_XC402328.ogg.npy,whcbar1,173
whiter2_XC568345.ogg.npy,whiter2,174
grtdro1_XC610729.ogg.npy,grtdro1,73
laudov1_XC334281.ogg.npy,laudov1,101
piebus1_XC308721.ogg.npy,piebus1,125
zitcis1_XC263699.ogg.npy,zitcis1,181
gryfra_XC635699.ogg.npy,gryfra,74
labcro1_XC143395.ogg.npy,labcro1,100
bkskit1_XC350407.ogg.npy,bkskit1,13
hoopoe_XC818876.ogg.npy,hoopoe,80
litegr_XC333867.ogg.npy,litegr,106
hoopoe_XC643901.ogg.npy,hoopoe,80
eurcoo_XC643232.ogg.npy,eurcoo,57
comkin1_XC361638.ogg.npy,comkin1,39
woosan_XC481808.ogg.npy,woosan,177
laudov1_XC444432.ogg.npy,laudov1,101
grywag_XC527590.ogg.npy,grywag,76
grtdro1_XC372110.ogg.npy,grtdro1,73
ashdro1_XC114602.ogg.npy,ashdro1,1
eucdov_XC360303.ogg.npy,eucdov,55
litgre1_XC855630.ogg.npy,litgre1,107
greegr_XC569906.ogg.npy,greegr,65
plhpar1_XC19810.ogg.npy,plhpar1,130
tibfly3_XC212326.ogg.npy,tibfly3,161
gryfra_XC308191.ogg.npy,gryfra,74
gyhcaf1_XC307498.ogg.npy,gyhcaf1,78
bcnher_XC448799.ogg.npy,bcnher,10
grewar3_XC122407.ogg.npy,grewar3,70
rorpar_XC574717.ogg.npy,rorpar,143
houspa_XC168476.ogg.npy,houspa,82
grecou1_XC701711.ogg.npy,grecou1,64
rorpar_XC579355.ogg.npy,rorpar,143
putbab1_XC161803.ogg.npy,putbab1,136
brfowl1_XC138098.ogg.npy,brfowl1,25
graher1_XC494264.ogg.npy,graher1,62
hoopoe_XC798812.ogg.npy,hoopoe,80
comgre_XC717255.ogg.npy,comgre,37
insbab1_XC529860.ogg.npy,insbab1,90
barswa_XC636201.ogg.npy,barswa,9
woosan_XC689928.ogg.npy,woosan,177
comgre_XC588779.ogg.npy,comgre,37
ruftre2_XC301029.ogg.npy,ruftre2,146
comkin1_XC598009.ogg.npy,comkin1,39
grnsan_XC715322.ogg.npy,grnsan,71
spodov_XC731973.ogg.npy,spodov,155
houspa_XC587187.ogg.npy,houspa,82
blhori1_XC346330.ogg.npy,blhori1,18
lirplo_XC371008.ogg.npy,lirplo,105
woosan_XC570750.ogg.npy,woosan,177
putbab1_XC669912.ogg.npy,putbab1,136
whbbul2_XC575157.ogg.npy,whbbul2,167
indpit1_XC572629.ogg.npy,indpit1,84
graher1_XC176554.ogg.npy,graher1,62
ashpri1_XC330493.ogg.npy,ashpri1,2
wemhar1_XC572640.ogg.npy,wemhar1,166
comior1_XC268434.ogg.npy,comior1,38
bkwsti_XC718551.ogg.npy,bkwsti,14
revbul_XC207651.ogg.npy,revbul,139
tibfly3_XC643740.ogg.npy,tibfly3,161
whbwat1_XC637240.ogg.npy,whbwat1,171
barswa_XC317542.ogg.npy,barswa,9
comsan_XC667806.ogg.npy,comsan,44
comgre_XC818250.ogg.npy,comgre,37
asikoe2_XC330496.ogg.npy,asikoe2,4
gyhcaf1_XC786026.ogg.npy,gyhcaf1,78
marsan_XC327251.ogg.npy,marsan,115
stbkin1_XC525940.ogg.npy,stbkin1,158
grewar3_XC808802.ogg.npy,grewar3,70
sqtbul1_XC210274.ogg.npy,sqtbul1,157
bcnher_XC209828.ogg.npy,bcnher,10
blakit1_XC485739.ogg.npy,blakit1,17
putbab1_XC349819.ogg.npy,putbab1,136
plapri1_XC788005.ogg.npy,plapri1,129
eurcoo_XC389107.ogg.npy,eurcoo,57
blhori1_XC187018.ogg.npy,blhori1,18
hoopoe_XC789270.ogg.npy,hoopoe,80
eurcoo_XC208510.ogg.npy,eurcoo,57
lirplo_XC655854.ogg.npy,lirplo,105
thbwar1_XC527355.ogg.npy,thbwar1,160
litegr_XC333965.ogg.npy,litegr,106
whiter2_XC328383.ogg.npy,whiter2,174
grefla1_XC619760.ogg.npy,grefla1,66
zitcis1_XC385618.ogg.npy,zitcis1,181
zitcis1_XC178932.ogg.npy,zitcis1,181
houspa_XC659761.ogg.npy,houspa,82
lirplo_XC655039.ogg.npy,lirplo,105
brnshr_XC415624.ogg.npy,brnshr,27
zitcis1_XC465764.ogg.npy,zitcis1,181
rorpar_XC376416.ogg.npy,rorpar,143
smamin1_XC352053.ogg.npy,smamin1,152
houspa_XC577120.ogg.npy,houspa,82
placuc3_XC553084.ogg.npy,placuc3,127
comkin1_XC580507.ogg.npy,comkin1,39
asikoe2_XC163889.ogg.npy,asikoe2,4
zitcis1_XC600357.ogg.npy,zitcis1,181
gybpri1_XC302000.ogg.npy,gybpri1,77
litgre1_XC715187.ogg.npy,litgre1,107
rorpar_XC643141.ogg.npy,rorpar,143
bwfshr1_XC151507.ogg.npy,bwfshr1,32
mawthr1_XC490499.ogg.npy,mawthr1,116
grywag_XC692795.ogg.npy,grywag,76
indpit1_XC417388.ogg.npy,indpit1,84
revbul_XC574949.ogg.npy,revbul,139
grecou1_XC254651.ogg.npy,grecou1,64
blrwar1_XC659136.ogg.npy,blrwar1,20
eucdov_XC316794.ogg.npy,eucdov,55
graher1_XC786450.ogg.npy,graher1,62
insbab1_XC315634.ogg.npy,insbab1,90
grejun2_XC644234.ogg.npy,grejun2,68
grnsan_XC719714.ogg.npy,grnsan,71
blakit1_XC418987.ogg.npy,blakit1,17
rocpig_XC361753.ogg.npy,rocpig,142
eaywag1_XC741363.ogg.npy,eaywag1,53
commoo3_XC776225.ogg.npy,commoo3,40
emedov2_XC787545.ogg.npy,emedov2,54
houcro1_XC835571.ogg.npy,houcro1,81
eucdov_XC788267.ogg.npy,eucdov,55
litgre1_XC722755.ogg.npy,litgre1,107
gyhcaf1_XC630377.ogg.npy,gyhcaf1,78
litswi1_XC495325.ogg.npy,litswi1,109
purher1_XC676735.ogg.npy,purher1,132
bkskit1_XC352557.ogg.npy,bkskit1,13
labcro1_XC756567.ogg.npy,labcro1,100
blrwar1_XC658088.ogg.npy,blrwar1,20
comros_XC651275.ogg.npy,comros,43
woosan_XC799366.ogg.npy,woosan,177
zitcis1_XC260288.ogg.npy,zitcis1,181
hoopoe_XC371215.ogg.npy,hoopoe,80
crseag1_XC241631.ogg.npy,crseag1,50
graher1_XC587861.ogg.npy,graher1,62
commoo3_XC295003.ogg.npy,commoo3,40
eucdov_XC170936.ogg.npy,eucdov,55
spoowl1_XC170171.ogg.npy,spoowl1,156
eucdov_XC817421.ogg.npy,eucdov,55
hoopoe_XC368546.ogg.npy,hoopoe,80
moipig1_XC240651.ogg.npy,moipig1,117
whbwat1_XC363415.ogg.npy,whbwat1,171
commyn_XC503281.ogg.npy,commyn,41
pursun4_XC213696.ogg.npy,pursun4,134
grtdro1_XC158468.ogg.npy,grtdro1,73
hoopoe_XC727364.ogg.npy,hoopoe,80
brnshr_XC329964.ogg.npy,brnshr,27
hoopoe_XC392062.ogg.npy,hoopoe,80
labcro1_XC267645.ogg.npy,labcro1,100
litgre1_XC777820.ogg.npy,litgre1,107
kenplo1_XC785267.ogg.npy,kenplo1,98
hoopoe_XC644607.ogg.npy,hoopoe,80
maltro1_XC37528.ogg.npy,maltro1,113
gyhcaf1_XC505538.ogg.npy,gyhcaf1,78
grywag_XC591079.ogg.npy,grywag,76
comsan_XC556785.ogg.npy,comsan,44
purher1_XC832119.ogg.npy,purher1,132
bkwsti_XC721948.ogg.npy,bkwsti,14
blrwar1_XC654568.ogg.npy,blrwar1,20
lesyel1_XC406135.ogg.npy,lesyel1,103
shikra1_XC374784.ogg.npy,shikra1,151
lirplo_XC792117.ogg.npy,lirplo,105
grywag_XC526735.ogg.npy,grywag,76
graher1_XC434601.ogg.npy,graher1,62
comgre_XC142800.ogg.npy,comgre,37
revbul_XC573352.ogg.npy,revbul,139
lirplo_XC484241.ogg.npy,lirplo,105
woosan_XC733183.ogg.npy,woosan,177
comgre_XC717212.ogg.npy,comgre,37
zitcis1_XC773615.ogg.npy,zitcis1,181
asikoe2_XC433058.ogg.npy,asikoe2,4
asikoe2_XC252829.ogg.npy,asikoe2,4
brnhao1_XC608654.ogg.npy,brnhao1,26
bladro1_XC814830.ogg.npy,bladro1,15
gyhcaf1_XC168283.ogg.npy,gyhcaf1,78
cohcuc1_XC241126.ogg.npy,cohcuc1,35
comgre_XC845651.ogg.npy,comgre,37
comros_XC350474.ogg.npy,comros,43
wemhar1_XC673527.ogg.npy,wemhar1,166
comtai1_XC541369.ogg.npy,comtai1,45
indrol2_XC611151.ogg.npy,indrol2,86
jerbus2_XC744709.ogg.npy,jerbus2,94
marsan_XC733181.ogg.npy,marsan,115
eucdov_XC352470.ogg.npy,eucdov,55
comros_XC580389.ogg.npy,comros,43
greegr_XC655961.ogg.npy,greegr,65
blnmon1_XC794586.ogg.npy,blnmon1,19
grnsan_XC520082.ogg.npy,grnsan,71
pursun4_XC124390.ogg.npy,pursun4,134
gyhcaf1_XC720379.ogg.npy,gyhcaf1,78
rewbul_XC304459.ogg.npy,rewbul,140
bcnher_XC464755.ogg.npy,bcnher,10
comsan_XC824783.ogg.npy,comsan,44
greegr_XC473082.ogg.npy,greegr,65
asikoe2_XC723011.ogg.npy,asikoe2,4
gyhcaf1_XC727165.ogg.npy,gyhcaf1,78
grewar3_XC431696.ogg.npy,grewar3,70
categr_XC304252.ogg.npy,categr,33
litgre1_XC368595.ogg.npy,litgre1,107
putbab1_XC667199.ogg.npy,putbab1,136
rorpar_XC858127.ogg.npy,rorpar,143
lblwar1_XC191727.ogg.npy,lblwar1,102
junbab2_XC444552.ogg.npy,junbab2,95
bkskit1_XC353837.ogg.npy,bkskit1,13
yebbab1_XC756557.ogg.npy,yebbab1,179
bkwsti_XC284629.ogg.npy,bkwsti,14
grewar3_XC191262.ogg.npy,grewar3,70
pursun3_XC795211.ogg.npy,pursun3,133
houcro1_XC163864.ogg.npy,houcro1,81
grnsan_XC579370.ogg.npy,grnsan,71
blrwar1_XC566805.ogg.npy,blrwar1,20
commoo3_XC557906.ogg.npy,commoo3,40
yebbul3_XC490887.ogg.npy,yebbul3,180
plapri1_XC711513.ogg.npy,plapri1,129
eurcoo_XC545405.ogg.npy,eurcoo,57
houspa_XC641227.ogg.npy,houspa,82
brnhao1_XC237595.ogg.npy,brnhao1,26
grywag_XC266053.ogg.npy,grywag,76
labcro1_XC724414.ogg.npy,labcro1,100
gyhcaf1_XC767761.ogg.npy,gyhcaf1,78
bcnher_XC128632.ogg.npy,bcnher,10
rerswa1_XC278139.ogg.npy,rerswa1,138
brnhao1_XC608655.ogg.npy,brnhao1,26
aspfly1_XC544184.ogg.npy,aspfly1,6
eucdov_XC791487.ogg.npy,eucdov,55
bkwsti_XC749605.ogg.npy,bkwsti,14
eaywag1_XC588252.ogg.npy,eaywag1,53
oripip1_XC240453.ogg.npy,oripip1,122
greegr_XC307186.ogg.npy,greegr,65
asikoe2_XC307545.ogg.npy,asikoe2,4
eurcoo_XC781814.ogg.npy,eurcoo,57
grewar3_XC266869.ogg.npy,grewar3,70
grywag_XC593825.ogg.npy,grywag,76
greegr_XC139959.ogg.npy,greegr,65
hoopoe_XC365529.ogg.npy,hoopoe,80
comkin1_XC598201.ogg.npy,comkin1,39
eaywag1_XC316623.ogg.npy,eaywag1,53
comsan_XC828491.ogg.npy,comsan,44
bkskit1_XC361607.ogg.npy,bkskit1,13
eaywag1_XC676151.ogg.npy,eaywag1,53
commyn_XC599364.ogg.npy,commyn,41
revbul_XC637695.ogg.npy,revbul,139
purher1_XC545249.ogg.npy,purher1,132
rocpig_XC550328.ogg.npy,rocpig,142
zitcis1_XC277479.ogg.npy,zitcis1,181
mawthr1_XC386439.ogg.npy,mawthr1,116
litegr_XC332323.ogg.npy,litegr,106
zitcis1_XC724805.ogg.npy,zitcis1,181
crfbar1_XC540672.ogg.npy,crfbar1,49
rewbul_XC713330.ogg.npy,rewbul,140
brnshr_XC598451.ogg.npy,brnshr,27
yebbab1_XC267098.ogg.npy,yebbab1,179
btbeat1_XC126308.ogg.npy,btbeat1,31
woosan_XC747318.ogg.npy,woosan,177
bkwsti_XC408895.ogg.npy,bkwsti,14
stbkin1_XC394871.ogg.npy,stbkin1,158
compea_XC514026.ogg.npy,compea,42
brodro1_XC625557.ogg.npy,brodro1,28
wemhar1_XC175685.ogg.npy,wemhar1,166
brakit1_XC815593.ogg.npy,brakit1,22
brnshr_XC458237.ogg.npy,brnshr,27
plapri1_XC834652.ogg.npy,plapri1,129
grefla1_XC760942.ogg.npy,grefla1,66
comros_XC318409.ogg.npy,comros,43
malpar1_XC157976.ogg.npy,malpar1,112
greegr_XC715673.ogg.npy,greegr,65
barswa_XC757868.ogg.npy,barswa,9
lblwar1_XC209937.ogg.npy,lblwar1,102
yebbul3_XC214033.ogg.npy,yebbul3,180
junbab2_XC423657.ogg.npy,junbab2,95
comkin1_XC823378.ogg.npy,comkin1,39
ashdro1_XC242077.ogg.npy,ashdro1,1
bladro1_XC274887.ogg.npy,bladro1,15
comkin1_XC267327.ogg.npy,comkin1,39
rewlap1_XC487520.ogg.npy,rewlap1,141
graher1_XC729652.ogg.npy,graher1,62
houcro1_XC197155.ogg.npy,houcro1,81
mawthr1_XC441816.ogg.npy,mawthr1,116
whbwoo2_XC773160.ogg.npy,whbwoo2,172
comkin1_XC303381.ogg.npy,comkin1,39
comtai1_XC809184.ogg.npy,comtai1,45
purswa3_XC196260.ogg.npy,purswa3,135
litegr_XC680678.ogg.npy,litegr,106
pursun3_XC335053.ogg.npy,pursun3,133
wemhar1_XC526993.ogg.npy,wemhar1,166
grywag_XC183992.ogg.npy,grywag,76
whiter2_XC580160.ogg.npy,whiter2,174
blrwar1_XC826060.ogg.npy,blrwar1,20
grtdro1_XC858365.ogg.npy,grtdro1,73
bkwsti_XC741968.ogg.npy,bkwsti,14
blakit1_XC765298.ogg.npy,blakit1,17
bladro1_XC149038.ogg.npy,bladro1,15
grnsan_XC567941.ogg.npy,grnsan,71
eurcoo_XC307358.ogg.npy,eurcoo,57
litegr_XC481452.ogg.npy,litegr,106
barfly1_XC856423.ogg.npy,barfly1,8
purher1_XC740162.ogg.npy,purher1,132
bcnher_XC702327.ogg.npy,bcnher,10
comsan_XC587730.ogg.npy,comsan,44
junowl1_XC524190.ogg.npy,junowl1,97
eucdov_XC630649.ogg.npy,eucdov,55
rossta2_XC685770.ogg.npy,rossta2,144
btbeat1_XC741383.ogg.npy,btbeat1,31
comsan_XC556791.ogg.npy,comsan,44
jerbus2_XC647403.ogg.npy,jerbus2,94
grtdro1_XC402974.ogg.npy,grtdro1,73
categr_XC45476.ogg.npy,categr,33
greegr_XC607343.ogg.npy,greegr,65
putbab1_XC256283.ogg.npy,putbab1,136
rewbul_XC207917.ogg.npy,rewbul,140
rocpig_XC663912.ogg.npy,rocpig,142
woosan_XC669943.ogg.npy,woosan,177
comgre_XC581089.ogg.npy,comgre,37
comsan_XC455722.ogg.npy,comsan,44
grnsan_XC839780.ogg.npy,grnsan,71
oripip1_XC544039.ogg.npy,oripip1,122
piekin1_XC324927.ogg.npy,piekin1,126
kenplo1_XC414680.ogg.npy,kenplo1,98
comros_XC418136.ogg.npy,comros,43
indrob1_XC396938.ogg.npy,indrob1,85
putbab1_XC197103.ogg.npy,putbab1,136
rorpar_XC478013.ogg.npy,rorpar,143
emedov2_XC193202.ogg.npy,emedov2,54
eucdov_XC783322.ogg.npy,eucdov,55
comkin1_XC511677.ogg.npy,comkin1,39
eucdov_XC193427.ogg.npy,eucdov,55
blrwar1_XC733964.ogg.npy,blrwar1,20
grywag_XC673583.ogg.npy,grywag,76
greegr_XC794544.ogg.npy,greegr,65
stbkin1_XC665894.ogg.npy,stbkin1,158
blrwar1_XC566108.ogg.npy,blrwar1,20
indrob1_XC73389.ogg.npy,indrob1,85
junowl1_XC316837.ogg.npy,junowl1,97
barswa_XC418712.ogg.npy,barswa,9
bkwsti_XC500451.ogg.npy,bkwsti,14
comtai1_XC133741.ogg.npy,comtai1,45
comros_XC417614.ogg.npy,comros,43
woosan_XC747301.ogg.npy,woosan,177
asikoe2_XC778527.ogg.npy,asikoe2,4
blrwar1_XC660156.ogg.npy,blrwar1,20
eaywag1_XC670861.ogg.npy,eaywag1,53
litegr_XC403160.ogg.npy,litegr,106
houspa_XC261462.ogg.npy,houspa,82
eurcoo_XC628531.ogg.npy,eurcoo,57
asikoe2_XC208905.ogg.npy,asikoe2,4
grywag_XC789624.ogg.npy,grywag,76
bcnher_XC492160.ogg.npy,bcnher,10
eaywag1_XC828664.ogg.npy,eaywag1,53
brcful1_XC612669.ogg.npy,brcful1,24
comgre_XC266355.ogg.npy,comgre,37
commoo3_XC303948.ogg.npy,commoo3,40
blakit1_XC653988.ogg.npy,blakit1,17
rorpar_XC687960.ogg.npy,rorpar,143
eaywag1_XC428708.ogg.npy,eaywag1,53
asikoe2_XC332745.ogg.npy,asikoe2,4
btbeat1_XC279621.ogg.npy,btbeat1,31
woosan_XC800998.ogg.npy,woosan,177
grnsan_XC821286.ogg.npy,grnsan,71
asbfly_XC267680.ogg.npy,asbfly,0
commoo3_XC783962.ogg.npy,commoo3,40
grewar3_XC377338.ogg.npy,grewar3,70
gybpri1_XC541991.ogg.npy,gybpri1,77
commyn_XC116708.ogg.npy,commyn,41
wemhar1_XC696104.ogg.npy,wemhar1,166
litegr_XC333943.ogg.npy,litegr,106
pursun4_XC777295.ogg.npy,pursun4,134
brodro1_XC112566.ogg.npy,brodro1,28
comtai1_XC857371.ogg.npy,comtai1,45
eucdov_XC537820.ogg.npy,eucdov,55
eurcoo_XC649310.ogg.npy,eurcoo,57
bcnher_XC709529.ogg.npy,bcnher,10
comgre_XC831751.ogg.npy,comgre,37
sohmyn1_XC651288.ogg.npy,sohmyn1,153
woosan_XC578599.ogg.npy,woosan,177
houspa_XC710324.ogg.npy,houspa,82
bkrfla1_XC209205.ogg.npy,bkrfla1,12
grewar3_XC155474.ogg.npy,grewar3,70
comsan_XC556788.ogg.npy,comsan,44
barswa_XC549186.ogg.npy,barswa,9
junowl1_XC417598.ogg.npy,junowl1,97
categr_XC361547.ogg.npy,categr,33
comtai1_XC803659.ogg.npy,comtai1,45
greegr_XC605063.ogg.npy,greegr,65
zitcis1_XC268234.ogg.npy,zitcis1,181
litegr_XC555111.ogg.npy,litegr,106
rewlap1_XC209017.ogg.npy,rewlap1,141
greegr_XC452999.ogg.npy,greegr,65
ruftre2_XC215492.ogg.npy,ruftre2,146
barswa_XC723163.ogg.npy,barswa,9
purher1_XC515865.ogg.npy,purher1,132
grewar3_XC266732.ogg.npy,grewar3,70
hoopoe_XC484332.ogg.npy,hoopoe,80
houspa_XC292029.ogg.npy,houspa,82
commoo3_XC806581.ogg.npy,commoo3,40
whbwat1_XC549717.ogg.npy,whbwat1,171
goflea1_XC843337.ogg.npy,goflea1,61
gloibi_XC800220.ogg.npy,gloibi,60
comros_XC480854.ogg.npy,comros,43
grejun2_XC209347.ogg.npy,grejun2,68
purher1_XC681449.ogg.npy,purher1,132
grnsan_XC778291.ogg.npy,grnsan,71
woosan_XC197600.ogg.npy,woosan,177
ashdro1_XC686159.ogg.npy,ashdro1,1
dafbab1_XC381931.ogg.npy,dafbab1,51
blrwar1_XC181775.ogg.npy,blrwar1,20
grtdro1_XC606489.ogg.npy,grtdro1,73
houspa_XC462188.ogg.npy,houspa,82
grywag_XC812488.ogg.npy,grywag,76
eurbla2_XC189333.ogg.npy,eurbla2,56
barfly1_XC296410.ogg.npy,barfly1,8
comfla1_XC151330.ogg.npy,comfla1,36
btbeat1_XC621238.ogg.npy,btbeat1,31
comros_XC806587.ogg.npy,comros,43
grnsan_XC750421.ogg.npy,grnsan,71
categr_XC787914.ogg.npy,categr,33
grefla1_XC415780.ogg.npy,grefla1,66
kenplo1_XC801922.ogg.npy,kenplo1,98
grnsan_XC640124.ogg.npy,grnsan,71
bkrfla1_XC323802.ogg.npy,bkrfla1,12
brnhao1_XC608657.ogg.npy,brnhao1,26
rorpar_XC579336.ogg.npy,rorpar,143
lirplo_XC341980.ogg.npy,lirplo,105
hoopoe_XC362842.ogg.npy,hoopoe,80
brnshr_XC844614.ogg.npy,brnshr,27
gloibi_XC744143.ogg.npy,gloibi,60
bcnher_XC844546.ogg.npy,bcnher,10
labcro1_XC344448.ogg.npy,labcro1,100
blhori1_XC42612.ogg.npy,blhori1,18
whtkin2_XC381030.ogg.npy,whtkin2,176
thbwar1_XC482718.ogg.npy,thbwar1,160
brnhao1_XC469354.ogg.npy,brnhao1,26
blrwar1_XC659104.ogg.npy,blrwar1,20
eucdov_XC858291.ogg.npy,eucdov,55
comtai1_XC304223.ogg.npy,comtai1,45
bkskit1_XC352478.ogg.npy,bkskit1,13
copbar1_XC356320.ogg.npy,copbar1,46
brnshr_XC458253.ogg.npy,brnshr,27
comior1_XC572556.ogg.npy,comior1,38
commoo3_XC640180.ogg.npy,commoo3,40
crseag1_XC211029.ogg.npy,crseag1,50
zitcis1_XC428267.ogg.npy,zitcis1,181
bcnher_XC789514.ogg.npy,bcnher,10
barswa_XC652315.ogg.npy,barswa,9
grtdro1_XC336528.ogg.npy,grtdro1,73
hoopoe_XC376680.ogg.npy,hoopoe,80
barswa_XC239627.ogg.npy,barswa,9
greegr_XC120152.ogg.npy,greegr,65
aspswi1_XC702177.ogg.npy,aspswi1,7
barswa_XC464830.ogg.npy,barswa,9
grnsan_XC658891.ogg.npy,grnsan,71
bkwsti_XC820396.ogg.npy,bkwsti,14
houcro1_XC208676.ogg.npy,houcro1,81
houspa_XC328156.ogg.npy,houspa,82
eucdov_XC552812.ogg.npy,eucdov,55
chbeat1_XC295048.ogg.npy,chbeat1,34
grnsan_XC579408.ogg.npy,grnsan,71
woosan_XC356504.ogg.npy,woosan,177
crbsun2_XC296413.ogg.npy,crbsun2,47
comgre_XC524637.ogg.npy,comgre,37
eucdov_XC646069.ogg.npy,eucdov,55
vefnut1_XC782356.ogg.npy,vefnut1,163
marsan_XC154255.ogg.npy,marsan,115
whtkin2_XC196949.ogg.npy,whtkin2,176
categr_XC611986.ogg.npy,categr,33
rewlap1_XC318466.ogg.npy,rewlap1,141
asikoe2_XC287537.ogg.npy,asikoe2,4
bladro1_XC699916.ogg.npy,bladro1,15
oripip1_XC131360.ogg.npy,oripip1,122
gyhcaf1_XC163485.ogg.npy,gyhcaf1,78
barswa_XC278555.ogg.npy,barswa,9
comgre_XC832912.ogg.npy,comgre,37
plapri1_XC841197.ogg.npy,plapri1,129
ruftre2_XC368336.ogg.npy,ruftre2,146
bcnher_XC419107.ogg.npy,bcnher,10
comsan_XC667807.ogg.npy,comsan,44
pursun4_XC182625.ogg.npy,pursun4,134
aspfly1_XC687957.ogg.npy,aspfly1,6
whiter2_XC578628.ogg.npy,whiter2,174
blrwar1_XC734269.ogg.npy,blrwar1,20
bcnher_XC309051.ogg.npy,bcnher,10
piekin1_XC721366.ogg.npy,piekin1,126
zitcis1_XC568233.ogg.npy,zitcis1,181
eaywag1_XC145240.ogg.npy,eaywag1,53
ashdro1_XC329164.ogg.npy,ashdro1,1
purher1_XC770995.ogg.npy,purher1,132
houspa_XC302911.ogg.npy,houspa,82
commoo3_XC548304.ogg.npy,commoo3,40
bkwsti_XC774271.ogg.npy,bkwsti,14
grywag_XC812493.ogg.npy,grywag,76
blhori1_XC628389.ogg.npy,blhori1,18
commoo3_XC154509.ogg.npy,commoo3,40
junowl1_XC503421.ogg.npy,junowl1,97
blakit1_XC579213.ogg.npy,blakit1,17
whbtre1_XC350160.ogg.npy,whbtre1,169
barswa_XC687540.ogg.npy,barswa,9
copbar1_XC303992.ogg.npy,copbar1,46
lirplo_XC768245.ogg.npy,lirplo,105
purher1_XC667751.ogg.npy,purher1,132
rocpig_XC269762.ogg.npy,rocpig,142
litgre1_XC606701.ogg.npy,litgre1,107
graher1_XC739290.ogg.npy,graher1,62
lirplo_XC622543.ogg.npy,lirplo,105
commoo3_XC831044.ogg.npy,commoo3,40
shikra1_XC725209.ogg.npy,shikra1,151
litgre1_XC796469.ogg.npy,litgre1,107
rerswa1_XC423900.ogg.npy,rerswa1,138
placuc3_XC572952.ogg.npy,placuc3,127
graher1_XC543834.ogg.npy,graher1,62
comgre_XC411641.ogg.npy,comgre,37
compea_XC688178.ogg.npy,compea,42
litgre1_XC301651.ogg.npy,litgre1,107
bkskit1_XC359051.ogg.npy,bkskit1,13
placuc3_XC313104.ogg.npy,placuc3,127
bkwsti_XC564082.ogg.npy,bkwsti,14
comros_XC266637.ogg.npy,comros,43
grnsan_XC291142.ogg.npy,grnsan,71
comior1_XC461866.ogg.npy,comior1,38
bkwsti_XC815230.ogg.npy,bkwsti,14
commoo3_XC636547.ogg.npy,commoo3,40
greegr_XC149108.ogg.npy,greegr,65
grewar3_XC145183.ogg.npy,grewar3,70
houcro1_XC601790.ogg.npy,houcro1,81
zitcis1_XC401436.ogg.npy,zitcis1,181
brnshr_XC858111.ogg.npy,brnshr,27
rorpar_XC856224.ogg.npy,rorpar,143
spodov_XC735035.ogg.npy,spodov,155
pursun4_XC454341.ogg.npy,pursun4,134
ashpri1_XC384390.ogg.npy,ashpri1,2
grnsan_XC813151.ogg.npy,grnsan,71
grefla1_XC116546.ogg.npy,grefla1,66
categr_XC143596.ogg.npy,categr,33
tibfly3_XC519466.ogg.npy,tibfly3,161
eaywag1_XC145239.ogg.npy,eaywag1,53
commyn_XC184794.ogg.npy,commyn,41
putbab1_XC529870.ogg.npy,putbab1,136
bkskit1_XC360665.ogg.npy,bkskit1,13
asikoe2_XC686817.ogg.npy,asikoe2,4
putbab1_XC845716.ogg.npy,putbab1,136
grtdro1_XC551678.ogg.npy,grtdro1,73
thbwar1_XC485181.ogg.npy,thbwar1,160
putbab1_XC556742.ogg.npy,putbab1,136
gloibi_XC756068.ogg.npy,gloibi,60
comkin1_XC27038.ogg.npy,comkin1,39
compea_XC208672.ogg.npy,compea,42
blnmon1_XC330163.ogg.npy,blnmon1,19
greegr_XC116013.ogg.npy,greegr,65
blhori1_XC365196.ogg.npy,blhori1,18
asikoe2_XC788672.ogg.npy,asikoe2,4
commoo3_XC288672.ogg.npy,commoo3,40
crseag1_XC409348.ogg.npy,crseag1,50
categr_XC410973.ogg.npy,categr,33
labcro1_XC266264.ogg.npy,labcro1,100
commyn_XC183879.ogg.npy,commyn,41
grewar3_XC379946.ogg.npy,grewar3,70
bcnher_XC552020.ogg.npy,bcnher,10
gybpri1_XC362825.ogg.npy,gybpri1,77
grenig1_XC490559.ogg.npy,grenig1,69
bcnher_XC553848.ogg.npy,bcnher,10
rewbul_XC585174.ogg.npy,rewbul,140
grehor1_XC700260.ogg.npy,grehor1,67
kenplo1_XC718525.ogg.npy,kenplo1,98
litspi1_XC440796.ogg.npy,litspi1,108
grywag_XC455735.ogg.npy,grywag,76
comkin1_XC305667.ogg.npy,comkin1,39
hoopoe_XC179516.ogg.npy,hoopoe,80
litegr_XC335944.ogg.npy,litegr,106
commoo3_XC253281.ogg.npy,commoo3,40
laudov1_XC626802.ogg.npy,laudov1,101
bcnher_XC496729.ogg.npy,bcnher,10
bkwsti_XC761297.ogg.npy,bkwsti,14
zitcis1_XC422791.ogg.npy,zitcis1,181
yebbab1_XC588845.ogg.npy,yebbab1,179
spodov_XC484953.ogg.npy,spodov,155
zitcis1_XC559943.ogg.npy,zitcis1,181
spepic1_XC305586.ogg.npy,spepic1,154
brodro1_XC116462.ogg.npy,brodro1,28
oripip1_XC644717.ogg.npy,oripip1,122
comros_XC727080.ogg.npy,comros,43
gargan_XC120389.ogg.npy,gargan,59
gargan_XC734031.ogg.npy,gargan,59
plapri1_XC356655.ogg.npy,plapri1,129
woosan_XC488069.ogg.npy,woosan,177
nutman_XC598943.ogg.npy,nutman,120
grewar3_XC845830.ogg.npy,grewar3,70
sttwoo1_XC138655.ogg.npy,sttwoo1,159
lirplo_XC585477.ogg.npy,lirplo,105
labcro1_XC577873.ogg.npy,labcro1,100
comros_XC562779.ogg.npy,comros,43
comior1_XC192034.ogg.npy,comior1,38
whbwat1_XC610775.ogg.npy,whbwat1,171
asikoe2_XC729957.ogg.npy,asikoe2,4
lirplo_XC471024.ogg.npy,lirplo,105
whbwat1_XC709128.ogg.npy,whbwat1,171
gyhcaf1_XC766713.ogg.npy,gyhcaf1,78
rorpar_XC357073.ogg.npy,rorpar,143
bcnher_XC808257.ogg.npy,bcnher,10
bcnher_XC720542.ogg.npy,bcnher,10
eucdov_XC310660.ogg.npy,eucdov,55
comros_XC509233.ogg.npy,comros,43
cohcuc1_XC627843.ogg.npy,cohcuc1,35
malpar1_XC217787.ogg.npy,malpar1,112
grejun2_XC315635.ogg.npy,grejun2,68
grnsan_XC634862.ogg.npy,grnsan,71
whtkin2_XC377406.ogg.npy,whtkin2,176
dafbab1_XC207761.ogg.npy,dafbab1,51
spodov_XC497557.ogg.npy,spodov,155
blrwar1_XC179842.ogg.npy,blrwar1,20
litegr_XC333983.ogg.npy,litegr,106
comros_XC455897.ogg.npy,comros,43
purswa3_XC701794.ogg.npy,purswa3,135
woosan_XC768514.ogg.npy,woosan,177
houspa_XC793797.ogg.npy,houspa,82
categr_XC794808.ogg.npy,categr,33
asbfly_XC464609.ogg.npy,asbfly,0
brnshr_XC453343.ogg.npy,brnshr,27
gargan_XC542667.ogg.npy,gargan,59
rerswa1_XC701892.ogg.npy,rerswa1,138
grtdro1_XC545304.ogg.npy,grtdro1,73
blhori1_XC571478.ogg.npy,blhori1,18
hoopoe_XC636322.ogg.npy,hoopoe,80
barswa_XC752629.ogg.npy,barswa,9
comros_XC664854.ogg.npy,comros,43
grewar3_XC253557.ogg.npy,grewar3,70
grnsan_XC637852.ogg.npy,grnsan,71
nutman_XC594275.ogg.npy,nutman,120
cregos1_XC841650.ogg.npy,cregos1,48
tibfly3_XC208880.ogg.npy,tibfly3,161
tibfly3_XC645861.ogg.npy,tibfly3,161
lblwar1_XC482754.ogg.npy,lblwar1,102
comkin1_XC596116.ogg.npy,comkin1,39
comtai1_XC628438.ogg.npy,comtai1,45
oripip1_XC505096.ogg.npy,oripip1,122
grnsan_XC584756.ogg.npy,grnsan,71
bcnher_XC773577.ogg.npy,bcnher,10
putbab1_XC465689.ogg.npy,putbab1,136
whbwoo2_XC620578.ogg.npy,whbwoo2,172
bcnher_XC256938.ogg.npy,bcnher,10
rocpig_XC602019.ogg.npy,rocpig,142
graher1_XC798056.ogg.npy,graher1,62
asikoe2_XC73023.ogg.npy,asikoe2,4
grnsan_XC736400.ogg.npy,grnsan,71
barswa_XC337978.ogg.npy,barswa,9
blrwar1_XC134719.ogg.npy,blrwar1,20
asbfly_XC821324.ogg.npy,asbfly,0
blrwar1_XC562698.ogg.npy,blrwar1,20
blnmon1_XC610447.ogg.npy,blnmon1,19
commoo3_XC315890.ogg.npy,commoo3,40
spepic1_XC804432.ogg.npy,spepic1,154
grtdro1_XC150642.ogg.npy,grtdro1,73
crfbar1_XC540677.ogg.npy,crfbar1,49
grnsan_XC582117.ogg.npy,grnsan,71
commoo3_XC682617.ogg.npy,commoo3,40
blrwar1_XC731042.ogg.npy,blrwar1,20
eucdov_XC699124.ogg.npy,eucdov,55
junowl1_XC666145.ogg.npy,junowl1,97
grnsan_XC367641.ogg.npy,grnsan,71
brwowl1_XC179946.ogg.npy,brwowl1,30
hoopoe_XC815174.ogg.npy,hoopoe,80
blrwar1_XC653723.ogg.npy,blrwar1,20
litgre1_XC780434.ogg.npy,litgre1,107
spodov_XC464795.ogg.npy,spodov,155
grtdro1_XC606823.ogg.npy,grtdro1,73
comtai1_XC725371.ogg.npy,comtai1,45
grynig2_XC575191.ogg.npy,grynig2,75
bcnher_XC586196.ogg.npy,bcnher,10
whrmun_XC391991.ogg.npy,whrmun,175
grnsan_XC266344.ogg.npy,grnsan,71
whtkin2_XC295725.ogg.npy,whtkin2,176
comkin1_XC486204.ogg.npy,comkin1,39
eurcoo_XC363179.ogg.npy,eurcoo,57
greegr_XC613310.ogg.npy,greegr,65
blakit1_XC788756.ogg.npy,blakit1,17
shikra1_XC209607.ogg.npy,shikra1,151
litgre1_XC588357.ogg.npy,litgre1,107
comros_XC652641.ogg.npy,comros,43
plapri1_XC606960.ogg.npy,plapri1,129
bcnher_XC562646.ogg.npy,bcnher,10
whtkin2_XC578792.ogg.npy,whtkin2,176
rorpar_XC683049.ogg.npy,rorpar,143
houspa_XC178337.ogg.npy,houspa,82
ruftre2_XC379639.ogg.npy,ruftre2,146
whiter2_XC840857.ogg.npy,whiter2,174
houspa_XC571250.ogg.npy,houspa,82
grnsan_XC798486.ogg.npy,grnsan,71
zitcis1_XC372254.ogg.npy,zitcis1,181
comsan_XC667865.ogg.npy,comsan,44
goflea1_XC209203.ogg.npy,goflea1,61
chbeat1_XC125373.ogg.npy,chbeat1,34
smamin1_XC121369.ogg.npy,smamin1,152
rufwoo2_XC150833.ogg.npy,rufwoo2,147
rorpar_XC209726.ogg.npy,rorpar,143
zitcis1_XC341129.ogg.npy,zitcis1,181
spodov_XC203405.ogg.npy,spodov,155
rorpar_XC209560.ogg.npy,rorpar,143
gyhcaf1_XC335026.ogg.npy,gyhcaf1,78
grbeat1_XC359294.ogg.npy,grbeat1,63
grefla1_XC19683.ogg.npy,grefla1,66
grewar3_XC485186.ogg.npy,grewar3,70
grtdro1_XC818545.ogg.npy,grtdro1,73
stbkin1_XC158692.ogg.npy,stbkin1,158
kenplo1_XC765901.ogg.npy,kenplo1,98
comros_XC560296.ogg.npy,comros,43
ashdro1_XC815452.ogg.npy,ashdro1,1
grnwar1_XC163916.ogg.npy,grnwar1,72
litgre1_XC481392.ogg.npy,litgre1,107
barswa_XC664993.ogg.npy,barswa,9
whrmun_XC711703.ogg.npy,whrmun,175
zitcis1_XC839550.ogg.npy,zitcis1,181
whbwat1_XC730846.ogg.npy,whbwat1,171
comior1_XC668632.ogg.npy,comior1,38
rewlap1_XC404493.ogg.npy,rewlap1,141
grywag_XC456035.ogg.npy,grywag,76
bcnher_XC282895.ogg.npy,bcnher,10
whbwat1_XC150718.ogg.npy,whbwat1,171
eucdov_XC463252.ogg.npy,eucdov,55
blakit1_XC378208.ogg.npy,blakit1,17
comkin1_XC292137.ogg.npy,comkin1,39
eucdov_XC304855.ogg.npy,eucdov,55
grtdro1_XC152815.ogg.npy,grtdro1,73
graher1_XC584632.ogg.npy,graher1,62
bcnher_XC365511.ogg.npy,bcnher,10
comgre_XC846026.ogg.npy,comgre,37
grewar3_XC347680.ogg.npy,grewar3,70
bcnher_XC547408.ogg.npy,bcnher,10
whbwat1_XC638848.ogg.npy,whbwat1,171
eucdov_XC567365.ogg.npy,eucdov,55
barswa_XC361738.ogg.npy,barswa,9
bcnher_XC798409.ogg.npy,bcnher,10
commoo3_XC437358.ogg.npy,commoo3,40
copbar1_XC665272.ogg.npy,copbar1,46
ashpri1_XC425034.ogg.npy,ashpri1,2
grtdro1_XC783077.ogg.npy,grtdro1,73
comros_XC740498.ogg.npy,comros,43
comior1_XC268429.ogg.npy,comior1,38
lirplo_XC801072.ogg.npy,lirplo,105
rorpar_XC780506.ogg.npy,rorpar,143
pursun4_XC165447.ogg.npy,pursun4,134
pursun4_XC444467.ogg.npy,pursun4,134
eurcoo_XC633390.ogg.npy,eurcoo,57
houspa_XC692336.ogg.npy,houspa,82
comtai1_XC402841.ogg.npy,comtai1,45
grywag_XC605577.ogg.npy,grywag,76
kenplo1_XC765641.ogg.npy,kenplo1,98
comros_XC812856.ogg.npy,comros,43
hoopoe_XC820521.ogg.npy,hoopoe,80
pursun3_XC209052.ogg.npy,pursun3,133
indtit1_XC317037.ogg.npy,indtit1,87
eurcoo_XC573675.ogg.npy,eurcoo,57
eucdov_XC551224.ogg.npy,eucdov,55
grywag_XC704359.ogg.npy,grywag,76
blrwar1_XC656448.ogg.npy,blrwar1,20
labcro1_XC297124.ogg.npy,labcro1,100
orihob2_XC747313.ogg.npy,orihob2,121
spodov_XC778389.ogg.npy,spodov,155
blrwar1_XC656260.ogg.npy,blrwar1,20
stbkin1_XC357465.ogg.npy,stbkin1,158
blrwar1_XC808109.ogg.npy,blrwar1,20
grtdro1_XC196711.ogg.npy,grtdro1,73
comsan_XC578205.ogg.npy,comsan,44
houspa_XC541445.ogg.npy,houspa,82
plapri1_XC498840.ogg.npy,plapri1,129
rocpig_XC194176.ogg.npy,rocpig,142
lirplo_XC804751.ogg.npy,lirplo,105
nutman_XC789682.ogg.npy,nutman,120
gloibi_XC702388.ogg.npy,gloibi,60
whcbar1_XC411580.ogg.npy,whcbar1,173
bkwsti_XC481399.ogg.npy,bkwsti,14
grnwar1_XC639657.ogg.npy,grnwar1,72
gargan_XC393835.ogg.npy,gargan,59
litgre1_XC549145.ogg.npy,litgre1,107
cohcuc1_XC696707.ogg.npy,cohcuc1,35
blrwar1_XC207632.ogg.npy,blrwar1,20
hoopoe_XC810151.ogg.npy,hoopoe,80
comgre_XC823113.ogg.npy,comgre,37
rorpar_XC606442.ogg.npy,rorpar,143
graher1_XC663180.ogg.npy,graher1,62
goflea1_XC296436.ogg.npy,goflea1,61
comros_XC326022.ogg.npy,comros,43
revbul_XC321618.ogg.npy,revbul,139
commoo3_XC543196.ogg.npy,commoo3,40
comior1_XC216876.ogg.npy,comior1,38
commoo3_XC149725.ogg.npy,commoo3,40
lewduc1_XC207641.ogg.npy,lewduc1,104
houspa_XC795051.ogg.npy,houspa,82
comros_XC696149.ogg.npy,comros,43
plapri1_XC607212.ogg.npy,plapri1,129
comsan_XC184130.ogg.npy,comsan,44
eurcoo_XC463603.ogg.npy,eurcoo,57
categr_XC857111.ogg.npy,categr,33
indpit1_XC197116.ogg.npy,indpit1,84
kenplo1_XC526932.ogg.npy,kenplo1,98
putbab1_XC579464.ogg.npy,putbab1,136
eaywag1_XC761647.ogg.npy,eaywag1,53
litegr_XC749692.ogg.npy,litegr,106
yebbul3_XC741610.ogg.npy,yebbul3,180
graher1_XC261374.ogg.npy,graher1,62
kenplo1_XC765540.ogg.npy,kenplo1,98
houspa_XC436303.ogg.npy,houspa,82
comros_XC729134.ogg.npy,comros,43
grtdro1_XC610726.ogg.npy,grtdro1,73
brcful1_XC816788.ogg.npy,brcful1,24
ruftre2_XC743747.ogg.npy,ruftre2,146
woosan_XC829050.ogg.npy,woosan,177
rewlap1_XC665909.ogg.npy,rewlap1,141
whrmun_XC746792.ogg.npy,whrmun,175
zitcis1_XC635356.ogg.npy,zitcis1,181
junbab2_XC585618.ogg.npy,junbab2,95
comtai1_XC793874.ogg.npy,comtai1,45
comtai1_XC305918.ogg.npy,comtai1,45
copbar1_XC574973.ogg.npy,copbar1,46
comtai1_XC133729.ogg.npy,comtai1,45
comtai1_XC388244.ogg.npy,comtai1,45
commoo3_XC554342.ogg.npy,commoo3,40
blhori1_XC795218.ogg.npy,blhori1,18
eaywag1_XC314269.ogg.npy,eaywag1,53
hoopoe_XC858396.ogg.npy,hoopoe,80
hoopoe_XC543787.ogg.npy,hoopoe,80
comior1_XC192032.ogg.npy,comior1,38
grnsan_XC470479.ogg.npy,grnsan,71
houspa_XC628366.ogg.npy,houspa,82
comtai1_XC442396.ogg.npy,comtai1,45
litegr_XC697845.ogg.npy,litegr,106
hoopoe_XC371174.ogg.npy,hoopoe,80
forwag1_XC408290.ogg.npy,forwag1,58
ruftre2_XC568896.ogg.npy,ruftre2,146
rorpar_XC561983.ogg.npy,rorpar,143
houspa_XC137666.ogg.npy,houspa,82
houspa_XC546263.ogg.npy,houspa,82
lblwar1_XC777382.ogg.npy,lblwar1,102
woosan_XC145348.ogg.npy,woosan,177
zitcis1_XC724749.ogg.npy,zitcis1,181
rorpar_XC246308.ogg.npy,rorpar,143
piebus1_XC204654.ogg.npy,piebus1,125
ashdro1_XC838155.ogg.npy,ashdro1,1
ashwoo2_XC564998.ogg.npy,ashwoo2,3
wemhar1_XC608668.ogg.npy,wemhar1,166
commoo3_XC542353.ogg.npy,commoo3,40
comsan_XC266359.ogg.npy,comsan,44
bkskit1_XC350356.ogg.npy,bkskit1,13
crseag1_XC663825.ogg.npy,crseag1,50
lirplo_XC445287.ogg.npy,lirplo,105
grtdro1_XC724566.ogg.npy,grtdro1,73
commoo3_XC627955.ogg.npy,commoo3,40
shikra1_XC518360.ogg.npy,shikra1,151
comior1_XC616395.ogg.npy,comior1,38
oripip1_XC756580.ogg.npy,oripip1,122
purher1_XC714710.ogg.npy,purher1,132
comgre_XC665790.ogg.npy,comgre,37
grywag_XC202515.ogg.npy,grywag,76
kenplo1_XC182882.ogg.npy,kenplo1,98
whbwat1_XC462432.ogg.npy,whbwat1,171
eucdov_XC469798.ogg.npy,eucdov,55
rocpig_XC796913.ogg.npy,rocpig,142
grbeat1_XC291823.ogg.npy,grbeat1,63
blrwar1_XC26899.ogg.npy,blrwar1,20
commoo3_XC493031.ogg.npy,commoo3,40
thbwar1_XC728672.ogg.npy,thbwar1,160
grbeat1_XC576602.ogg.npy,grbeat1,63
compea_XC665320.ogg.npy,compea,42
rewbul_XC207913.ogg.npy,rewbul,140
comkin1_XC252339.ogg.npy,comkin1,39
litegr_XC683073.ogg.npy,litegr,106
comgre_XC552078.ogg.npy,comgre,37
comros_XC575049.ogg.npy,comros,43
woosan_XC381832.ogg.npy,woosan,177
woosan_XC309655.ogg.npy,woosan,177
eurbla2_XC571139.ogg.npy,eurbla2,56
putbab1_XC464792.ogg.npy,putbab1,136
comkin1_XC595141.ogg.npy,comkin1,39
tibfly3_XC643745.ogg.npy,tibfly3,161
grywag_XC456047.ogg.npy,grywag,76
brwowl1_XC773231.ogg.npy,brwowl1,30
barswa_XC457820.ogg.npy,barswa,9
compea_XC725330.ogg.npy,compea,42
litegr_XC333877.ogg.npy,litegr,106
rewbul_XC546077.ogg.npy,rewbul,140
ruftre2_XC576596.ogg.npy,ruftre2,146
litgre1_XC634656.ogg.npy,litgre1,107
piekin1_XC515898.ogg.npy,piekin1,126
hoopoe_XC370157.ogg.npy,hoopoe,80
labcro1_XC204908.ogg.npy,labcro1,100
graher1_XC603061.ogg.npy,graher1,62
barfly1_XC856388.ogg.npy,barfly1,8
putbab1_XC126879.ogg.npy,putbab1,136
rorpar_XC780692.ogg.npy,rorpar,143
gyhcaf1_XC769361.ogg.npy,gyhcaf1,78
commyn_XC651026.ogg.npy,commyn,41
putbab1_XC658744.ogg.npy,putbab1,136
whiter2_XC720744.ogg.npy,whiter2,174
greegr_XC532749.ogg.npy,greegr,65
litegr_XC710201.ogg.npy,litegr,106
grywag_XC485888.ogg.npy,grywag,76
rewbul_XC671013.ogg.npy,rewbul,140
bcnher_XC547032.ogg.npy,bcnher,10
rewlap1_XC446884.ogg.npy,rewlap1,141
commoo3_XC550817.ogg.npy,commoo3,40
spodov_XC179204.ogg.npy,spodov,155
crseag1_XC730962.ogg.npy,crseag1,50
barswa_XC361228.ogg.npy,barswa,9
commoo3_XC701657.ogg.npy,commoo3,40
rocpig_XC169211.ogg.npy,rocpig,142
ashpri1_XC604447.ogg.npy,ashpri1,2
nutman_XC362812.ogg.npy,nutman,120
grtdro1_XC603524.ogg.npy,grtdro1,73
commoo3_XC468902.ogg.npy,commoo3,40
blakit1_XC744739.ogg.npy,blakit1,17
tibfly3_XC512701.ogg.npy,tibfly3,161
houspa_XC632064.ogg.npy,houspa,82
orihob2_XC554876.ogg.npy,orihob2,121
dafbab1_XC775627.ogg.npy,dafbab1,51
brodro1_XC789819.ogg.npy,brodro1,28
orihob2_XC557293.ogg.npy,orihob2,121
spepic1_XC804431.ogg.npy,spepic1,154
goflea1_XC608665.ogg.npy,goflea1,61
blnmon1_XC497015.ogg.npy,blnmon1,19
rerswa1_XC423909.ogg.npy,rerswa1,138
eaywag1_XC138886.ogg.npy,eaywag1,53
copbar1_XC469471.ogg.npy,copbar1,46
rerswa1_XC133800.ogg.npy,rerswa1,138
placuc3_XC417108.ogg.npy,placuc3,127
houspa_XC268247.ogg.npy,houspa,82
blrwar1_XC199244.ogg.npy,blrwar1,20
tibfly3_XC240382.ogg.npy,tibfly3,161
gyhcaf1_XC790681.ogg.npy,gyhcaf1,78
insbab1_XC202648.ogg.npy,insbab1,90
lirplo_XC795027.ogg.npy,lirplo,105
houspa_XC578609.ogg.npy,houspa,82
hoopoe_XC417570.ogg.npy,hoopoe,80
whtkin2_XC797016.ogg.npy,whtkin2,176
grywag_XC842638.ogg.npy,grywag,76
comior1_XC197127.ogg.npy,comior1,38
comros_XC806447.ogg.npy,comros,43
purher1_XC822805.ogg.npy,purher1,132
rorpar_XC680457.ogg.npy,rorpar,143
blrwar1_XC770067.ogg.npy,blrwar1,20
comkin1_XC150031.ogg.npy,comkin1,39
litegr_XC448972.ogg.npy,litegr,106
graher1_XC695954.ogg.npy,graher1,62
comior1_XC610744.ogg.npy,comior1,38
plapri1_XC790918.ogg.npy,plapri1,129
kenplo1_XC489425.ogg.npy,kenplo1,98
eurcoo_XC603065.ogg.npy,eurcoo,57
brodro1_XC504185.ogg.npy,brodro1,28
grnsan_XC326538.ogg.npy,grnsan,71
graher1_XC572607.ogg.npy,graher1,62
grnwar1_XC343018.ogg.npy,grnwar1,72
graher1_XC299323.ogg.npy,graher1,62
purher1_XC640966.ogg.npy,purher1,132
lirplo_XC318419.ogg.npy,lirplo,105
comgre_XC543164.ogg.npy,comgre,37
whbwat1_XC769469.ogg.npy,whbwat1,171
grywag_XC522810.ogg.npy,grywag,76
barswa_XC371023.ogg.npy,barswa,9
blrwar1_XC808194.ogg.npy,blrwar1,20
sqtbul1_XC178307.ogg.npy,sqtbul1,157
bcnher_XC639193.ogg.npy,bcnher,10
lirplo_XC581175.ogg.npy,lirplo,105
indpit1_XC572627.ogg.npy,indpit1,84
purher1_XC826023.ogg.npy,purher1,132
junbab2_XC554019.ogg.npy,junbab2,95
lblwar1_XC687968.ogg.npy,lblwar1,102
grnwar1_XC724559.ogg.npy,grnwar1,72
graher1_XC748901.ogg.npy,graher1,62
vehpar1_XC497098.ogg.npy,vehpar1,164
blrwar1_XC506431.ogg.npy,blrwar1,20
kenplo1_XC718544.ogg.npy,kenplo1,98
nutman_XC330117.ogg.npy,nutman,120
blhori1_XC798560.ogg.npy,blhori1,18
bcnher_XC575510.ogg.npy,bcnher,10
whtkin2_XC615586.ogg.npy,whtkin2,176
blakit1_XC578424.ogg.npy,blakit1,17
commyn_XC40086.ogg.npy,commyn,41
litgre1_XC589782.ogg.npy,litgre1,107
hoopoe_XC521891.ogg.npy,hoopoe,80
grecou1_XC770517.ogg.npy,grecou1,64
compea_XC452046.ogg.npy,compea,42
bcnher_XC658584.ogg.npy,bcnher,10
commoo3_XC557365.ogg.npy,commoo3,40
eurcoo_XC542395.ogg.npy,eurcoo,57
stbkin1_XC723607.ogg.npy,stbkin1,158
eurcoo_XC596457.ogg.npy,eurcoo,57
eucdov_XC672013.ogg.npy,eucdov,55
asikoe2_XC635320.ogg.npy,asikoe2,4
litgre1_XC546375.ogg.npy,litgre1,107
eurcoo_XC663409.ogg.npy,eurcoo,57
thbwar1_XC323743.ogg.npy,thbwar1,160
asbfly_XC267679.ogg.npy,asbfly,0
bkskit1_XC350386.ogg.npy,bkskit1,13
rerswa1_XC433098.ogg.npy,rerswa1,138
litspi1_XC811558.ogg.npy,litspi1,108
whtkin2_XC284525.ogg.npy,whtkin2,176
purher1_XC380536.ogg.npy,purher1,132
spoowl1_XC390368.ogg.npy,spoowl1,156
grywag_XC589097.ogg.npy,grywag,76
rorpar_XC201706.ogg.npy,rorpar,143
comior1_XC676795.ogg.npy,comior1,38
grbeat1_XC700156.ogg.npy,grbeat1,63
vehpar1_XC117060.ogg.npy,vehpar1,164
grenig1_XC151818.ogg.npy,grenig1,69
grewar3_XC377339.ogg.npy,grewar3,70
rerswa1_XC460972.ogg.npy,rerswa1,138
tibfly3_XC344963.ogg.npy,tibfly3,161
putbab1_XC210540.ogg.npy,putbab1,136
rewbul_XC337658.ogg.npy,rewbul,140
categr_XC124271.ogg.npy,categr,33
comsan_XC548001.ogg.npy,comsan,44
comsan_XC581045.ogg.npy,comsan,44
commoo3_XC650129.ogg.npy,commoo3,40
grnwar1_XC543151.ogg.npy,grnwar1,72
purher1_XC733410.ogg.npy,purher1,132
grtdro1_XC559431.ogg.npy,grtdro1,73
zitcis1_XC756607.ogg.npy,zitcis1,181
blrwar1_XC439732.ogg.npy,blrwar1,20
comsan_XC556802.ogg.npy,comsan,44
goflea1_XC684263.ogg.npy,goflea1,61
eurcoo_XC468662.ogg.npy,eurcoo,57
barswa_XC361740.ogg.npy,barswa,9
grenig1_XC164810.ogg.npy,grenig1,69
bkwsti_XC605115.ogg.npy,bkwsti,14
crseag1_XC730740.ogg.npy,crseag1,50
revbul_XC507720.ogg.npy,revbul,139
oripip1_XC303830.ogg.npy,oripip1,122
rerswa1_XC178392.ogg.npy,rerswa1,138
zitcis1_XC432674.ogg.npy,zitcis1,181
comros_XC727918.ogg.npy,comros,43
comros_XC486711.ogg.npy,comros,43
eaywag1_XC533907.ogg.npy,eaywag1,53
indrol2_XC540973.ogg.npy,indrol2,86
hoopoe_XC800789.ogg.npy,hoopoe,80
whiter2_XC380976.ogg.npy,whiter2,174
ashdro1_XC575537.ogg.npy,ashdro1,1
lirplo_XC734400.ogg.npy,lirplo,105
comior1_XC613678.ogg.npy,comior1,38
grnsan_XC175466.ogg.npy,grnsan,71
gloibi_XC399928.ogg.npy,gloibi,60
kenplo1_XC817405.ogg.npy,kenplo1,98
wemhar1_XC544688.ogg.npy,wemhar1,166
grefla1_XC428555.ogg.npy,grefla1,66
grnsan_XC722064.ogg.npy,grnsan,71
eurcoo_XC482899.ogg.npy,eurcoo,57
comgre_XC827135.ogg.npy,comgre,37
purher1_XC827205.ogg.npy,purher1,132
stbkin1_XC192651.ogg.npy,stbkin1,158
bcnher_XC555678.ogg.npy,bcnher,10
litswi1_XC443708.ogg.npy,litswi1,109
litegr_XC333944.ogg.npy,litegr,106
rocpig_XC718271.ogg.npy,rocpig,142
blrwar1_XC658145.ogg.npy,blrwar1,20
rerswa1_XC278426.ogg.npy,rerswa1,138
wemhar1_XC586234.ogg.npy,wemhar1,166
rossta2_XC685776.ogg.npy,rossta2,144
grtdro1_XC576679.ogg.npy,grtdro1,73
kenplo1_XC660964.ogg.npy,kenplo1,98
zitcis1_XC732361.ogg.npy,zitcis1,181
rufwoo2_XC578928.ogg.npy,rufwoo2,147
brodro1_XC782949.ogg.npy,brodro1,28
lirplo_XC377472.ogg.npy,lirplo,105
labcro1_XC854761.ogg.npy,labcro1,100
wemhar1_XC624933.ogg.npy,wemhar1,166
gyhcaf1_XC115117.ogg.npy,gyhcaf1,78
eaywag1_XC587267.ogg.npy,eaywag1,53
grewar3_XC430660.ogg.npy,grewar3,70
houcro1_XC578839.ogg.npy,houcro1,81
revbul_XC308261.ogg.npy,revbul,139
comtai1_XC540352.ogg.npy,comtai1,45
rewbul_XC758757.ogg.npy,rewbul,140
barswa_XC405617.ogg.npy,barswa,9
ashpri1_XC401871.ogg.npy,ashpri1,2
graher1_XC692940.ogg.npy,graher1,62
putbab1_XC356526.ogg.npy,putbab1,136
houspa_XC173553.ogg.npy,houspa,82
comtai1_XC464774.ogg.npy,comtai1,45
eurcoo_XC518942.ogg.npy,eurcoo,57
lirplo_XC814043.ogg.npy,lirplo,105
litgre1_XC716638.ogg.npy,litgre1,107
categr_XC352660.ogg.npy,categr,33
eucdov_XC743817.ogg.npy,eucdov,55
bcnher_XC371129.ogg.npy,bcnher,10
ruftre2_XC576605.ogg.npy,ruftre2,146
putbab1_XC365839.ogg.npy,putbab1,136
comsan_XC736684.ogg.npy,comsan,44
rewlap1_XC317385.ogg.npy,rewlap1,141
brwowl1_XC824376.ogg.npy,brwowl1,30
whbwat1_XC797439.ogg.npy,whbwat1,171
labcro1_XC195576.ogg.npy,labcro1,100
comkin1_XC289822.ogg.npy,comkin1,39
comtai1_XC723978.ogg.npy,comtai1,45
kenplo1_XC839071.ogg.npy,kenplo1,98
litgre1_XC629659.ogg.npy,litgre1,107
hoopoe_XC722560.ogg.npy,hoopoe,80
eucdov_XC410907.ogg.npy,eucdov,55
rewlap1_XC215439.ogg.npy,rewlap1,141
hoopoe_XC793075.ogg.npy,hoopoe,80
kenplo1_XC341211.ogg.npy,kenplo1,98
comros_XC573419.ogg.npy,comros,43
whbwat1_XC461247.ogg.npy,whbwat1,171
grtdro1_XC151357.ogg.npy,grtdro1,73
commoo3_XC631483.ogg.npy,commoo3,40
eaywag1_XC790724.ogg.npy,eaywag1,53
lirplo_XC630125.ogg.npy,lirplo,105
brnshr_XC341301.ogg.npy,brnshr,27
lirplo_XC796558.ogg.npy,lirplo,105
woosan_XC331100.ogg.npy,woosan,177
eaywag1_XC667312.ogg.npy,eaywag1,53
whiter2_XC610703.ogg.npy,whiter2,174
grewar3_XC169607.ogg.npy,grewar3,70
gybpri1_XC597948.ogg.npy,gybpri1,77
grywag_XC343363.ogg.npy,grywag,76
bkskit1_XC474565.ogg.npy,bkskit1,13
comtai1_XC633050.ogg.npy,comtai1,45
bkwsti_XC466558.ogg.npy,bkwsti,14
plhpar1_XC197104.ogg.npy,plhpar1,130
grnsan_XC132103.ogg.npy,grnsan,71
comsan_XC551282.ogg.npy,comsan,44
grywag_XC754196.ogg.npy,grywag,76
wemhar1_XC709822.ogg.npy,wemhar1,166
barswa_XC727046.ogg.npy,barswa,9
comgre_XC785497.ogg.npy,comgre,37
brodro1_XC845129.ogg.npy,brodro1,28
hoopoe_XC551273.ogg.npy,hoopoe,80
comtai1_XC210480.ogg.npy,comtai1,45
purswa3_XC129174.ogg.npy,purswa3,135
rufwoo2_XC646760.ogg.npy,rufwoo2,147
categr_XC838331.ogg.npy,categr,33
bcnher_XC663653.ogg.npy,bcnher,10
plapri1_XC116817.ogg.npy,plapri1,129
categr_XC125870.ogg.npy,categr,33
gargan_XC431303.ogg.npy,gargan,59
blhori1_XC777453.ogg.npy,blhori1,18
grnsan_XC749438.ogg.npy,grnsan,71
eaywag1_XC558428.ogg.npy,eaywag1,53
houcro1_XC403956.ogg.npy,houcro1,81
eucdov_XC139833.ogg.npy,eucdov,55
pabflo1_XC619048.ogg.npy,pabflo1,123
maghor2_XC498561.ogg.npy,maghor2,111
putbab1_XC400195.ogg.npy,putbab1,136
grnsan_XC463878.ogg.npy,grnsan,71
litegr_XC683061.ogg.npy,litegr,106
lesyel1_XC321738.ogg.npy,lesyel1,103
comtai1_XC742629.ogg.npy,comtai1,45
wemhar1_XC620227.ogg.npy,wemhar1,166
barswa_XC376569.ogg.npy,barswa,9
stbkin1_XC177251.ogg.npy,stbkin1,158
gyhcaf1_XC304908.ogg.npy,gyhcaf1,78
blrwar1_XC378773.ogg.npy,blrwar1,20
goflea1_XC116539.ogg.npy,goflea1,61
gryfra_XC459199.ogg.npy,gryfra,74
lirplo_XC475070.ogg.npy,lirplo,105
woosan_XC64713.ogg.npy,woosan,177
plapri1_XC714356.ogg.npy,plapri1,129
grnsan_XC586063.ogg.npy,grnsan,71
bcnher_XC655444.ogg.npy,bcnher,10
rorpar_XC209709.ogg.npy,rorpar,143
bkcbul1_XC741501.ogg.npy,bkcbul1,11
ashdro1_XC365150.ogg.npy,ashdro1,1
hoopoe_XC396426.ogg.npy,hoopoe,80
lblwar1_XC324107.ogg.npy,lblwar1,102
gybpri1_XC665709.ogg.npy,gybpri1,77
marsan_XC722947.ogg.npy,marsan,115
comros_XC566233.ogg.npy,comros,43
eurcoo_XC787841.ogg.npy,eurcoo,57
rewbul_XC304451.ogg.npy,rewbul,140
bcnher_XC467243.ogg.npy,bcnher,10
comros_XC650349.ogg.npy,comros,43
asikoe2_XC208773.ogg.npy,asikoe2,4
spodov_XC347681.ogg.npy,spodov,155
grewar3_XC455695.ogg.npy,grewar3,70
whtkin2_XC163894.ogg.npy,whtkin2,176
eaywag1_XC471893.ogg.npy,eaywag1,53
sqtbul1_XC346135.ogg.npy,sqtbul1,157
rorpar_XC37588.ogg.npy,rorpar,143
litgre1_XC643415.ogg.npy,litgre1,107
rocpig_XC488172.ogg.npy,rocpig,142
comkin1_XC686762.ogg.npy,comkin1,39
barswa_XC467012.ogg.npy,barswa,9
grywag_XC520269.ogg.npy,grywag,76
vehpar1_XC126951.ogg.npy,vehpar1,164
bcnher_XC597334.ogg.npy,bcnher,10
comros_XC53811.ogg.npy,comros,43
commoo3_XC639676.ogg.npy,commoo3,40
grewar3_XC580302.ogg.npy,grewar3,70
eurcoo_XC549349.ogg.npy,eurcoo,57
comtai1_XC623018.ogg.npy,comtai1,45
comros_XC563798.ogg.npy,comros,43
gybpri1_XC184999.ogg.npy,gybpri1,77
inbrob1_XC133310.ogg.npy,inbrob1,83
bkwsti_XC284628.ogg.npy,bkwsti,14
tibfly3_XC207659.ogg.npy,tibfly3,161
piebus1_XC295428.ogg.npy,piebus1,125
rerswa1_XC178397.ogg.npy,rerswa1,138
bkskit1_XC632274.ogg.npy,bkskit1,13
blhori1_XC464788.ogg.npy,blhori1,18
greegr_XC711449.ogg.npy,greegr,65
eaywag1_XC597284.ogg.npy,eaywag1,53
zitcis1_XC709755.ogg.npy,zitcis1,181
revbul_XC587446.ogg.npy,revbul,139
woosan_XC647845.ogg.npy,woosan,177
grywag_XC410768.ogg.npy,grywag,76
houspa_XC439378.ogg.npy,houspa,82
comfla1_XC856081.ogg.npy,comfla1,36
grtdro1_XC576681.ogg.npy,grtdro1,73
blnmon1_XC497013.ogg.npy,blnmon1,19
litgre1_XC655187.ogg.npy,litgre1,107
bkwsti_XC495092.ogg.npy,bkwsti,14
eucdov_XC548335.ogg.npy,eucdov,55
grnsan_XC667847.ogg.npy,grnsan,71
houspa_XC627130.ogg.npy,houspa,82
ruftre2_XC201924.ogg.npy,ruftre2,146
bcnher_XC640517.ogg.npy,bcnher,10
blakit1_XC765077.ogg.npy,blakit1,17
whbwat1_XC362965.ogg.npy,whbwat1,171
litgre1_XC823151.ogg.npy,litgre1,107
whbwoo2_XC397014.ogg.npy,whbwoo2,172
comgre_XC840649.ogg.npy,comgre,37
whcbar1_XC578228.ogg.npy,whcbar1,173
blrwar1_XC420786.ogg.npy,blrwar1,20
hoopoe_XC173495.ogg.npy,hoopoe,80
gybpri1_XC576905.ogg.npy,gybpri1,77
brnhao1_XC696746.ogg.npy,brnhao1,26
spoowl1_XC778593.ogg.npy,spoowl1,156
blakit1_XC292781.ogg.npy,blakit1,17
grtdro1_XC612966.ogg.npy,grtdro1,73
eucdov_XC669770.ogg.npy,eucdov,55
grywag_XC792749.ogg.npy,grywag,76
bcnher_XC263291.ogg.npy,bcnher,10
commoo3_XC414137.ogg.npy,commoo3,40
lirplo_XC796813.ogg.npy,lirplo,105
zitcis1_XC738158.ogg.npy,zitcis1,181
spodov_XC153052.ogg.npy,spodov,155
rewbul_XC400923.ogg.npy,rewbul,140
crbsun2_XC267494.ogg.npy,crbsun2,47
ashdro1_XC841853.ogg.npy,ashdro1,1
barfly1_XC856471.ogg.npy,barfly1,8
grnsan_XC586152.ogg.npy,grnsan,71
grewar3_XC179206.ogg.npy,grewar3,70
whbbul2_XC514067.ogg.npy,whbbul2,167
grnsan_XC793931.ogg.npy,grnsan,71
eaywag1_XC648175.ogg.npy,eaywag1,53
gloibi_XC357886.ogg.npy,gloibi,60
commyn_XC187040.ogg.npy,commyn,41
comgre_XC613836.ogg.npy,comgre,37
grnsan_XC543197.ogg.npy,grnsan,71
comros_XC183173.ogg.npy,comros,43
wemhar1_XC262846.ogg.npy,wemhar1,166
purher1_XC299495.ogg.npy,purher1,132
blrwar1_XC214083.ogg.npy,blrwar1,20
houspa_XC234318.ogg.npy,houspa,82
woosan_XC345156.ogg.npy,woosan,177
houcro1_XC667033.ogg.npy,houcro1,81
graher1_XC788486.ogg.npy,graher1,62
plapri1_XC234154.ogg.npy,plapri1,129
graher1_XC795455.ogg.npy,graher1,62
comgre_XC118272.ogg.npy,comgre,37
comsan_XC204537.ogg.npy,comsan,44
litegr_XC659583.ogg.npy,litegr,106
gryfra_XC371175.ogg.npy,gryfra,74
whtkin2_XC705641.ogg.npy,whtkin2,176
litegr_XC591377.ogg.npy,litegr,106
whbwoo2_XC490560.ogg.npy,whbwoo2,172
comros_XC162612.ogg.npy,comros,43
grewar3_XC593686.ogg.npy,grewar3,70
asikoe2_XC551633.ogg.npy,asikoe2,4
comsan_XC819745.ogg.npy,comsan,44
commyn_XC607469.ogg.npy,commyn,41
kenplo1_XC765899.ogg.npy,kenplo1,98
eaywag1_XC825778.ogg.npy,eaywag1,53
gargan_XC365756.ogg.npy,gargan,59
rorpar_XC364537.ogg.npy,rorpar,143
houspa_XC388579.ogg.npy,houspa,82
barswa_XC138332.ogg.npy,barswa,9
grewar3_XC415283.ogg.npy,grewar3,70
blrwar1_XC342529.ogg.npy,blrwar1,20
grnsan_XC575668.ogg.npy,grnsan,71
commyn_XC583034.ogg.npy,commyn,41
wemhar1_XC333372.ogg.npy,wemhar1,166
bkwsti_XC712439.ogg.npy,bkwsti,14
eucdov_XC698964.ogg.npy,eucdov,55
woosan_XC825179.ogg.npy,woosan,177
wemhar1_XC781892.ogg.npy,wemhar1,166
rewbul_XC207916.ogg.npy,rewbul,140
comros_XC828013.ogg.npy,comros,43
brodro1_XC509688.ogg.npy,brodro1,28
grnwar1_XC299236.ogg.npy,grnwar1,72
nutman_XC736037.ogg.npy,nutman,120
indpit1_XC358392.ogg.npy,indpit1,84
comros_XC806053.ogg.npy,comros,43
comgre_XC493977.ogg.npy,comgre,37
hoopoe_XC655333.ogg.npy,hoopoe,80
litgre1_XC727347.ogg.npy,litgre1,107
spodov_XC74458.ogg.npy,spodov,155
thbwar1_XC266173.ogg.npy,thbwar1,160
tibfly3_XC645204.ogg.npy,tibfly3,161
rorpar_XC263125.ogg.npy,rorpar,143
asikoe2_XC417387.ogg.npy,asikoe2,4
litegr_XC577900.ogg.npy,litegr,106
blrwar1_XC807194.ogg.npy,blrwar1,20
comgre_XC588157.ogg.npy,comgre,37
grewar3_XC304437.ogg.npy,grewar3,70
comsan_XC629452.ogg.npy,comsan,44
comgre_XC412651.ogg.npy,comgre,37
commyn_XC110878.ogg.npy,commyn,41
whbwoo2_XC382905.ogg.npy,whbwoo2,172
bladro1_XC331740.ogg.npy,bladro1,15
grnsan_XC671104.ogg.npy,grnsan,71
asikoe2_XC648133.ogg.npy,asikoe2,4
commoo3_XC488467.ogg.npy,commoo3,40
houspa_XC175620.ogg.npy,houspa,82
bkwsti_XC667855.ogg.npy,bkwsti,14
comtai1_XC627846.ogg.npy,comtai1,45
brnhao1_XC778559.ogg.npy,brnhao1,26
pursun4_XC240352.ogg.npy,pursun4,134
whtkin2_XC209215.ogg.npy,whtkin2,176
graher1_XC770918.ogg.npy,graher1,62
blnmon1_XC684831.ogg.npy,blnmon1,19
whtkin2_XC430263.ogg.npy,whtkin2,176
gyhcaf1_XC719999.ogg.npy,gyhcaf1,78
grnsan_XC840641.ogg.npy,grnsan,71
grewar3_XC530710.ogg.npy,grewar3,70
hoopoe_XC310261.ogg.npy,hoopoe,80
greegr_XC58490.ogg.npy,greegr,65
whbwag1_XC74647.ogg.npy,whbwag1,170
eurcoo_XC380511.ogg.npy,eurcoo,57
eucdov_XC261352.ogg.npy,eucdov,55
rewlap1_XC381368.ogg.npy,rewlap1,141
piebus1_XC187272.ogg.npy,piebus1,125
placuc3_XC486683.ogg.npy,placuc3,127
grewar3_XC190193.ogg.npy,grewar3,70
greegr_XC490733.ogg.npy,greegr,65
gargan_XC365510.ogg.npy,gargan,59
blnmon1_XC785892.ogg.npy,blnmon1,19
woosan_XC305514.ogg.npy,woosan,177
rewbul_XC163924.ogg.npy,rewbul,140
commoo3_XC627199.ogg.npy,commoo3,40
greegr_XC290049.ogg.npy,greegr,65
commyn_XC183811.ogg.npy,commyn,41
heswoo1_XC207301.ogg.npy,heswoo1,79
grtdro1_XC767524.ogg.npy,grtdro1,73
blhori1_XC365195.ogg.npy,blhori1,18
blakit1_XC660526.ogg.npy,blakit1,17
kenplo1_XC765538.ogg.npy,kenplo1,98
copbar1_XC404202.ogg.npy,copbar1,46
grewar3_XC806754.ogg.npy,grewar3,70
comsan_XC644655.ogg.npy,comsan,44
commyn_XC713913.ogg.npy,commyn,41
zitcis1_XC179035.ogg.npy,zitcis1,181
labcro1_XC350538.ogg.npy,labcro1,100
houspa_XC553553.ogg.npy,houspa,82
eaywag1_XC747464.ogg.npy,eaywag1,53
whbwoo2_XC620582.ogg.npy,whbwoo2,172
sttwoo1_XC646710.ogg.npy,sttwoo1,159
tilwar1_XC768874.ogg.npy,tilwar1,162
labcro1_XC388539.ogg.npy,labcro1,100
whbwat1_XC191244.ogg.npy,whbwat1,171
labcro1_XC702121.ogg.npy,labcro1,100
rerswa1_XC390265.ogg.npy,rerswa1,138
whcbar1_XC574743.ogg.npy,whcbar1,173
houspa_XC806717.ogg.npy,houspa,82
putbab1_XC595535.ogg.npy,putbab1,136
plapri1_XC722718.ogg.npy,plapri1,129
brodro1_XC625551.ogg.npy,brodro1,28
labcro1_XC581690.ogg.npy,labcro1,100
greegr_XC331727.ogg.npy,greegr,65
eurcoo_XC545603.ogg.npy,eurcoo,57
graher1_XC194566.ogg.npy,graher1,62
spodov_XC185648.ogg.npy,spodov,155
blnmon1_XC741214.ogg.npy,blnmon1,19
crseag1_XC422784.ogg.npy,crseag1,50
eaywag1_XC484849.ogg.npy,eaywag1,53
eucdov_XC465533.ogg.npy,eucdov,55
gargan_XC120388.ogg.npy,gargan,59
pursun3_XC646916.ogg.npy,pursun3,133
putbab1_XC423293.ogg.npy,putbab1,136
junowl1_XC217782.ogg.npy,junowl1,97
copbar1_XC489160.ogg.npy,copbar1,46
pursun3_XC286658.ogg.npy,pursun3,133
litegr_XC359477.ogg.npy,litegr,106
gyhcaf1_XC630378.ogg.npy,gyhcaf1,78
eurcoo_XC459718.ogg.npy,eurcoo,57
labcro1_XC403961.ogg.npy,labcro1,100
grywag_XC636755.ogg.npy,grywag,76
bkskit1_XC513400.ogg.npy,bkskit1,13
spoowl1_XC591485.ogg.npy,spoowl1,156
litgre1_XC665315.ogg.npy,litgre1,107
indrob1_XC325246.ogg.npy,indrob1,85
blrwar1_XC660164.ogg.npy,blrwar1,20
rewbul_XC293226.ogg.npy,rewbul,140
brnshr_XC278535.ogg.npy,brnshr,27
grewar3_XC681748.ogg.npy,grewar3,70
graher1_XC608173.ogg.npy,graher1,62
whbwat1_XC842521.ogg.npy,whbwat1,171
junowl1_XC645655.ogg.npy,junowl1,97
bncwoo3_XC19612.ogg.npy,bncwoo3,21
wbbfly1_XC178279.ogg.npy,wbbfly1,165
comtai1_XC211612.ogg.npy,comtai1,45
eaywag1_XC766990.ogg.npy,eaywag1,53
piekin1_XC127492.ogg.npy,piekin1,126
graher1_XC741278.ogg.npy,graher1,62
rocpig_XC342145.ogg.npy,rocpig,142
rocpig_XC623844.ogg.npy,rocpig,142
houcro1_XC677302.ogg.npy,houcro1,81
zitcis1_XC722493.ogg.npy,zitcis1,181
hoopoe_XC367873.ogg.npy,hoopoe,80
grbeat1_XC588707.ogg.npy,grbeat1,63
litgre1_XC687082.ogg.npy,litgre1,107
bkwsti_XC500463.ogg.npy,bkwsti,14
houspa_XC621251.ogg.npy,houspa,82
chbeat1_XC797014.ogg.npy,chbeat1,34
blnmon1_XC464124.ogg.npy,blnmon1,19
labcro1_XC133743.ogg.npy,labcro1,100
grywag_XC798741.ogg.npy,grywag,76
litegr_XC690555.ogg.npy,litegr,106
eaywag1_XC183667.ogg.npy,eaywag1,53
greegr_XC779964.ogg.npy,greegr,65
comgre_XC325355.ogg.npy,comgre,37
nutman_XC366272.ogg.npy,nutman,120
rewlap1_XC464047.ogg.npy,rewlap1,141
eurcoo_XC504885.ogg.npy,eurcoo,57
inbrob1_XC207769.ogg.npy,inbrob1,83
whtkin2_XC537773.ogg.npy,whtkin2,176
comfla1_XC620863.ogg.npy,comfla1,36
gloibi_XC453051.ogg.npy,gloibi,60
comros_XC446039.ogg.npy,comros,43
wemhar1_XC175709.ogg.npy,wemhar1,166
whbwag1_XC316059.ogg.npy,whbwag1,170
categr_XC353848.ogg.npy,categr,33
insbab1_XC777175.ogg.npy,insbab1,90
bkwsti_XC636045.ogg.npy,bkwsti,14
aspswi1_XC766430.ogg.npy,aspswi1,7
bkwsti_XC544380.ogg.npy,bkwsti,14
crfbar1_XC404474.ogg.npy,crfbar1,49
bkwsti_XC289302.ogg.npy,bkwsti,14
houspa_XC569867.ogg.npy,houspa,82
insbab1_XC410546.ogg.npy,insbab1,90
litgre1_XC844727.ogg.npy,litgre1,107
comsan_XC642258.ogg.npy,comsan,44
grewar3_XC769348.ogg.npy,grewar3,70
litegr_XC805947.ogg.npy,litegr,106
pomgrp2_XC278927.ogg.npy,pomgrp2,131
gryfra_XC779680.ogg.npy,gryfra,74
whtkin2_XC174978.ogg.npy,whtkin2,176
comkin1_XC538132.ogg.npy,comkin1,39
ashpri1_XC577348.ogg.npy,ashpri1,2
comkin1_XC580243.ogg.npy,comkin1,39
gyhcaf1_XC491053.ogg.npy,gyhcaf1,78
indrob1_XC576918.ogg.npy,indrob1,85
grewar3_XC232980.ogg.npy,grewar3,70
grywag_XC701894.ogg.npy,grywag,76
asikoe2_XC37407.ogg.npy,asikoe2,4
grewar3_XC519939.ogg.npy,grewar3,70
whbwoo2_XC209854.ogg.npy,whbwoo2,172
maghor2_XC524577.ogg.npy,maghor2,111
sbeowl1_XC188474.ogg.npy,sbeowl1,149
houspa_XC509499.ogg.npy,houspa,82
graher1_XC673318.ogg.npy,graher1,62
lobsun2_XC340975.ogg.npy,lobsun2,110
comros_XC120452.ogg.npy,comros,43
cohcuc1_XC743750.ogg.npy,cohcuc1,35
kenplo1_XC782750.ogg.npy,kenplo1,98
rufbab3_XC497295.ogg.npy,rufbab3,145
spodov_XC381366.ogg.npy,spodov,155
blrwar1_XC655221.ogg.npy,blrwar1,20
commoo3_XC748851.ogg.npy,commoo3,40
asikoe2_XC29590.ogg.npy,asikoe2,4
comtai1_XC643667.ogg.npy,comtai1,45
purher1_XC738038.ogg.npy,purher1,132
gyhcaf1_XC841098.ogg.npy,gyhcaf1,78
litegr_XC726581.ogg.npy,litegr,106
nutman_XC591616.ogg.npy,nutman,120
ruftre2_XC573357.ogg.npy,ruftre2,146
bcnher_XC669459.ogg.npy,bcnher,10
brnshr_XC756451.ogg.npy,brnshr,27
thbwar1_XC552310.ogg.npy,thbwar1,160
grtdro1_XC86961.ogg.npy,grtdro1,73
grewar3_XC163087.ogg.npy,grewar3,70
gybpri1_XC802726.ogg.npy,gybpri1,77
mawthr1_XC574712.ogg.npy,mawthr1,116
whiter2_XC164617.ogg.npy,whiter2,174
comsan_XC722381.ogg.npy,comsan,44
eurcoo_XC555011.ogg.npy,eurcoo,57
categr_XC774052.ogg.npy,categr,33
pomgrp2_XC303515.ogg.npy,pomgrp2,131
thbwar1_XC667285.ogg.npy,thbwar1,160
eucdov_XC636427.ogg.npy,eucdov,55
whtkin2_XC507756.ogg.npy,whtkin2,176
comkin1_XC587765.ogg.npy,comkin1,39
blakit1_XC636323.ogg.npy,blakit1,17
gloibi_XC790751.ogg.npy,gloibi,60
cohcuc1_XC214007.ogg.npy,cohcuc1,35
zitcis1_XC773830.ogg.npy,zitcis1,181
grywag_XC407146.ogg.npy,grywag,76
stbkin1_XC151339.ogg.npy,stbkin1,158
rerswa1_XC471959.ogg.npy,rerswa1,138
eurcoo_XC704375.ogg.npy,eurcoo,57
graher1_XC663036.ogg.npy,graher1,62
hoopoe_XC803458.ogg.npy,hoopoe,80
nutman_XC31393.ogg.npy,nutman,120
bcnher_XC836363.ogg.npy,bcnher,10
wemhar1_XC692053.ogg.npy,wemhar1,166
comros_XC130242.ogg.npy,comros,43
zitcis1_XC658039.ogg.npy,zitcis1,181
piebus1_XC550719.ogg.npy,piebus1,125
grtdro1_XC191929.ogg.npy,grtdro1,73
whbtre1_XC786595.ogg.npy,whbtre1,169
blnmon1_XC783894.ogg.npy,blnmon1,19
gyhcaf1_XC73269.ogg.npy,gyhcaf1,78
comtai1_XC639713.ogg.npy,comtai1,45
grywag_XC805140.ogg.npy,grywag,76
grnsan_XC817738.ogg.npy,grnsan,71
litswi1_XC606976.ogg.npy,litswi1,109
blrwar1_XC183829.ogg.npy,blrwar1,20
categr_XC304251.ogg.npy,categr,33
hoopoe_XC267330.ogg.npy,hoopoe,80
whtkin2_XC742045.ogg.npy,whtkin2,176
revbul_XC116835.ogg.npy,revbul,139
junbab2_XC322653.ogg.npy,junbab2,95
eaywag1_XC317407.ogg.npy,eaywag1,53
eurcoo_XC508401.ogg.npy,eurcoo,57
blrwar1_XC482922.ogg.npy,blrwar1,20
comros_XC495383.ogg.npy,comros,43
btbeat1_XC214417.ogg.npy,btbeat1,31
litspi1_XC150830.ogg.npy,litspi1,108
purher1_XC844150.ogg.npy,purher1,132
eucdov_XC618519.ogg.npy,eucdov,55
grtdro1_XC190842.ogg.npy,grtdro1,73
blakit1_XC145368.ogg.npy,blakit1,17
vefnut1_XC249200.ogg.npy,vefnut1,163
grywag_XC821774.ogg.npy,grywag,76
comros_XC483453.ogg.npy,comros,43
compea_XC362939.ogg.npy,compea,42
comkin1_XC381843.ogg.npy,comkin1,39
labcro1_XC446404.ogg.npy,labcro1,100
kenplo1_XC376950.ogg.npy,kenplo1,98
bkwsti_XC239505.ogg.npy,bkwsti,14
lirplo_XC582934.ogg.npy,lirplo,105
grewar3_XC323542.ogg.npy,grewar3,70
brnshr_XC164809.ogg.npy,brnshr,27
commoo3_XC624814.ogg.npy,commoo3,40
comior1_XC706576.ogg.npy,comior1,38
laudov1_XC462901.ogg.npy,laudov1,101
bkwsti_XC368979.ogg.npy,bkwsti,14
rorpar_XC840569.ogg.npy,rorpar,143
comior1_XC404492.ogg.npy,comior1,38
litgre1_XC720561.ogg.npy,litgre1,107
rorpar_XC809261.ogg.npy,rorpar,143
grnwar1_XC207635.ogg.npy,grnwar1,72
rorpar_XC499338.ogg.npy,rorpar,143
houspa_XC527132.ogg.npy,houspa,82
gyhcaf1_XC701624.ogg.npy,gyhcaf1,78
grywag_XC842187.ogg.npy,grywag,76
bkwsti_XC585565.ogg.npy,bkwsti,14
grewar3_XC185504.ogg.npy,grewar3,70
graher1_XC698385.ogg.npy,graher1,62
barswa_XC559870.ogg.npy,barswa,9
piekin1_XC622135.ogg.npy,piekin1,126
whbwat1_XC604177.ogg.npy,whbwat1,171
plapri1_XC578469.ogg.npy,plapri1,129
litgre1_XC578394.ogg.npy,litgre1,107
asikoe2_XC802645.ogg.npy,asikoe2,4
barswa_XC790309.ogg.npy,barswa,9
spepic1_XC806907.ogg.npy,spepic1,154
blrwar1_XC656265.ogg.npy,blrwar1,20
houspa_XC815109.ogg.npy,houspa,82
whiter2_XC377389.ogg.npy,whiter2,174
comkin1_XC138877.ogg.npy,comkin1,39
ashdro1_XC784861.ogg.npy,ashdro1,1
bcnher_XC762368.ogg.npy,bcnher,10
sohmyn1_XC613977.ogg.npy,sohmyn1,153
grnsan_XC736729.ogg.npy,grnsan,71
eurcoo_XC626345.ogg.npy,eurcoo,57
bcnher_XC433153.ogg.npy,bcnher,10
comros_XC770102.ogg.npy,comros,43
houspa_XC780910.ogg.npy,houspa,82
comgre_XC632334.ogg.npy,comgre,37
woosan_XC787834.ogg.npy,woosan,177
wemhar1_XC801401.ogg.npy,wemhar1,166
eaywag1_XC641911.ogg.npy,eaywag1,53
hoopoe_XC179797.ogg.npy,hoopoe,80
brasta1_XC443646.ogg.npy,brasta1,23
eucdov_XC481106.ogg.npy,eucdov,55
zitcis1_XC845457.ogg.npy,zitcis1,181
greegr_XC414789.ogg.npy,greegr,65
litegr_XC842219.ogg.npy,litegr,106
zitcis1_XC422725.ogg.npy,zitcis1,181
commyn_XC400123.ogg.npy,commyn,41
blakit1_XC131995.ogg.npy,blakit1,17
whtkin2_XC430256.ogg.npy,whtkin2,176
zitcis1_XC337540.ogg.npy,zitcis1,181
bcnher_XC792380.ogg.npy,bcnher,10
brnhao1_XC643715.ogg.npy,brnhao1,26
bcnher_XC564846.ogg.npy,bcnher,10
purher1_XC700216.ogg.npy,purher1,132
putbab1_XC781167.ogg.npy,putbab1,136
barswa_XC457829.ogg.npy,barswa,9
asbfly_XC713503.ogg.npy,asbfly,0
rorpar_XC614091.ogg.npy,rorpar,143
grnwar1_XC741919.ogg.npy,grnwar1,72
isbduc1_XC358064.ogg.npy,isbduc1,93
grecou1_XC620475.ogg.npy,grecou1,64
pursun4_XC544179.ogg.npy,pursun4,134
woosan_XC551337.ogg.npy,woosan,177
comtai1_XC468261.ogg.npy,comtai1,45
commoo3_XC597213.ogg.npy,commoo3,40
barswa_XC672484.ogg.npy,barswa,9
eucdov_XC255456.ogg.npy,eucdov,55
eaywag1_XC770713.ogg.npy,eaywag1,53
compea_XC660417.ogg.npy,compea,42
grewar3_XC215034.ogg.npy,grewar3,70
commyn_XC335435.ogg.npy,commyn,41
bcnher_XC441839.ogg.npy,bcnher,10
blrwar1_XC611502.ogg.npy,blrwar1,20
comgre_XC554085.ogg.npy,comgre,37
litegr_XC333954.ogg.npy,litegr,106
grnwar1_XC163913.ogg.npy,grnwar1,72
eurcoo_XC642226.ogg.npy,eurcoo,57
bkskit1_XC433768.ogg.npy,bkskit1,13
ashpri1_XC592508.ogg.npy,ashpri1,2
compea_XC747070.ogg.npy,compea,42
litgre1_XC638523.ogg.npy,litgre1,107
whbwat1_XC782770.ogg.npy,whbwat1,171
bkwsti_XC481403.ogg.npy,bkwsti,14
rorpar_XC346163.ogg.npy,rorpar,143
commoo3_XC631182.ogg.npy,commoo3,40
rorpar_XC505788.ogg.npy,rorpar,143
rewbul_XC677469.ogg.npy,rewbul,140
grnsan_XC127562.ogg.npy,grnsan,71
asikoe2_XC786437.ogg.npy,asikoe2,4
putbab1_XC777034.ogg.npy,putbab1,136
blakit1_XC178908.ogg.npy,blakit1,17
asikoe2_XC487516.ogg.npy,asikoe2,4
thbwar1_XC611356.ogg.npy,thbwar1,160
comsan_XC821436.ogg.npy,comsan,44
copbar1_XC308053.ogg.npy,copbar1,46
piekin1_XC855530.ogg.npy,piekin1,126
comtai1_XC506860.ogg.npy,comtai1,45
litgre1_XC597735.ogg.npy,litgre1,107
btbeat1_XC665307.ogg.npy,btbeat1,31
grywag_XC798209.ogg.npy,grywag,76
comtai1_XC493118.ogg.npy,comtai1,45
zitcis1_XC330942.ogg.npy,zitcis1,181
commoo3_XC802910.ogg.npy,commoo3,40
blrwar1_XC568624.ogg.npy,blrwar1,20
thbwar1_XC458137.ogg.npy,thbwar1,160
eaywag1_XC148830.ogg.npy,eaywag1,53
blrwar1_XC734348.ogg.npy,blrwar1,20
comkin1_XC580500.ogg.npy,comkin1,39
putbab1_XC639717.ogg.npy,putbab1,136
jerbus2_XC412795.ogg.npy,jerbus2,94
kenplo1_XC376957.ogg.npy,kenplo1,98
litgre1_XC568939.ogg.npy,litgre1,107
bladro1_XC355101.ogg.npy,bladro1,15
litgre1_XC702303.ogg.npy,litgre1,107
graher1_XC707306.ogg.npy,graher1,62
gloibi_XC747993.ogg.npy,gloibi,60
revbul_XC686236.ogg.npy,revbul,139
comgre_XC827705.ogg.npy,comgre,37
houspa_XC658167.ogg.npy,houspa,82
plhpar1_XC74072.ogg.npy,plhpar1,130
blrwar1_XC232979.ogg.npy,blrwar1,20
eaywag1_XC761640.ogg.npy,eaywag1,53
mawthr1_XC648137.ogg.npy,mawthr1,116
spodov_XC396741.ogg.npy,spodov,155
copbar1_XC792671.ogg.npy,copbar1,46
gybpri1_XC641510.ogg.npy,gybpri1,77
grnwar1_XC727578.ogg.npy,grnwar1,72
labcro1_XC836896.ogg.npy,labcro1,100
eaywag1_XC657192.ogg.npy,eaywag1,53
eucdov_XC327587.ogg.npy,eucdov,55
houspa_XC263216.ogg.npy,houspa,82
litegr_XC844752.ogg.npy,litegr,106
whbsho3_XC856468.ogg.npy,whbsho3,168
ashpri1_XC613910.ogg.npy,ashpri1,2
blnmon1_XC560431.ogg.npy,blnmon1,19
grecou1_XC764542.ogg.npy,grecou1,64
ingori1_XC385582.ogg.npy,ingori1,88
stbkin1_XC197617.ogg.npy,stbkin1,158
commoo3_XC623592.ogg.npy,commoo3,40
grtdro1_XC413636.ogg.npy,grtdro1,73
gyhcaf1_XC352136.ogg.npy,gyhcaf1,78
putbab1_XC189020.ogg.npy,putbab1,136
gargan_XC715150.ogg.npy,gargan,59
houspa_XC163294.ogg.npy,houspa,82
whtkin2_XC376598.ogg.npy,whtkin2,176
brodro1_XC126597.ogg.npy,brodro1,28
comros_XC324399.ogg.npy,comros,43
eaywag1_XC471809.ogg.npy,eaywag1,53
grnsan_XC482473.ogg.npy,grnsan,71
vefnut1_XC742488.ogg.npy,vefnut1,163
litgre1_XC654069.ogg.npy,litgre1,107
purher1_XC277204.ogg.npy,purher1,132
indpit1_XC190840.ogg.npy,indpit1,84
purher1_XC715317.ogg.npy,purher1,132
litgre1_XC657234.ogg.npy,litgre1,107
kenplo1_XC155665.ogg.npy,kenplo1,98
blakit1_XC419858.ogg.npy,blakit1,17
zitcis1_XC329640.ogg.npy,zitcis1,181
labcro1_XC577874.ogg.npy,labcro1,100
houspa_XC344330.ogg.npy,houspa,82
grywag_XC527597.ogg.npy,grywag,76
marsan_XC383290.ogg.npy,marsan,115
woosan_XC554792.ogg.npy,woosan,177
eucdov_XC723028.ogg.npy,eucdov,55
gyhcaf1_XC116627.ogg.npy,gyhcaf1,78
comkin1_XC185754.ogg.npy,comkin1,39
grnwar1_XC208287.ogg.npy,grnwar1,72
lirplo_XC797740.ogg.npy,lirplo,105
purher1_XC746268.ogg.npy,purher1,132
eurcoo_XC620664.ogg.npy,eurcoo,57
indrol2_XC345158.ogg.npy,indrol2,86
purher1_XC681885.ogg.npy,purher1,132
labcro1_XC579454.ogg.npy,labcro1,100
grbeat1_XC207026.ogg.npy,grbeat1,63
grnsan_XC557398.ogg.npy,grnsan,71
crseag1_XC730880.ogg.npy,crseag1,50
zitcis1_XC758838.ogg.npy,zitcis1,181
indpit1_XC442329.ogg.npy,indpit1,84
purher1_XC678821.ogg.npy,purher1,132
grewar3_XC321911.ogg.npy,grewar3,70
gloibi_XC749098.ogg.npy,gloibi,60
laudov1_XC537456.ogg.npy,laudov1,101
litspi1_XC724788.ogg.npy,litspi1,108
eaywag1_XC471752.ogg.npy,eaywag1,53
eucdov_XC672361.ogg.npy,eucdov,55
eurcoo_XC429784.ogg.npy,eurcoo,57
rocpig_XC360364.ogg.npy,rocpig,142
piebus1_XC204653.ogg.npy,piebus1,125
eurcoo_XC855626.ogg.npy,eurcoo,57
lirplo_XC654632.ogg.npy,lirplo,105
brakit1_XC284777.ogg.npy,brakit1,22
comkin1_XC476785.ogg.npy,comkin1,39
rocpig_XC858319.ogg.npy,rocpig,142
rocpig_XC684168.ogg.npy,rocpig,142
bcnher_XC647461.ogg.npy,bcnher,10
plapri1_XC834650.ogg.npy,plapri1,129
purher1_XC586066.ogg.npy,purher1,132
houcro1_XC164026.ogg.npy,houcro1,81
woosan_XC821350.ogg.npy,woosan,177
indpit1_XC453355.ogg.npy,indpit1,84
asikoe2_XC267100.ogg.npy,asikoe2,4
comgre_XC827698.ogg.npy,comgre,37
commoo3_XC749807.ogg.npy,commoo3,40
rorpar_XC161047.ogg.npy,rorpar,143
copbar1_XC403966.ogg.npy,copbar1,46
litspi1_XC610766.ogg.npy,litspi1,108
woosan_XC754766.ogg.npy,woosan,177
ashwoo2_XC178326.ogg.npy,ashwoo2,3
litswi1_XC854651.ogg.npy,litswi1,109
lirplo_XC341977.ogg.npy,lirplo,105
comros_XC421568.ogg.npy,comros,43
bcnher_XC753950.ogg.npy,bcnher,10
insowl1_XC792535.ogg.npy,insowl1,91
bcnher_XC829464.ogg.npy,bcnher,10
blrwar1_XC807847.ogg.npy,blrwar1,20
bcnher_XC588334.ogg.npy,bcnher,10
yebbab1_XC469376.ogg.npy,yebbab1,179
wemhar1_XC539180.ogg.npy,wemhar1,166
litgre1_XC565371.ogg.npy,litgre1,107
grywag_XC831021.ogg.npy,grywag,76
eurcoo_XC674448.ogg.npy,eurcoo,57
brnhao1_XC295775.ogg.npy,brnhao1,26
kenplo1_XC743063.ogg.npy,kenplo1,98
eucdov_XC514027.ogg.npy,eucdov,55
nilfly2_XC239737.ogg.npy,nilfly2,118
brodro1_XC717124.ogg.npy,brodro1,28
houspa_XC358005.ogg.npy,houspa,82
eurcoo_XC416491.ogg.npy,eurcoo,57
mawthr1_XC296424.ogg.npy,mawthr1,116
wemhar1_XC620335.ogg.npy,wemhar1,166
commyn_XC599867.ogg.npy,commyn,41
blrwar1_XC659075.ogg.npy,blrwar1,20
spodov_XC665274.ogg.npy,spodov,155
lirplo_XC647877.ogg.npy,lirplo,105
commoo3_XC761604.ogg.npy,commoo3,40
comior1_XC305930.ogg.npy,comior1,38
putbab1_XC144313.ogg.npy,putbab1,136
bkskit1_XC445588.ogg.npy,bkskit1,13
asbfly_XC724148.ogg.npy,asbfly,0
asikoe2_XC720533.ogg.npy,asikoe2,4
cregos1_XC719756.ogg.npy,cregos1,48
bkskit1_XC350345.ogg.npy,bkskit1,13
plapri1_XC608344.ogg.npy,plapri1,129
ashpri1_XC214126.ogg.npy,ashpri1,2
placuc3_XC599060.ogg.npy,placuc3,127
inpher1_XC133551.ogg.npy,inpher1,89
lirplo_XC555746.ogg.npy,lirplo,105
comsan_XC370350.ogg.npy,comsan,44
heswoo1_XC357149.ogg.npy,heswoo1,79
comtai1_XC787330.ogg.npy,comtai1,45
rorpar_XC475343.ogg.npy,rorpar,143
categr_XC603551.ogg.npy,categr,33
ashwoo2_XC823422.ogg.npy,ashwoo2,3
grtdro1_XC654528.ogg.npy,grtdro1,73
grywag_XC792879.ogg.npy,grywag,76
indpit1_XC373402.ogg.npy,indpit1,84
barswa_XC375583.ogg.npy,barswa,9
eurcoo_XC543883.ogg.npy,eurcoo,57
revbul_XC510559.ogg.npy,revbul,139
comsan_XC484233.ogg.npy,comsan,44
eucdov_XC842048.ogg.npy,eucdov,55
indtit1_XC308258.ogg.npy,indtit1,87
comgre_XC425077.ogg.npy,comgre,37
blrwar1_XC659130.ogg.npy,blrwar1,20
bcnher_XC452567.ogg.npy,bcnher,10
bkwsti_XC198097.ogg.npy,bkwsti,14
woosan_XC745724.ogg.npy,woosan,177
revbul_XC845230.ogg.npy,revbul,139
rewbul_XC207900.ogg.npy,rewbul,140
comros_XC576525.ogg.npy,comros,43
asikoe2_XC566244.ogg.npy,asikoe2,4
eaywag1_XC587270.ogg.npy,eaywag1,53
bkskit1_XC353806.ogg.npy,bkskit1,13
greegr_XC167108.ogg.npy,greegr,65
marsan_XC132172.ogg.npy,marsan,115
labcro1_XC502439.ogg.npy,labcro1,100
hoopoe_XC567265.ogg.npy,hoopoe,80
integr_XC810654.ogg.npy,integr,92
brodro1_XC390457.ogg.npy,brodro1,28
houspa_XC546275.ogg.npy,houspa,82
houspa_XC659845.ogg.npy,houspa,82
graher1_XC526931.ogg.npy,graher1,62
grywag_XC592019.ogg.npy,grywag,76
grecou1_XC423656.ogg.npy,grecou1,64
grywag_XC832833.ogg.npy,grywag,76
comros_XC527257.ogg.npy,comros,43
grecou1_XC528883.ogg.npy,grecou1,64
wemhar1_XC689516.ogg.npy,wemhar1,166
grewar3_XC216105.ogg.npy,grewar3,70
grywag_XC256833.ogg.npy,grywag,76
woosan_XC557949.ogg.npy,woosan,177
putbab1_XC418126.ogg.npy,putbab1,136
rorpar_XC304928.ogg.npy,rorpar,143
grywag_XC618175.ogg.npy,grywag,76
insbab1_XC777174.ogg.npy,insbab1,90
comkin1_XC714185.ogg.npy,comkin1,39
comkin1_XC822551.ogg.npy,comkin1,39
eucdov_XC379503.ogg.npy,eucdov,55
junowl1_XC454347.ogg.npy,junowl1,97
ruftre2_XC42639.ogg.npy,ruftre2,146
bkwsti_XC338279.ogg.npy,bkwsti,14
lirplo_XC384350.ogg.npy,lirplo,105
graher1_XC754743.ogg.npy,graher1,62
rerswa1_XC390259.ogg.npy,rerswa1,138
spodov_XC214010.ogg.npy,spodov,155
graher1_XC331117.ogg.npy,graher1,62
grnsan_XC559769.ogg.npy,grnsan,71
litegr_XC697832.ogg.npy,litegr,106
piekin1_XC211031.ogg.npy,piekin1,126
copbar1_XC642353.ogg.npy,copbar1,46
blrwar1_XC324929.ogg.npy,blrwar1,20
bkwsti_XC312845.ogg.npy,bkwsti,14
stbkin1_XC613526.ogg.npy,stbkin1,158
asbfly_XC770506.ogg.npy,asbfly,0
litegr_XC575541.ogg.npy,litegr,106
grehor1_XC446096.ogg.npy,grehor1,67
graher1_XC261380.ogg.npy,graher1,62
rewlap1_XC399740.ogg.npy,rewlap1,141
litspi1_XC151076.ogg.npy,litspi1,108
litgre1_XC580889.ogg.npy,litgre1,107
houspa_XC210466.ogg.npy,houspa,82
plhpar1_XC74077.ogg.npy,plhpar1,130
aspswi1_XC321524.ogg.npy,aspswi1,7
litgre1_XC793628.ogg.npy,litgre1,107
bkwsti_XC795865.ogg.npy,bkwsti,14
litgre1_XC821908.ogg.npy,litgre1,107
gyhcaf1_XC841867.ogg.npy,gyhcaf1,78
aspswi1_XC791256.ogg.npy,aspswi1,7
sttwoo1_XC637337.ogg.npy,sttwoo1,159
insbab1_XC786585.ogg.npy,insbab1,90
rorpar_XC855829.ogg.npy,rorpar,143
eaywag1_XC600588.ogg.npy,eaywag1,53
grywag_XC198590.ogg.npy,grywag,76
wemhar1_XC196976.ogg.npy,wemhar1,166
comkin1_XC436249.ogg.npy,comkin1,39
bcnher_XC597131.ogg.npy,bcnher,10
brnshr_XC839443.ogg.npy,brnshr,27
comkin1_XC324928.ogg.npy,comkin1,39
whiter2_XC815223.ogg.npy,whiter2,174
hoopoe_XC459931.ogg.npy,hoopoe,80
comkin1_XC692350.ogg.npy,comkin1,39
comkin1_XC594873.ogg.npy,comkin1,39
bcnher_XC277475.ogg.npy,bcnher,10
graher1_XC665607.ogg.npy,graher1,62
lirplo_XC669005.ogg.npy,lirplo,105
shikra1_XC302461.ogg.npy,shikra1,151
grecou1_XC289199.ogg.npy,grecou1,64
gargan_XC649203.ogg.npy,gargan,59
thbwar1_XC141833.ogg.npy,thbwar1,160
grehor1_XC755737.ogg.npy,grehor1,67
gargan_XC176286.ogg.npy,gargan,59
blrwar1_XC657846.ogg.npy,blrwar1,20
eucdov_XC801847.ogg.npy,eucdov,55
hoopoe_XC728033.ogg.npy,hoopoe,80
houspa_XC322720.ogg.npy,houspa,82
grnsan_XC27073.ogg.npy,grnsan,71
kenplo1_XC568336.ogg.npy,kenplo1,98
brfowl1_XC542628.ogg.npy,brfowl1,25
barswa_XC191024.ogg.npy,barswa,9
piekin1_XC515891.ogg.npy,piekin1,126
comros_XC815973.ogg.npy,comros,43
grtdro1_XC181822.ogg.npy,grtdro1,73
vefnut1_XC321608.ogg.npy,vefnut1,163
eurcoo_XC302632.ogg.npy,eurcoo,57
ashpri1_XC186709.ogg.npy,ashpri1,2
indpit1_XC124745.ogg.npy,indpit1,84
grewar3_XC375801.ogg.npy,grewar3,70
spodov_XC504443.ogg.npy,spodov,155
eaywag1_XC800546.ogg.npy,eaywag1,53
pursun4_XC651996.ogg.npy,pursun4,134
thbwar1_XC857839.ogg.npy,thbwar1,160
cohcuc1_XC267490.ogg.npy,cohcuc1,35
grecou1_XC528954.ogg.npy,grecou1,64
grewar3_XC191259.ogg.npy,grewar3,70
spodov_XC352026.ogg.npy,spodov,155
eurcoo_XC710538.ogg.npy,eurcoo,57
asikoe2_XC416848.ogg.npy,asikoe2,4
comros_XC449643.ogg.npy,comros,43
houcro1_XC39428.ogg.npy,houcro1,81
copbar1_XC530842.ogg.npy,copbar1,46
greegr_XC303739.ogg.npy,greegr,65
kenplo1_XC797909.ogg.npy,kenplo1,98
piebus1_XC204610.ogg.npy,piebus1,125
litegr_XC687076.ogg.npy,litegr,106
eaywag1_XC357749.ogg.npy,eaywag1,53
yebbul3_XC574859.ogg.npy,yebbul3,180
sqtbul1_XC630939.ogg.npy,sqtbul1,157
eurcoo_XC668242.ogg.npy,eurcoo,57
purher1_XC823087.ogg.npy,purher1,132
indpit1_XC141329.ogg.npy,indpit1,84
comior1_XC445755.ogg.npy,comior1,38
commoo3_XC554369.ogg.npy,commoo3,40
yebbul3_XC196707.ogg.npy,yebbul3,180
comgre_XC667429.ogg.npy,comgre,37
wemhar1_XC130828.ogg.npy,wemhar1,166
grewar3_XC423127.ogg.npy,grewar3,70
brodro1_XC590568.ogg.npy,brodro1,28
rorpar_XC695377.ogg.npy,rorpar,143
woosan_XC785525.ogg.npy,woosan,177
pursun3_XC430477.ogg.npy,pursun3,133
sqtbul1_XC537496.ogg.npy,sqtbul1,157
whrmun_XC777298.ogg.npy,whrmun,175
litegr_XC683896.ogg.npy,litegr,106
barswa_XC570215.ogg.npy,barswa,9
barswa_XC387456.ogg.npy,barswa,9
grywag_XC821775.ogg.npy,grywag,76
stbkin1_XC671715.ogg.npy,stbkin1,158
lirplo_XC422711.ogg.npy,lirplo,105
mawthr1_XC570892.ogg.npy,mawthr1,116
stbkin1_XC659344.ogg.npy,stbkin1,158
whiter2_XC658335.ogg.npy,whiter2,174
litegr_XC692967.ogg.npy,litegr,106
grewar3_XC26761.ogg.npy,grewar3,70
bkwsti_XC360518.ogg.npy,bkwsti,14
eurcoo_XC289875.ogg.npy,eurcoo,57
comgre_XC742912.ogg.npy,comgre,37
blrwar1_XC453300.ogg.npy,blrwar1,20
cregos1_XC819484.ogg.npy,cregos1,48
jerbus2_XC444685.ogg.npy,jerbus2,94
grnwar1_XC208997.ogg.npy,grnwar1,72
comior1_XC198426.ogg.npy,comior1,38
graher1_XC588597.ogg.npy,graher1,62
placuc3_XC663099.ogg.npy,placuc3,127
purher1_XC715887.ogg.npy,purher1,132
tibfly3_XC304550.ogg.npy,tibfly3,161
commoo3_XC834996.ogg.npy,commoo3,40
emedov2_XC307395.ogg.npy,emedov2,54
rewbul_XC210184.ogg.npy,rewbul,140
hoopoe_XC611596.ogg.npy,hoopoe,80
grnwar1_XC639552.ogg.npy,grnwar1,72
whtkin2_XC463516.ogg.npy,whtkin2,176
bkskit1_XC352567.ogg.npy,bkskit1,13
eurcoo_XC175428.ogg.npy,eurcoo,57
purher1_XC548060.ogg.npy,purher1,132
eucdov_XC399380.ogg.npy,eucdov,55
comkin1_XC596986.ogg.npy,comkin1,39
categr_XC478435.ogg.npy,categr,33
indpit1_XC644772.ogg.npy,indpit1,84
bcnher_XC567940.ogg.npy,bcnher,10
gyhcaf1_XC351526.ogg.npy,gyhcaf1,78
hoopoe_XC751138.ogg.npy,hoopoe,80
vefnut1_XC490882.ogg.npy,vefnut1,163
greegr_XC518944.ogg.npy,greegr,65
grecou1_XC73176.ogg.npy,grecou1,64
rutfly6_XC614615.ogg.npy,rutfly6,148
plaflo1_XC302753.ogg.npy,plaflo1,128
hoopoe_XC279736.ogg.npy,hoopoe,80
kenplo1_XC765542.ogg.npy,kenplo1,98
wemhar1_XC608666.ogg.npy,wemhar1,166
zitcis1_XC565064.ogg.npy,zitcis1,181
kerlau2_XC856455.ogg.npy,kerlau2,99
comsan_XC764252.ogg.npy,comsan,44
grtdro1_XC784261.ogg.npy,grtdro1,73
whbwat1_XC430562.ogg.npy,whbwat1,171
litegr_XC774258.ogg.npy,litegr,106
hoopoe_XC337010.ogg.npy,hoopoe,80
revbul_XC115440.ogg.npy,revbul,139
grywag_XC778279.ogg.npy,grywag,76
blrwar1_XC728152.ogg.npy,blrwar1,20
grtdro1_XC614160.ogg.npy,grtdro1,73
brakit1_XC163895.ogg.npy,brakit1,22
greegr_XC400277.ogg.npy,greegr,65
ruftre2_XC627906.ogg.npy,ruftre2,146
hoopoe_XC652235.ogg.npy,hoopoe,80
grewar3_XC504756.ogg.npy,grewar3,70
lblwar1_XC771733.ogg.npy,lblwar1,102
rossta2_XC741286.ogg.npy,rossta2,144
houspa_XC695474.ogg.npy,houspa,82
eurcoo_XC702158.ogg.npy,eurcoo,57
hoopoe_XC574180.ogg.npy,hoopoe,80
wemhar1_XC466537.ogg.npy,wemhar1,166
litgre1_XC638581.ogg.npy,litgre1,107
laudov1_XC538063.ogg.npy,laudov1,101
eurcoo_XC466156.ogg.npy,eurcoo,57
graher1_XC680958.ogg.npy,graher1,62
orihob2_XC748714.ogg.npy,orihob2,121
comsan_XC501508.ogg.npy,comsan,44
comros_XC803570.ogg.npy,comros,43
litegr_XC592367.ogg.npy,litegr,106
litgre1_XC730365.ogg.npy,litgre1,107
revbul_XC590312.ogg.npy,revbul,139
zitcis1_XC338234.ogg.npy,zitcis1,181
comtai1_XC497813.ogg.npy,comtai1,45
grewar3_XC807588.ogg.npy,grewar3,70
barswa_XC663184.ogg.npy,barswa,9
bcnher_XC570622.ogg.npy,bcnher,10
rerswa1_XC699937.ogg.npy,rerswa1,138
spepic1_XC768457.ogg.npy,spepic1,154
eurcoo_XC434599.ogg.npy,eurcoo,57
niwpig1_XC123013.ogg.npy,niwpig1,119
blakit1_XC825750.ogg.npy,blakit1,17
whbwat1_XC432691.ogg.npy,whbwat1,171
commoo3_XC432931.ogg.npy,commoo3,40
grnwar1_XC141517.ogg.npy,grnwar1,72
grnwar1_XC197744.ogg.npy,grnwar1,72
rorpar_XC445919.ogg.npy,rorpar,143
blrwar1_XC654621.ogg.npy,blrwar1,20
litegr_XC697848.ogg.npy,litegr,106
whbwag1_XC335673.ogg.npy,whbwag1,170
comkin1_XC465069.ogg.npy,comkin1,39
litegr_XC522963.ogg.npy,litegr,106
barswa_XC271037.ogg.npy,barswa,9
asbfly_XC134896.ogg.npy,asbfly,0
houspa_XC234404.ogg.npy,houspa,82
copbar1_XC459293.ogg.npy,copbar1,46
piekin1_XC616495.ogg.npy,piekin1,126
zitcis1_XC251946.ogg.npy,zitcis1,181
comgre_XC644750.ogg.npy,comgre,37
barswa_XC164546.ogg.npy,barswa,9
gyhcaf1_XC842967.ogg.npy,gyhcaf1,78
junowl1_XC155372.ogg.npy,junowl1,97
comgre_XC686494.ogg.npy,comgre,37
blnmon1_XC841199.ogg.npy,blnmon1,19
bkskit1_XC352497.ogg.npy,bkskit1,13
rewlap1_XC665907.ogg.npy,rewlap1,141
ruftre2_XC383773.ogg.npy,ruftre2,146
plhpar1_XC416144.ogg.npy,plhpar1,130
purher1_XC647778.ogg.npy,purher1,132
grnwar1_XC482856.ogg.npy,grnwar1,72
kenplo1_XC480222.ogg.npy,kenplo1,98
houspa_XC551214.ogg.npy,houspa,82
comsan_XC653699.ogg.npy,comsan,44
eucdov_XC747506.ogg.npy,eucdov,55
comkin1_XC702693.ogg.npy,comkin1,39
blrwar1_XC575242.ogg.npy,blrwar1,20
eucdov_XC655782.ogg.npy,eucdov,55
eaywag1_XC663315.ogg.npy,eaywag1,53
eurcoo_XC356175.ogg.npy,eurcoo,57
brcful1_XC441067.ogg.npy,brcful1,24
litgre1_XC562902.ogg.npy,litgre1,107
comkin1_XC156446.ogg.npy,comkin1,39
comkin1_XC699494.ogg.npy,comkin1,39
graher1_XC646924.ogg.npy,graher1,62
eucdov_XC669831.ogg.npy,eucdov,55
whiter2_XC480128.ogg.npy,whiter2,174
houspa_XC624156.ogg.npy,houspa,82
gybpri1_XC511236.ogg.npy,gybpri1,77
tilwar1_XC768864.ogg.npy,tilwar1,162
rerswa1_XC749444.ogg.npy,rerswa1,138
grefla1_XC173231.ogg.npy,grefla1,66
gryfra_XC129278.ogg.npy,gryfra,74
rorpar_XC283346.ogg.npy,rorpar,143
whtkin2_XC533623.ogg.npy,whtkin2,176
litgre1_XC493077.ogg.npy,litgre1,107
grywag_XC587467.ogg.npy,grywag,76
litgre1_XC629789.ogg.npy,litgre1,107
graher1_XC630320.ogg.npy,graher1,62
comros_XC484737.ogg.npy,comros,43
bkwsti_XC554105.ogg.npy,bkwsti,14
barswa_XC208240.ogg.npy,barswa,9
brwowl1_XC633486.ogg.npy,brwowl1,30
grnsan_XC692343.ogg.npy,grnsan,71
bcnher_XC539681.ogg.npy,bcnher,10
eurcoo_XC573003.ogg.npy,eurcoo,57
comfla1_XC620865.ogg.npy,comfla1,36
asikoe2_XC190308.ogg.npy,asikoe2,4
litgre1_XC726197.ogg.npy,litgre1,107
bladro1_XC580647.ogg.npy,bladro1,15
blakit1_XC823304.ogg.npy,blakit1,17
insowl1_XC402845.ogg.npy,insowl1,91
eurcoo_XC171037.ogg.npy,eurcoo,57
ashdro1_XC706159.ogg.npy,ashdro1,1
litgre1_XC632648.ogg.npy,litgre1,107
brakit1_XC827537.ogg.npy,brakit1,22
litgre1_XC462742.ogg.npy,litgre1,107
pabflo1_XC475408.ogg.npy,pabflo1,123
commoo3_XC283842.ogg.npy,commoo3,40
zitcis1_XC610202.ogg.npy,zitcis1,181
stbkin1_XC284715.ogg.npy,stbkin1,158
bkwsti_XC807177.ogg.npy,bkwsti,14
hoopoe_XC469812.ogg.npy,hoopoe,80
indpit1_XC263817.ogg.npy,indpit1,84
comsan_XC686345.ogg.npy,comsan,44
nutman_XC441706.ogg.npy,nutman,120
ruftre2_XC319388.ogg.npy,ruftre2,146
bcnher_XC802108.ogg.npy,bcnher,10
houspa_XC546880.ogg.npy,houspa,82
copbar1_XC143315.ogg.npy,copbar1,46
whtkin2_XC633075.ogg.npy,whtkin2,176
zitcis1_XC768491.ogg.npy,zitcis1,181
lblwar1_XC153019.ogg.npy,lblwar1,102
thbwar1_XC821759.ogg.npy,thbwar1,160
grewar3_XC580303.ogg.npy,grewar3,70
lblwar1_XC324805.ogg.npy,lblwar1,102
grywag_XC440230.ogg.npy,grywag,76
whbwat1_XC633083.ogg.npy,whbwat1,171
pursun4_XC846090.ogg.npy,pursun4,134
comros_XC248131.ogg.npy,comros,43
barswa_XC828617.ogg.npy,barswa,9
bkwsti_XC817818.ogg.npy,bkwsti,14
bkskit1_XC350344.ogg.npy,bkskit1,13
litspi1_XC177917.ogg.npy,litspi1,108
gargan_XC711488.ogg.npy,gargan,59
grewar3_XC577746.ogg.npy,grewar3,70
comros_XC729854.ogg.npy,comros,43
bkwsti_XC658282.ogg.npy,bkwsti,14
comkin1_XC277536.ogg.npy,comkin1,39
graher1_XC602164.ogg.npy,graher1,62
grecou1_XC195756.ogg.npy,grecou1,64
blrwar1_XC572902.ogg.npy,blrwar1,20
brnshr_XC457010.ogg.npy,brnshr,27
whiter2_XC265268.ogg.npy,whiter2,174
plapri1_XC642745.ogg.npy,plapri1,129
plhpar1_XC776893.ogg.npy,plhpar1,130
stbkin1_XC197616.ogg.npy,stbkin1,158
nutman_XC614351.ogg.npy,nutman,120
grywag_XC608016.ogg.npy,grywag,76
eurcoo_XC732185.ogg.npy,eurcoo,57
eurcoo_XC479219.ogg.npy,eurcoo,57
brwowl1_XC575193.ogg.npy,brwowl1,30
blnmon1_XC86935.ogg.npy,blnmon1,19
rossta2_XC417466.ogg.npy,rossta2,144
zitcis1_XC474779.ogg.npy,zitcis1,181
zitcis1_XC702287.ogg.npy,zitcis1,181
eucdov_XC820074.ogg.npy,eucdov,55
bkskit1_XC351405.ogg.npy,bkskit1,13
rerswa1_XC383377.ogg.npy,rerswa1,138
comsan_XC659279.ogg.npy,comsan,44
grewar3_XC325301.ogg.npy,grewar3,70
emedov2_XC730892.ogg.npy,emedov2,54
rorpar_XC459291.ogg.npy,rorpar,143
comkin1_XC511650.ogg.npy,comkin1,39
whiter2_XC265271.ogg.npy,whiter2,174
btbeat1_XC702038.ogg.npy,btbeat1,31
pabflo1_XC406120.ogg.npy,pabflo1,123
inbrob1_XC265863.ogg.npy,inbrob1,83
ingori1_XC385583.ogg.npy,ingori1,88
lblwar1_XC687976.ogg.npy,lblwar1,102
bkwsti_XC507085.ogg.npy,bkwsti,14
comsan_XC600832.ogg.npy,comsan,44
woosan_XC523429.ogg.npy,woosan,177
marsan_XC184900.ogg.npy,marsan,115
categr_XC682210.ogg.npy,categr,33
gargan_XC643223.ogg.npy,gargan,59
kenplo1_XC338273.ogg.npy,kenplo1,98
comsan_XC552414.ogg.npy,comsan,44
commyn_XC185702.ogg.npy,commyn,41
hoopoe_XC857170.ogg.npy,hoopoe,80
litegr_XC333964.ogg.npy,litegr,106
comkin1_XC631106.ogg.npy,comkin1,39
gryfra_XC691238.ogg.npy,gryfra,74
copbar1_XC808583.ogg.npy,copbar1,46
brnshr_XC458257.ogg.npy,brnshr,27
cregos1_XC798816.ogg.npy,cregos1,48
grnsan_XC586556.ogg.npy,grnsan,71
lirplo_XC569295.ogg.npy,lirplo,105
orihob2_XC383056.ogg.npy,orihob2,121
crseag1_XC700953.ogg.npy,crseag1,50
comgre_XC112677.ogg.npy,comgre,37
junbab2_XC116754.ogg.npy,junbab2,95
eaywag1_XC569651.ogg.npy,eaywag1,53
bcnher_XC128813.ogg.npy,bcnher,10
comkin1_XC511642.ogg.npy,comkin1,39
commoo3_XC570752.ogg.npy,commoo3,40
litgre1_XC744097.ogg.npy,litgre1,107
comgre_XC686485.ogg.npy,comgre,37
blhori1_XC371943.ogg.npy,blhori1,18
kenplo1_XC183065.ogg.npy,kenplo1,98
forwag1_XC319050.ogg.npy,forwag1,58
putbab1_XC563102.ogg.npy,putbab1,136
tibfly3_XC442348.ogg.npy,tibfly3,161
comtai1_XC404376.ogg.npy,comtai1,45
graher1_XC686199.ogg.npy,graher1,62
grywag_XC559063.ogg.npy,grywag,76
kenplo1_XC635693.ogg.npy,kenplo1,98
whrmun_XC447365.ogg.npy,whrmun,175
spoowl1_XC487525.ogg.npy,spoowl1,156
eucdov_XC378441.ogg.npy,eucdov,55
rewlap1_XC733007.ogg.npy,rewlap1,141
grywag_XC346440.ogg.npy,grywag,76
commyn_XC551659.ogg.npy,commyn,41
woosan_XC526463.ogg.npy,woosan,177
gryfra_XC619357.ogg.npy,gryfra,74
spodov_XC666579.ogg.npy,spodov,155
eurcoo_XC798165.ogg.npy,eurcoo,57
grewar3_XC306992.ogg.npy,grewar3,70
graher1_XC841598.ogg.npy,graher1,62
comtai1_XC666036.ogg.npy,comtai1,45
rorpar_XC650114.ogg.npy,rorpar,143
grywag_XC507374.ogg.npy,grywag,76
malwoo1_XC178259.ogg.npy,malwoo1,114
rocpig_XC796915.ogg.npy,rocpig,142
btbeat1_XC778490.ogg.npy,btbeat1,31
piebus1_XC783813.ogg.npy,piebus1,125
graher1_XC709480.ogg.npy,graher1,62
ruftre2_XC117099.ogg.npy,ruftre2,146
eaywag1_XC588480.ogg.npy,eaywag1,53
bkskit1_XC350255.ogg.npy,bkskit1,13
commyn_XC446211.ogg.npy,commyn,41
labcro1_XC702120.ogg.npy,labcro1,100
bladro1_XC580933.ogg.npy,bladro1,15
comros_XC416829.ogg.npy,comros,43
litgre1_XC702100.ogg.npy,litgre1,107
bkwsti_XC727558.ogg.npy,bkwsti,14
grefla1_XC619764.ogg.npy,grefla1,66
comtai1_XC536041.ogg.npy,comtai1,45
comtai1_XC786978.ogg.npy,comtai1,45
houspa_XC167782.ogg.npy,houspa,82
graher1_XC713294.ogg.npy,graher1,62
inbrob1_XC744708.ogg.npy,inbrob1,83
gybpri1_XC718047.ogg.npy,gybpri1,77
graher1_XC392776.ogg.npy,graher1,62
gyhcaf1_XC382823.ogg.npy,gyhcaf1,78
hoopoe_XC809234.ogg.npy,hoopoe,80
graher1_XC581174.ogg.npy,graher1,62
graher1_XC496570.ogg.npy,graher1,62
whbbul2_XC452271.ogg.npy,whbbul2,167
ruftre2_XC300930.ogg.npy,ruftre2,146
junowl1_XC403058.ogg.npy,junowl1,97
bkwsti_XC424039.ogg.npy,bkwsti,14
grywag_XC842451.ogg.npy,grywag,76
rufwoo2_XC613289.ogg.npy,rufwoo2,147
blrwar1_XC184717.ogg.npy,blrwar1,20
grnsan_XC773148.ogg.npy,grnsan,71
blakit1_XC209563.ogg.npy,blakit1,17
comior1_XC802190.ogg.npy,comior1,38
litgre1_XC552149.ogg.npy,litgre1,107
comsan_XC794971.ogg.npy,comsan,44
rerswa1_XC390250.ogg.npy,rerswa1,138
blrwar1_XC807311.ogg.npy,blrwar1,20
eurcoo_XC668737.ogg.npy,eurcoo,57
bkwsti_XC735087.ogg.npy,bkwsti,14
graher1_XC807590.ogg.npy,graher1,62
grewar3_XC246719.ogg.npy,grewar3,70
asbfly_XC629846.ogg.npy,asbfly,0
gargan_XC484257.ogg.npy,gargan,59
junowl1_XC401961.ogg.npy,junowl1,97
bladro1_XC771295.ogg.npy,bladro1,15
orihob2_XC19790.ogg.npy,orihob2,121
gargan_XC542668.ogg.npy,gargan,59
graher1_XC546005.ogg.npy,graher1,62
comior1_XC31537.ogg.npy,comior1,38
commyn_XC662734.ogg.npy,commyn,41
gargan_XC632095.ogg.npy,gargan,59
purher1_XC125789.ogg.npy,purher1,132
commoo3_XC553673.ogg.npy,commoo3,40
eaywag1_XC133264.ogg.npy,eaywag1,53
putbab1_XC697558.ogg.npy,putbab1,136
comgre_XC602468.ogg.npy,comgre,37
cohcuc1_XC140254.ogg.npy,cohcuc1,35
woosan_XC492223.ogg.npy,woosan,177
ruftre2_XC331399.ogg.npy,ruftre2,146
junowl1_XC503423.ogg.npy,junowl1,97
grywag_XC830464.ogg.npy,grywag,76
isbduc1_XC124019.ogg.npy,isbduc1,93
whiter2_XC328386.ogg.npy,whiter2,174
rocpig_XC486871.ogg.npy,rocpig,142
comros_XC493012.ogg.npy,comros,43
sqtbul1_XC123001.ogg.npy,sqtbul1,157
bladro1_XC505293.ogg.npy,bladro1,15
lblwar1_XC687975.ogg.npy,lblwar1,102
marsan_XC134892.ogg.npy,marsan,115
blnmon1_XC343315.ogg.npy,blnmon1,19
bcnher_XC668846.ogg.npy,bcnher,10
comsan_XC500677.ogg.npy,comsan,44
comsan_XC584481.ogg.npy,comsan,44
graher1_XC806128.ogg.npy,graher1,62
grejun2_XC603117.ogg.npy,grejun2,68
compea_XC316937.ogg.npy,compea,42
categr_XC629216.ogg.npy,categr,33
shikra1_XC610335.ogg.npy,shikra1,151
comtai1_XC362758.ogg.npy,comtai1,45
zitcis1_XC633271.ogg.npy,zitcis1,181
grywag_XC390266.ogg.npy,grywag,76
houspa_XC638082.ogg.npy,houspa,82
thbwar1_XC858115.ogg.npy,thbwar1,160
vefnut1_XC336677.ogg.npy,vefnut1,163
eurcoo_XC833722.ogg.npy,eurcoo,57
litegr_XC678109.ogg.npy,litegr,106
litegr_XC785237.ogg.npy,litegr,106
graher1_XC310442.ogg.npy,graher1,62
woosan_XC545085.ogg.npy,woosan,177
asikoe2_XC812735.ogg.npy,asikoe2,4
orihob2_XC707208.ogg.npy,orihob2,121
grewar3_XC422507.ogg.npy,grewar3,70
greegr_XC582204.ogg.npy,greegr,65
houspa_XC628359.ogg.npy,houspa,82
litgre1_XC182084.ogg.npy,litgre1,107
kenplo1_XC371004.ogg.npy,kenplo1,98
grewar3_XC652513.ogg.npy,grewar3,70
commyn_XC469075.ogg.npy,commyn,41
commoo3_XC528115.ogg.npy,commoo3,40
pursun4_XC687324.ogg.npy,pursun4,134
houspa_XC344306.ogg.npy,houspa,82
comros_XC145209.ogg.npy,comros,43
eaywag1_XC834510.ogg.npy,eaywag1,53
hoopoe_XC561578.ogg.npy,hoopoe,80
malpar1_XC785362.ogg.npy,malpar1,112
grtdro1_XC603872.ogg.npy,grtdro1,73
commoo3_XC182439.ogg.npy,commoo3,40
blnmon1_XC567602.ogg.npy,blnmon1,19
hoopoe_XC166835.ogg.npy,hoopoe,80
graher1_XC673233.ogg.npy,graher1,62
kenplo1_XC844779.ogg.npy,kenplo1,98
grtdro1_XC540082.ogg.npy,grtdro1,73
labcro1_XC803821.ogg.npy,labcro1,100
kenplo1_XC688795.ogg.npy,kenplo1,98
greegr_XC338469.ogg.npy,greegr,65
eaywag1_XC312182.ogg.npy,eaywag1,53
piebus1_XC620440.ogg.npy,piebus1,125
comros_XC416175.ogg.npy,comros,43
comros_XC475764.ogg.npy,comros,43
barswa_XC669735.ogg.npy,barswa,9
lirplo_XC718666.ogg.npy,lirplo,105
bcnher_XC268818.ogg.npy,bcnher,10
grywag_XC636756.ogg.npy,grywag,76
litgre1_XC462272.ogg.npy,litgre1,107
greegr_XC776689.ogg.npy,greegr,65
litgre1_XC380340.ogg.npy,litgre1,107
comtai1_XC418572.ogg.npy,comtai1,45
zitcis1_XC289353.ogg.npy,zitcis1,181
commyn_XC142706.ogg.npy,commyn,41
bcnher_XC657570.ogg.npy,bcnher,10
eurcoo_XC723518.ogg.npy,eurcoo,57
commoo3_XC587998.ogg.npy,commoo3,40
rocpig_XC502200.ogg.npy,rocpig,142
comsan_XC548087.ogg.npy,comsan,44
rewbul_XC538779.ogg.npy,rewbul,140
putbab1_XC210534.ogg.npy,putbab1,136
grewar3_XC185526.ogg.npy,grewar3,70
barswa_XC592362.ogg.npy,barswa,9
plapri1_XC406635.ogg.npy,plapri1,129
whiter2_XC588216.ogg.npy,whiter2,174
categr_XC800226.ogg.npy,categr,33
litgre1_XC823153.ogg.npy,litgre1,107
houspa_XC508461.ogg.npy,houspa,82
comros_XC505445.ogg.npy,comros,43
revbul_XC209008.ogg.npy,revbul,139
ashwoo2_XC503383.ogg.npy,ashwoo2,3
redspu1_XC634745.ogg.npy,redspu1,137
bkwsti_XC507295.ogg.npy,bkwsti,14
gargan_XC405991.ogg.npy,gargan,59
blnmon1_XC503625.ogg.npy,blnmon1,19
emedov2_XC665374.ogg.npy,emedov2,54
asikoe2_XC396951.ogg.npy,asikoe2,4
comtai1_XC413724.ogg.npy,comtai1,45
blrwar1_XC568295.ogg.npy,blrwar1,20
pursun3_XC569655.ogg.npy,pursun3,133
wemhar1_XC614523.ogg.npy,wemhar1,166
comkin1_XC744015.ogg.npy,comkin1,39
pursun4_XC118191.ogg.npy,pursun4,134
grnsan_XC543442.ogg.npy,grnsan,71
categr_XC321214.ogg.npy,categr,33
copbar1_XC620131.ogg.npy,copbar1,46
lobsun2_XC197742.ogg.npy,lobsun2,110
eaywag1_XC433384.ogg.npy,eaywag1,53
barswa_XC676613.ogg.npy,barswa,9
lewduc1_XC845372.ogg.npy,lewduc1,104
hoopoe_XC181656.ogg.npy,hoopoe,80
bkskit1_XC350264.ogg.npy,bkskit1,13
litgre1_XC857826.ogg.npy,litgre1,107
comtai1_XC423655.ogg.npy,comtai1,45
comkin1_XC511644.ogg.npy,comkin1,39
compea_XC316266.ogg.npy,compea,42
grtdro1_XC610727.ogg.npy,grtdro1,73
commoo3_XC618889.ogg.npy,commoo3,40
marsan_XC787875.ogg.npy,marsan,115
grefla1_XC667571.ogg.npy,grefla1,66
eurcoo_XC648264.ogg.npy,eurcoo,57
gybpri1_XC385864.ogg.npy,gybpri1,77
rewlap1_XC540967.ogg.npy,rewlap1,141
zitcis1_XC359807.ogg.npy,zitcis1,181
revbul_XC573348.ogg.npy,revbul,139
greegr_XC787910.ogg.npy,greegr,65
labcro1_XC581680.ogg.npy,labcro1,100
grewar3_XC417139.ogg.npy,grewar3,70
litspi1_XC631760.ogg.npy,litspi1,108
purher1_XC827759.ogg.npy,purher1,132
zitcis1_XC148896.ogg.npy,zitcis1,181
piebus1_XC409257.ogg.npy,piebus1,125
barswa_XC321212.ogg.npy,barswa,9
litgre1_XC773540.ogg.npy,litgre1,107
comgre_XC724880.ogg.npy,comgre,37
junbab2_XC775622.ogg.npy,junbab2,95
rorpar_XC146921.ogg.npy,rorpar,143
blnmon1_XC799131.ogg.npy,blnmon1,19
brcful1_XC666045.ogg.npy,brcful1,24
comros_XC458151.ogg.npy,comros,43
litgre1_XC797718.ogg.npy,litgre1,107
graher1_XC673322.ogg.npy,graher1,62
rorpar_XC778585.ogg.npy,rorpar,143
eurcoo_XC306750.ogg.npy,eurcoo,57
grnsan_XC840042.ogg.npy,grnsan,71
integr_XC401712.ogg.npy,integr,92
woosan_XC557396.ogg.npy,woosan,177
litegr_XC585005.ogg.npy,litegr,106
grnsan_XC643412.ogg.npy,grnsan,71
whtkin2_XC676929.ogg.npy,whtkin2,176
bkskit1_XC350346.ogg.npy,bkskit1,13
rorpar_XC680461.ogg.npy,rorpar,143
comgre_XC629747.ogg.npy,comgre,37
comkin1_XC763690.ogg.npy,comkin1,39
whiter2_XC801929.ogg.npy,whiter2,174
blrwar1_XC733892.ogg.npy,blrwar1,20
wemhar1_XC557164.ogg.npy,wemhar1,166
gargan_XC26962.ogg.npy,gargan,59
comkin1_XC739059.ogg.npy,comkin1,39
barswa_XC807259.ogg.npy,barswa,9
pursun4_XC687326.ogg.npy,pursun4,134
malpar1_XC19767.ogg.npy,malpar1,112
purher1_XC445303.ogg.npy,purher1,132
ashdro1_XC595624.ogg.npy,ashdro1,1
thbwar1_XC607434.ogg.npy,thbwar1,160
whtkin2_XC720543.ogg.npy,whtkin2,176
brodro1_XC207258.ogg.npy,brodro1,28
blhori1_XC207620.ogg.npy,blhori1,18
houspa_XC791127.ogg.npy,houspa,82
comros_XC457668.ogg.npy,comros,43
commoo3_XC622555.ogg.npy,commoo3,40
whbbul2_XC335671.ogg.npy,whbbul2,167
putbab1_XC464794.ogg.npy,putbab1,136
purher1_XC585747.ogg.npy,purher1,132
indtit1_XC576909.ogg.npy,indtit1,87
gargan_XC733434.ogg.npy,gargan,59
comgre_XC785531.ogg.npy,comgre,37
grywag_XC753513.ogg.npy,grywag,76
gyhcaf1_XC782031.ogg.npy,gyhcaf1,78
rewbul_XC276859.ogg.npy,rewbul,140
junbab2_XC442499.ogg.npy,junbab2,95
piekin1_XC515886.ogg.npy,piekin1,126
grenig1_XC133665.ogg.npy,grenig1,69
rerswa1_XC171583.ogg.npy,rerswa1,138
hoopoe_XC813912.ogg.npy,hoopoe,80
comros_XC326219.ogg.npy,comros,43
purswa3_XC573342.ogg.npy,purswa3,135
grnsan_XC663557.ogg.npy,grnsan,71
eaywag1_XC477546.ogg.npy,eaywag1,53
eaywag1_XC668647.ogg.npy,eaywag1,53
blakit1_XC493735.ogg.npy,blakit1,17
cohcuc1_XC537454.ogg.npy,cohcuc1,35
grefla1_XC214518.ogg.npy,grefla1,66
comros_XC376524.ogg.npy,comros,43
gryfra_XC474849.ogg.npy,gryfra,74
rewlap1_XC400330.ogg.npy,rewlap1,141
cohcuc1_XC284522.ogg.npy,cohcuc1,35
comgre_XC436349.ogg.npy,comgre,37
comkin1_XC565479.ogg.npy,comkin1,39
grtdro1_XC528834.ogg.npy,grtdro1,73
whbwoo2_XC124426.ogg.npy,whbwoo2,172
commoo3_XC782919.ogg.npy,commoo3,40
commoo3_XC784988.ogg.npy,commoo3,40
commyn_XC295122.ogg.npy,commyn,41
greegr_XC764651.ogg.npy,greegr,65
comgre_XC777443.ogg.npy,comgre,37
comior1_XC777287.ogg.npy,comior1,38
goflea1_XC209564.ogg.npy,goflea1,61
pursun3_XC653654.ogg.npy,pursun3,133
lirplo_XC638624.ogg.npy,lirplo,105
sohmyn1_XC469390.ogg.npy,sohmyn1,153
piekin1_XC227643.ogg.npy,piekin1,126
grefla1_XC126431.ogg.npy,grefla1,66
spepic1_XC115690.ogg.npy,spepic1,154
bkskit1_XC352483.ogg.npy,bkskit1,13
rerswa1_XC829594.ogg.npy,rerswa1,138
whbbul2_XC209001.ogg.npy,whbbul2,167
grecou1_XC418177.ogg.npy,grecou1,64
comsan_XC594450.ogg.npy,comsan,44
bcnher_XC182583.ogg.npy,bcnher,10
blrwar1_XC655231.ogg.npy,blrwar1,20
graher1_XC433006.ogg.npy,graher1,62
eaywag1_XC790729.ogg.npy,eaywag1,53
lobsun2_XC487971.ogg.npy,lobsun2,110
bkwsti_XC745227.ogg.npy,bkwsti,14
litgre1_XC636265.ogg.npy,litgre1,107
houspa_XC790349.ogg.npy,houspa,82
purher1_XC843759.ogg.npy,purher1,132
piekin1_XC615763.ogg.npy,piekin1,126
ruftre2_XC19832.ogg.npy,ruftre2,146
rorpar_XC375258.ogg.npy,rorpar,143
bkwsti_XC627471.ogg.npy,bkwsti,14
bcnher_XC99573.ogg.npy,bcnher,10
bcnher_XC659247.ogg.npy,bcnher,10
grecou1_XC174976.ogg.npy,grecou1,64
comros_XC726658.ogg.npy,comros,43
nutman_XC709701.ogg.npy,nutman,120
lirplo_XC371005.ogg.npy,lirplo,105
comgre_XC206718.ogg.npy,comgre,37
eucdov_XC324006.ogg.npy,eucdov,55
spodov_XC756425.ogg.npy,spodov,155
commoo3_XC588426.ogg.npy,commoo3,40
bcnher_XC138482.ogg.npy,bcnher,10
greegr_XC523477.ogg.npy,greegr,65
comkin1_XC288655.ogg.npy,comkin1,39
bcnher_XC830455.ogg.npy,bcnher,10
piebus1_XC650884.ogg.npy,piebus1,125
grnsan_XC683705.ogg.npy,grnsan,71
hoopoe_XC627443.ogg.npy,hoopoe,80
nutman_XC213171.ogg.npy,nutman,120
bkwsti_XC799097.ogg.npy,bkwsti,14
crseag1_XC266774.ogg.npy,crseag1,50
purher1_XC496510.ogg.npy,purher1,132
grewar3_XC138468.ogg.npy,grewar3,70
nilfly2_XC856432.ogg.npy,nilfly2,118
litgre1_XC579373.ogg.npy,litgre1,107
comsan_XC607031.ogg.npy,comsan,44
houspa_XC623850.ogg.npy,houspa,82
barswa_XC673074.ogg.npy,barswa,9
commoo3_XC266607.ogg.npy,commoo3,40
commyn_XC519762.ogg.npy,commyn,41
hoopoe_XC263714.ogg.npy,hoopoe,80
wemhar1_XC363322.ogg.npy,wemhar1,166
grewar3_XC478349.ogg.npy,grewar3,70
purher1_XC802861.ogg.npy,purher1,132
hoopoe_XC577029.ogg.npy,hoopoe,80
eucdov_XC539178.ogg.npy,eucdov,55
lirplo_XC818174.ogg.npy,lirplo,105
grecou1_XC858902.ogg.npy,grecou1,64
asikoe2_XC518843.ogg.npy,asikoe2,4
grywag_XC827709.ogg.npy,grywag,76
zitcis1_XC468266.ogg.npy,zitcis1,181
gybpri1_XC608343.ogg.npy,gybpri1,77
junbab2_XC684277.ogg.npy,junbab2,95
eucdov_XC743183.ogg.npy,eucdov,55
gybpri1_XC709688.ogg.npy,gybpri1,77
kenplo1_XC807557.ogg.npy,kenplo1,98
grywag_XC470976.ogg.npy,grywag,76
eucdov_XC553569.ogg.npy,eucdov,55
rerswa1_XC587771.ogg.npy,rerswa1,138
blrwar1_XC330965.ogg.npy,blrwar1,20
litgre1_XC543914.ogg.npy,litgre1,107
commoo3_XC641192.ogg.npy,commoo3,40
woosan_XC664811.ogg.npy,woosan,177
ruftre2_XC208344.ogg.npy,ruftre2,146
brcful1_XC126275.ogg.npy,brcful1,24
categr_XC192968.ogg.npy,categr,33
nilfly2_XC548372.ogg.npy,nilfly2,118
barswa_XC730443.ogg.npy,barswa,9
blakit1_XC620590.ogg.npy,blakit1,17
comgre_XC742972.ogg.npy,comgre,37
categr_XC117115.ogg.npy,categr,33
commoo3_XC709200.ogg.npy,commoo3,40
blnmon1_XC733041.ogg.npy,blnmon1,19
grnsan_XC583085.ogg.npy,grnsan,71
putbab1_XC291081.ogg.npy,putbab1,136
grnsan_XC110342.ogg.npy,grnsan,71
insowl1_XC662252.ogg.npy,insowl1,91
eurcoo_XC701459.ogg.npy,eurcoo,57
hoopoe_XC560378.ogg.npy,hoopoe,80
gyhcaf1_XC601097.ogg.npy,gyhcaf1,78
barswa_XC458631.ogg.npy,barswa,9
grnsan_XC542190.ogg.npy,grnsan,71
ashpri1_XC424247.ogg.npy,ashpri1,2
barswa_XC494921.ogg.npy,barswa,9
rocpig_XC261576.ogg.npy,rocpig,142
grnsan_XC822474.ogg.npy,grnsan,71
kenplo1_XC579850.ogg.npy,kenplo1,98
junbab2_XC138488.ogg.npy,junbab2,95
litegr_XC423133.ogg.npy,litegr,106
litspi1_XC724462.ogg.npy,litspi1,108
wemhar1_XC365526.ogg.npy,wemhar1,166
bkwsti_XC269611.ogg.npy,bkwsti,14
litegr_XC535540.ogg.npy,litegr,106
litegr_XC627003.ogg.npy,litegr,106
aspswi1_XC592948.ogg.npy,aspswi1,7
grenig1_XC239181.ogg.npy,grenig1,69
comgre_XC723172.ogg.npy,comgre,37
purher1_XC815181.ogg.npy,purher1,132
lirplo_XC371009.ogg.npy,lirplo,105
eaywag1_XC675510.ogg.npy,eaywag1,53
marsan_XC840657.ogg.npy,marsan,115
grywag_XC672224.ogg.npy,grywag,76
comsan_XC738822.ogg.npy,comsan,44
categr_XC803079.ogg.npy,categr,33
whiter2_XC770348.ogg.npy,whiter2,174
rewlap1_XC214021.ogg.npy,rewlap1,141
marsan_XC733175.ogg.npy,marsan,115
grnsan_XC795344.ogg.npy,grnsan,71
yebbab1_XC190813.ogg.npy,yebbab1,179
lirplo_XC733124.ogg.npy,lirplo,105
spepic1_XC706691.ogg.npy,spepic1,154
grywag_XC499079.ogg.npy,grywag,76
compea_XC632249.ogg.npy,compea,42
blrwar1_XC135834.ogg.npy,blrwar1,20
brnshr_XC678443.ogg.npy,brnshr,27
whtkin2_XC169565.ogg.npy,whtkin2,176
litgre1_XC558037.ogg.npy,litgre1,107
graher1_XC534081.ogg.npy,graher1,62
eucdov_XC286389.ogg.npy,eucdov,55
eaywag1_XC603005.ogg.npy,eaywag1,53
comkin1_XC146469.ogg.npy,comkin1,39
indrol2_XC410423.ogg.npy,indrol2,86
eaywag1_XC818885.ogg.npy,eaywag1,53
rocpig_XC149044.ogg.npy,rocpig,142
btbeat1_XC824648.ogg.npy,btbeat1,31
lblwar1_XC719860.ogg.npy,lblwar1,102
rerswa1_XC432573.ogg.npy,rerswa1,138
blnmon1_XC151378.ogg.npy,blnmon1,19
whcbar1_XC260252.ogg.npy,whcbar1,173
bkskit1_XC352480.ogg.npy,bkskit1,13
comkin1_XC368881.ogg.npy,comkin1,39
blhori1_XC116434.ogg.npy,blhori1,18
barswa_XC458637.ogg.npy,barswa,9
comros_XC677484.ogg.npy,comros,43
lirplo_XC722275.ogg.npy,lirplo,105
commyn_XC607249.ogg.npy,commyn,41
houcro1_XC443752.ogg.npy,houcro1,81
whiter2_XC417679.ogg.npy,whiter2,174
purher1_XC824986.ogg.npy,purher1,132
eurcoo_XC466446.ogg.npy,eurcoo,57
bkskit1_XC352499.ogg.npy,bkskit1,13
comros_XC509370.ogg.npy,comros,43
houspa_XC234401.ogg.npy,houspa,82
bkrfla1_XC612026.ogg.npy,bkrfla1,12
bkwsti_XC206253.ogg.npy,bkwsti,14
categr_XC418722.ogg.npy,categr,33
eucdov_XC665959.ogg.npy,eucdov,55
wemhar1_XC184348.ogg.npy,wemhar1,166
comkin1_XC289575.ogg.npy,comkin1,39
revbul_XC116833.ogg.npy,revbul,139
eurcoo_XC168651.ogg.npy,eurcoo,57
categr_XC192966.ogg.npy,categr,33
wemhar1_XC608629.ogg.npy,wemhar1,166
lirplo_XC809443.ogg.npy,lirplo,105
litspi1_XC439699.ogg.npy,litspi1,108
plapri1_XC331900.ogg.npy,plapri1,129
gyhcaf1_XC295079.ogg.npy,gyhcaf1,78
purher1_XC794527.ogg.npy,purher1,132
commyn_XC528933.ogg.npy,commyn,41
eaywag1_XC592475.ogg.npy,eaywag1,53
lirplo_XC829052.ogg.npy,lirplo,105
commoo3_XC624477.ogg.npy,commoo3,40
blnmon1_XC842778.ogg.npy,blnmon1,19
zitcis1_XC840941.ogg.npy,zitcis1,181
eaywag1_XC790727.ogg.npy,eaywag1,53
comkin1_XC202476.ogg.npy,comkin1,39
eurcoo_XC542729.ogg.npy,eurcoo,57
eaywag1_XC675587.ogg.npy,eaywag1,53
spodov_XC116923.ogg.npy,spodov,155
comros_XC323477.ogg.npy,comros,43
grewar3_XC320976.ogg.npy,grewar3,70
comior1_XC207062.ogg.npy,comior1,38
compea_XC676578.ogg.npy,compea,42
tibfly3_XC756559.ogg.npy,tibfly3,161
eurcoo_XC625645.ogg.npy,eurcoo,57
tibfly3_XC487794.ogg.npy,tibfly3,161
rorpar_XC304930.ogg.npy,rorpar,143
crbsun2_XC298415.ogg.npy,crbsun2,47
houspa_XC243567.ogg.npy,houspa,82
gybpri1_XC326853.ogg.npy,gybpri1,77
kenplo1_XC768154.ogg.npy,kenplo1,98
plapri1_XC711527.ogg.npy,plapri1,129
rewbul_XC742428.ogg.npy,rewbul,140
emedov2_XC307394.ogg.npy,emedov2,54
grnwar1_XC756595.ogg.npy,grnwar1,72
whbwat1_XC232832.ogg.npy,whbwat1,171
gyhcaf1_XC242479.ogg.npy,gyhcaf1,78
bcnher_XC656878.ogg.npy,bcnher,10
gloibi_XC789670.ogg.npy,gloibi,60
ashwoo2_XC399855.ogg.npy,ashwoo2,3
comtai1_XC680922.ogg.npy,comtai1,45
jerbus2_XC644017.ogg.npy,jerbus2,94
barswa_XC674251.ogg.npy,barswa,9
grewar3_XC318106.ogg.npy,grewar3,70
blakit1_XC436199.ogg.npy,blakit1,17
eucdov_XC658169.ogg.npy,eucdov,55
ashdro1_XC684281.ogg.npy,ashdro1,1
grnsan_XC801765.ogg.npy,grnsan,71
laudov1_XC252647.ogg.npy,laudov1,101
greegr_XC765285.ogg.npy,greegr,65
lirplo_XC730633.ogg.npy,lirplo,105
grnsan_XC745145.ogg.npy,grnsan,71
grefla1_XC42621.ogg.npy,grefla1,66
gyhcaf1_XC399094.ogg.npy,gyhcaf1,78
commoo3_XC720972.ogg.npy,commoo3,40
wemhar1_XC858751.ogg.npy,wemhar1,166
shikra1_XC209200.ogg.npy,shikra1,151
gargan_XC634354.ogg.npy,gargan,59
litgre1_XC336884.ogg.npy,litgre1,107
comtai1_XC241798.ogg.npy,comtai1,45
zitcis1_XC175386.ogg.npy,zitcis1,181
bkwsti_XC584704.ogg.npy,bkwsti,14
whtkin2_XC599158.ogg.npy,whtkin2,176
graher1_XC836857.ogg.npy,graher1,62
purher1_XC227072.ogg.npy,purher1,132
grywag_XC575903.ogg.npy,grywag,76
whiter2_XC266238.ogg.npy,whiter2,174
barswa_XC820271.ogg.npy,barswa,9
bkwsti_XC845745.ogg.npy,bkwsti,14
brnshr_XC458251.ogg.npy,brnshr,27
eurcoo_XC626041.ogg.npy,eurcoo,57
comkin1_XC460945.ogg.npy,comkin1,39
comgre_XC742913.ogg.npy,comgre,37
blrwar1_XC478393.ogg.npy,blrwar1,20
mawthr1_XC362115.ogg.npy,mawthr1,116
comtai1_XC713877.ogg.npy,comtai1,45
grywag_XC439044.ogg.npy,grywag,76
litegr_XC577784.ogg.npy,litegr,106
whtkin2_XC254982.ogg.npy,whtkin2,176
whbwag1_XC452738.ogg.npy,whbwag1,170
barswa_XC585553.ogg.npy,barswa,9
zitcis1_XC405616.ogg.npy,zitcis1,181
inbrob1_XC207929.ogg.npy,inbrob1,83
comros_XC319735.ogg.npy,comros,43
gloibi_XC793079.ogg.npy,gloibi,60
woosan_XC821353.ogg.npy,woosan,177
grtdro1_XC684829.ogg.npy,grtdro1,73
junowl1_XC503424.ogg.npy,junowl1,97
putbab1_XC447111.ogg.npy,putbab1,136
lirplo_XC339471.ogg.npy,lirplo,105
grenig1_XC593677.ogg.npy,grenig1,69
gargan_XC787188.ogg.npy,gargan,59
comgre_XC469971.ogg.npy,comgre,37
barswa_XC741348.ogg.npy,barswa,9
greegr_XC462840.ogg.npy,greegr,65
commyn_XC444548.ogg.npy,commyn,41
eaywag1_XC591875.ogg.npy,eaywag1,53
bladro1_XC580650.ogg.npy,bladro1,15
eucdov_XC659769.ogg.npy,eucdov,55
houspa_XC416145.ogg.npy,houspa,82
bcnher_XC588333.ogg.npy,bcnher,10
grnsan_XC740287.ogg.npy,grnsan,71
litgre1_XC724874.ogg.npy,litgre1,107
barswa_XC134349.ogg.npy,barswa,9
lblwar1_XC203335.ogg.npy,lblwar1,102
comior1_XC754346.ogg.npy,comior1,38
litswi1_XC748849.ogg.npy,litswi1,109
grnsan_XC545234.ogg.npy,grnsan,71
whiter2_XC736581.ogg.npy,whiter2,174
comgre_XC463298.ogg.npy,comgre,37
commoo3_XC436271.ogg.npy,commoo3,40
orihob2_XC753016.ogg.npy,orihob2,121
wemhar1_XC314133.ogg.npy,wemhar1,166
grecou1_XC169975.ogg.npy,grecou1,64
woosan_XC821352.ogg.npy,woosan,177
rocpig_XC462611.ogg.npy,rocpig,142
hoopoe_XC318437.ogg.npy,hoopoe,80
putbab1_XC210539.ogg.npy,putbab1,136
houspa_XC567628.ogg.npy,houspa,82
goflea1_XC684240.ogg.npy,goflea1,61
grewar3_XC334275.ogg.npy,grewar3,70
eaywag1_XC445249.ogg.npy,eaywag1,53
maghor2_XC498560.ogg.npy,maghor2,111
gybpri1_XC195496.ogg.npy,gybpri1,77
comsan_XC798210.ogg.npy,comsan,44
comtai1_XC122978.ogg.npy,comtai1,45
crseag1_XC666510.ogg.npy,crseag1,50
eurcoo_XC605225.ogg.npy,eurcoo,57
blhori1_XC754317.ogg.npy,blhori1,18
isbduc1_XC580930.ogg.npy,isbduc1,93
comkin1_XC204736.ogg.npy,comkin1,39
btbeat1_XC394050.ogg.npy,btbeat1,31
commoo3_XC193430.ogg.npy,commoo3,40
eucdov_XC473920.ogg.npy,eucdov,55
grnsan_XC817938.ogg.npy,grnsan,71
piekin1_XC195765.ogg.npy,piekin1,126
blnmon1_XC730807.ogg.npy,blnmon1,19
rocpig_XC829900.ogg.npy,rocpig,142
maltro1_XC775936.ogg.npy,maltro1,113
whbwat1_XC845311.ogg.npy,whbwat1,171
putbab1_XC665580.ogg.npy,putbab1,136
blhori1_XC255433.ogg.npy,blhori1,18
brwowl1_XC209940.ogg.npy,brwowl1,30
crseag1_XC390340.ogg.npy,crseag1,50
ashwoo2_XC442123.ogg.npy,ashwoo2,3
litegr_XC577779.ogg.npy,litegr,106
brwowl1_XC482241.ogg.npy,brwowl1,30
graher1_XC585078.ogg.npy,graher1,62
bcnher_XC304259.ogg.npy,bcnher,10
grywag_XC456024.ogg.npy,grywag,76
litegr_XC495928.ogg.npy,litegr,106
bcnher_XC542153.ogg.npy,bcnher,10
comros_XC184797.ogg.npy,comros,43
labcro1_XC451169.ogg.npy,labcro1,100
purher1_XC150699.ogg.npy,purher1,132
comsan_XC614843.ogg.npy,comsan,44
blakit1_XC740444.ogg.npy,blakit1,17
lirplo_XC449132.ogg.npy,lirplo,105
tibfly3_XC401193.ogg.npy,tibfly3,161
yebbab1_XC399020.ogg.npy,yebbab1,179
comsan_XC384170.ogg.npy,comsan,44
grtdro1_XC40036.ogg.npy,grtdro1,73
vefnut1_XC289786.ogg.npy,vefnut1,163
commoo3_XC818187.ogg.npy,commoo3,40
grywag_XC845120.ogg.npy,grywag,76
insbab1_XC665060.ogg.npy,insbab1,90
litegr_XC606161.ogg.npy,litegr,106
houspa_XC621056.ogg.npy,houspa,82
bkwsti_XC629229.ogg.npy,bkwsti,14
litgre1_XC726651.ogg.npy,litgre1,107
plapri1_XC592502.ogg.npy,plapri1,129
comkin1_XC436253.ogg.npy,comkin1,39
stbkin1_XC610746.ogg.npy,stbkin1,158
greegr_XC309393.ogg.npy,greegr,65
piebus1_XC575097.ogg.npy,piebus1,125
bkwsti_XC660957.ogg.npy,bkwsti,14
ashpri1_XC563400.ogg.npy,ashpri1,2
wemhar1_XC716131.ogg.npy,wemhar1,166
zitcis1_XC611409.ogg.npy,zitcis1,181
litgre1_XC571990.ogg.npy,litgre1,107
commoo3_XC785405.ogg.npy,commoo3,40
asbfly_XC329259.ogg.npy,asbfly,0
bladro1_XC127131.ogg.npy,bladro1,15
graher1_XC827137.ogg.npy,graher1,62
comgre_XC678628.ogg.npy,comgre,37
asikoe2_XC720751.ogg.npy,asikoe2,4
sbeowl1_XC505535.ogg.npy,sbeowl1,149
greegr_XC161276.ogg.npy,greegr,65
whbwat1_XC209532.ogg.npy,whbwat1,171
litspi1_XC505509.ogg.npy,litspi1,108
comros_XC564423.ogg.npy,comros,43
commoo3_XC710779.ogg.npy,commoo3,40
comtai1_XC584316.ogg.npy,comtai1,45
bkwsti_XC413271.ogg.npy,bkwsti,14
zitcis1_XC821307.ogg.npy,zitcis1,181
gloibi_XC263316.ogg.npy,gloibi,60
lirplo_XC576953.ogg.npy,lirplo,105
commoo3_XC652498.ogg.npy,commoo3,40
eurcoo_XC217614.ogg.npy,eurcoo,57
grywag_XC718419.ogg.npy,grywag,76
hoopoe_XC710496.ogg.npy,hoopoe,80
thbwar1_XC612193.ogg.npy,thbwar1,160
brnshr_XC756450.ogg.npy,brnshr,27
rorpar_XC263583.ogg.npy,rorpar,143
rewbul_XC386691.ogg.npy,rewbul,140
rorpar_XC403954.ogg.npy,rorpar,143
wemhar1_XC345760.ogg.npy,wemhar1,166
eucdov_XC831934.ogg.npy,eucdov,55
wemhar1_XC670223.ogg.npy,wemhar1,166
comfla1_XC205308.ogg.npy,comfla1,36
wemhar1_XC410042.ogg.npy,wemhar1,166
grnsan_XC628231.ogg.npy,grnsan,71
putbab1_XC189016.ogg.npy,putbab1,136
woosan_XC582100.ogg.npy,woosan,177
shikra1_XC156908.ogg.npy,shikra1,151
litgre1_XC788294.ogg.npy,litgre1,107
ruftre2_XC430289.ogg.npy,ruftre2,146
brnshr_XC805166.ogg.npy,brnshr,27
comior1_XC730647.ogg.npy,comior1,38
litspi1_XC192483.ogg.npy,litspi1,108
houcro1_XC179154.ogg.npy,houcro1,81
litgre1_XC505367.ogg.npy,litgre1,107
spoowl1_XC517680.ogg.npy,spoowl1,156
rerswa1_XC436739.ogg.npy,rerswa1,138
gyhcaf1_XC491047.ogg.npy,gyhcaf1,78
grecou1_XC476073.ogg.npy,grecou1,64
graher1_XC768106.ogg.npy,graher1,62
eaywag1_XC829045.ogg.npy,eaywag1,53
rorpar_XC179220.ogg.npy,rorpar,143
kenplo1_XC376951.ogg.npy,kenplo1,98
gybpri1_XC326854.ogg.npy,gybpri1,77
houspa_XC554654.ogg.npy,houspa,82
barswa_XC402733.ogg.npy,barswa,9
comros_XC324398.ogg.npy,comros,43
gyhcaf1_XC116632.ogg.npy,gyhcaf1,78
piekin1_XC326433.ogg.npy,piekin1,126
grefla1_XC443907.ogg.npy,grefla1,66
commoo3_XC588227.ogg.npy,commoo3,40
spodov_XC434919.ogg.npy,spodov,155
stbkin1_XC552577.ogg.npy,stbkin1,158
grnwar1_XC472276.ogg.npy,grnwar1,72
grecou1_XC770518.ogg.npy,grecou1,64
blakit1_XC844045.ogg.npy,blakit1,17
whrmun_XC776543.ogg.npy,whrmun,175
eucdov_XC570543.ogg.npy,eucdov,55
whbbul2_XC469374.ogg.npy,whbbul2,167
eucdov_XC364621.ogg.npy,eucdov,55
eaywag1_XC795833.ogg.npy,eaywag1,53
labcro1_XC118464.ogg.npy,labcro1,100
bladro1_XC733134.ogg.npy,bladro1,15
grnsan_XC378419.ogg.npy,grnsan,71
stbkin1_XC496183.ogg.npy,stbkin1,158
graher1_XC658242.ogg.npy,graher1,62
kenplo1_XC840142.ogg.npy,kenplo1,98
eurcoo_XC718199.ogg.npy,eurcoo,57
grewar3_XC247656.ogg.npy,grewar3,70
spodov_XC291106.ogg.npy,spodov,155
oripip1_XC392912.ogg.npy,oripip1,122
comsan_XC655100.ogg.npy,comsan,44
rorpar_XC577644.ogg.npy,rorpar,143
hoopoe_XC646548.ogg.npy,hoopoe,80
categr_XC192969.ogg.npy,categr,33
eurcoo_XC556105.ogg.npy,eurcoo,57
whiter2_XC714119.ogg.npy,whiter2,174
lirplo_XC539615.ogg.npy,lirplo,105
greegr_XC234687.ogg.npy,greegr,65
purher1_XC826929.ogg.npy,purher1,132
putbab1_XC168287.ogg.npy,putbab1,136
blakit1_XC402124.ogg.npy,blakit1,17
comtai1_XC293586.ogg.npy,comtai1,45
grtdro1_XC701968.ogg.npy,grtdro1,73
grnsan_XC717660.ogg.npy,grnsan,71
nutman_XC654216.ogg.npy,nutman,120
grtdro1_XC685005.ogg.npy,grtdro1,73
graher1_XC707247.ogg.npy,graher1,62
blakit1_XC744737.ogg.npy,blakit1,17
bkwsti_XC818651.ogg.npy,bkwsti,14
insowl1_XC305214.ogg.npy,insowl1,91
inbrob1_XC681624.ogg.npy,inbrob1,83
blrwar1_XC183813.ogg.npy,blrwar1,20
gyhcaf1_XC618448.ogg.npy,gyhcaf1,78
goflea1_XC296437.ogg.npy,goflea1,61
blakit1_XC163904.ogg.npy,blakit1,17
grywag_XC376508.ogg.npy,grywag,76
bcnher_XC544188.ogg.npy,bcnher,10
ruftre2_XC348713.ogg.npy,ruftre2,146
bkwsti_XC184853.ogg.npy,bkwsti,14
woosan_XC797773.ogg.npy,woosan,177
eaywag1_XC594544.ogg.npy,eaywag1,53
rorpar_XC522614.ogg.npy,rorpar,143
blhori1_XC798559.ogg.npy,blhori1,18
graher1_XC587822.ogg.npy,graher1,62
comros_XC475684.ogg.npy,comros,43
houspa_XC736583.ogg.npy,houspa,82
comkin1_XC313956.ogg.npy,comkin1,39
stbkin1_XC425054.ogg.npy,stbkin1,158
houspa_XC541441.ogg.npy,houspa,82
plapri1_XC783898.ogg.npy,plapri1,129
hoopoe_XC334282.ogg.npy,hoopoe,80
categr_XC478387.ogg.npy,categr,33
spodov_XC773797.ogg.npy,spodov,155
comsan_XC740251.ogg.npy,comsan,44
putbab1_XC462448.ogg.npy,putbab1,136
comsan_XC724051.ogg.npy,comsan,44
gargan_XC633452.ogg.npy,gargan,59
crseag1_XC616811.ogg.npy,crseag1,50
grnwar1_XC480533.ogg.npy,grnwar1,72
litspi1_XC287101.ogg.npy,litspi1,108
rocpig_XC619490.ogg.npy,rocpig,142
blakit1_XC173826.ogg.npy,blakit1,17
eaywag1_XC533906.ogg.npy,eaywag1,53
piekin1_XC322195.ogg.npy,piekin1,126
comtai1_XC304811.ogg.npy,comtai1,45
bkwsti_XC633415.ogg.npy,bkwsti,14
lirplo_XC839895.ogg.npy,lirplo,105
comsan_XC556805.ogg.npy,comsan,44
grecou1_XC545984.ogg.npy,grecou1,64
eurcoo_XC367466.ogg.npy,eurcoo,57
litgre1_XC465925.ogg.npy,litgre1,107
blrwar1_XC565329.ogg.npy,blrwar1,20
plapri1_XC400496.ogg.npy,plapri1,129
oripip1_XC468470.ogg.npy,oripip1,122
bcnher_XC798412.ogg.npy,bcnher,10
grnsan_XC805321.ogg.npy,grnsan,71
zitcis1_XC633801.ogg.npy,zitcis1,181
rorpar_XC116841.ogg.npy,rorpar,143
blhori1_XC214004.ogg.npy,blhori1,18
comros_XC733969.ogg.npy,comros,43
blrwar1_XC826057.ogg.npy,blrwar1,20
litegr_XC839461.ogg.npy,litegr,106
gargan_XC26963.ogg.npy,gargan,59
copbar1_XC308050.ogg.npy,copbar1,46
grewar3_XC501074.ogg.npy,grewar3,70
rewlap1_XC577353.ogg.npy,rewlap1,141
eurcoo_XC478853.ogg.npy,eurcoo,57
woosan_XC469043.ogg.npy,woosan,177
bkwsti_XC663209.ogg.npy,bkwsti,14
vehpar1_XC313915.ogg.npy,vehpar1,164
bcnher_XC549340.ogg.npy,bcnher,10
bcnher_XC829193.ogg.npy,bcnher,10
labcro1_XC302723.ogg.npy,labcro1,100
bcnher_XC587880.ogg.npy,bcnher,10
comgre_XC687397.ogg.npy,comgre,37
eucdov_XC507347.ogg.npy,eucdov,55
rewbul_XC26326.ogg.npy,rewbul,140
lirplo_XC469741.ogg.npy,lirplo,105
hoopoe_XC120381.ogg.npy,hoopoe,80
hoopoe_XC289478.ogg.npy,hoopoe,80
putbab1_XC669921.ogg.npy,putbab1,136
whtkin2_XC345161.ogg.npy,whtkin2,176
grywag_XC367730.ogg.npy,grywag,76
whbwag1_XC504682.ogg.npy,whbwag1,170
blrwar1_XC657142.ogg.npy,blrwar1,20
comros_XC559677.ogg.npy,comros,43
junbab2_XC426165.ogg.npy,junbab2,95
barswa_XC672876.ogg.npy,barswa,9
marsan_XC438343.ogg.npy,marsan,115
plapri1_XC302786.ogg.npy,plapri1,129
comros_XC365773.ogg.npy,comros,43
eaywag1_XC790735.ogg.npy,eaywag1,53
grnsan_XC794977.ogg.npy,grnsan,71
cohcuc1_XC552046.ogg.npy,cohcuc1,35
whrmun_XC766421.ogg.npy,whrmun,175
eurcoo_XC406278.ogg.npy,eurcoo,57
bkskit1_XC350380.ogg.npy,bkskit1,13
grewar3_XC568121.ogg.npy,grewar3,70
eaywag1_XC647651.ogg.npy,eaywag1,53
barswa_XC177243.ogg.npy,barswa,9
graher1_XC496517.ogg.npy,graher1,62
hoopoe_XC787620.ogg.npy,hoopoe,80
tibfly3_XC440321.ogg.npy,tibfly3,161
eurbla2_XC574603.ogg.npy,eurbla2,56
grtdro1_XC295448.ogg.npy,grtdro1,73
comtai1_XC461766.ogg.npy,comtai1,45
asikoe2_XC268368.ogg.npy,asikoe2,4
gargan_XC547329.ogg.npy,gargan,59
gargan_XC732669.ogg.npy,gargan,59
brnhao1_XC301660.ogg.npy,brnhao1,26
grewar3_XC755257.ogg.npy,grewar3,70
comtai1_XC665776.ogg.npy,comtai1,45
grtdro1_XC357473.ogg.npy,grtdro1,73
whtkin2_XC437156.ogg.npy,whtkin2,176
brwjac1_XC698143.ogg.npy,brwjac1,29
hoopoe_XC170878.ogg.npy,hoopoe,80
blakit1_XC269713.ogg.npy,blakit1,17
barswa_XC725594.ogg.npy,barswa,9
eucdov_XC775736.ogg.npy,eucdov,55
comior1_XC684249.ogg.npy,comior1,38
bkwsti_XC577643.ogg.npy,bkwsti,14
thbwar1_XC607433.ogg.npy,thbwar1,160
brnshr_XC341303.ogg.npy,brnshr,27
ashdro1_XC815396.ogg.npy,ashdro1,1
gargan_XC416291.ogg.npy,gargan,59
brnhao1_XC668501.ogg.npy,brnhao1,26
blhori1_XC216527.ogg.npy,blhori1,18
moipig1_XC362112.ogg.npy,moipig1,117
bcnher_XC593240.ogg.npy,bcnher,10
eucdov_XC840250.ogg.npy,eucdov,55
pursun4_XC541653.ogg.npy,pursun4,134
woosan_XC717013.ogg.npy,woosan,177
pursun4_XC511045.ogg.npy,pursun4,134
grywag_XC757394.ogg.npy,grywag,76
grejun2_XC574340.ogg.npy,grejun2,68
houcro1_XC520666.ogg.npy,houcro1,81
plapri1_XC844653.ogg.npy,plapri1,129
pabflo1_XC392178.ogg.npy,pabflo1,123
rewlap1_XC118198.ogg.npy,rewlap1,141
eaywag1_XC668329.ogg.npy,eaywag1,53
eucdov_XC722742.ogg.npy,eucdov,55
gyhcaf1_XC207764.ogg.npy,gyhcaf1,78
blrwar1_XC575409.ogg.npy,blrwar1,20
grnsan_XC656946.ogg.npy,grnsan,71
ashdro1_XC583086.ogg.npy,ashdro1,1
litegr_XC507305.ogg.npy,litegr,106
blhori1_XC816603.ogg.npy,blhori1,18
commoo3_XC557181.ogg.npy,commoo3,40
emedov2_XC577911.ogg.npy,emedov2,54
comros_XC489938.ogg.npy,comros,43
houcro1_XC443061.ogg.npy,houcro1,81
comros_XC395381.ogg.npy,comros,43
woosan_XC645926.ogg.npy,woosan,177
gyhcaf1_XC769359.ogg.npy,gyhcaf1,78
pursun4_XC651992.ogg.npy,pursun4,134
graher1_XC312496.ogg.npy,graher1,62
bcnher_XC748847.ogg.npy,bcnher,10
grnwar1_XC736630.ogg.npy,grnwar1,72
woosan_XC804885.ogg.npy,woosan,177
rocpig_XC858466.ogg.npy,rocpig,142
asikoe2_XC169914.ogg.npy,asikoe2,4
comsan_XC666712.ogg.npy,comsan,44
piekin1_XC616452.ogg.npy,piekin1,126
whiter2_XC315974.ogg.npy,whiter2,174
grywag_XC556052.ogg.npy,grywag,76
spoowl1_XC442330.ogg.npy,spoowl1,156
brnshr_XC601410.ogg.npy,brnshr,27
asikoe2_XC402084.ogg.npy,asikoe2,4
litspi1_XC654426.ogg.npy,litspi1,108
indpit1_XC190841.ogg.npy,indpit1,84
comgre_XC616056.ogg.npy,comgre,37
eurcoo_XC788406.ogg.npy,eurcoo,57
commoo3_XC710752.ogg.npy,commoo3,40
blnmon1_XC497017.ogg.npy,blnmon1,19
emedov2_XC730893.ogg.npy,emedov2,54
grnsan_XC699301.ogg.npy,grnsan,71
litegr_XC638193.ogg.npy,litegr,106
grywag_XC263131.ogg.npy,grywag,76
barswa_XC659151.ogg.npy,barswa,9
junbab2_XC684287.ogg.npy,junbab2,95
sohmyn1_XC654689.ogg.npy,sohmyn1,153
spodov_XC789075.ogg.npy,spodov,155
wemhar1_XC721047.ogg.npy,wemhar1,166
commoo3_XC548854.ogg.npy,commoo3,40
pursun4_XC124393.ogg.npy,pursun4,134
lirplo_XC245758.ogg.npy,lirplo,105
houspa_XC367473.ogg.npy,houspa,82
lirplo_XC821026.ogg.npy,lirplo,105
grywag_XC320625.ogg.npy,grywag,76
barswa_XC361737.ogg.npy,barswa,9
spepic1_XC767355.ogg.npy,spepic1,154
grewar3_XC252037.ogg.npy,grewar3,70
litgre1_XC713103.ogg.npy,litgre1,107
zitcis1_XC764143.ogg.npy,zitcis1,181
commoo3_XC595862.ogg.npy,commoo3,40
blhori1_XC428553.ogg.npy,blhori1,18
lobsun2_XC164023.ogg.npy,lobsun2,110
hoopoe_XC527811.ogg.npy,hoopoe,80
blrwar1_XC655203.ogg.npy,blrwar1,20
eaywag1_XC492498.ogg.npy,eaywag1,53
grtdro1_XC776598.ogg.npy,grtdro1,73
putbab1_XC394052.ogg.npy,putbab1,136
blnmon1_XC239749.ogg.npy,blnmon1,19
zitcis1_XC499803.ogg.npy,zitcis1,181
barswa_XC826622.ogg.npy,barswa,9
comior1_XC376572.ogg.npy,comior1,38
crfbar1_XC178257.ogg.npy,crfbar1,49
comgre_XC715608.ogg.npy,comgre,37
litgre1_XC791892.ogg.npy,litgre1,107
comior1_XC432426.ogg.npy,comior1,38
houcro1_XC733085.ogg.npy,houcro1,81
greegr_XC709622.ogg.npy,greegr,65
zitcis1_XC799678.ogg.npy,zitcis1,181
lirplo_XC844518.ogg.npy,lirplo,105
gargan_XC125100.ogg.npy,gargan,59
commyn_XC663070.ogg.npy,commyn,41
blakit1_XC262835.ogg.npy,blakit1,17
comros_XC320871.ogg.npy,comros,43
eucdov_XC390247.ogg.npy,eucdov,55
comtai1_XC402240.ogg.npy,comtai1,45
gryfra_XC644009.ogg.npy,gryfra,74
gargan_XC733441.ogg.npy,gargan,59
comtai1_XC318847.ogg.npy,comtai1,45
blrwar1_XC484461.ogg.npy,blrwar1,20
wemhar1_XC797665.ogg.npy,wemhar1,166
junowl1_XC397778.ogg.npy,junowl1,97
grnwar1_XC723991.ogg.npy,grnwar1,72
rorpar_XC535800.ogg.npy,rorpar,143
comsan_XC500460.ogg.npy,comsan,44
litgre1_XC560139.ogg.npy,litgre1,107
comkin1_XC741371.ogg.npy,comkin1,39
tibfly3_XC207626.ogg.npy,tibfly3,161
comkin1_XC463055.ogg.npy,comkin1,39
rocpig_XC436507.ogg.npy,rocpig,142
litgre1_XC538074.ogg.npy,litgre1,107
lirplo_XC773569.ogg.npy,lirplo,105
bladro1_XC402088.ogg.npy,bladro1,15
commoo3_XC717068.ogg.npy,commoo3,40
bcnher_XC701343.ogg.npy,bcnher,10
bcnher_XC767009.ogg.npy,bcnher,10
comsan_XC554068.ogg.npy,comsan,44
hoopoe_XC184598.ogg.npy,hoopoe,80
gargan_XC711125.ogg.npy,gargan,59
gryfra_XC667224.ogg.npy,gryfra,74
blrwar1_XC662889.ogg.npy,blrwar1,20
inbrob1_XC356099.ogg.npy,inbrob1,83
stbkin1_XC737724.ogg.npy,stbkin1,158
comior1_XC362858.ogg.npy,comior1,38
greegr_XC796141.ogg.npy,greegr,65
piekin1_XC321592.ogg.npy,piekin1,126
laudov1_XC405379.ogg.npy,laudov1,101
purher1_XC773585.ogg.npy,purher1,132
ashpri1_XC685550.ogg.npy,ashpri1,2
greegr_XC465582.ogg.npy,greegr,65
pabflo1_XC306985.ogg.npy,pabflo1,123
barswa_XC371022.ogg.npy,barswa,9
comgre_XC664531.ogg.npy,comgre,37
comtai1_XC666037.ogg.npy,comtai1,45
compea_XC208327.ogg.npy,compea,42
whbsho3_XC404469.ogg.npy,whbsho3,168
whbwat1_XC447292.ogg.npy,whbwat1,171
litgre1_XC633994.ogg.npy,litgre1,107
graher1_XC649642.ogg.npy,graher1,62
grywag_XC124684.ogg.npy,grywag,76
eurcoo_XC469908.ogg.npy,eurcoo,57
brnshr_XC611408.ogg.npy,brnshr,27
grecou1_XC538075.ogg.npy,grecou1,64
grywag_XC257187.ogg.npy,grywag,76
blrwar1_XC507765.ogg.npy,blrwar1,20
comkin1_XC387199.ogg.npy,comkin1,39
wemhar1_XC614751.ogg.npy,wemhar1,166
aspfly1_XC633462.ogg.npy,aspfly1,6
yebbul3_XC207749.ogg.npy,yebbul3,180
comkin1_XC368882.ogg.npy,comkin1,39
blrwar1_XC118223.ogg.npy,blrwar1,20
bkwsti_XC335154.ogg.npy,bkwsti,14
asikoe2_XC175484.ogg.npy,asikoe2,4
blnmon1_XC441599.ogg.npy,blnmon1,19
grnsan_XC520129.ogg.npy,grnsan,71
litegr_XC757553.ogg.npy,litegr,106
woosan_XC375837.ogg.npy,woosan,177
eucdov_XC358849.ogg.npy,eucdov,55
barswa_XC267423.ogg.npy,barswa,9
comtai1_XC209011.ogg.npy,comtai1,45
comsan_XC588935.ogg.npy,comsan,44
woosan_XC840212.ogg.npy,woosan,177
eaywag1_XC645112.ogg.npy,eaywag1,53
bcnher_XC800503.ogg.npy,bcnher,10
litspi1_XC653406.ogg.npy,litspi1,108
whiter2_XC737859.ogg.npy,whiter2,174
comros_XC138993.ogg.npy,comros,43
stbkin1_XC813995.ogg.npy,stbkin1,158
grewar3_XC190194.ogg.npy,grewar3,70
comkin1_XC288689.ogg.npy,comkin1,39
grywag_XC336724.ogg.npy,grywag,76
brodro1_XC577846.ogg.npy,brodro1,28
nutman_XC339901.ogg.npy,nutman,120
dafbab1_XC796040.ogg.npy,dafbab1,51
woosan_XC823255.ogg.npy,woosan,177
graher1_XC586236.ogg.npy,graher1,62
houspa_XC556841.ogg.npy,houspa,82
woosan_XC128179.ogg.npy,woosan,177
grecou1_XC632724.ogg.npy,grecou1,64
rerswa1_XC330425.ogg.npy,rerswa1,138
commoo3_XC788108.ogg.npy,commoo3,40
litswi1_XC443070.ogg.npy,litswi1,109
crseag1_XC151501.ogg.npy,crseag1,50
grnsan_XC533548.ogg.npy,grnsan,71
grecou1_XC431490.ogg.npy,grecou1,64
blrwar1_XC174327.ogg.npy,blrwar1,20
comkin1_XC761561.ogg.npy,comkin1,39
comtai1_XC721373.ogg.npy,comtai1,45
commoo3_XC720132.ogg.npy,commoo3,40
graher1_XC384463.ogg.npy,graher1,62
eaywag1_XC384801.ogg.npy,eaywag1,53
blakit1_XC807584.ogg.npy,blakit1,17
commoo3_XC787446.ogg.npy,commoo3,40
whbwoo2_XC620581.ogg.npy,whbwoo2,172
grejun2_XC465728.ogg.npy,grejun2,68
lirplo_XC800521.ogg.npy,lirplo,105
blrwar1_XC210240.ogg.npy,blrwar1,20
putbab1_XC688796.ogg.npy,putbab1,136
comros_XC320446.ogg.npy,comros,43
zitcis1_XC208072.ogg.npy,zitcis1,181
whbwat1_XC150449.ogg.npy,whbwat1,171
rorpar_XC571461.ogg.npy,rorpar,143
copbar1_XC665269.ogg.npy,copbar1,46
blnmon1_XC166534.ogg.npy,blnmon1,19
asbfly_XC347938.ogg.npy,asbfly,0
lirplo_XC528567.ogg.npy,lirplo,105
comtai1_XC671490.ogg.npy,comtai1,45
hoopoe_XC416610.ogg.npy,hoopoe,80
grywag_XC521881.ogg.npy,grywag,76
ashdro1_XC312261.ogg.npy,ashdro1,1
sqtbul1_XC168285.ogg.npy,sqtbul1,157
grewar3_XC246717.ogg.npy,grewar3,70
vehpar1_XC497099.ogg.npy,vehpar1,164
barswa_XC379023.ogg.npy,barswa,9
comkin1_XC820084.ogg.npy,comkin1,39
whcbar1_XC540676.ogg.npy,whcbar1,173
houspa_XC650350.ogg.npy,houspa,82
comtai1_XC276807.ogg.npy,comtai1,45
gargan_XC803477.ogg.npy,gargan,59
barswa_XC383832.ogg.npy,barswa,9
purher1_XC430424.ogg.npy,purher1,132
rocpig_XC501133.ogg.npy,rocpig,142
commoo3_XC548748.ogg.npy,commoo3,40
inbrob1_XC367146.ogg.npy,inbrob1,83
gybpri1_XC382148.ogg.npy,gybpri1,77
commoo3_XC528120.ogg.npy,commoo3,40
comkin1_XC586003.ogg.npy,comkin1,39
plapri1_XC116816.ogg.npy,plapri1,129
lblwar1_XC296414.ogg.npy,lblwar1,102
blrwar1_XC659134.ogg.npy,blrwar1,20
grywag_XC561790.ogg.npy,grywag,76
marsan_XC733178.ogg.npy,marsan,115
comros_XC183904.ogg.npy,comros,43
rocpig_XC246586.ogg.npy,rocpig,142
comsan_XC824476.ogg.npy,comsan,44
rewbul_XC367162.ogg.npy,rewbul,140
rocpig_XC615049.ogg.npy,rocpig,142
lirplo_XC726107.ogg.npy,lirplo,105
houspa_XC282809.ogg.npy,houspa,82
woosan_XC687196.ogg.npy,woosan,177
grbeat1_XC118200.ogg.npy,grbeat1,63
labcro1_XC553059.ogg.npy,labcro1,100
graher1_XC744927.ogg.npy,graher1,62
litegr_XC333872.ogg.npy,litegr,106
asikoe2_XC362353.ogg.npy,asikoe2,4
graher1_XC544365.ogg.npy,graher1,62
woosan_XC827125.ogg.npy,woosan,177
grywag_XC508370.ogg.npy,grywag,76
lirplo_XC490190.ogg.npy,lirplo,105
blnmon1_XC338752.ogg.npy,blnmon1,19
ashwoo2_XC169810.ogg.npy,ashwoo2,3
asbfly_XC687955.ogg.npy,asbfly,0
graher1_XC184298.ogg.npy,graher1,62
brnhao1_XC341569.ogg.npy,brnhao1,26
eaywag1_XC305991.ogg.npy,eaywag1,53
woosan_XC431019.ogg.npy,woosan,177
indtit1_XC19741.ogg.npy,indtit1,87
cohcuc1_XC619081.ogg.npy,cohcuc1,35
barswa_XC282921.ogg.npy,barswa,9
litgre1_XC217890.ogg.npy,litgre1,107
grewar3_XC579331.ogg.npy,grewar3,70
litspi1_XC319390.ogg.npy,litspi1,108
grywag_XC756379.ogg.npy,grywag,76
orihob2_XC675435.ogg.npy,orihob2,121
asbfly_XC837545.ogg.npy,asbfly,0
kenplo1_XC660963.ogg.npy,kenplo1,98
comkin1_XC494721.ogg.npy,comkin1,39
bkwsti_XC682637.ogg.npy,bkwsti,14
brnhao1_XC279203.ogg.npy,brnhao1,26
nutman_XC396396.ogg.npy,nutman,120
grefla1_XC619763.ogg.npy,grefla1,66
zitcis1_XC789500.ogg.npy,zitcis1,181
hoopoe_XC278456.ogg.npy,hoopoe,80
woosan_XC428930.ogg.npy,woosan,177
comtai1_XC834665.ogg.npy,comtai1,45
rorpar_XC163922.ogg.npy,rorpar,143
comior1_XC713621.ogg.npy,comior1,38
whbwat1_XC402779.ogg.npy,whbwat1,171
houcro1_XC681128.ogg.npy,houcro1,81
thbwar1_XC340012.ogg.npy,thbwar1,160
eurcoo_XC483693.ogg.npy,eurcoo,57
bkwsti_XC810394.ogg.npy,bkwsti,14
barswa_XC740629.ogg.npy,barswa,9
ashdro1_XC794311.ogg.npy,ashdro1,1
grnsan_XC644953.ogg.npy,grnsan,71
piekin1_XC515894.ogg.npy,piekin1,126
greegr_XC437079.ogg.npy,greegr,65
eurcoo_XC552383.ogg.npy,eurcoo,57
houspa_XC650357.ogg.npy,houspa,82
barswa_XC667845.ogg.npy,barswa,9
cregos1_XC840476.ogg.npy,cregos1,48
whrmun_XC151218.ogg.npy,whrmun,175
kenplo1_XC718500.ogg.npy,kenplo1,98
shikra1_XC580084.ogg.npy,shikra1,151
litegr_XC372946.ogg.npy,litegr,106
rerswa1_XC423912.ogg.npy,rerswa1,138
bkwsti_XC338799.ogg.npy,bkwsti,14
hoopoe_XC410755.ogg.npy,hoopoe,80
blrwar1_XC423670.ogg.npy,blrwar1,20
comgre_XC723197.ogg.npy,comgre,37
bkwsti_XC718478.ogg.npy,bkwsti,14
grnsan_XC712535.ogg.npy,grnsan,71
eaywag1_XC740820.ogg.npy,eaywag1,53
ashdro1_XC181102.ogg.npy,ashdro1,1
greegr_XC609186.ogg.npy,greegr,65
comior1_XC799302.ogg.npy,comior1,38
piekin1_XC615622.ogg.npy,piekin1,126
houspa_XC459671.ogg.npy,houspa,82
litgre1_XC827747.ogg.npy,litgre1,107
grnsan_XC189950.ogg.npy,grnsan,71
piebus1_XC409258.ogg.npy,piebus1,125
rewbul_XC207910.ogg.npy,rewbul,140
litgre1_XC546796.ogg.npy,litgre1,107
rewlap1_XC844126.ogg.npy,rewlap1,141
eucdov_XC539472.ogg.npy,eucdov,55
comros_XC138026.ogg.npy,comros,43
graher1_XC526874.ogg.npy,graher1,62
rorpar_XC764464.ogg.npy,rorpar,143
litegr_XC718490.ogg.npy,litegr,106
kenplo1_XC376953.ogg.npy,kenplo1,98
eaywag1_XC471561.ogg.npy,eaywag1,53
eucdov_XC310548.ogg.npy,eucdov,55
blrwar1_XC765804.ogg.npy,blrwar1,20
categr_XC829008.ogg.npy,categr,33
brnshr_XC267582.ogg.npy,brnshr,27
commoo3_XC487693.ogg.npy,commoo3,40
crseag1_XC363380.ogg.npy,crseag1,50
lirplo_XC383367.ogg.npy,lirplo,105
rerswa1_XC835050.ogg.npy,rerswa1,138
comsan_XC670693.ogg.npy,comsan,44
grtdro1_XC384444.ogg.npy,grtdro1,73
purher1_XC600820.ogg.npy,purher1,132
categr_XC774059.ogg.npy,categr,33
whiter2_XC769988.ogg.npy,whiter2,174
labcro1_XC73288.ogg.npy,labcro1,100
categr_XC800075.ogg.npy,categr,33
ashdro1_XC37741.ogg.npy,ashdro1,1
comkin1_XC680670.ogg.npy,comkin1,39
rewlap1_XC844124.ogg.npy,rewlap1,141
bcnher_XC656877.ogg.npy,bcnher,10
bwfshr1_XC628812.ogg.npy,bwfshr1,32
rerswa1_XC213993.ogg.npy,rerswa1,138
lblwar1_XC374352.ogg.npy,lblwar1,102
brwowl1_XC448878.ogg.npy,brwowl1,30
asikoe2_XC393239.ogg.npy,asikoe2,4
blhori1_XC73047.ogg.npy,blhori1,18
hoopoe_XC375704.ogg.npy,hoopoe,80
rocpig_XC349160.ogg.npy,rocpig,142
whbwat1_XC712735.ogg.npy,whbwat1,171
inbrob1_XC312270.ogg.npy,inbrob1,83
grywag_XC256921.ogg.npy,grywag,76
brakit1_XC208282.ogg.npy,brakit1,22
blnmon1_XC351464.ogg.npy,blnmon1,19
barswa_XC556784.ogg.npy,barswa,9
eurcoo_XC358928.ogg.npy,eurcoo,57
woosan_XC378022.ogg.npy,woosan,177
barswa_XC406274.ogg.npy,barswa,9
kenplo1_XC765902.ogg.npy,kenplo1,98
whtkin2_XC507751.ogg.npy,whtkin2,176
putbab1_XC735663.ogg.npy,putbab1,136
gargan_XC131242.ogg.npy,gargan,59
gargan_XC634916.ogg.npy,gargan,59
blrwar1_XC713193.ogg.npy,blrwar1,20
graher1_XC487206.ogg.npy,graher1,62
gargan_XC793038.ogg.npy,gargan,59
categr_XC747220.ogg.npy,categr,33
btbeat1_XC804450.ogg.npy,btbeat1,31
grecou1_XC778392.ogg.npy,grecou1,64
litswi1_XC173033.ogg.npy,litswi1,109
lirplo_XC716015.ogg.npy,lirplo,105
gybpri1_XC620791.ogg.npy,gybpri1,77
litegr_XC356691.ogg.npy,litegr,106
rorpar_XC761185.ogg.npy,rorpar,143
comgre_XC432271.ogg.npy,comgre,37
eurcoo_XC559923.ogg.npy,eurcoo,57
zitcis1_XC558797.ogg.npy,zitcis1,181
barswa_XC361735.ogg.npy,barswa,9
eurcoo_XC711572.ogg.npy,eurcoo,57
tibfly3_XC643747.ogg.npy,tibfly3,161
putbab1_XC697557.ogg.npy,putbab1,136
blnmon1_XC560445.ogg.npy,blnmon1,19
commoo3_XC571455.ogg.npy,commoo3,40
wemhar1_XC184403.ogg.npy,wemhar1,166
eaywag1_XC423805.ogg.npy,eaywag1,53
comtai1_XC304010.ogg.npy,comtai1,45
zitcis1_XC175396.ogg.npy,zitcis1,181
commoo3_XC560225.ogg.npy,commoo3,40
categr_XC747776.ogg.npy,categr,33
aspfly1_XC633461.ogg.npy,aspfly1,6
grnsan_XC551534.ogg.npy,grnsan,71
ashpri1_XC331544.ogg.npy,ashpri1,2
ingori1_XC185494.ogg.npy,ingori1,88
commoo3_XC801224.ogg.npy,commoo3,40
mawthr1_XC571143.ogg.npy,mawthr1,116
barswa_XC664984.ogg.npy,barswa,9
litgre1_XC543291.ogg.npy,litgre1,107
blrwar1_XC480512.ogg.npy,blrwar1,20
comior1_XC190966.ogg.npy,comior1,38
grehor1_XC295013.ogg.npy,grehor1,67
blhori1_XC530819.ogg.npy,blhori1,18
lirplo_XC631179.ogg.npy,lirplo,105
putbab1_XC423294.ogg.npy,putbab1,136
categr_XC304256.ogg.npy,categr,33
nutman_XC618030.ogg.npy,nutman,120
commoo3_XC282748.ogg.npy,commoo3,40
bkskit1_XC353810.ogg.npy,bkskit1,13
putbab1_XC480928.ogg.npy,putbab1,136
pursun3_XC664676.ogg.npy,pursun3,133
piekin1_XC303855.ogg.npy,piekin1,126
bcnher_XC574101.ogg.npy,bcnher,10
asbfly_XC528852.ogg.npy,asbfly,0
hoopoe_XC807511.ogg.npy,hoopoe,80
comgre_XC667348.ogg.npy,comgre,37
hoopoe_XC365144.ogg.npy,hoopoe,80
comkin1_XC746926.ogg.npy,comkin1,39
houspa_XC815532.ogg.npy,houspa,82
blrwar1_XC662285.ogg.npy,blrwar1,20
categr_XC361553.ogg.npy,categr,33
asikoe2_XC701710.ogg.npy,asikoe2,4
commoo3_XC835001.ogg.npy,commoo3,40
graher1_XC362547.ogg.npy,graher1,62
brwowl1_XC269604.ogg.npy,brwowl1,30
pursun4_XC124391.ogg.npy,pursun4,134
woosan_XC384800.ogg.npy,woosan,177
hoopoe_XC734268.ogg.npy,hoopoe,80
categr_XC844711.ogg.npy,categr,33
blnmon1_XC195582.ogg.npy,blnmon1,19
purher1_XC467373.ogg.npy,purher1,132
indrol2_XC432461.ogg.npy,indrol2,86
brcful1_XC318995.ogg.npy,brcful1,24
ashpri1_XC442336.ogg.npy,ashpri1,2
categr_XC45473.ogg.npy,categr,33
comgre_XC671984.ogg.npy,comgre,37
grewar3_XC421446.ogg.npy,grewar3,70
comgre_XC587718.ogg.npy,comgre,37
lirplo_XC567259.ogg.npy,lirplo,105
pursun4_XC846089.ogg.npy,pursun4,134
bkwsti_XC514789.ogg.npy,bkwsti,14
litegr_XC576987.ogg.npy,litegr,106
blrwar1_XC659536.ogg.npy,blrwar1,20
commoo3_XC785129.ogg.npy,commoo3,40
blaeag1_XC539063.ogg.npy,blaeag1,16
eucdov_XC488718.ogg.npy,eucdov,55
bkskit1_XC825835.ogg.npy,bkskit1,13
asikoe2_XC803097.ogg.npy,asikoe2,4
categr_XC131326.ogg.npy,categr,33
bcnher_XC542752.ogg.npy,bcnher,10
grenig1_XC130887.ogg.npy,grenig1,69
blakit1_XC442334.ogg.npy,blakit1,17
vehpar1_XC715636.ogg.npy,vehpar1,164
bcnher_XC675239.ogg.npy,bcnher,10
greegr_XC705412.ogg.npy,greegr,65
houspa_XC365463.ogg.npy,houspa,82
comsan_XC395281.ogg.npy,comsan,44
comkin1_XC771375.ogg.npy,comkin1,39
comior1_XC266954.ogg.npy,comior1,38
eucdov_XC481134.ogg.npy,eucdov,55
whtkin2_XC284528.ogg.npy,whtkin2,176
woosan_XC187199.ogg.npy,woosan,177
lirplo_XC768243.ogg.npy,lirplo,105
brnhao1_XC839962.ogg.npy,brnhao1,26
kenplo1_XC807006.ogg.npy,kenplo1,98
grnwar1_XC193502.ogg.npy,grnwar1,72
comros_XC731119.ogg.npy,comros,43
purswa3_XC713024.ogg.npy,purswa3,135
eaywag1_XC675593.ogg.npy,eaywag1,53
grtdro1_XC441224.ogg.npy,grtdro1,73
grywag_XC376043.ogg.npy,grywag,76
smamin1_XC308252.ogg.npy,smamin1,152
grywag_XC796053.ogg.npy,grywag,76
labcro1_XC779687.ogg.npy,labcro1,100
rewbul_XC786295.ogg.npy,rewbul,140
litegr_XC720765.ogg.npy,litegr,106
hoopoe_XC457301.ogg.npy,hoopoe,80
laudov1_XC309749.ogg.npy,laudov1,101
aspfly1_XC206805.ogg.npy,aspfly1,6
whbwat1_XC266605.ogg.npy,whbwat1,171
bcnher_XC653411.ogg.npy,bcnher,10
sttwoo1_XC335666.ogg.npy,sttwoo1,159
lirplo_XC379244.ogg.npy,lirplo,105
spepic1_XC804336.ogg.npy,spepic1,154
grywag_XC776056.ogg.npy,grywag,76
comros_XC416898.ogg.npy,comros,43
piekin1_XC515975.ogg.npy,piekin1,126
greegr_XC287953.ogg.npy,greegr,65
eurcoo_XC643777.ogg.npy,eurcoo,57
grnsan_XC369015.ogg.npy,grnsan,71
eaywag1_XC661259.ogg.npy,eaywag1,53
laudov1_XC467531.ogg.npy,laudov1,101
laudov1_XC405373.ogg.npy,laudov1,101
whrmun_XC399209.ogg.npy,whrmun,175
rewlap1_XC178464.ogg.npy,rewlap1,141
lirplo_XC538720.ogg.npy,lirplo,105
zitcis1_XC333707.ogg.npy,zitcis1,181
hoopoe_XC369629.ogg.npy,hoopoe,80
asbfly_XC374520.ogg.npy,asbfly,0
putbab1_XC362718.ogg.npy,putbab1,136
asikoe2_XC572366.ogg.npy,asikoe2,4
comgre_XC528703.ogg.npy,comgre,37
putbab1_XC465687.ogg.npy,putbab1,136
lirplo_XC130826.ogg.npy,lirplo,105
graher1_XC742598.ogg.npy,graher1,62
houspa_XC377232.ogg.npy,houspa,82
orihob2_XC484998.ogg.npy,orihob2,121
comros_XC135388.ogg.npy,comros,43
pursun4_XC405329.ogg.npy,pursun4,134
spodov_XC607186.ogg.npy,spodov,155
rewbul_XC490873.ogg.npy,rewbul,140
junowl1_XC307706.ogg.npy,junowl1,97
comtai1_XC376186.ogg.npy,comtai1,45
kenplo1_XC787125.ogg.npy,kenplo1,98
copbar1_XC534568.ogg.npy,copbar1,46
comkin1_XC202471.ogg.npy,comkin1,39
blrwar1_XC134922.ogg.npy,blrwar1,20
kenplo1_XC338275.ogg.npy,kenplo1,98
rorpar_XC541481.ogg.npy,rorpar,143
eucdov_XC477341.ogg.npy,eucdov,55
kenplo1_XC765775.ogg.npy,kenplo1,98
grnwar1_XC347399.ogg.npy,grnwar1,72
putbab1_XC595425.ogg.npy,putbab1,136
revbul_XC454892.ogg.npy,revbul,139
comros_XC378860.ogg.npy,comros,43
houcro1_XC308330.ogg.npy,houcro1,81
comior1_XC858548.ogg.npy,comior1,38
graher1_XC496519.ogg.npy,graher1,62
wemhar1_XC575625.ogg.npy,wemhar1,166
woosan_XC788172.ogg.npy,woosan,177
grtdro1_XC723006.ogg.npy,grtdro1,73
comros_XC120952.ogg.npy,comros,43
commoo3_XC528506.ogg.npy,commoo3,40
comros_XC252176.ogg.npy,comros,43
comgre_XC555088.ogg.npy,comgre,37
zitcis1_XC431788.ogg.npy,zitcis1,181
grywag_XC375254.ogg.npy,grywag,76
eaywag1_XC640612.ogg.npy,eaywag1,53
bkwsti_XC596095.ogg.npy,bkwsti,14
comros_XC318411.ogg.npy,comros,43
ashpri1_XC754296.ogg.npy,ashpri1,2
purher1_XC637950.ogg.npy,purher1,132
litgre1_XC641382.ogg.npy,litgre1,107
houspa_XC721102.ogg.npy,houspa,82
litgre1_XC637924.ogg.npy,litgre1,107
bladro1_XC676985.ogg.npy,bladro1,15
asikoe2_XC753727.ogg.npy,asikoe2,4
ruftre2_XC585014.ogg.npy,ruftre2,146
comros_XC417171.ogg.npy,comros,43
rossta2_XC825830.ogg.npy,rossta2,144
commoo3_XC708918.ogg.npy,commoo3,40
lirplo_XC130824.ogg.npy,lirplo,105
comkin1_XC763946.ogg.npy,comkin1,39
gryfra_XC444759.ogg.npy,gryfra,74
junmyn1_XC208342.ogg.npy,junmyn1,96
barswa_XC457808.ogg.npy,barswa,9
litgre1_XC493372.ogg.npy,litgre1,107
brodro1_XC284507.ogg.npy,brodro1,28
comkin1_XC282126.ogg.npy,comkin1,39
barswa_XC570904.ogg.npy,barswa,9
houcro1_XC430265.ogg.npy,houcro1,81
comros_XC808278.ogg.npy,comros,43
yebbul3_XC346194.ogg.npy,yebbul3,180
eaywag1_XC802938.ogg.npy,eaywag1,53
indrol2_XC611616.ogg.npy,indrol2,86
eaywag1_XC317464.ogg.npy,eaywag1,53
grewar3_XC216110.ogg.npy,grewar3,70
woosan_XC718690.ogg.npy,woosan,177
asbfly_XC412227.ogg.npy,asbfly,0
blrwar1_XC139400.ogg.npy,blrwar1,20
graher1_XC741306.ogg.npy,graher1,62
wemhar1_XC164817.ogg.npy,wemhar1,166
lblwar1_XC282701.ogg.npy,lblwar1,102
lblwar1_XC176134.ogg.npy,lblwar1,102
gyhcaf1_XC19711.ogg.npy,gyhcaf1,78
hoopoe_XC437486.ogg.npy,hoopoe,80
comgre_XC666314.ogg.npy,comgre,37
eurcoo_XC631190.ogg.npy,eurcoo,57
bkskit1_XC350405.ogg.npy,bkskit1,13
comsan_XC582510.ogg.npy,comsan,44
eurcoo_XC190771.ogg.npy,eurcoo,57
litspi1_XC398561.ogg.npy,litspi1,108
shikra1_XC207634.ogg.npy,shikra1,151
woosan_XC476067.ogg.npy,woosan,177
blrwar1_XC568285.ogg.npy,blrwar1,20
pursun4_XC74154.ogg.npy,pursun4,134
rewlap1_XC190846.ogg.npy,rewlap1,141
grecou1_XC730721.ogg.npy,grecou1,64
asikoe2_XC115086.ogg.npy,asikoe2,4
eurcoo_XC784639.ogg.npy,eurcoo,57
woosan_XC742926.ogg.npy,woosan,177
woosan_XC687190.ogg.npy,woosan,177
brnhao1_XC773335.ogg.npy,brnhao1,26
grecou1_XC453348.ogg.npy,grecou1,64
orihob2_XC557991.ogg.npy,orihob2,121
hoopoe_XC146484.ogg.npy,hoopoe,80
rorpar_XC164386.ogg.npy,rorpar,143
bkskit1_XC198487.ogg.npy,bkskit1,13
crseag1_XC730679.ogg.npy,crseag1,50
labcro1_XC575530.ogg.npy,labcro1,100
commyn_XC185698.ogg.npy,commyn,41
eucdov_XC433625.ogg.npy,eucdov,55
grnsan_XC669039.ogg.npy,grnsan,71
tibfly3_XC163867.ogg.npy,tibfly3,161
chbeat1_XC782496.ogg.npy,chbeat1,34
rewbul_XC131477.ogg.npy,rewbul,140
emedov2_XC122003.ogg.npy,emedov2,54
blakit1_XC320701.ogg.npy,blakit1,17
ruftre2_XC365027.ogg.npy,ruftre2,146
nutman_XC295832.ogg.npy,nutman,120
eaywag1_XC675986.ogg.npy,eaywag1,53
bkwsti_XC685751.ogg.npy,bkwsti,14
lirplo_XC835675.ogg.npy,lirplo,105
grnwar1_XC514750.ogg.npy,grnwar1,72
nutman_XC377638.ogg.npy,nutman,120
labcro1_XC37775.ogg.npy,labcro1,100
zitcis1_XC634028.ogg.npy,zitcis1,181
blnmon1_XC615164.ogg.npy,blnmon1,19
commoo3_XC623772.ogg.npy,commoo3,40
comsan_XC368316.ogg.npy,comsan,44
blrwar1_XC658147.ogg.npy,blrwar1,20
lirplo_XC484240.ogg.npy,lirplo,105
junowl1_XC778608.ogg.npy,junowl1,97
eaywag1_XC507663.ogg.npy,eaywag1,53
rewbul_XC469086.ogg.npy,rewbul,140
kenplo1_XC527211.ogg.npy,kenplo1,98
woosan_XC827776.ogg.npy,woosan,177
greegr_XC603579.ogg.npy,greegr,65
grnsan_XC573389.ogg.npy,grnsan,71
comros_XC740499.ogg.npy,comros,43
moipig1_XC362122.ogg.npy,moipig1,117
crseag1_XC781788.ogg.npy,crseag1,50
yebbul3_XC214144.ogg.npy,yebbul3,180
grnsan_XC678267.ogg.npy,grnsan,71
junowl1_XC741586.ogg.npy,junowl1,97
eurcoo_XC302637.ogg.npy,eurcoo,57
kenplo1_XC836805.ogg.npy,kenplo1,98
brcful1_XC406109.ogg.npy,brcful1,24
brodro1_XC577833.ogg.npy,brodro1,28
lirplo_XC529871.ogg.npy,lirplo,105
blakit1_XC671543.ogg.npy,blakit1,17
gloibi_XC833173.ogg.npy,gloibi,60
litgre1_XC731894.ogg.npy,litgre1,107
woosan_XC234695.ogg.npy,woosan,177
brodro1_XC294642.ogg.npy,brodro1,28
houspa_XC443452.ogg.npy,houspa,82
grnsan_XC670790.ogg.npy,grnsan,71
rewbul_XC578212.ogg.npy,rewbul,140
grewar3_XC420085.ogg.npy,grewar3,70
eucdov_XC853671.ogg.npy,eucdov,55
comtai1_XC433061.ogg.npy,comtai1,45
litgre1_XC799737.ogg.npy,litgre1,107
comsan_XC680257.ogg.npy,comsan,44
bkwsti_XC449084.ogg.npy,bkwsti,14
lirplo_XC485451.ogg.npy,lirplo,105
rorpar_XC378731.ogg.npy,rorpar,143
comsan_XC577972.ogg.npy,comsan,44
eucdov_XC433623.ogg.npy,eucdov,55
whiter2_XC306043.ogg.npy,whiter2,174
rorpar_XC462902.ogg.npy,rorpar,143
grnwar1_XC482955.ogg.npy,grnwar1,72
whbbul2_XC164018.ogg.npy,whbbul2,167
commoo3_XC292130.ogg.npy,commoo3,40
hoopoe_XC279096.ogg.npy,hoopoe,80
litegr_XC333993.ogg.npy,litegr,106
bkskit1_XC360655.ogg.npy,bkskit1,13
commoo3_XC407159.ogg.npy,commoo3,40
compea_XC844935.ogg.npy,compea,42
eurcoo_XC625245.ogg.npy,eurcoo,57
comros_XC148794.ogg.npy,comros,43
hoopoe_XC631304.ogg.npy,hoopoe,80
litgre1_XC801184.ogg.npy,litgre1,107
indpit1_XC397779.ogg.npy,indpit1,84
hoopoe_XC807306.ogg.npy,hoopoe,80
grnsan_XC663941.ogg.npy,grnsan,71
zitcis1_XC580079.ogg.npy,zitcis1,181
inbrob1_XC138674.ogg.npy,inbrob1,83
woosan_XC488071.ogg.npy,woosan,177
piekin1_XC515835.ogg.npy,piekin1,126
bcnher_XC65998.ogg.npy,bcnher,10
litgre1_XC364626.ogg.npy,litgre1,107
eurbla2_XC574147.ogg.npy,eurbla2,56
rerswa1_XC432571.ogg.npy,rerswa1,138
gybpri1_XC153013.ogg.npy,gybpri1,77
bcnher_XC85246.ogg.npy,bcnher,10
comkin1_XC591053.ogg.npy,comkin1,39
eurcoo_XC307337.ogg.npy,eurcoo,57
commoo3_XC193694.ogg.npy,commoo3,40
spodov_XC787538.ogg.npy,spodov,155
rerswa1_XC701890.ogg.npy,rerswa1,138
plapri1_XC534225.ogg.npy,plapri1,129
comkin1_XC357710.ogg.npy,comkin1,39
zitcis1_XC511186.ogg.npy,zitcis1,181
commoo3_XC641754.ogg.npy,commoo3,40
crseag1_XC243351.ogg.npy,crseag1,50
blhori1_XC124195.ogg.npy,blhori1,18
isbduc1_XC574746.ogg.npy,isbduc1,93
bkwsti_XC632157.ogg.npy,bkwsti,14
aspswi1_XC323926.ogg.npy,aspswi1,7
comkin1_XC495024.ogg.npy,comkin1,39
insbab1_XC141358.ogg.npy,insbab1,90
comsan_XC663899.ogg.npy,comsan,44
whbtre1_XC282573.ogg.npy,whbtre1,169
eurcoo_XC668597.ogg.npy,eurcoo,57
bcnher_XC800502.ogg.npy,bcnher,10
gyhcaf1_XC491046.ogg.npy,gyhcaf1,78
barswa_XC413887.ogg.npy,barswa,9
lobsun2_XC198352.ogg.npy,lobsun2,110
barswa_XC784883.ogg.npy,barswa,9
eurcoo_XC719840.ogg.npy,eurcoo,57
heswoo1_XC777839.ogg.npy,heswoo1,79
brodro1_XC530108.ogg.npy,brodro1,28
eucdov_XC384380.ogg.npy,eucdov,55
grywag_XC754284.ogg.npy,grywag,76
litgre1_XC442038.ogg.npy,litgre1,107
commoo3_XC598392.ogg.npy,commoo3,40
grywag_XC457883.ogg.npy,grywag,76
litgre1_XC637845.ogg.npy,litgre1,107
grnsan_XC539699.ogg.npy,grnsan,71
eaywag1_XC118267.ogg.npy,eaywag1,53
comgre_XC824485.ogg.npy,comgre,37
bkwsti_XC442333.ogg.npy,bkwsti,14
comior1_XC717005.ogg.npy,comior1,38
kenplo1_XC494530.ogg.npy,kenplo1,98
blnmon1_XC406615.ogg.npy,blnmon1,19
piekin1_XC369952.ogg.npy,piekin1,126
whbtre1_XC767245.ogg.npy,whbtre1,169
brnshr_XC546353.ogg.npy,brnshr,27
blrwar1_XC248144.ogg.npy,blrwar1,20
asikoe2_XC241381.ogg.npy,asikoe2,4
graher1_XC347259.ogg.npy,graher1,62
grywag_XC623472.ogg.npy,grywag,76
eucdov_XC459021.ogg.npy,eucdov,55
woosan_XC666087.ogg.npy,woosan,177
eucdov_XC578844.ogg.npy,eucdov,55
gyhcaf1_XC408730.ogg.npy,gyhcaf1,78
comros_XC656501.ogg.npy,comros,43
litgre1_XC153870.ogg.npy,litgre1,107
bcnher_XC550582.ogg.npy,bcnher,10
brnhao1_XC371936.ogg.npy,brnhao1,26
gyhcaf1_XC73270.ogg.npy,gyhcaf1,78
hoopoe_XC382177.ogg.npy,hoopoe,80
hoopoe_XC815178.ogg.npy,hoopoe,80
hoopoe_XC265937.ogg.npy,hoopoe,80
ashdro1_XC114606.ogg.npy,ashdro1,1
rorpar_XC651773.ogg.npy,rorpar,143
placuc3_XC141328.ogg.npy,placuc3,127
blrwar1_XC659666.ogg.npy,blrwar1,20
indpit1_XC320460.ogg.npy,indpit1,84
asbfly_XC578909.ogg.npy,asbfly,0
woosan_XC637085.ogg.npy,woosan,177
piekin1_XC234644.ogg.npy,piekin1,126
blrwar1_XC478390.ogg.npy,blrwar1,20
graher1_XC526866.ogg.npy,graher1,62
gybpri1_XC432448.ogg.npy,gybpri1,77
bkwsti_XC545495.ogg.npy,bkwsti,14
grnsan_XC597777.ogg.npy,grnsan,71
kenplo1_XC808293.ogg.npy,kenplo1,98
rerswa1_XC828835.ogg.npy,rerswa1,138
litegr_XC629840.ogg.npy,litegr,106
whbwat1_XC807998.ogg.npy,whbwat1,171
grnsan_XC359075.ogg.npy,grnsan,71
commyn_XC530827.ogg.npy,commyn,41
grnsan_XC743711.ogg.npy,grnsan,71
rerswa1_XC423901.ogg.npy,rerswa1,138
tibfly3_XC191007.ogg.npy,tibfly3,161
eucdov_XC370150.ogg.npy,eucdov,55
lirplo_XC636690.ogg.npy,lirplo,105
whbwag1_XC610908.ogg.npy,whbwag1,170
comior1_XC362847.ogg.npy,comior1,38
commyn_XC294605.ogg.npy,commyn,41
placuc3_XC422442.ogg.npy,placuc3,127
graher1_XC587863.ogg.npy,graher1,62
commoo3_XC719686.ogg.npy,commoo3,40
comtai1_XC305210.ogg.npy,comtai1,45
houspa_XC791243.ogg.npy,houspa,82
brwowl1_XC833711.ogg.npy,brwowl1,30
brasta1_XC334045.ogg.npy,brasta1,23
insbab1_XC655447.ogg.npy,insbab1,90
rocpig_XC726247.ogg.npy,rocpig,142
hoopoe_XC761313.ogg.npy,hoopoe,80
eucdov_XC355153.ogg.npy,eucdov,55
bkwsti_XC820412.ogg.npy,bkwsti,14
litegr_XC333982.ogg.npy,litegr,106
integr_XC840667.ogg.npy,integr,92
comros_XC579075.ogg.npy,comros,43
eaywag1_XC661255.ogg.npy,eaywag1,53
eucdov_XC347428.ogg.npy,eucdov,55
whcbar1_XC209217.ogg.npy,whcbar1,173
commyn_XC635697.ogg.npy,commyn,41
plhpar1_XC574854.ogg.npy,plhpar1,130
barswa_XC185479.ogg.npy,barswa,9
comior1_XC362859.ogg.npy,comior1,38
grewar3_XC133269.ogg.npy,grewar3,70
plaflo1_XC296443.ogg.npy,plaflo1,128
bladro1_XC514818.ogg.npy,bladro1,15
brcful1_XC721638.ogg.npy,brcful1,24
litgre1_XC195531.ogg.npy,litgre1,107
zitcis1_XC695164.ogg.npy,zitcis1,181
grewar3_XC270135.ogg.npy,grewar3,70
sbeowl1_XC390587.ogg.npy,sbeowl1,149
blnmon1_XC503588.ogg.npy,blnmon1,19
grnsan_XC638426.ogg.npy,grnsan,71
lirplo_XC581539.ogg.npy,lirplo,105
rerswa1_XC381917.ogg.npy,rerswa1,138
bkskit1_XC350252.ogg.npy,bkskit1,13
commyn_XC571182.ogg.npy,commyn,41
bkwsti_XC360703.ogg.npy,bkwsti,14
blrwar1_XC732559.ogg.npy,blrwar1,20
commoo3_XC527647.ogg.npy,commoo3,40
comgre_XC748952.ogg.npy,comgre,37
spodov_XC443311.ogg.npy,spodov,155
rorpar_XC235165.ogg.npy,rorpar,143
whbwat1_XC318467.ogg.npy,whbwat1,171
lirplo_XC576991.ogg.npy,lirplo,105
lblwar1_XC191728.ogg.npy,lblwar1,102
bcnher_XC671619.ogg.npy,bcnher,10
barswa_XC604917.ogg.npy,barswa,9
heswoo1_XC453948.ogg.npy,heswoo1,79
commyn_XC110969.ogg.npy,commyn,41
spepic1_XC313861.ogg.npy,spepic1,154
hoopoe_XC853703.ogg.npy,hoopoe,80
ruftre2_XC346247.ogg.npy,ruftre2,146
purher1_XC199123.ogg.npy,purher1,132
comsan_XC559838.ogg.npy,comsan,44
lirplo_XC182466.ogg.npy,lirplo,105
purher1_XC644184.ogg.npy,purher1,132
shikra1_XC610088.ogg.npy,shikra1,151
hoopoe_XC697952.ogg.npy,hoopoe,80
barswa_XC184850.ogg.npy,barswa,9
barswa_XC364681.ogg.npy,barswa,9
blakit1_XC414948.ogg.npy,blakit1,17
whtkin2_XC74828.ogg.npy,whtkin2,176
comros_XC418135.ogg.npy,comros,43
labcro1_XC692669.ogg.npy,labcro1,100
junbab2_XC73739.ogg.npy,junbab2,95
piekin1_XC584680.ogg.npy,piekin1,126
eucdov_XC303586.ogg.npy,eucdov,55
greegr_XC463359.ogg.npy,greegr,65
lesyel1_XC584086.ogg.npy,lesyel1,103
categr_XC398976.ogg.npy,categr,33
tibfly3_XC645727.ogg.npy,tibfly3,161
lirplo_XC579404.ogg.npy,lirplo,105
comgre_XC424244.ogg.npy,comgre,37
whiter2_XC770351.ogg.npy,whiter2,174
compea_XC507742.ogg.npy,compea,42
comtai1_XC433062.ogg.npy,comtai1,45
brwjac1_XC604402.ogg.npy,brwjac1,29
litgre1_XC627710.ogg.npy,litgre1,107
litegr_XC805948.ogg.npy,litegr,106
categr_XC713127.ogg.npy,categr,33
comsan_XC646223.ogg.npy,comsan,44
oripip1_XC665762.ogg.npy,oripip1,122
commoo3_XC783248.ogg.npy,commoo3,40
shikra1_XC203333.ogg.npy,shikra1,151
grenig1_XC151613.ogg.npy,grenig1,69
ashdro1_XC404676.ogg.npy,ashdro1,1
bcnher_XC746434.ogg.npy,bcnher,10
barswa_XC677842.ogg.npy,barswa,9
rufbab3_XC155376.ogg.npy,rufbab3,145
lirplo_XC714717.ogg.npy,lirplo,105
comros_XC486681.ogg.npy,comros,43
kenplo1_XC718535.ogg.npy,kenplo1,98
marsan_XC120424.ogg.npy,marsan,115
grnsan_XC735224.ogg.npy,grnsan,71
comkin1_XC397358.ogg.npy,comkin1,39
comior1_XC575556.ogg.npy,comior1,38
wemhar1_XC333371.ogg.npy,wemhar1,166
commoo3_XC539311.ogg.npy,commoo3,40
grtdro1_XC466799.ogg.npy,grtdro1,73
thbwar1_XC439766.ogg.npy,thbwar1,160
grnsan_XC586061.ogg.npy,grnsan,71
grecou1_XC330924.ogg.npy,grecou1,64
hoopoe_XC788140.ogg.npy,hoopoe,80
bladro1_XC358515.ogg.npy,bladro1,15
piekin1_XC476480.ogg.npy,piekin1,126
comkin1_XC279604.ogg.npy,comkin1,39
comsan_XC653714.ogg.npy,comsan,44
kenplo1_XC812531.ogg.npy,kenplo1,98
eaywag1_XC828665.ogg.npy,eaywag1,53
bkskit1_XC350254.ogg.npy,bkskit1,13
graher1_XC418735.ogg.npy,graher1,62
woosan_XC799418.ogg.npy,woosan,177
woosan_XC606815.ogg.npy,woosan,177
comsan_XC664399.ogg.npy,comsan,44
nutman_XC596955.ogg.npy,nutman,120
stbkin1_XC406140.ogg.npy,stbkin1,158
rorpar_XC368583.ogg.npy,rorpar,143
bcnher_XC795606.ogg.npy,bcnher,10
hoopoe_XC399123.ogg.npy,hoopoe,80
nutman_XC665306.ogg.npy,nutman,120
eaywag1_XC675592.ogg.npy,eaywag1,53
revbul_XC110523.ogg.npy,revbul,139
grewar3_XC490629.ogg.npy,grewar3,70
plhpar1_XC590315.ogg.npy,plhpar1,130
pursun4_XC467418.ogg.npy,pursun4,134
grnwar1_XC537741.ogg.npy,grnwar1,72
comsan_XC755976.ogg.npy,comsan,44
eaywag1_XC535940.ogg.npy,eaywag1,53
grnsan_XC412521.ogg.npy,grnsan,71
greegr_XC771047.ogg.npy,greegr,65
brnhao1_XC284847.ogg.npy,brnhao1,26
eurcoo_XC477282.ogg.npy,eurcoo,57
eaywag1_XC659629.ogg.npy,eaywag1,53
grnsan_XC806045.ogg.npy,grnsan,71
blnmon1_XC86934.ogg.npy,blnmon1,19
indrol2_XC118197.ogg.npy,indrol2,86
whtkin2_XC40046.ogg.npy,whtkin2,176
blakit1_XC424086.ogg.npy,blakit1,17
grnsan_XC403590.ogg.npy,grnsan,71
litgre1_XC787947.ogg.npy,litgre1,107
zitcis1_XC125068.ogg.npy,zitcis1,181
gybpri1_XC453363.ogg.npy,gybpri1,77
commoo3_XC463602.ogg.npy,commoo3,40
hoopoe_XC560986.ogg.npy,hoopoe,80
ashdro1_XC289070.ogg.npy,ashdro1,1
rerswa1_XC790247.ogg.npy,rerswa1,138
houcro1_XC447036.ogg.npy,houcro1,81
eucdov_XC363124.ogg.npy,eucdov,55
woosan_XC668252.ogg.npy,woosan,177
lirplo_XC537700.ogg.npy,lirplo,105
zitcis1_XC615695.ogg.npy,zitcis1,181
houspa_XC594382.ogg.npy,houspa,82
brnhao1_XC608652.ogg.npy,brnhao1,26
graher1_XC441256.ogg.npy,graher1,62
zitcis1_XC142111.ogg.npy,zitcis1,181
comgre_XC680203.ogg.npy,comgre,37
zitcis1_XC536197.ogg.npy,zitcis1,181
grewar3_XC692713.ogg.npy,grewar3,70
woosan_XC146451.ogg.npy,woosan,177
piekin1_XC515955.ogg.npy,piekin1,126
whiter2_XC476924.ogg.npy,whiter2,174
lirplo_XC732692.ogg.npy,lirplo,105
comtai1_XC741500.ogg.npy,comtai1,45
bcnher_XC840916.ogg.npy,bcnher,10
shikra1_XC637306.ogg.npy,shikra1,151
grewar3_XC818490.ogg.npy,grewar3,70
graher1_XC334076.ogg.npy,graher1,62
houspa_XC544145.ogg.npy,houspa,82
comsan_XC553777.ogg.npy,comsan,44
comsan_XC830859.ogg.npy,comsan,44
gryfra_XC611581.ogg.npy,gryfra,74
bladro1_XC256111.ogg.npy,bladro1,15
comros_XC181372.ogg.npy,comros,43
hoopoe_XC631301.ogg.npy,hoopoe,80
asbfly_XC778717.ogg.npy,asbfly,0
eaywag1_XC412708.ogg.npy,eaywag1,53
putbab1_XC551635.ogg.npy,putbab1,136
revbul_XC269715.ogg.npy,revbul,139
comgre_XC616055.ogg.npy,comgre,37
plapri1_XC508287.ogg.npy,plapri1,129
eucdov_XC548529.ogg.npy,eucdov,55
zitcis1_XC630728.ogg.npy,zitcis1,181
litspi1_XC188890.ogg.npy,litspi1,108
hoopoe_XC377581.ogg.npy,hoopoe,80
woosan_XC647847.ogg.npy,woosan,177
bkwsti_XC338808.ogg.npy,bkwsti,14
rewlap1_XC531496.ogg.npy,rewlap1,141
lblwar1_XC20223.ogg.npy,lblwar1,102
whcbar1_XC545230.ogg.npy,whcbar1,173
rorpar_XC669425.ogg.npy,rorpar,143
barswa_XC585513.ogg.npy,barswa,9
comros_XC817794.ogg.npy,comros,43
comsan_XC822533.ogg.npy,comsan,44
grewar3_XC181135.ogg.npy,grewar3,70
barswa_XC764145.ogg.npy,barswa,9
zitcis1_XC662202.ogg.npy,zitcis1,181
bkwsti_XC585564.ogg.npy,bkwsti,14
eucdov_XC433624.ogg.npy,eucdov,55
zitcis1_XC503149.ogg.npy,zitcis1,181
asikoe2_XC738085.ogg.npy,asikoe2,4
litswi1_XC443709.ogg.npy,litswi1,109
grywag_XC769875.ogg.npy,grywag,76
vehpar1_XC295023.ogg.npy,vehpar1,164
woosan_XC800969.ogg.npy,woosan,177
blakit1_XC653986.ogg.npy,blakit1,17
bkskit1_XC360657.ogg.npy,bkskit1,13
litgre1_XC665317.ogg.npy,litgre1,107
comior1_XC124350.ogg.npy,comior1,38
tilwar1_XC803260.ogg.npy,tilwar1,162
litswi1_XC195498.ogg.npy,litswi1,109
crfbar1_XC220733.ogg.npy,crfbar1,49
maghor2_XC296773.ogg.npy,maghor2,111
rorpar_XC844371.ogg.npy,rorpar,143
bcnher_XC547393.ogg.npy,bcnher,10
litegr_XC839167.ogg.npy,litegr,106
gloibi_XC725052.ogg.npy,gloibi,60
stbkin1_XC243398.ogg.npy,stbkin1,158
comros_XC564028.ogg.npy,comros,43
lirplo_XC540934.ogg.npy,lirplo,105
lblwar1_XC267141.ogg.npy,lblwar1,102
zitcis1_XC144536.ogg.npy,zitcis1,181
eaywag1_XC790731.ogg.npy,eaywag1,53
shikra1_XC440423.ogg.npy,shikra1,151
brodro1_XC197613.ogg.npy,brodro1,28
grnsan_XC465505.ogg.npy,grnsan,71
bkwsti_XC403652.ogg.npy,bkwsti,14
graher1_XC440209.ogg.npy,graher1,62
grywag_XC124685.ogg.npy,grywag,76
blnmon1_XC464118.ogg.npy,blnmon1,19
blrwar1_XC614071.ogg.npy,blrwar1,20
gargan_XC645665.ogg.npy,gargan,59
lirplo_XC795907.ogg.npy,lirplo,105
litgre1_XC579854.ogg.npy,litgre1,107
litspi1_XC151078.ogg.npy,litspi1,108
grecou1_XC196744.ogg.npy,grecou1,64
graher1_XC338308.ogg.npy,graher1,62
compea_XC470555.ogg.npy,compea,42
rewbul_XC550168.ogg.npy,rewbul,140
rewbul_XC291896.ogg.npy,rewbul,140
whbwoo2_XC150879.ogg.npy,whbwoo2,172
barswa_XC721814.ogg.npy,barswa,9
comkin1_XC474191.ogg.npy,comkin1,39
graher1_XC282916.ogg.npy,graher1,62
grtdro1_XC151066.ogg.npy,grtdro1,73
blrwar1_XC571715.ogg.npy,blrwar1,20
bcnher_XC799310.ogg.npy,bcnher,10
litgre1_XC448205.ogg.npy,litgre1,107
grnsan_XC378306.ogg.npy,grnsan,71
ashpri1_XC453353.ogg.npy,ashpri1,2
hoopoe_XC657594.ogg.npy,hoopoe,80
grywag_XC457869.ogg.npy,grywag,76
litgre1_XC833289.ogg.npy,litgre1,107
eurcoo_XC819364.ogg.npy,eurcoo,57
plapri1_XC575214.ogg.npy,plapri1,129
orihob2_XC643752.ogg.npy,orihob2,121
brnhao1_XC321083.ogg.npy,brnhao1,26
putbab1_XC291082.ogg.npy,putbab1,136
spepic1_XC768458.ogg.npy,spepic1,154
comsan_XC725341.ogg.npy,comsan,44
bladro1_XC394041.ogg.npy,bladro1,15
crseag1_XC713655.ogg.npy,crseag1,50
cregos1_XC698796.ogg.npy,cregos1,48
litswi1_XC167704.ogg.npy,litswi1,109
grywag_XC292438.ogg.npy,grywag,76
grewar3_XC266477.ogg.npy,grewar3,70
stbkin1_XC423256.ogg.npy,stbkin1,158
woosan_XC381329.ogg.npy,woosan,177
putbab1_XC718037.ogg.npy,putbab1,136
comkin1_XC496571.ogg.npy,comkin1,39
comros_XC573411.ogg.npy,comros,43
grehor1_XC179448.ogg.npy,grehor1,67
comsan_XC721325.ogg.npy,comsan,44
rewlap1_XC763923.ogg.npy,rewlap1,141
woosan_XC754173.ogg.npy,woosan,177
woosan_XC696443.ogg.npy,woosan,177
eurcoo_XC548450.ogg.npy,eurcoo,57
sqtbul1_XC630938.ogg.npy,sqtbul1,157
whcbar1_XC460800.ogg.npy,whcbar1,173
grywag_XC800036.ogg.npy,grywag,76
comgre_XC496509.ogg.npy,comgre,37
bkskit1_XC352489.ogg.npy,bkskit1,13
piebus1_XC142724.ogg.npy,piebus1,125
eucdov_XC666205.ogg.npy,eucdov,55
comsan_XC833512.ogg.npy,comsan,44
eaywag1_XC527598.ogg.npy,eaywag1,53
brnshr_XC684081.ogg.npy,brnshr,27
comsan_XC503480.ogg.npy,comsan,44
whiter2_XC731270.ogg.npy,whiter2,174
comsan_XC113693.ogg.npy,comsan,44
litgre1_XC734804.ogg.npy,litgre1,107
grbeat1_XC318464.ogg.npy,grbeat1,63
kenplo1_XC718536.ogg.npy,kenplo1,98
blrwar1_XC568123.ogg.npy,blrwar1,20
asikoe2_XC793876.ogg.npy,asikoe2,4
litegr_XC236290.ogg.npy,litegr,106
bkskit1_XC585501.ogg.npy,bkskit1,13
eaywag1_XC828776.ogg.npy,eaywag1,53
blakit1_XC757379.ogg.npy,blakit1,17
zitcis1_XC829159.ogg.npy,zitcis1,181
piekin1_XC782877.ogg.npy,piekin1,126
grnwar1_XC306465.ogg.npy,grnwar1,72
grnsan_XC655430.ogg.npy,grnsan,71
gloibi_XC263288.ogg.npy,gloibi,60
grehor1_XC138656.ogg.npy,grehor1,67
marsan_XC154257.ogg.npy,marsan,115
inbrob1_XC453475.ogg.npy,inbrob1,83
grnsan_XC686474.ogg.npy,grnsan,71
whtkin2_XC120919.ogg.npy,whtkin2,176
woosan_XC687200.ogg.npy,woosan,177
houspa_XC835062.ogg.npy,houspa,82
cohcuc1_XC174932.ogg.npy,cohcuc1,35
woosan_XC460591.ogg.npy,woosan,177
litegr_XC734480.ogg.npy,litegr,106
hoopoe_XC548298.ogg.npy,hoopoe,80
grecou1_XC210462.ogg.npy,grecou1,64
grbeat1_XC621031.ogg.npy,grbeat1,63
stbkin1_XC192650.ogg.npy,stbkin1,158
comgre_XC686481.ogg.npy,comgre,37
bkwsti_XC406093.ogg.npy,bkwsti,14
grywag_XC277902.ogg.npy,grywag,76
gryfra_XC779860.ogg.npy,gryfra,74
greegr_XC453044.ogg.npy,greegr,65
whtkin2_XC771457.ogg.npy,whtkin2,176
rewbul_XC627421.ogg.npy,rewbul,140
grnsan_XC719810.ogg.npy,grnsan,71
commyn_XC400882.ogg.npy,commyn,41
wemhar1_XC592092.ogg.npy,wemhar1,166
bkwsti_XC578971.ogg.npy,bkwsti,14
emedov2_XC31543.ogg.npy,emedov2,54
blhori1_XC660404.ogg.npy,blhori1,18
litswi1_XC443713.ogg.npy,litswi1,109
barswa_XC669761.ogg.npy,barswa,9
gyhcaf1_XC779854.ogg.npy,gyhcaf1,78
ingori1_XC180042.ogg.npy,ingori1,88
comkin1_XC639353.ogg.npy,comkin1,39
woosan_XC184464.ogg.npy,woosan,177
zitcis1_XC376645.ogg.npy,zitcis1,181
brnshr_XC746988.ogg.npy,brnshr,27
lobsun2_XC178282.ogg.npy,lobsun2,110
woosan_XC513494.ogg.npy,woosan,177
blrwar1_XC179925.ogg.npy,blrwar1,20
grbeat1_XC584168.ogg.npy,grbeat1,63
grefla1_XC240632.ogg.npy,grefla1,66
bkwsti_XC666072.ogg.npy,bkwsti,14
rutfly6_XC475910.ogg.npy,rutfly6,148
blrwar1_XC606668.ogg.npy,blrwar1,20
comgre_XC823583.ogg.npy,comgre,37
blrwar1_XC657566.ogg.npy,blrwar1,20
comgre_XC434008.ogg.npy,comgre,37
blrwar1_XC604028.ogg.npy,blrwar1,20
graher1_XC683486.ogg.npy,graher1,62
kenplo1_XC184338.ogg.npy,kenplo1,98
goflea1_XC653651.ogg.npy,goflea1,61
grywag_XC407143.ogg.npy,grywag,76
blnmon1_XC206711.ogg.npy,blnmon1,19
wemhar1_XC666373.ogg.npy,wemhar1,166
hoopoe_XC659222.ogg.npy,hoopoe,80
comkin1_XC731006.ogg.npy,comkin1,39
houspa_XC206484.ogg.npy,houspa,82
comros_XC134545.ogg.npy,comros,43
blhori1_XC116433.ogg.npy,blhori1,18
grnwar1_XC744294.ogg.npy,grnwar1,72
laudov1_XC371358.ogg.npy,laudov1,101
comgre_XC841150.ogg.npy,comgre,37
junbab2_XC296426.ogg.npy,junbab2,95
blrwar1_XC371878.ogg.npy,blrwar1,20
scamin3_XC203049.ogg.npy,scamin3,150
piebus1_XC204615.ogg.npy,piebus1,125
ashpri1_XC441384.ogg.npy,ashpri1,2
commyn_XC426169.ogg.npy,commyn,41
piebus1_XC185430.ogg.npy,piebus1,125
gyhcaf1_XC701625.ogg.npy,gyhcaf1,78
purher1_XC716025.ogg.npy,purher1,132
comsan_XC716975.ogg.npy,comsan,44
grnwar1_XC157973.ogg.npy,grnwar1,72
cohcuc1_XC392201.ogg.npy,cohcuc1,35
houcro1_XC808314.ogg.npy,houcro1,81
zitcis1_XC368394.ogg.npy,zitcis1,181
grywag_XC120467.ogg.npy,grywag,76
comfla1_XC665889.ogg.npy,comfla1,36
rocpig_XC199202.ogg.npy,rocpig,142
lirplo_XC838962.ogg.npy,lirplo,105
blhori1_XC417787.ogg.npy,blhori1,18
barswa_XC380471.ogg.npy,barswa,9
blakit1_XC446128.ogg.npy,blakit1,17
whtkin2_XC189123.ogg.npy,whtkin2,176
bcnher_XC493577.ogg.npy,bcnher,10
categr_XC734223.ogg.npy,categr,33
jerbus2_XC41370.ogg.npy,jerbus2,94
eucdov_XC754279.ogg.npy,eucdov,55
grewar3_XC479641.ogg.npy,grewar3,70
brnhao1_XC630514.ogg.npy,brnhao1,26
grnsan_XC638428.ogg.npy,grnsan,71
bladro1_XC529842.ogg.npy,bladro1,15
junbab2_XC263645.ogg.npy,junbab2,95
blrwar1_XC569092.ogg.npy,blrwar1,20
comros_XC571443.ogg.npy,comros,43
insowl1_XC304586.ogg.npy,insowl1,91
commoo3_XC760739.ogg.npy,commoo3,40
comkin1_XC502938.ogg.npy,comkin1,39
barswa_XC744642.ogg.npy,barswa,9
labcro1_XC391267.ogg.npy,labcro1,100
comkin1_XC356116.ogg.npy,comkin1,39
litegr_XC683079.ogg.npy,litegr,106
litegr_XC333891.ogg.npy,litegr,106
litegr_XC632950.ogg.npy,litegr,106
kenplo1_XC789729.ogg.npy,kenplo1,98
lirplo_XC773570.ogg.npy,lirplo,105
bkwsti_XC454995.ogg.npy,bkwsti,14
grywag_XC843637.ogg.npy,grywag,76
lirplo_XC303856.ogg.npy,lirplo,105
bkskit1_XC360662.ogg.npy,bkskit1,13
categr_XC162141.ogg.npy,categr,33
eurcoo_XC783012.ogg.npy,eurcoo,57
comros_XC743394.ogg.npy,comros,43
rocpig_XC460075.ogg.npy,rocpig,142
cohcuc1_XC627850.ogg.npy,cohcuc1,35
bkskit1_XC351393.ogg.npy,bkskit1,13
bladro1_XC514815.ogg.npy,bladro1,15
ashpri1_XC665294.ogg.npy,ashpri1,2
nutman_XC793649.ogg.npy,nutman,120
bkwsti_XC718463.ogg.npy,bkwsti,14
grnsan_XC668915.ogg.npy,grnsan,71
whcbar1_XC464138.ogg.npy,whcbar1,173
lirplo_XC588917.ogg.npy,lirplo,105
woosan_XC723788.ogg.npy,woosan,177
brnshr_XC234059.ogg.npy,brnshr,27
bkwsti_XC667472.ogg.npy,bkwsti,14
tibfly3_XC519465.ogg.npy,tibfly3,161
grywag_XC356662.ogg.npy,grywag,76
rorpar_XC856219.ogg.npy,rorpar,143
blrwar1_XC656165.ogg.npy,blrwar1,20
woosan_XC679589.ogg.npy,woosan,177
lirplo_XC840856.ogg.npy,lirplo,105
houspa_XC807213.ogg.npy,houspa,82
woosan_XC363991.ogg.npy,woosan,177
eucdov_XC622226.ogg.npy,eucdov,55
blrwar1_XC656263.ogg.npy,blrwar1,20
grnsan_XC234595.ogg.npy,grnsan,71
grywag_XC437039.ogg.npy,grywag,76
litgre1_XC802047.ogg.npy,litgre1,107
houspa_XC484775.ogg.npy,houspa,82
insbab1_XC190665.ogg.npy,insbab1,90
woosan_XC601445.ogg.npy,woosan,177
kenplo1_XC785268.ogg.npy,kenplo1,98
bkwsti_XC312848.ogg.npy,bkwsti,14
commoo3_XC478070.ogg.npy,commoo3,40
gargan_XC714988.ogg.npy,gargan,59
comsan_XC499613.ogg.npy,comsan,44
asikoe2_XC366843.ogg.npy,asikoe2,4
barswa_XC169360.ogg.npy,barswa,9
grywag_XC432042.ogg.npy,grywag,76
piekin1_XC471025.ogg.npy,piekin1,126
comgre_XC636748.ogg.npy,comgre,37
insowl1_XC408103.ogg.npy,insowl1,91
comior1_XC857058.ogg.npy,comior1,38
blrwar1_XC807926.ogg.npy,blrwar1,20
lirplo_XC732695.ogg.npy,lirplo,105
thbwar1_XC700952.ogg.npy,thbwar1,160
bcnher_XC731044.ogg.npy,bcnher,10
grecou1_XC431491.ogg.npy,grecou1,64
commoo3_XC787896.ogg.npy,commoo3,40
marsan_XC835955.ogg.npy,marsan,115
whrmun_XC151343.ogg.npy,whrmun,175
zitcis1_XC720569.ogg.npy,zitcis1,181
brodro1_XC151511.ogg.npy,brodro1,28
bcnher_XC836479.ogg.npy,bcnher,10
grecou1_XC173193.ogg.npy,grecou1,64
blrwar1_XC180071.ogg.npy,blrwar1,20
graher1_XC791097.ogg.npy,graher1,62
barswa_XC624441.ogg.npy,barswa,9
houspa_XC703376.ogg.npy,houspa,82
plaflo1_XC614946.ogg.npy,plaflo1,128
compea_XC31571.ogg.npy,compea,42
piekin1_XC616493.ogg.npy,piekin1,126
graher1_XC494022.ogg.npy,graher1,62
eurcoo_XC720887.ogg.npy,eurcoo,57
graher1_XC667779.ogg.npy,graher1,62
grywag_XC808468.ogg.npy,grywag,76
bkrfla1_XC255437.ogg.npy,bkrfla1,12
woosan_XC381833.ogg.npy,woosan,177
putbab1_XC665571.ogg.npy,putbab1,136
bkskit1_XC351392.ogg.npy,bkskit1,13
litgre1_XC776082.ogg.npy,litgre1,107
whbwat1_XC606495.ogg.npy,whbwat1,171
asikoe2_XC720534.ogg.npy,asikoe2,4
bkskit1_XC352573.ogg.npy,bkskit1,13
graher1_XC540680.ogg.npy,graher1,62
houspa_XC459146.ogg.npy,houspa,82
blrwar1_XC810324.ogg.npy,blrwar1,20
bkwsti_XC746422.ogg.npy,bkwsti,14
rorpar_XC166081.ogg.npy,rorpar,143
blrwar1_XC185455.ogg.npy,blrwar1,20
blrwar1_XC420431.ogg.npy,blrwar1,20
rocpig_XC785038.ogg.npy,rocpig,142
whbwag1_XC442771.ogg.npy,whbwag1,170
comtai1_XC185447.ogg.npy,comtai1,45
zitcis1_XC333704.ogg.npy,zitcis1,181
houspa_XC127677.ogg.npy,houspa,82
grecou1_XC632738.ogg.npy,grecou1,64
moipig1_XC731225.ogg.npy,moipig1,117
bcnher_XC545376.ogg.npy,bcnher,10
grnsan_XC396624.ogg.npy,grnsan,71
revbul_XC441858.ogg.npy,revbul,139
blakit1_XC381736.ogg.npy,blakit1,17
comgre_XC543814.ogg.npy,comgre,37
commoo3_XC546320.ogg.npy,commoo3,40
stbkin1_XC525941.ogg.npy,stbkin1,158
rorpar_XC512339.ogg.npy,rorpar,143
tibfly3_XC337357.ogg.npy,tibfly3,161
ingori1_XC491072.ogg.npy,ingori1,88
houcro1_XC443067.ogg.npy,houcro1,81
eurcoo_XC605089.ogg.npy,eurcoo,57
emedov2_XC358935.ogg.npy,emedov2,54
litegr_XC629841.ogg.npy,litegr,106
graher1_XC571484.ogg.npy,graher1,62
whbtre1_XC401641.ogg.npy,whbtre1,169
rerswa1_XC723730.ogg.npy,rerswa1,138
cohcuc1_XC412924.ogg.npy,cohcuc1,35
bkwsti_XC805567.ogg.npy,bkwsti,14
rerswa1_XC642599.ogg.npy,rerswa1,138
mawthr1_XC211615.ogg.npy,mawthr1,116
eaywag1_XC317463.ogg.npy,eaywag1,53
maghor2_XC754676.ogg.npy,maghor2,111
laudov1_XC73962.ogg.npy,laudov1,101
wemhar1_XC206373.ogg.npy,wemhar1,166
comfla1_XC600904.ogg.npy,comfla1,36
whiter2_XC823869.ogg.npy,whiter2,174
orihob2_XC675444.ogg.npy,orihob2,121
whbtre1_XC168286.ogg.npy,whbtre1,169
bcnher_XC172927.ogg.npy,bcnher,10
zitcis1_XC683423.ogg.npy,zitcis1,181
sohmyn1_XC474748.ogg.npy,sohmyn1,153
litegr_XC367043.ogg.npy,litegr,106
ashpri1_XC400392.ogg.npy,ashpri1,2
bcnher_XC749301.ogg.npy,bcnher,10
blrwar1_XC182066.ogg.npy,blrwar1,20
woosan_XC799979.ogg.npy,woosan,177
lirplo_XC659708.ogg.npy,lirplo,105
forwag1_XC815412.ogg.npy,forwag1,58
eurcoo_XC358929.ogg.npy,eurcoo,57
sttwoo1_XC639943.ogg.npy,sttwoo1,159
zitcis1_XC584040.ogg.npy,zitcis1,181
grnsan_XC671570.ogg.npy,grnsan,71
comros_XC576362.ogg.npy,comros,43
woosan_XC495039.ogg.npy,woosan,177
grynig2_XC575179.ogg.npy,grynig2,75
rorpar_XC797448.ogg.npy,rorpar,143
labcro1_XC500568.ogg.npy,labcro1,100
orihob2_XC756487.ogg.npy,orihob2,121
thbwar1_XC485178.ogg.npy,thbwar1,160
purher1_XC670683.ogg.npy,purher1,132
hoopoe_XC377580.ogg.npy,hoopoe,80
gargan_XC674536.ogg.npy,gargan,59
eaywag1_XC324343.ogg.npy,eaywag1,53
blhori1_XC236674.ogg.npy,blhori1,18
graher1_XC801088.ogg.npy,graher1,62
bkwsti_XC291372.ogg.npy,bkwsti,14
graher1_XC497253.ogg.npy,graher1,62
wemhar1_XC793961.ogg.npy,wemhar1,166
greegr_XC705414.ogg.npy,greegr,65
moipig1_XC215865.ogg.npy,moipig1,117
barswa_XC648527.ogg.npy,barswa,9
blrwar1_XC149210.ogg.npy,blrwar1,20
blrwar1_XC479136.ogg.npy,blrwar1,20
grtdro1_XC595420.ogg.npy,grtdro1,73
goflea1_XC196964.ogg.npy,goflea1,61
blhori1_XC484915.ogg.npy,blhori1,18
lirplo_XC559879.ogg.npy,lirplo,105
wemhar1_XC419843.ogg.npy,wemhar1,166
comsan_XC579712.ogg.npy,comsan,44
houspa_XC326674.ogg.npy,houspa,82
woosan_XC827290.ogg.npy,woosan,177
blrwar1_XC657258.ogg.npy,blrwar1,20
rewbul_XC784986.ogg.npy,rewbul,140
rerswa1_XC857585.ogg.npy,rerswa1,138
asbfly_XC267682.ogg.npy,asbfly,0
brfowl1_XC824091.ogg.npy,brfowl1,25
comsan_XC552167.ogg.npy,comsan,44
rerswa1_XC390263.ogg.npy,rerswa1,138
commoo3_XC696622.ogg.npy,commoo3,40
rerswa1_XC697566.ogg.npy,rerswa1,138
whbwoo2_XC397769.ogg.npy,whbwoo2,172
gyhcaf1_XC720380.ogg.npy,gyhcaf1,78
piekin1_XC714345.ogg.npy,piekin1,126
lirplo_XC554998.ogg.npy,lirplo,105
asbfly_XC756532.ogg.npy,asbfly,0
comros_XC828561.ogg.npy,comros,43
blnmon1_XC192432.ogg.npy,blnmon1,19
comior1_XC192031.ogg.npy,comior1,38
blhori1_XC491045.ogg.npy,blhori1,18
litspi1_XC126809.ogg.npy,litspi1,108
eurcoo_XC734283.ogg.npy,eurcoo,57
grewar3_XC659340.ogg.npy,grewar3,70
brnhao1_XC372566.ogg.npy,brnhao1,26
purher1_XC494567.ogg.npy,purher1,132
pursun4_XC690232.ogg.npy,pursun4,134
thbwar1_XC840612.ogg.npy,thbwar1,160
commoo3_XC806224.ogg.npy,commoo3,40
compea_XC402424.ogg.npy,compea,42
grecou1_XC839263.ogg.npy,grecou1,64
crseag1_XC666519.ogg.npy,crseag1,50
junbab2_XC316813.ogg.npy,junbab2,95
litegr_XC313610.ogg.npy,litegr,106
comgre_XC396615.ogg.npy,comgre,37
rorpar_XC368584.ogg.npy,rorpar,143
eucdov_XC735944.ogg.npy,eucdov,55
bkskit1_XC351388.ogg.npy,bkskit1,13
grywag_XC615414.ogg.npy,grywag,76
putbab1_XC464799.ogg.npy,putbab1,136
hoopoe_XC467855.ogg.npy,hoopoe,80
spodov_XC766589.ogg.npy,spodov,155
maltro1_XC613276.ogg.npy,maltro1,113
comgre_XC182744.ogg.npy,comgre,37
whrmun_XC711689.ogg.npy,whrmun,175
brodro1_XC573329.ogg.npy,brodro1,28
piekin1_XC304000.ogg.npy,piekin1,126
commyn_XC609517.ogg.npy,commyn,41
eucdov_XC806606.ogg.npy,eucdov,55
crseag1_XC338727.ogg.npy,crseag1,50
gyhcaf1_XC631156.ogg.npy,gyhcaf1,78
greegr_XC794542.ogg.npy,greegr,65
gloibi_XC162094.ogg.npy,gloibi,60
hoopoe_XC327766.ogg.npy,hoopoe,80
grtdro1_XC316688.ogg.npy,grtdro1,73
grnwar1_XC567045.ogg.npy,grnwar1,72
whtkin2_XC244136.ogg.npy,whtkin2,176
blrwar1_XC659078.ogg.npy,blrwar1,20
comgre_XC623924.ogg.npy,comgre,37
brnshr_XC293458.ogg.npy,brnshr,27
comkin1_XC595519.ogg.npy,comkin1,39
cohcuc1_XC331243.ogg.npy,cohcuc1,35
grecou1_XC444502.ogg.npy,grecou1,64
purher1_XC647094.ogg.npy,purher1,132
zitcis1_XC711692.ogg.npy,zitcis1,181
grynig2_XC575166.ogg.npy,grynig2,75
grnwar1_XC804254.ogg.npy,grnwar1,72
commoo3_XC540579.ogg.npy,commoo3,40
eaywag1_XC480025.ogg.npy,eaywag1,53
rorpar_XC600642.ogg.npy,rorpar,143
graher1_XC716508.ogg.npy,graher1,62
eucdov_XC704641.ogg.npy,eucdov,55
plapri1_XC834654.ogg.npy,plapri1,129
compea_XC31570.ogg.npy,compea,42
ruftre2_XC276822.ogg.npy,ruftre2,146
bkwsti_XC734228.ogg.npy,bkwsti,14
ashdro1_XC371163.ogg.npy,ashdro1,1
litgre1_XC793484.ogg.npy,litgre1,107
comros_XC807491.ogg.npy,comros,43
commoo3_XC554359.ogg.npy,commoo3,40
lirplo_XC743676.ogg.npy,lirplo,105
commoo3_XC796434.ogg.npy,commoo3,40
zitcis1_XC704616.ogg.npy,zitcis1,181
comkin1_XC632932.ogg.npy,comkin1,39
commoo3_XC559362.ogg.npy,commoo3,40
rorpar_XC855826.ogg.npy,rorpar,143
commoo3_XC296278.ogg.npy,commoo3,40
putbab1_XC373321.ogg.npy,putbab1,136
gloibi_XC628638.ogg.npy,gloibi,60
gybpri1_XC194941.ogg.npy,gybpri1,77
blrwar1_XC802806.ogg.npy,blrwar1,20
blakit1_XC543161.ogg.npy,blakit1,17
eucdov_XC428769.ogg.npy,eucdov,55
purher1_XC686791.ogg.npy,purher1,132
grywag_XC527043.ogg.npy,grywag,76
brnhao1_XC503420.ogg.npy,brnhao1,26
bkskit1_XC353813.ogg.npy,bkskit1,13
grewar3_XC561479.ogg.npy,grewar3,70
comkin1_XC712821.ogg.npy,comkin1,39
brodro1_XC625554.ogg.npy,brodro1,28
whtkin2_XC31551.ogg.npy,whtkin2,176
rewbul_XC304455.ogg.npy,rewbul,140
bkskit1_XC352560.ogg.npy,bkskit1,13
labcro1_XC116711.ogg.npy,labcro1,100
pabflo1_XC777755.ogg.npy,pabflo1,123
litegr_XC576990.ogg.npy,litegr,106
kerlau2_XC736468.ogg.npy,kerlau2,99
barswa_XC744925.ogg.npy,barswa,9
bladro1_XC443635.ogg.npy,bladro1,15
graher1_XC378737.ogg.npy,graher1,62
rorpar_XC706713.ogg.npy,rorpar,143
blhori1_XC529758.ogg.npy,blhori1,18
marsan_XC184468.ogg.npy,marsan,115
putbab1_XC637728.ogg.npy,putbab1,136
houcro1_XC423565.ogg.npy,houcro1,81
comkin1_XC174215.ogg.npy,comkin1,39
hoopoe_XC646546.ogg.npy,hoopoe,80
rorpar_XC239850.ogg.npy,rorpar,143
rorpar_XC199339.ogg.npy,rorpar,143
grenig1_XC197393.ogg.npy,grenig1,69
bkwsti_XC748673.ogg.npy,bkwsti,14
eurcoo_XC713266.ogg.npy,eurcoo,57
grewar3_XC574994.ogg.npy,grewar3,70
malpar1_XC753447.ogg.npy,malpar1,112
blrwar1_XC247738.ogg.npy,blrwar1,20
bkwsti_XC310429.ogg.npy,bkwsti,14
graher1_XC778288.ogg.npy,graher1,62
asikoe2_XC783976.ogg.npy,asikoe2,4
bcnher_XC233693.ogg.npy,bcnher,10
comkin1_XC466569.ogg.npy,comkin1,39
piebus1_XC795424.ogg.npy,piebus1,125
gargan_XC803573.ogg.npy,gargan,59
eucdov_XC692263.ogg.npy,eucdov,55
comgre_XC733703.ogg.npy,comgre,37
crseag1_XC406608.ogg.npy,crseag1,50
grewar3_XC144219.ogg.npy,grewar3,70
graher1_XC678962.ogg.npy,graher1,62
insowl1_XC754675.ogg.npy,insowl1,91
gyhcaf1_XC290283.ogg.npy,gyhcaf1,78
eucdov_XC741683.ogg.npy,eucdov,55
whtkin2_XC209212.ogg.npy,whtkin2,176
comgre_XC390392.ogg.npy,comgre,37
grewar3_XC488803.ogg.npy,grewar3,70
blakit1_XC495128.ogg.npy,blakit1,17
grewar3_XC567553.ogg.npy,grewar3,70
rorpar_XC615140.ogg.npy,rorpar,143
sohmyn1_XC651302.ogg.npy,sohmyn1,153
whtkin2_XC540087.ogg.npy,whtkin2,176
zitcis1_XC169461.ogg.npy,zitcis1,181
grnwar1_XC266924.ogg.npy,grnwar1,72
woosan_XC346062.ogg.npy,woosan,177
barswa_XC669763.ogg.npy,barswa,9
pursun4_XC690231.ogg.npy,pursun4,134
commoo3_XC550457.ogg.npy,commoo3,40
rufwoo2_XC784718.ogg.npy,rufwoo2,147
grywag_XC320626.ogg.npy,grywag,76
comros_XC447663.ogg.npy,comros,43
litegr_XC545761.ogg.npy,litegr,106
rorpar_XC246306.ogg.npy,rorpar,143
rorpar_XC475256.ogg.npy,rorpar,143
gargan_XC709966.ogg.npy,gargan,59
eaywag1_XC687220.ogg.npy,eaywag1,53
commoo3_XC477749.ogg.npy,commoo3,40
comgre_XC654276.ogg.npy,comgre,37
bkskit1_XC361612.ogg.npy,bkskit1,13
grnsan_XC578613.ogg.npy,grnsan,71
laudov1_XC444436.ogg.npy,laudov1,101
whbwat1_XC605224.ogg.npy,whbwat1,171
comfla1_XC620867.ogg.npy,comfla1,36
purher1_XC481289.ogg.npy,purher1,132
whbwat1_XC756508.ogg.npy,whbwat1,171
stbkin1_XC660401.ogg.npy,stbkin1,158
plapri1_XC859313.ogg.npy,plapri1,129
nutman_XC198482.ogg.npy,nutman,120
rorpar_XC734019.ogg.npy,rorpar,143
piebus1_XC185036.ogg.npy,piebus1,125
zitcis1_XC499547.ogg.npy,zitcis1,181
brodro1_XC778266.ogg.npy,brodro1,28
sbeowl1_XC665462.ogg.npy,sbeowl1,149
eaywag1_XC464875.ogg.npy,eaywag1,53
comkin1_XC748945.ogg.npy,comkin1,39
hoopoe_XC449201.ogg.npy,hoopoe,80
bkwsti_XC594796.ogg.npy,bkwsti,14
laudov1_XC464449.ogg.npy,laudov1,101
comgre_XC829588.ogg.npy,comgre,37
comkin1_XC517969.ogg.npy,comkin1,39
asikoe2_XC364379.ogg.npy,asikoe2,4
comsan_XC411021.ogg.npy,comsan,44
eaywag1_XC679303.ogg.npy,eaywag1,53
purswa3_XC857310.ogg.npy,purswa3,135
rerswa1_XC587231.ogg.npy,rerswa1,138
litspi1_XC653407.ogg.npy,litspi1,108
grewar3_XC388039.ogg.npy,grewar3,70
asikoe2_XC665231.ogg.npy,asikoe2,4
barswa_XC819461.ogg.npy,barswa,9
pursun3_XC297268.ogg.npy,pursun3,133
grecou1_XC721350.ogg.npy,grecou1,64
comgre_XC840130.ogg.npy,comgre,37
zitcis1_XC746542.ogg.npy,zitcis1,181
plapri1_XC804190.ogg.npy,plapri1,129
bcnher_XC670576.ogg.npy,bcnher,10
rorpar_XC27160.ogg.npy,rorpar,143
litegr_XC333976.ogg.npy,litegr,106
btbeat1_XC394048.ogg.npy,btbeat1,31
barfly1_XC856426.ogg.npy,barfly1,8
grtdro1_XC151067.ogg.npy,grtdro1,73
grewar3_XC666537.ogg.npy,grewar3,70
grnwar1_XC275701.ogg.npy,grnwar1,72
gyhcaf1_XC121569.ogg.npy,gyhcaf1,78
commyn_XC816619.ogg.npy,commyn,41
comkin1_XC787563.ogg.npy,comkin1,39
gargan_XC584026.ogg.npy,gargan,59
chbeat1_XC844581.ogg.npy,chbeat1,34
barswa_XC317816.ogg.npy,barswa,9
wemhar1_XC782715.ogg.npy,wemhar1,166
rorpar_XC568863.ogg.npy,rorpar,143
houspa_XC830449.ogg.npy,houspa,82
asikoe2_XC461634.ogg.npy,asikoe2,4
barswa_XC690495.ogg.npy,barswa,9
bkskit1_XC352493.ogg.npy,bkskit1,13
whtkin2_XC573898.ogg.npy,whtkin2,176
eaywag1_XC286395.ogg.npy,eaywag1,53
eurcoo_XC289324.ogg.npy,eurcoo,57
graher1_XC683606.ogg.npy,graher1,62
whbwoo2_XC490563.ogg.npy,whbwoo2,172
grtdro1_XC794506.ogg.npy,grtdro1,73
bkwsti_XC175410.ogg.npy,bkwsti,14
litspi1_XC606845.ogg.npy,litspi1,108
insbab1_XC418166.ogg.npy,insbab1,90
bkwsti_XC789734.ogg.npy,bkwsti,14
categr_XC748802.ogg.npy,categr,33
comgre_XC793020.ogg.npy,comgre,37
whbwoo2_XC239509.ogg.npy,whbwoo2,172
thbwar1_XC803371.ogg.npy,thbwar1,160
rocpig_XC323559.ogg.npy,rocpig,142
gryfra_XC696226.ogg.npy,gryfra,74
grbeat1_XC621033.ogg.npy,grbeat1,63
emedov2_XC255061.ogg.npy,emedov2,54
grnsan_XC158723.ogg.npy,grnsan,71
whbwoo2_XC490566.ogg.npy,whbwoo2,172
grywag_XC19699.ogg.npy,grywag,76
spodov_XC469220.ogg.npy,spodov,155
grehor1_XC528867.ogg.npy,grehor1,67
bncwoo3_XC551837.ogg.npy,bncwoo3,21
comkin1_XC208369.ogg.npy,comkin1,39
stbkin1_XC669503.ogg.npy,stbkin1,158
pabflo1_XC541564.ogg.npy,pabflo1,123
eaywag1_XC687210.ogg.npy,eaywag1,53
houspa_XC355698.ogg.npy,houspa,82
inpher1_XC575116.ogg.npy,inpher1,89
categr_XC692762.ogg.npy,categr,33
wemhar1_XC618521.ogg.npy,wemhar1,166
bkwsti_XC546846.ogg.npy,bkwsti,14
houspa_XC678599.ogg.npy,houspa,82
woosan_XC19922.ogg.npy,woosan,177
chbeat1_XC784526.ogg.npy,chbeat1,34
comkin1_XC712822.ogg.npy,comkin1,39
comros_XC485173.ogg.npy,comros,43
grywag_XC324551.ogg.npy,grywag,76
wemhar1_XC782713.ogg.npy,wemhar1,166
comkin1_XC677475.ogg.npy,comkin1,39
whiter2_XC554074.ogg.npy,whiter2,174
zitcis1_XC315402.ogg.npy,zitcis1,181
grewar3_XC372847.ogg.npy,grewar3,70
rerswa1_XC827223.ogg.npy,rerswa1,138
heswoo1_XC19722.ogg.npy,heswoo1,79
bkwsti_XC413273.ogg.npy,bkwsti,14
comsan_XC432713.ogg.npy,comsan,44
blrwar1_XC374803.ogg.npy,blrwar1,20
comsan_XC725660.ogg.npy,comsan,44
bladro1_XC596818.ogg.npy,bladro1,15
eucdov_XC792293.ogg.npy,eucdov,55
zitcis1_XC499748.ogg.npy,zitcis1,181
wemhar1_XC689515.ogg.npy,wemhar1,166
ingori1_XC183995.ogg.npy,ingori1,88
bkrfla1_XC795699.ogg.npy,bkrfla1,12
whtkin2_XC698988.ogg.npy,whtkin2,176
rewlap1_XC223656.ogg.npy,rewlap1,141
graher1_XC619358.ogg.npy,graher1,62
putbab1_XC601392.ogg.npy,putbab1,136
gargan_XC234612.ogg.npy,gargan,59
litswi1_XC253699.ogg.npy,litswi1,109
stbkin1_XC211613.ogg.npy,stbkin1,158
insbab1_XC190733.ogg.npy,insbab1,90
cohcuc1_XC177780.ogg.npy,cohcuc1,35
graher1_XC673727.ogg.npy,graher1,62
brodro1_XC625552.ogg.npy,brodro1,28
eurcoo_XC429343.ogg.npy,eurcoo,57
zitcis1_XC585417.ogg.npy,zitcis1,181
zitcis1_XC763924.ogg.npy,zitcis1,181
comgre_XC497330.ogg.npy,comgre,37
zitcis1_XC268680.ogg.npy,zitcis1,181
litgre1_XC748166.ogg.npy,litgre1,107
litgre1_XC568130.ogg.npy,litgre1,107
greegr_XC856599.ogg.npy,greegr,65
gloibi_XC442167.ogg.npy,gloibi,60
comtai1_XC312083.ogg.npy,comtai1,45
comkin1_XC672625.ogg.npy,comkin1,39
shikra1_XC660991.ogg.npy,shikra1,151
comgre_XC581824.ogg.npy,comgre,37
comsan_XC741300.ogg.npy,comsan,44
bladro1_XC385500.ogg.npy,bladro1,15
woosan_XC841723.ogg.npy,woosan,177
whtkin2_XC197605.ogg.npy,whtkin2,176
crbsun2_XC216651.ogg.npy,crbsun2,47
rocpig_XC257593.ogg.npy,rocpig,142
putbab1_XC239891.ogg.npy,putbab1,136
litgre1_XC823148.ogg.npy,litgre1,107
insbab1_XC178248.ogg.npy,insbab1,90
litgre1_XC264235.ogg.npy,litgre1,107
revbul_XC324200.ogg.npy,revbul,139
blakit1_XC269712.ogg.npy,blakit1,17
commyn_XC282869.ogg.npy,commyn,41
greegr_XC705413.ogg.npy,greegr,65
moipig1_XC178249.ogg.npy,moipig1,117
bcnher_XC604399.ogg.npy,bcnher,10
wemhar1_XC698357.ogg.npy,wemhar1,166
ruftre2_XC741599.ogg.npy,ruftre2,146
graher1_XC497258.ogg.npy,graher1,62
comgre_XC841445.ogg.npy,comgre,37
barswa_XC349298.ogg.npy,barswa,9
bcnher_XC540547.ogg.npy,bcnher,10
woosan_XC715781.ogg.npy,woosan,177
commoo3_XC637536.ogg.npy,commoo3,40
plapri1_XC596956.ogg.npy,plapri1,129
eurcoo_XC636717.ogg.npy,eurcoo,57
comkin1_XC304530.ogg.npy,comkin1,39
brodro1_XC73058.ogg.npy,brodro1,28
oripip1_XC557444.ogg.npy,oripip1,122
whbwag1_XC787058.ogg.npy,whbwag1,170
gargan_XC655116.ogg.npy,gargan,59
brodro1_XC843114.ogg.npy,brodro1,28
labcro1_XC501354.ogg.npy,labcro1,100
eaywag1_XC610497.ogg.npy,eaywag1,53
junowl1_XC308275.ogg.npy,junowl1,97
piekin1_XC142725.ogg.npy,piekin1,126
bcnher_XC256939.ogg.npy,bcnher,10
grewar3_XC415445.ogg.npy,grewar3,70
brnhao1_XC171249.ogg.npy,brnhao1,26
yebbul3_XC214034.ogg.npy,yebbul3,180
eucdov_XC381631.ogg.npy,eucdov,55
piekin1_XC700146.ogg.npy,piekin1,126
brodro1_XC151510.ogg.npy,brodro1,28
moipig1_XC210497.ogg.npy,moipig1,117
whiter2_XC611746.ogg.npy,whiter2,174
brwjac1_XC164945.ogg.npy,brwjac1,29
grnsan_XC704740.ogg.npy,grnsan,71
litegr_XC333928.ogg.npy,litegr,106
comros_XC245718.ogg.npy,comros,43
gyhcaf1_XC476546.ogg.npy,gyhcaf1,78
vehpar1_XC232650.ogg.npy,vehpar1,164
whbwat1_XC604708.ogg.npy,whbwat1,171
bcnher_XC551281.ogg.npy,bcnher,10
blhori1_XC758000.ogg.npy,blhori1,18
grywag_XC323342.ogg.npy,grywag,76
rewlap1_XC302080.ogg.npy,rewlap1,141
ingori1_XC155375.ogg.npy,ingori1,88
bkwsti_XC548530.ogg.npy,bkwsti,14
grbeat1_XC447210.ogg.npy,grbeat1,63
litgre1_XC706260.ogg.npy,litgre1,107
blnmon1_XC792979.ogg.npy,blnmon1,19
blrwar1_XC650738.ogg.npy,blrwar1,20
litgre1_XC735405.ogg.npy,litgre1,107
pabflo1_XC207881.ogg.npy,pabflo1,123
rerswa1_XC243483.ogg.npy,rerswa1,138
comior1_XC631473.ogg.npy,comior1,38
grewar3_XC189947.ogg.npy,grewar3,70
litgre1_XC663870.ogg.npy,litgre1,107
comsan_XC37488.ogg.npy,comsan,44
comros_XC594832.ogg.npy,comros,43
blrwar1_XC656264.ogg.npy,blrwar1,20
barswa_XC320267.ogg.npy,barswa,9
zitcis1_XC856723.ogg.npy,zitcis1,181
houcro1_XC31544.ogg.npy,houcro1,81
bkskit1_XC360636.ogg.npy,bkskit1,13
woosan_XC469552.ogg.npy,woosan,177
indrob1_XC647281.ogg.npy,indrob1,85
eurcoo_XC341740.ogg.npy,eurcoo,57
litgre1_XC550321.ogg.npy,litgre1,107
blrwar1_XC481144.ogg.npy,blrwar1,20
blhori1_XC397040.ogg.npy,blhori1,18
woosan_XC820545.ogg.npy,woosan,177
greegr_XC692235.ogg.npy,greegr,65
comsan_XC766579.ogg.npy,comsan,44
bkwsti_XC614703.ogg.npy,bkwsti,14
ashdro1_XC290004.ogg.npy,ashdro1,1
blhori1_XC643938.ogg.npy,blhori1,18
scamin3_XC134751.ogg.npy,scamin3,150
houcro1_XC293534.ogg.npy,houcro1,81
brnshr_XC458650.ogg.npy,brnshr,27
nutman_XC581589.ogg.npy,nutman,120
bkskit1_XC360649.ogg.npy,bkskit1,13
rorpar_XC267024.ogg.npy,rorpar,143
darter2_XC190983.ogg.npy,darter2,52
rocpig_XC785037.ogg.npy,rocpig,142
plapri1_XC283451.ogg.npy,plapri1,129
lirplo_XC585985.ogg.npy,lirplo,105
blaeag1_XC509708.ogg.npy,blaeag1,16
houcro1_XC756610.ogg.npy,houcro1,81
commyn_XC379535.ogg.npy,commyn,41
commoo3_XC631062.ogg.npy,commoo3,40
grnsan_XC814717.ogg.npy,grnsan,71
eaywag1_XC616907.ogg.npy,eaywag1,53
comros_XC204984.ogg.npy,comros,43
bkskit1_XC360651.ogg.npy,bkskit1,13
grewar3_XC684275.ogg.npy,grewar3,70
houspa_XC367543.ogg.npy,houspa,82
indrol2_XC116750.ogg.npy,indrol2,86
eurcoo_XC689813.ogg.npy,eurcoo,57
whbsho3_XC826137.ogg.npy,whbsho3,168
grecou1_XC632739.ogg.npy,grecou1,64
comtai1_XC555514.ogg.npy,comtai1,45
bkskit1_XC416239.ogg.npy,bkskit1,13
pursun4_XC336746.ogg.npy,pursun4,134
spodov_XC725833.ogg.npy,spodov,155
vefnut1_XC327427.ogg.npy,vefnut1,163
crseag1_XC683310.ogg.npy,crseag1,50
bkskit1_XC360634.ogg.npy,bkskit1,13
bkwsti_XC541491.ogg.npy,bkwsti,14
ruftre2_XC469370.ogg.npy,ruftre2,146
plaflo1_XC267491.ogg.npy,plaflo1,128
greegr_XC161538.ogg.npy,greegr,65
asikoe2_XC806568.ogg.npy,asikoe2,4
comkin1_XC511649.ogg.npy,comkin1,39
litspi1_XC614428.ogg.npy,litspi1,108
ingori1_XC755735.ogg.npy,ingori1,88
asikoe2_XC345305.ogg.npy,asikoe2,4
eurcoo_XC633391.ogg.npy,eurcoo,57
comtai1_XC788769.ogg.npy,comtai1,45
kenplo1_XC456725.ogg.npy,kenplo1,98
thbwar1_XC727519.ogg.npy,thbwar1,160
rufbab3_XC362763.ogg.npy,rufbab3,145
houspa_XC837396.ogg.npy,houspa,82
comsan_XC571437.ogg.npy,comsan,44
comgre_XC592029.ogg.npy,comgre,37
comior1_XC631472.ogg.npy,comior1,38
asikoe2_XC727348.ogg.npy,asikoe2,4
bcnher_XC669542.ogg.npy,bcnher,10
lirplo_XC834738.ogg.npy,lirplo,105
lirplo_XC654972.ogg.npy,lirplo,105
brcful1_XC629435.ogg.npy,brcful1,24
zitcis1_XC146955.ogg.npy,zitcis1,181
oripip1_XC610929.ogg.npy,oripip1,122
comsan_XC528638.ogg.npy,comsan,44
eurcoo_XC648129.ogg.npy,eurcoo,57
whbwat1_XC712738.ogg.npy,whbwat1,171
eucdov_XC791264.ogg.npy,eucdov,55
grtdro1_XC298846.ogg.npy,grtdro1,73
eurcoo_XC726561.ogg.npy,eurcoo,57
grywag_XC802631.ogg.npy,grywag,76
comgre_XC740788.ogg.npy,comgre,37
piebus1_XC240349.ogg.npy,piebus1,125
insowl1_XC141663.ogg.npy,insowl1,91
woosan_XC733182.ogg.npy,woosan,177
piekin1_XC601791.ogg.npy,piekin1,126
comkin1_XC506782.ogg.npy,comkin1,39
rewlap1_XC342418.ogg.npy,rewlap1,141
eurcoo_XC414928.ogg.npy,eurcoo,57
rorpar_XC267519.ogg.npy,rorpar,143
brnhao1_XC823509.ogg.npy,brnhao1,26
rewbul_XC490875.ogg.npy,rewbul,140
spoowl1_XC768277.ogg.npy,spoowl1,156
whtkin2_XC392132.ogg.npy,whtkin2,176
greegr_XC116014.ogg.npy,greegr,65
rorpar_XC548853.ogg.npy,rorpar,143
sohmyn1_XC651303.ogg.npy,sohmyn1,153
litegr_XC147857.ogg.npy,litegr,106
grywag_XC483466.ogg.npy,grywag,76
compea_XC316933.ogg.npy,compea,42
blakit1_XC493737.ogg.npy,blakit1,17
bcnher_XC827289.ogg.npy,bcnher,10
brcful1_XC296412.ogg.npy,brcful1,24
whiter2_XC185153.ogg.npy,whiter2,174
commoo3_XC563723.ogg.npy,commoo3,40
brcful1_XC666155.ogg.npy,brcful1,24
crbsun2_XC208809.ogg.npy,crbsun2,47
comior1_XC425924.ogg.npy,comior1,38
wemhar1_XC572755.ogg.npy,wemhar1,166
bkwsti_XC553529.ogg.npy,bkwsti,14
sohmyn1_XC651285.ogg.npy,sohmyn1,153
rorpar_XC855825.ogg.npy,rorpar,143
bkwsti_XC277296.ogg.npy,bkwsti,14
bkwsti_XC269382.ogg.npy,bkwsti,14
gybpri1_XC786977.ogg.npy,gybpri1,77
gargan_XC733433.ogg.npy,gargan,59
wemhar1_XC146899.ogg.npy,wemhar1,166
woosan_XC145349.ogg.npy,woosan,177
eucdov_XC121001.ogg.npy,eucdov,55
comgre_XC595376.ogg.npy,comgre,37
blhori1_XC209870.ogg.npy,blhori1,18
zitcis1_XC179877.ogg.npy,zitcis1,181
insbab1_XC206390.ogg.npy,insbab1,90
zitcis1_XC289351.ogg.npy,zitcis1,181
zitcis1_XC302781.ogg.npy,zitcis1,181
zitcis1_XC563799.ogg.npy,zitcis1,181
whbwag1_XC267081.ogg.npy,whbwag1,170
grtdro1_XC721648.ogg.npy,grtdro1,73
grnsan_XC740533.ogg.npy,grnsan,71
eurcoo_XC616975.ogg.npy,eurcoo,57
comtai1_XC464773.ogg.npy,comtai1,45
rerswa1_XC330070.ogg.npy,rerswa1,138
lirplo_XC652339.ogg.npy,lirplo,105
graher1_XC695753.ogg.npy,graher1,62
bladro1_XC737858.ogg.npy,bladro1,15
eucdov_XC555806.ogg.npy,eucdov,55
grefla1_XC775165.ogg.npy,grefla1,66
whrmun_XC711674.ogg.npy,whrmun,175
bkwsti_XC165708.ogg.npy,bkwsti,14
brnhao1_XC197755.ogg.npy,brnhao1,26
comros_XC484734.ogg.npy,comros,43
vefnut1_XC150835.ogg.npy,vefnut1,163
emedov2_XC308323.ogg.npy,emedov2,54
lirplo_XC597279.ogg.npy,lirplo,105
plapri1_XC142753.ogg.npy,plapri1,129
comros_XC289948.ogg.npy,comros,43
comgre_XC666308.ogg.npy,comgre,37
asikoe2_XC575566.ogg.npy,asikoe2,4
pursun4_XC514827.ogg.npy,pursun4,134
whbwag1_XC335601.ogg.npy,whbwag1,170
ruftre2_XC798637.ogg.npy,ruftre2,146
houspa_XC526399.ogg.npy,houspa,82
comkin1_XC499081.ogg.npy,comkin1,39
houspa_XC670181.ogg.npy,houspa,82
comkin1_XC586263.ogg.npy,comkin1,39
labcro1_XC845132.ogg.npy,labcro1,100
bcnher_XC815878.ogg.npy,bcnher,10
aspfly1_XC406639.ogg.npy,aspfly1,6
houspa_XC232921.ogg.npy,houspa,82
greegr_XC607342.ogg.npy,greegr,65
wemhar1_XC771167.ogg.npy,wemhar1,166
brcful1_XC296411.ogg.npy,brcful1,24
purher1_XC770875.ogg.npy,purher1,132
asikoe2_XC208907.ogg.npy,asikoe2,4
zitcis1_XC378696.ogg.npy,zitcis1,181
bkwsti_XC807132.ogg.npy,bkwsti,14
brfowl1_XC124213.ogg.npy,brfowl1,25
purswa3_XC778689.ogg.npy,purswa3,135
greegr_XC605058.ogg.npy,greegr,65
lblwar1_XC470536.ogg.npy,lblwar1,102
comgre_XC237220.ogg.npy,comgre,37
commoo3_XC541951.ogg.npy,commoo3,40
compea_XC321544.ogg.npy,compea,42
bcnher_XC578200.ogg.npy,bcnher,10
piebus1_XC143254.ogg.npy,piebus1,125
lirplo_XC742885.ogg.npy,lirplo,105
comkin1_XC660702.ogg.npy,comkin1,39
ruftre2_XC122847.ogg.npy,ruftre2,146
greegr_XC508657.ogg.npy,greegr,65
comros_XC372699.ogg.npy,comros,43
cregos1_XC722764.ogg.npy,cregos1,48
ashwoo2_XC186765.ogg.npy,ashwoo2,3
eucdov_XC559635.ogg.npy,eucdov,55
lirplo_XC642220.ogg.npy,lirplo,105
litgre1_XC605090.ogg.npy,litgre1,107
blrwar1_XC566094.ogg.npy,blrwar1,20
ruftre2_XC207020.ogg.npy,ruftre2,146
mawthr1_XC197739.ogg.npy,mawthr1,116
blhori1_XC666144.ogg.npy,blhori1,18
graher1_XC673317.ogg.npy,graher1,62
grehor1_XC423284.ogg.npy,grehor1,67
tilwar1_XC189206.ogg.npy,tilwar1,162
comtai1_XC756635.ogg.npy,comtai1,45
whrmun_XC708253.ogg.npy,whrmun,175
brnshr_XC743388.ogg.npy,brnshr,27
malpar1_XC158217.ogg.npy,malpar1,112
bcnher_XC644598.ogg.npy,bcnher,10
placuc3_XC379545.ogg.npy,placuc3,127
piebus1_XC575100.ogg.npy,piebus1,125
spepic1_XC842835.ogg.npy,spepic1,154
rorpar_XC577652.ogg.npy,rorpar,143
rewbul_XC207908.ogg.npy,rewbul,140
barfly1_XC856367.ogg.npy,barfly1,8
litegr_XC841128.ogg.npy,litegr,106
graher1_XC801408.ogg.npy,graher1,62
comgre_XC696671.ogg.npy,comgre,37
spodov_XC642949.ogg.npy,spodov,155
grbeat1_XC572400.ogg.npy,grbeat1,63
whtkin2_XC720544.ogg.npy,whtkin2,176
commyn_XC208163.ogg.npy,commyn,41
brnhao1_XC352338.ogg.npy,brnhao1,26
sohmyn1_XC499660.ogg.npy,sohmyn1,153
graher1_XC518530.ogg.npy,graher1,62
comtai1_XC393229.ogg.npy,comtai1,45
purher1_XC670949.ogg.npy,purher1,132
grywag_XC711977.ogg.npy,grywag,76
hoopoe_XC724975.ogg.npy,hoopoe,80
litegr_XC629839.ogg.npy,litegr,106
asikoe2_XC540848.ogg.npy,asikoe2,4
litgre1_XC198950.ogg.npy,litgre1,107
grewar3_XC681734.ogg.npy,grewar3,70
woosan_XC342908.ogg.npy,woosan,177
grnsan_XC737052.ogg.npy,grnsan,71
blakit1_XC330332.ogg.npy,blakit1,17
wynlau1_XC619722.ogg.npy,wynlau1,178
lirplo_XC826563.ogg.npy,lirplo,105
bkskit1_XC353816.ogg.npy,bkskit1,13
stbkin1_XC150682.ogg.npy,stbkin1,158
whiter2_XC307305.ogg.npy,whiter2,174
eucdov_XC774642.ogg.npy,eucdov,55
comtai1_XC709268.ogg.npy,comtai1,45
whiter2_XC270177.ogg.npy,whiter2,174
graher1_XC576088.ogg.npy,graher1,62
hoopoe_XC281072.ogg.npy,hoopoe,80
crseag1_XC122033.ogg.npy,crseag1,50
whbwat1_XC442851.ogg.npy,whbwat1,171
piebus1_XC75085.ogg.npy,piebus1,125
stbkin1_XC266782.ogg.npy,stbkin1,158
brwowl1_XC637203.ogg.npy,brwowl1,30
barswa_XC579650.ogg.npy,barswa,9
comtai1_XC446621.ogg.npy,comtai1,45
comsan_XC834283.ogg.npy,comsan,44
zitcis1_XC722325.ogg.npy,zitcis1,181
commoo3_XC559848.ogg.npy,commoo3,40
rorpar_XC264083.ogg.npy,rorpar,143
comsan_XC146265.ogg.npy,comsan,44
cohcuc1_XC667557.ogg.npy,cohcuc1,35
lirplo_XC812121.ogg.npy,lirplo,105
houspa_XC695473.ogg.npy,houspa,82
grehor1_XC618913.ogg.npy,grehor1,67
asikoe2_XC435845.ogg.npy,asikoe2,4
litgre1_XC636136.ogg.npy,litgre1,107
lirplo_XC199596.ogg.npy,lirplo,105
bkcbul1_XC302749.ogg.npy,bkcbul1,11
gloibi_XC530552.ogg.npy,gloibi,60
blakit1_XC148437.ogg.npy,blakit1,17
blrwar1_XC375858.ogg.npy,blrwar1,20
comsan_XC513692.ogg.npy,comsan,44
litspi1_XC511719.ogg.npy,litspi1,108
zitcis1_XC374758.ogg.npy,zitcis1,181
houspa_XC468459.ogg.npy,houspa,82
grywag_XC323986.ogg.npy,grywag,76
insbab1_XC597014.ogg.npy,insbab1,90
lblwar1_XC402955.ogg.npy,lblwar1,102
grenig1_XC239295.ogg.npy,grenig1,69
litgre1_XC288741.ogg.npy,litgre1,107
barswa_XC660533.ogg.npy,barswa,9
indpit1_XC420544.ogg.npy,indpit1,84
comsan_XC835769.ogg.npy,comsan,44
jerbus2_XC581419.ogg.npy,jerbus2,94
bladro1_XC844082.ogg.npy,bladro1,15
litegr_XC507307.ogg.npy,litegr,106
gybpri1_XC302001.ogg.npy,gybpri1,77
labcro1_XC657628.ogg.npy,labcro1,100
commyn_XC187036.ogg.npy,commyn,41
rorpar_XC267025.ogg.npy,rorpar,143
plapri1_XC777461.ogg.npy,plapri1,129
comkin1_XC591023.ogg.npy,comkin1,39
eurcoo_XC289328.ogg.npy,eurcoo,57
bkwsti_XC665454.ogg.npy,bkwsti,14
grewar3_XC507436.ogg.npy,grewar3,70
indtit1_XC497091.ogg.npy,indtit1,87
grnsan_XC668290.ogg.npy,grnsan,71
comtai1_XC747062.ogg.npy,comtai1,45
commoo3_XC411754.ogg.npy,commoo3,40
grewar3_XC568878.ogg.npy,grewar3,70
woosan_XC335152.ogg.npy,woosan,177
forwag1_XC267114.ogg.npy,forwag1,58
rerswa1_XC267443.ogg.npy,rerswa1,138
blhori1_XC73045.ogg.npy,blhori1,18
dafbab1_XC497291.ogg.npy,dafbab1,51
eucdov_XC420573.ogg.npy,eucdov,55
commyn_XC812212.ogg.npy,commyn,41
comsan_XC385914.ogg.npy,comsan,44
houcro1_XC777634.ogg.npy,houcro1,81
comros_XC766284.ogg.npy,comros,43
barswa_XC643983.ogg.npy,barswa,9
compea_XC126243.ogg.npy,compea,42
comgre_XC747467.ogg.npy,comgre,37
shikra1_XC575199.ogg.npy,shikra1,151
gybpri1_XC683306.ogg.npy,gybpri1,77
marsan_XC492007.ogg.npy,marsan,115
commoo3_XC608166.ogg.npy,commoo3,40
houcro1_XC116613.ogg.npy,houcro1,81
whbwat1_XC610776.ogg.npy,whbwat1,171
barswa_XC619830.ogg.npy,barswa,9
hoopoe_XC646742.ogg.npy,hoopoe,80
gyhcaf1_XC490228.ogg.npy,gyhcaf1,78
comfla1_XC401922.ogg.npy,comfla1,36
graher1_XC772085.ogg.npy,graher1,62
comgre_XC675806.ogg.npy,comgre,37
comior1_XC600906.ogg.npy,comior1,38
comros_XC199231.ogg.npy,comros,43
grnsan_XC548796.ogg.npy,grnsan,71
grewar3_XC570205.ogg.npy,grewar3,70
grejun2_XC776891.ogg.npy,grejun2,68
ashdro1_XC388240.ogg.npy,ashdro1,1
gybpri1_XC802192.ogg.npy,gybpri1,77
grywag_XC595778.ogg.npy,grywag,76
rorpar_XC680468.ogg.npy,rorpar,143
comros_XC145107.ogg.npy,comros,43
greegr_XC304770.ogg.npy,greegr,65
litswi1_XC443710.ogg.npy,litswi1,109
eucdov_XC589369.ogg.npy,eucdov,55
inbrob1_XC312134.ogg.npy,inbrob1,83
comior1_XC737583.ogg.npy,comior1,38
copbar1_XC574972.ogg.npy,copbar1,46
rocpig_XC453906.ogg.npy,rocpig,142
hoopoe_XC428912.ogg.npy,hoopoe,80
wemhar1_XC628279.ogg.npy,wemhar1,166
barswa_XC764315.ogg.npy,barswa,9
pabflo1_XC475572.ogg.npy,pabflo1,123
litegr_XC576993.ogg.npy,litegr,106
categr_XC379067.ogg.npy,categr,33
comkin1_XC404685.ogg.npy,comkin1,39
rorpar_XC199488.ogg.npy,rorpar,143
ruftre2_XC571494.ogg.npy,ruftre2,146
grnsan_XC819014.ogg.npy,grnsan,71
categr_XC734226.ogg.npy,categr,33
houspa_XC511607.ogg.npy,houspa,82
commoo3_XC742084.ogg.npy,commoo3,40
ashdro1_XC855534.ogg.npy,ashdro1,1
barswa_XC412707.ogg.npy,barswa,9
grtdro1_XC450268.ogg.npy,grtdro1,73
grywag_XC790992.ogg.npy,grywag,76
rorpar_XC575955.ogg.npy,rorpar,143
grtdro1_XC150852.ogg.npy,grtdro1,73
whiter2_XC680271.ogg.npy,whiter2,174
grywag_XC747321.ogg.npy,grywag,76
comkin1_XC149671.ogg.npy,comkin1,39
eurcoo_XC312100.ogg.npy,eurcoo,57
stbkin1_XC478784.ogg.npy,stbkin1,158
bcnher_XC73031.ogg.npy,bcnher,10
grnsan_XC829497.ogg.npy,grnsan,71
graher1_XC716012.ogg.npy,graher1,62
gyhcaf1_XC345683.ogg.npy,gyhcaf1,78
eurcoo_XC636191.ogg.npy,eurcoo,57
blhori1_XC296430.ogg.npy,blhori1,18
eaywag1_XC591943.ogg.npy,eaywag1,53
zitcis1_XC690387.ogg.npy,zitcis1,181
oripip1_XC439002.ogg.npy,oripip1,122
brcful1_XC618086.ogg.npy,brcful1,24
crseag1_XC810563.ogg.npy,crseag1,50
comros_XC834433.ogg.npy,comros,43
graher1_XC150273.ogg.npy,graher1,62
commyn_XC519458.ogg.npy,commyn,41
graher1_XC584531.ogg.npy,graher1,62
asiope1_XC686229.ogg.npy,asiope1,5
plhpar1_XC197608.ogg.npy,plhpar1,130
greegr_XC441197.ogg.npy,greegr,65
grywag_XC854585.ogg.npy,grywag,76
blakit1_XC270446.ogg.npy,blakit1,17
comgre_XC134369.ogg.npy,comgre,37
pabflo1_XC207734.ogg.npy,pabflo1,123
bkwsti_XC646401.ogg.npy,bkwsti,14
btbeat1_XC779878.ogg.npy,btbeat1,31
greegr_XC202074.ogg.npy,greegr,65
categr_XC393573.ogg.npy,categr,33
gloibi_XC785629.ogg.npy,gloibi,60
comkin1_XC580133.ogg.npy,comkin1,39
comior1_XC590311.ogg.npy,comior1,38
hoopoe_XC570613.ogg.npy,hoopoe,80
comior1_XC198430.ogg.npy,comior1,38
grecou1_XC464298.ogg.npy,grecou1,64
cohcuc1_XC443586.ogg.npy,cohcuc1,35
pursun4_XC541651.ogg.npy,pursun4,134
blrwar1_XC663462.ogg.npy,blrwar1,20
insbab1_XC213330.ogg.npy,insbab1,90
whbwat1_XC705580.ogg.npy,whbwat1,171
comsan_XC632676.ogg.npy,comsan,44
grecou1_XC676588.ogg.npy,grecou1,64
stbkin1_XC306329.ogg.npy,stbkin1,158
grywag_XC561705.ogg.npy,grywag,76
ashpri1_XC400635.ogg.npy,ashpri1,2
kenplo1_XC333824.ogg.npy,kenplo1,98
purher1_XC576564.ogg.npy,purher1,132
woosan_XC795922.ogg.npy,woosan,177
grywag_XC315730.ogg.npy,grywag,76
grehor1_XC423285.ogg.npy,grehor1,67
wemhar1_XC741272.ogg.npy,wemhar1,166
crseag1_XC539092.ogg.npy,crseag1,50
rocpig_XC636632.ogg.npy,rocpig,142
wemhar1_XC42182.ogg.npy,wemhar1,166
houspa_XC786489.ogg.npy,houspa,82
woosan_XC554677.ogg.npy,woosan,177
whbwat1_XC253420.ogg.npy,whbwat1,171
graher1_XC431402.ogg.npy,graher1,62
cregos1_XC704441.ogg.npy,cregos1,48
grywag_XC603830.ogg.npy,grywag,76
barswa_XC376773.ogg.npy,barswa,9
marsan_XC714812.ogg.npy,marsan,115
litswi1_XC443707.ogg.npy,litswi1,109
categr_XC787338.ogg.npy,categr,33
woosan_XC833459.ogg.npy,woosan,177
lirplo_XC484440.ogg.npy,lirplo,105
aspfly1_XC210237.ogg.npy,aspfly1,6
commoo3_XC733888.ogg.npy,commoo3,40
nutman_XC447362.ogg.npy,nutman,120
grywag_XC320627.ogg.npy,grywag,76
litegr_XC138320.ogg.npy,litegr,106
tibfly3_XC512702.ogg.npy,tibfly3,161
comgre_XC455424.ogg.npy,comgre,37
whrmun_XC178300.ogg.npy,whrmun,175
eucdov_XC324031.ogg.npy,eucdov,55
rerswa1_XC800474.ogg.npy,rerswa1,138
eucdov_XC726671.ogg.npy,eucdov,55
grywag_XC621630.ogg.npy,grywag,76
spodov_XC519900.ogg.npy,spodov,155
thbwar1_XC485019.ogg.npy,thbwar1,160
comgre_XC667785.ogg.npy,comgre,37
lirplo_XC651954.ogg.npy,lirplo,105
eaywag1_XC587265.ogg.npy,eaywag1,53
purher1_XC827209.ogg.npy,purher1,132
gloibi_XC800219.ogg.npy,gloibi,60
comkin1_XC462870.ogg.npy,comkin1,39
bkskit1_XC198489.ogg.npy,bkskit1,13
commyn_XC555308.ogg.npy,commyn,41
whbwoo2_XC319054.ogg.npy,whbwoo2,172
rocpig_XC513867.ogg.npy,rocpig,142
eaywag1_XC800164.ogg.npy,eaywag1,53
laudov1_XC365842.ogg.npy,laudov1,101
litgre1_XC637547.ogg.npy,litgre1,107
eurcoo_XC464761.ogg.npy,eurcoo,57
bladro1_XC113201.ogg.npy,bladro1,15
wemhar1_XC447132.ogg.npy,wemhar1,166
bkrfla1_XC795413.ogg.npy,bkrfla1,12
blhori1_XC761268.ogg.npy,blhori1,18
cregos1_XC682319.ogg.npy,cregos1,48
wemhar1_XC377180.ogg.npy,wemhar1,166
greegr_XC847143.ogg.npy,greegr,65
lirplo_XC581105.ogg.npy,lirplo,105
crseag1_XC529891.ogg.npy,crseag1,50
grewar3_XC507658.ogg.npy,grewar3,70
graher1_XC569911.ogg.npy,graher1,62
houspa_XC630629.ogg.npy,houspa,82
blrwar1_XC376503.ogg.npy,blrwar1,20
whiter2_XC338842.ogg.npy,whiter2,174
eaywag1_XC526963.ogg.npy,eaywag1,53
comros_XC563797.ogg.npy,comros,43
blnmon1_XC150934.ogg.npy,blnmon1,19
rufbab3_XC165293.ogg.npy,rufbab3,145
purher1_XC825841.ogg.npy,purher1,132
grywag_XC456036.ogg.npy,grywag,76
graher1_XC598266.ogg.npy,graher1,62
litegr_XC590347.ogg.npy,litegr,106
rorpar_XC516402.ogg.npy,rorpar,143
lirplo_XC179512.ogg.npy,lirplo,105
grnsan_XC674391.ogg.npy,grnsan,71
spodov_XC157874.ogg.npy,spodov,155
eaywag1_XC486875.ogg.npy,eaywag1,53
comgre_XC635498.ogg.npy,comgre,37
commyn_XC623016.ogg.npy,commyn,41
lesyel1_XC73967.ogg.npy,lesyel1,103
bkwsti_XC822852.ogg.npy,bkwsti,14
comkin1_XC603416.ogg.npy,comkin1,39
rorpar_XC796890.ogg.npy,rorpar,143
comior1_XC164666.ogg.npy,comior1,38
commoo3_XC175417.ogg.npy,commoo3,40
bkskit1_XC352482.ogg.npy,bkskit1,13
greegr_XC161279.ogg.npy,greegr,65
grywag_XC596823.ogg.npy,grywag,76
grtdro1_XC320570.ogg.npy,grtdro1,73
graher1_XC497254.ogg.npy,graher1,62
grnwar1_XC646406.ogg.npy,grnwar1,72
eaywag1_XC587640.ogg.npy,eaywag1,53
blakit1_XC764320.ogg.npy,blakit1,17
blhori1_XC390348.ogg.npy,blhori1,18
grecou1_XC529843.ogg.npy,grecou1,64
grewar3_XC378013.ogg.npy,grewar3,70
kenplo1_XC338268.ogg.npy,kenplo1,98
blrwar1_XC113371.ogg.npy,blrwar1,20
gybpri1_XC576908.ogg.npy,gybpri1,77
wemhar1_XC795641.ogg.npy,wemhar1,166
comfla1_XC620866.ogg.npy,comfla1,36
barswa_XC575358.ogg.npy,barswa,9
ruftre2_XC239890.ogg.npy,ruftre2,146
woosan_XC820544.ogg.npy,woosan,177
plapri1_XC403528.ogg.npy,plapri1,129
rocpig_XC419252.ogg.npy,rocpig,142
commoo3_XC557180.ogg.npy,commoo3,40
kerlau2_XC386970.ogg.npy,kerlau2,99
eurcoo_XC545945.ogg.npy,eurcoo,57
hoopoe_XC469245.ogg.npy,hoopoe,80
lirplo_XC485450.ogg.npy,lirplo,105
labcro1_XC787757.ogg.npy,labcro1,100
comros_XC659628.ogg.npy,comros,43
eaywag1_XC644456.ogg.npy,eaywag1,53
rorpar_XC832306.ogg.npy,rorpar,143
comsan_XC554764.ogg.npy,comsan,44
eucdov_XC688721.ogg.npy,eucdov,55
brnshr_XC456210.ogg.npy,brnshr,27
shikra1_XC723548.ogg.npy,shikra1,151
bkwsti_XC646779.ogg.npy,bkwsti,14
asikoe2_XC478476.ogg.npy,asikoe2,4
rorpar_XC36899.ogg.npy,rorpar,143
indrob1_XC531016.ogg.npy,indrob1,85
eucdov_XC553935.ogg.npy,eucdov,55
graher1_XC586937.ogg.npy,graher1,62
grnsan_XC713481.ogg.npy,grnsan,71
blrwar1_XC158483.ogg.npy,blrwar1,20
litgre1_XC647900.ogg.npy,litgre1,107
grewar3_XC574996.ogg.npy,grewar3,70
bkwsti_XC733196.ogg.npy,bkwsti,14
grynig2_XC575171.ogg.npy,grynig2,75
grewar3_XC811701.ogg.npy,grewar3,70
rewlap1_XC319016.ogg.npy,rewlap1,141
nutman_XC295802.ogg.npy,nutman,120
bkwsti_XC663366.ogg.npy,bkwsti,14
commyn_XC663069.ogg.npy,commyn,41
rorpar_XC293078.ogg.npy,rorpar,143
bkwsti_XC216812.ogg.npy,bkwsti,14
comgre_XC767693.ogg.npy,comgre,37
rocpig_XC74355.ogg.npy,rocpig,142
houspa_XC443751.ogg.npy,houspa,82
bkskit1_XC433766.ogg.npy,bkskit1,13
woosan_XC670441.ogg.npy,woosan,177
zitcis1_XC745113.ogg.npy,zitcis1,181
comsan_XC429319.ogg.npy,comsan,44
blrwar1_XC659087.ogg.npy,blrwar1,20
commoo3_XC565335.ogg.npy,commoo3,40
zitcis1_XC179033.ogg.npy,zitcis1,181
bkwsti_XC477369.ogg.npy,bkwsti,14
grywag_XC798212.ogg.npy,grywag,76
tibfly3_XC646900.ogg.npy,tibfly3,161
grecou1_XC816863.ogg.npy,grecou1,64
eaywag1_XC489391.ogg.npy,eaywag1,53
eucdov_XC608606.ogg.npy,eucdov,55
cregos1_XC578800.ogg.npy,cregos1,48
houspa_XC167639.ogg.npy,houspa,82
rorpar_XC348243.ogg.npy,rorpar,143
grewar3_XC838979.ogg.npy,grewar3,70
blrwar1_XC135408.ogg.npy,blrwar1,20
bwfshr1_XC829341.ogg.npy,bwfshr1,32
spodov_XC116499.ogg.npy,spodov,155
grtdro1_XC687594.ogg.npy,grtdro1,73
lblwar1_XC265872.ogg.npy,lblwar1,102
gloibi_XC108823.ogg.npy,gloibi,60
brakit1_XC208283.ogg.npy,brakit1,22
marsan_XC184467.ogg.npy,marsan,115
eurcoo_XC709292.ogg.npy,eurcoo,57
bcnher_XC826993.ogg.npy,bcnher,10
grnwar1_XC724565.ogg.npy,grnwar1,72
grewar3_XC293679.ogg.npy,grewar3,70
rossta2_XC834520.ogg.npy,rossta2,144
piekin1_XC686233.ogg.npy,piekin1,126
hoopoe_XC467856.ogg.npy,hoopoe,80
houspa_XC345819.ogg.npy,houspa,82
eaywag1_XC748902.ogg.npy,eaywag1,53
litspi1_XC216928.ogg.npy,litspi1,108
asikoe2_XC665230.ogg.npy,asikoe2,4
houspa_XC186305.ogg.npy,houspa,82
wemhar1_XC308735.ogg.npy,wemhar1,166
grnsan_XC580468.ogg.npy,grnsan,71
indrol2_XC116749.ogg.npy,indrol2,86
whbwoo2_XC400610.ogg.npy,whbwoo2,172
eurcoo_XC176779.ogg.npy,eurcoo,57
litegr_XC309390.ogg.npy,litegr,106
grewar3_XC598963.ogg.npy,grewar3,70
litegr_XC576988.ogg.npy,litegr,106
comros_XC415119.ogg.npy,comros,43
emedov2_XC786576.ogg.npy,emedov2,54
commyn_XC680915.ogg.npy,commyn,41
asikoe2_XC807619.ogg.npy,asikoe2,4
zitcis1_XC572732.ogg.npy,zitcis1,181
aspswi1_XC397352.ogg.npy,aspswi1,7
comior1_XC237576.ogg.npy,comior1,38
nutman_XC382151.ogg.npy,nutman,120
eaywag1_XC403563.ogg.npy,eaywag1,53
purher1_XC676690.ogg.npy,purher1,132
whbbul2_XC366608.ogg.npy,whbbul2,167
bkskit1_XC361614.ogg.npy,bkskit1,13
grewar3_XC423319.ogg.npy,grewar3,70
greegr_XC605059.ogg.npy,greegr,65
blrwar1_XC621304.ogg.npy,blrwar1,20
houspa_XC784202.ogg.npy,houspa,82
rorpar_XC209562.ogg.npy,rorpar,143
litgre1_XC597730.ogg.npy,litgre1,107
eurcoo_XC592150.ogg.npy,eurcoo,57
emedov2_XC692667.ogg.npy,emedov2,54
plapri1_XC787724.ogg.npy,plapri1,129
purher1_XC828731.ogg.npy,purher1,132
whiter2_XC858316.ogg.npy,whiter2,174
grefla1_XC115092.ogg.npy,grefla1,66
whcbar1_XC786596.ogg.npy,whcbar1,173
rerswa1_XC433097.ogg.npy,rerswa1,138
whbbul2_XC163928.ogg.npy,whbbul2,167
zitcis1_XC180971.ogg.npy,zitcis1,181
junowl1_XC683121.ogg.npy,junowl1,97
grywag_XC575901.ogg.npy,grywag,76
litgre1_XC732575.ogg.npy,litgre1,107
gyhcaf1_XC292228.ogg.npy,gyhcaf1,78
btbeat1_XC142747.ogg.npy,btbeat1,31
sbeowl1_XC416706.ogg.npy,sbeowl1,149
asikoe2_XC788204.ogg.npy,asikoe2,4
barswa_XC468456.ogg.npy,barswa,9
grehor1_XC732374.ogg.npy,grehor1,67
grywag_XC526481.ogg.npy,grywag,76
litgre1_XC842327.ogg.npy,litgre1,107
blakit1_XC138441.ogg.npy,blakit1,17
bcnher_XC668952.ogg.npy,bcnher,10
graher1_XC321345.ogg.npy,graher1,62
grtdro1_XC244338.ogg.npy,grtdro1,73
putbab1_XC465696.ogg.npy,putbab1,136
gargan_XC787965.ogg.npy,gargan,59
houspa_XC165735.ogg.npy,houspa,82
grywag_XC390907.ogg.npy,grywag,76
copbar1_XC451180.ogg.npy,copbar1,46
marsan_XC833583.ogg.npy,marsan,115
wemhar1_XC322544.ogg.npy,wemhar1,166
rerswa1_XC697562.ogg.npy,rerswa1,138
tibfly3_XC240379.ogg.npy,tibfly3,161
piebus1_XC783620.ogg.npy,piebus1,125
hoopoe_XC707584.ogg.npy,hoopoe,80
barswa_XC542504.ogg.npy,barswa,9
laudov1_XC336389.ogg.npy,laudov1,101
comkin1_XC692348.ogg.npy,comkin1,39
pursun4_XC314406.ogg.npy,pursun4,134
comgre_XC585887.ogg.npy,comgre,37
zitcis1_XC557790.ogg.npy,zitcis1,181
marsan_XC720079.ogg.npy,marsan,115
litgre1_XC702022.ogg.npy,litgre1,107
rorpar_XC665601.ogg.npy,rorpar,143
grnsan_XC742911.ogg.npy,grnsan,71
laudov1_XC153494.ogg.npy,laudov1,101
grywag_XC496726.ogg.npy,grywag,76
kenplo1_XC338264.ogg.npy,kenplo1,98
comior1_XC684106.ogg.npy,comior1,38
comtai1_XC689844.ogg.npy,comtai1,45
bkrfla1_XC142801.ogg.npy,bkrfla1,12
comros_XC651291.ogg.npy,comros,43
whbsho3_XC856490.ogg.npy,whbsho3,168
graher1_XC590148.ogg.npy,graher1,62
comtai1_XC540351.ogg.npy,comtai1,45
zitcis1_XC558490.ogg.npy,zitcis1,181
pursun4_XC518870.ogg.npy,pursun4,134
eaywag1_XC714459.ogg.npy,eaywag1,53
grnsan_XC733171.ogg.npy,grnsan,71
woosan_XC801607.ogg.npy,woosan,177
rewbul_XC573345.ogg.npy,rewbul,140
eurcoo_XC554180.ogg.npy,eurcoo,57
wemhar1_XC189347.ogg.npy,wemhar1,166
lirplo_XC710533.ogg.npy,lirplo,105
comkin1_XC560714.ogg.npy,comkin1,39
commyn_XC110875.ogg.npy,commyn,41
bkskit1_XC360640.ogg.npy,bkskit1,13
hoopoe_XC692719.ogg.npy,hoopoe,80
comgre_XC819167.ogg.npy,comgre,37
blrwar1_XC322632.ogg.npy,blrwar1,20
blakit1_XC696493.ogg.npy,blakit1,17
grecou1_XC632742.ogg.npy,grecou1,64
comkin1_XC399083.ogg.npy,comkin1,39
blakit1_XC129825.ogg.npy,blakit1,17
spodov_XC365451.ogg.npy,spodov,155
lirplo_XC831321.ogg.npy,lirplo,105
nutman_XC761865.ogg.npy,nutman,120
barswa_XC481810.ogg.npy,barswa,9
grewar3_XC191630.ogg.npy,grewar3,70
comkin1_XC598309.ogg.npy,comkin1,39
blnmon1_XC49757.ogg.npy,blnmon1,19
grywag_XC390555.ogg.npy,grywag,76
comsan_XC669073.ogg.npy,comsan,44
blnmon1_XC767261.ogg.npy,blnmon1,19
whrmun_XC176317.ogg.npy,whrmun,175
litegr_XC750571.ogg.npy,litegr,106
bladro1_XC282098.ogg.npy,bladro1,15
bcnher_XC819726.ogg.npy,bcnher,10
graher1_XC844523.ogg.npy,graher1,62
purher1_XC477665.ogg.npy,purher1,132
comgre_XC761997.ogg.npy,comgre,37
emedov2_XC19663.ogg.npy,emedov2,54
rerswa1_XC740067.ogg.npy,rerswa1,138
grywag_XC527272.ogg.npy,grywag,76
comgre_XC507429.ogg.npy,comgre,37
labcro1_XC651918.ogg.npy,labcro1,100
grnsan_XC665422.ogg.npy,grnsan,71
litgre1_XC134080.ogg.npy,litgre1,107
barswa_XC457833.ogg.npy,barswa,9
hoopoe_XC137661.ogg.npy,hoopoe,80
eurcoo_XC270250.ogg.npy,eurcoo,57
comtai1_XC305915.ogg.npy,comtai1,45
eurcoo_XC781994.ogg.npy,eurcoo,57
rewlap1_XC507724.ogg.npy,rewlap1,141
putbab1_XC465692.ogg.npy,putbab1,136
eurcoo_XC774675.ogg.npy,eurcoo,57
bkskit1_XC361616.ogg.npy,bkskit1,13
litgre1_XC823145.ogg.npy,litgre1,107
rewbul_XC460803.ogg.npy,rewbul,140
zitcis1_XC378556.ogg.npy,zitcis1,181
whiter2_XC686250.ogg.npy,whiter2,174
lirplo_XC464306.ogg.npy,lirplo,105
commoo3_XC732187.ogg.npy,commoo3,40
bcnher_XC692582.ogg.npy,bcnher,10
brnhao1_XC652568.ogg.npy,brnhao1,26
hoopoe_XC820519.ogg.npy,hoopoe,80
bkskit1_XC352553.ogg.npy,bkskit1,13
comtai1_XC780630.ogg.npy,comtai1,45
eurcoo_XC796730.ogg.npy,eurcoo,57
graher1_XC306076.ogg.npy,graher1,62
jerbus2_XC534373.ogg.npy,jerbus2,94
spepic1_XC705359.ogg.npy,spepic1,154
blrwar1_XC732151.ogg.npy,blrwar1,20
marsan_XC327250.ogg.npy,marsan,115
wemhar1_XC659997.ogg.npy,wemhar1,166
eurcoo_XC844237.ogg.npy,eurcoo,57
comkin1_XC470769.ogg.npy,comkin1,39
categr_XC57416.ogg.npy,categr,33
piekin1_XC855528.ogg.npy,piekin1,126
litegr_XC236581.ogg.npy,litegr,106
rufwoo2_XC191217.ogg.npy,rufwoo2,147
eaywag1_XC583486.ogg.npy,eaywag1,53
barswa_XC638092.ogg.npy,barswa,9
blhori1_XC124199.ogg.npy,blhori1,18
woosan_XC216813.ogg.npy,woosan,177
labcro1_XC378188.ogg.npy,labcro1,100
brodro1_XC267364.ogg.npy,brodro1,28
blakit1_XC823477.ogg.npy,blakit1,17
categr_XC791098.ogg.npy,categr,33
litegr_XC283444.ogg.npy,litegr,106
brcful1_XC666157.ogg.npy,brcful1,24
litgre1_XC787802.ogg.npy,litgre1,107
ashpri1_XC570426.ogg.npy,ashpri1,2
greegr_XC638748.ogg.npy,greegr,65
rocpig_XC163851.ogg.npy,rocpig,142
comtai1_XC321614.ogg.npy,comtai1,45
grnsan_XC816714.ogg.npy,grnsan,71
barswa_XC176091.ogg.npy,barswa,9
vehpar1_XC604551.ogg.npy,vehpar1,164
houspa_XC151126.ogg.npy,houspa,82
comsan_XC585634.ogg.npy,comsan,44
woosan_XC739348.ogg.npy,woosan,177
brnshr_XC833231.ogg.npy,brnshr,27
comros_XC493011.ogg.npy,comros,43
lirplo_XC796157.ogg.npy,lirplo,105
houspa_XC772998.ogg.npy,houspa,82
blnmon1_XC507433.ogg.npy,blnmon1,19
whtkin2_XC345162.ogg.npy,whtkin2,176
grejun2_XC457529.ogg.npy,grejun2,68
houspa_XC619794.ogg.npy,houspa,82
forwag1_XC646287.ogg.npy,forwag1,58
hoopoe_XC790527.ogg.npy,hoopoe,80
gyhcaf1_XC303899.ogg.npy,gyhcaf1,78
rossta2_XC320047.ogg.npy,rossta2,144
litgre1_XC797417.ogg.npy,litgre1,107
blrwar1_XC588031.ogg.npy,blrwar1,20
houspa_XC554478.ogg.npy,houspa,82
plapri1_XC575212.ogg.npy,plapri1,129
crseag1_XC539100.ogg.npy,crseag1,50
litegr_XC512100.ogg.npy,litegr,106
ruftre2_XC469369.ogg.npy,ruftre2,146
categr_XC422247.ogg.npy,categr,33
comgre_XC804943.ogg.npy,comgre,37
bkwsti_XC491027.ogg.npy,bkwsti,14
blnmon1_XC445639.ogg.npy,blnmon1,19
woosan_XC131502.ogg.npy,woosan,177
paisto1_XC37574.ogg.npy,paisto1,124
graher1_XC778287.ogg.npy,graher1,62
yebbul3_XC296444.ogg.npy,yebbul3,180
litegr_XC507945.ogg.npy,litegr,106
lirplo_XC381757.ogg.npy,lirplo,105
barswa_XC667954.ogg.npy,barswa,9
thbwar1_XC484123.ogg.npy,thbwar1,160
bcnher_XC595628.ogg.npy,bcnher,10
marsan_XC187761.ogg.npy,marsan,115
brnhao1_XC317398.ogg.npy,brnhao1,26
commoo3_XC509416.ogg.npy,commoo3,40
asikoe2_XC786218.ogg.npy,asikoe2,4
cregos1_XC575552.ogg.npy,cregos1,48
comsan_XC528121.ogg.npy,comsan,44
litspi1_XC165290.ogg.npy,litspi1,108
whtkin2_XC646725.ogg.npy,whtkin2,176
oripip1_XC804458.ogg.npy,oripip1,122
rufwoo2_XC815454.ogg.npy,rufwoo2,147
blakit1_XC462026.ogg.npy,blakit1,17
nutman_XC594276.ogg.npy,nutman,120
woosan_XC282815.ogg.npy,woosan,177
bkwsti_XC698387.ogg.npy,bkwsti,14
litegr_XC499178.ogg.npy,litegr,106
graher1_XC789426.ogg.npy,graher1,62
asikoe2_XC769757.ogg.npy,asikoe2,4
zitcis1_XC245643.ogg.npy,zitcis1,181
rewbul_XC713308.ogg.npy,rewbul,140
spodov_XC495643.ogg.npy,spodov,155
graher1_XC73272.ogg.npy,graher1,62
crseag1_XC713654.ogg.npy,crseag1,50
eucdov_XC810466.ogg.npy,eucdov,55
plapri1_XC828510.ogg.npy,plapri1,129
woosan_XC668879.ogg.npy,woosan,177
junbab2_XC122848.ogg.npy,junbab2,95
rocpig_XC387816.ogg.npy,rocpig,142
eaywag1_XC669888.ogg.npy,eaywag1,53
woosan_XC718683.ogg.npy,woosan,177
grewar3_XC577745.ogg.npy,grewar3,70
hoopoe_XC559875.ogg.npy,hoopoe,80
blnmon1_XC808533.ogg.npy,blnmon1,19
brnshr_XC504030.ogg.npy,brnshr,27
piebus1_XC240348.ogg.npy,piebus1,125
comsan_XC56589.ogg.npy,comsan,44
comkin1_XC616339.ogg.npy,comkin1,39
insowl1_XC776352.ogg.npy,insowl1,91
inbrob1_XC312269.ogg.npy,inbrob1,83
comgre_XC276845.ogg.npy,comgre,37
gyhcaf1_XC237544.ogg.npy,gyhcaf1,78
bcnher_XC548602.ogg.npy,bcnher,10
brwowl1_XC761264.ogg.npy,brwowl1,30
eurcoo_XC656834.ogg.npy,eurcoo,57
greegr_XC466555.ogg.npy,greegr,65
crseag1_XC529199.ogg.npy,crseag1,50
crseag1_XC639440.ogg.npy,crseag1,50
aspfly1_XC195086.ogg.npy,aspfly1,6
barswa_XC584761.ogg.npy,barswa,9
rorpar_XC499452.ogg.npy,rorpar,143
woosan_XC742928.ogg.npy,woosan,177
rorpar_XC505122.ogg.npy,rorpar,143
commoo3_XC542359.ogg.npy,commoo3,40
graher1_XC492247.ogg.npy,graher1,62
aspswi1_XC425063.ogg.npy,aspswi1,7
copbar1_XC797864.ogg.npy,copbar1,46
bcnher_XC184166.ogg.npy,bcnher,10
laudov1_XC444437.ogg.npy,laudov1,101
categr_XC740802.ogg.npy,categr,33
vefnut1_XC31587.ogg.npy,vefnut1,163
purher1_XC839836.ogg.npy,purher1,132
comkin1_XC713514.ogg.npy,comkin1,39
eaywag1_XC156578.ogg.npy,eaywag1,53
rewlap1_XC407852.ogg.npy,rewlap1,141
pursun3_XC157474.ogg.npy,pursun3,133
tibfly3_XC642747.ogg.npy,tibfly3,161
eurcoo_XC608167.ogg.npy,eurcoo,57
bcnher_XC572833.ogg.npy,bcnher,10
whbwat1_XC579437.ogg.npy,whbwat1,171
whbtre1_XC317374.ogg.npy,whbtre1,169
whiter2_XC845740.ogg.npy,whiter2,174
barswa_XC367332.ogg.npy,barswa,9
bkskit1_XC350266.ogg.npy,bkskit1,13
brodro1_XC424127.ogg.npy,brodro1,28
purswa3_XC579300.ogg.npy,purswa3,135
bkcbul1_XC214647.ogg.npy,bkcbul1,11
asikoe2_XC440991.ogg.npy,asikoe2,4
whbtre1_XC348378.ogg.npy,whbtre1,169
eucdov_XC647599.ogg.npy,eucdov,55
hoopoe_XC856149.ogg.npy,hoopoe,80
litegr_XC734482.ogg.npy,litegr,106
rewlap1_XC756441.ogg.npy,rewlap1,141
whtkin2_XC461881.ogg.npy,whtkin2,176
comtai1_XC441532.ogg.npy,comtai1,45
grewar3_XC184268.ogg.npy,grewar3,70
comsan_XC574645.ogg.npy,comsan,44
lesyel1_XC190815.ogg.npy,lesyel1,103
grtdro1_XC428613.ogg.npy,grtdro1,73
brnshr_XC458243.ogg.npy,brnshr,27
junbab2_XC493551.ogg.npy,junbab2,95
commoo3_XC553325.ogg.npy,commoo3,40
stbkin1_XC786594.ogg.npy,stbkin1,158
eucdov_XC455705.ogg.npy,eucdov,55
litswi1_XC610968.ogg.npy,litswi1,109
gyhcaf1_XC497007.ogg.npy,gyhcaf1,78
inbrob1_XC812019.ogg.npy,inbrob1,83
commoo3_XC645062.ogg.npy,commoo3,40
comros_XC184135.ogg.npy,comros,43
hoopoe_XC181371.ogg.npy,hoopoe,80
bladro1_XC719762.ogg.npy,bladro1,15
bkwsti_XC644209.ogg.npy,bkwsti,14
grywag_XC768276.ogg.npy,grywag,76
bkskit1_XC352574.ogg.npy,bkskit1,13
eurcoo_XC208646.ogg.npy,eurcoo,57
gybpri1_XC584165.ogg.npy,gybpri1,77
commyn_XC577886.ogg.npy,commyn,41
hoopoe_XC278457.ogg.npy,hoopoe,80
comior1_XC151312.ogg.npy,comior1,38
woosan_XC25111.ogg.npy,woosan,177
putbab1_XC371645.ogg.npy,putbab1,136
brnshr_XC293536.ogg.npy,brnshr,27
indrob1_XC355573.ogg.npy,indrob1,85
rewlap1_XC310872.ogg.npy,rewlap1,141
bcnher_XC746436.ogg.npy,bcnher,10
indrob1_XC576603.ogg.npy,indrob1,85
grtdro1_XC150639.ogg.npy,grtdro1,73
brcful1_XC612206.ogg.npy,brcful1,24
bkwsti_XC573631.ogg.npy,bkwsti,14
comkin1_XC670137.ogg.npy,comkin1,39
graher1_XC625963.ogg.npy,graher1,62
litswi1_XC443705.ogg.npy,litswi1,109
graher1_XC580273.ogg.npy,graher1,62
whbbul2_XC207662.ogg.npy,whbbul2,167
bcnher_XC568293.ogg.npy,bcnher,10
eurbla2_XC206425.ogg.npy,eurbla2,56
lesyel1_XC209621.ogg.npy,lesyel1,103
brcful1_XC293700.ogg.npy,brcful1,24
lirplo_XC746590.ogg.npy,lirplo,105
gybpri1_XC792263.ogg.npy,gybpri1,77
asbfly_XC741066.ogg.npy,asbfly,0
revbul_XC19825.ogg.npy,revbul,139
purher1_XC673961.ogg.npy,purher1,132
barswa_XC370499.ogg.npy,barswa,9
lirplo_XC716986.ogg.npy,lirplo,105
litgre1_XC631702.ogg.npy,litgre1,107
litgre1_XC715307.ogg.npy,litgre1,107
commoo3_XC647976.ogg.npy,commoo3,40
graher1_XC434685.ogg.npy,graher1,62
eurcoo_XC42555.ogg.npy,eurcoo,57
hoopoe_XC560354.ogg.npy,hoopoe,80
eucdov_XC637562.ogg.npy,eucdov,55
commoo3_XC807088.ogg.npy,commoo3,40
eucdov_XC668305.ogg.npy,eucdov,55
kenplo1_XC718547.ogg.npy,kenplo1,98
commoo3_XC663631.ogg.npy,commoo3,40
grewar3_XC194550.ogg.npy,grewar3,70
blhori1_XC116436.ogg.npy,blhori1,18
comros_XC663016.ogg.npy,comros,43
woosan_XC551247.ogg.npy,woosan,177
piekin1_XC213967.ogg.npy,piekin1,126
eaywag1_XC313575.ogg.npy,eaywag1,53
zitcis1_XC474367.ogg.npy,zitcis1,181
comsan_XC744944.ogg.npy,comsan,44
malpar1_XC267342.ogg.npy,malpar1,112
categr_XC143600.ogg.npy,categr,33
spodov_XC441823.ogg.npy,spodov,155
eaywag1_XC646443.ogg.npy,eaywag1,53
litegr_XC854679.ogg.npy,litegr,106
purher1_XC319014.ogg.npy,purher1,132
barswa_XC623206.ogg.npy,barswa,9
bcnher_XC799975.ogg.npy,bcnher,10
graher1_XC602307.ogg.npy,graher1,62
asbfly_XC760532.ogg.npy,asbfly,0
houcro1_XC199819.ogg.npy,houcro1,81
ashwoo2_XC804139.ogg.npy,ashwoo2,3
sohmyn1_XC433017.ogg.npy,sohmyn1,153
grnwar1_XC208995.ogg.npy,grnwar1,72
brcful1_XC349434.ogg.npy,brcful1,24
comsan_XC727049.ogg.npy,comsan,44
thbwar1_XC117058.ogg.npy,thbwar1,160
graher1_XC742548.ogg.npy,graher1,62
wemhar1_XC189882.ogg.npy,wemhar1,166
houspa_XC780889.ogg.npy,houspa,82
ruftre2_XC493548.ogg.npy,ruftre2,146
eaywag1_XC370995.ogg.npy,eaywag1,53
bcnher_XC707713.ogg.npy,bcnher,10
litegr_XC333878.ogg.npy,litegr,106
heswoo1_XC659317.ogg.npy,heswoo1,79
rerswa1_XC310524.ogg.npy,rerswa1,138
eaywag1_XC645111.ogg.npy,eaywag1,53
asbfly_XC207738.ogg.npy,asbfly,0
rorpar_XC760108.ogg.npy,rorpar,143
bkwsti_XC774270.ogg.npy,bkwsti,14
comior1_XC573818.ogg.npy,comior1,38
comgre_XC489813.ogg.npy,comgre,37
shikra1_XC437636.ogg.npy,shikra1,151
eucdov_XC391109.ogg.npy,eucdov,55
blnmon1_XC215270.ogg.npy,blnmon1,19
hoopoe_XC264859.ogg.npy,hoopoe,80
eucdov_XC507349.ogg.npy,eucdov,55
comkin1_XC750660.ogg.npy,comkin1,39
copbar1_XC581699.ogg.npy,copbar1,46
whbwoo2_XC295436.ogg.npy,whbwoo2,172
bcnher_XC587854.ogg.npy,bcnher,10
blakit1_XC442335.ogg.npy,blakit1,17
whbwat1_XC318468.ogg.npy,whbwat1,171
comgre_XC781645.ogg.npy,comgre,37
bkwsti_XC268622.ogg.npy,bkwsti,14
lirplo_XC423395.ogg.npy,lirplo,105
litswi1_XC253696.ogg.npy,litswi1,109
blrwar1_XC570277.ogg.npy,blrwar1,20
grtdro1_XC575540.ogg.npy,grtdro1,73
litspi1_XC440795.ogg.npy,litspi1,108
grecou1_XC461220.ogg.npy,grecou1,64
hoopoe_XC472504.ogg.npy,hoopoe,80
grewar3_XC380660.ogg.npy,grewar3,70
zitcis1_XC550601.ogg.npy,zitcis1,181
comros_XC270317.ogg.npy,comros,43
barswa_XC831701.ogg.npy,barswa,9
litgre1_XC341035.ogg.npy,litgre1,107
hoopoe_XC240326.ogg.npy,hoopoe,80
bkwsti_XC182738.ogg.npy,bkwsti,14
brcful1_XC789886.ogg.npy,brcful1,24
brodro1_XC730953.ogg.npy,brodro1,28
marsan_XC649202.ogg.npy,marsan,115
eucdov_XC267937.ogg.npy,eucdov,55
yebbab1_XC207876.ogg.npy,yebbab1,179
purher1_XC643268.ogg.npy,purher1,132
revbul_XC317126.ogg.npy,revbul,139
grewar3_XC805504.ogg.npy,grewar3,70
commoo3_XC626601.ogg.npy,commoo3,40
putbab1_XC607034.ogg.npy,putbab1,136
comior1_XC783855.ogg.npy,comior1,38
litgre1_XC631208.ogg.npy,litgre1,107
rerswa1_XC627383.ogg.npy,rerswa1,138
wemhar1_XC617533.ogg.npy,wemhar1,166
litspi1_XC29579.ogg.npy,litspi1,108
greegr_XC679024.ogg.npy,greegr,65
woosan_XC559619.ogg.npy,woosan,177
grywag_XC430967.ogg.npy,grywag,76
categr_XC369827.ogg.npy,categr,33
houspa_XC420852.ogg.npy,houspa,82
grywag_XC134897.ogg.npy,grywag,76
kenplo1_XC333813.ogg.npy,kenplo1,98
lirplo_XC837584.ogg.npy,lirplo,105
zitcis1_XC377257.ogg.npy,zitcis1,181
whbwat1_XC756459.ogg.npy,whbwat1,171
ashdro1_XC335024.ogg.npy,ashdro1,1
stbkin1_XC362717.ogg.npy,stbkin1,158
graher1_XC601173.ogg.npy,graher1,62
eucdov_XC791491.ogg.npy,eucdov,55
nutman_XC689440.ogg.npy,nutman,120
houspa_XC316309.ogg.npy,houspa,82
commoo3_XC715308.ogg.npy,commoo3,40
blakit1_XC372290.ogg.npy,blakit1,17
bkwsti_XC795869.ogg.npy,bkwsti,14
woosan_XC494020.ogg.npy,woosan,177
aspfly1_XC400498.ogg.npy,aspfly1,6
comsan_XC606345.ogg.npy,comsan,44
brnshr_XC681928.ogg.npy,brnshr,27
zitcis1_XC562228.ogg.npy,zitcis1,181
brnshr_XC855522.ogg.npy,brnshr,27
grywag_XC507685.ogg.npy,grywag,76
grewar3_XC374674.ogg.npy,grewar3,70
grewar3_XC135405.ogg.npy,grewar3,70
grnsan_XC799608.ogg.npy,grnsan,71
plapri1_XC749750.ogg.npy,plapri1,129
rorpar_XC688327.ogg.npy,rorpar,143
eucdov_XC812545.ogg.npy,eucdov,55
greegr_XC161274.ogg.npy,greegr,65
graher1_XC757679.ogg.npy,graher1,62
bcnher_XC544765.ogg.npy,bcnher,10
whbwag1_XC568899.ogg.npy,whbwag1,170
asikoe2_XC523554.ogg.npy,asikoe2,4
lirplo_XC828922.ogg.npy,lirplo,105
grtdro1_XC362691.ogg.npy,grtdro1,73
blnmon1_XC781820.ogg.npy,blnmon1,19
copbar1_XC778547.ogg.npy,copbar1,46
heswoo1_XC857685.ogg.npy,heswoo1,79
grnsan_XC658875.ogg.npy,grnsan,71
whcbar1_XC342685.ogg.npy,whcbar1,173
litegr_XC332727.ogg.npy,litegr,106
greegr_XC143577.ogg.npy,greegr,65
woosan_XC500554.ogg.npy,woosan,177
pursun4_XC514852.ogg.npy,pursun4,134
gargan_XC708967.ogg.npy,gargan,59
indrol2_XC362062.ogg.npy,indrol2,86
asikoe2_XC604704.ogg.npy,asikoe2,4
rorpar_XC772774.ogg.npy,rorpar,143
litgre1_XC553117.ogg.npy,litgre1,107
greegr_XC515945.ogg.npy,greegr,65
comgre_XC791616.ogg.npy,comgre,37
litgre1_XC822651.ogg.npy,litgre1,107
woosan_XC659864.ogg.npy,woosan,177
putbab1_XC844004.ogg.npy,putbab1,136
grnsan_XC768063.ogg.npy,grnsan,71
comkin1_XC795701.ogg.npy,comkin1,39
comkin1_XC397189.ogg.npy,comkin1,39
woosan_XC586200.ogg.npy,woosan,177
eurcoo_XC468908.ogg.npy,eurcoo,57
sohmyn1_XC192973.ogg.npy,sohmyn1,153
litswi1_XC439709.ogg.npy,litswi1,109
pabflo1_XC582559.ogg.npy,pabflo1,123
barswa_XC662037.ogg.npy,barswa,9
forwag1_XC737331.ogg.npy,forwag1,58
labcro1_XC388536.ogg.npy,labcro1,100
woosan_XC804942.ogg.npy,woosan,177
rocpig_XC453907.ogg.npy,rocpig,142
rocpig_XC536370.ogg.npy,rocpig,142
houspa_XC308049.ogg.npy,houspa,82
lirplo_XC563987.ogg.npy,lirplo,105
plhpar1_XC571784.ogg.npy,plhpar1,130
comros_XC803368.ogg.npy,comros,43
bcnher_XC800981.ogg.npy,bcnher,10
brcful1_XC604275.ogg.npy,brcful1,24
rerswa1_XC463164.ogg.npy,rerswa1,138
blhori1_XC548048.ogg.npy,blhori1,18
rocpig_XC568146.ogg.npy,rocpig,142
litegr_XC724761.ogg.npy,litegr,106
revbul_XC514070.ogg.npy,revbul,139
comgre_XC639585.ogg.npy,comgre,37
commoo3_XC792813.ogg.npy,commoo3,40
grnwar1_XC472273.ogg.npy,grnwar1,72
bkwsti_XC675515.ogg.npy,bkwsti,14
eurcoo_XC714561.ogg.npy,eurcoo,57
whbwat1_XC365727.ogg.npy,whbwat1,171
inbrob1_XC555892.ogg.npy,inbrob1,83
houspa_XC696160.ogg.npy,houspa,82
grewar3_XC808216.ogg.npy,grewar3,70
brnhao1_XC610759.ogg.npy,brnhao1,26
hoopoe_XC551275.ogg.npy,hoopoe,80
rorpar_XC780690.ogg.npy,rorpar,143
gargan_XC786449.ogg.npy,gargan,59
gyhcaf1_XC560428.ogg.npy,gyhcaf1,78
litgre1_XC551463.ogg.npy,litgre1,107
blhori1_XC246647.ogg.npy,blhori1,18
plapri1_XC546359.ogg.npy,plapri1,129
bkwsti_XC736134.ogg.npy,bkwsti,14
lirplo_XC837686.ogg.npy,lirplo,105
litgre1_XC637542.ogg.npy,litgre1,107
houspa_XC586546.ogg.npy,houspa,82
rorpar_XC522975.ogg.npy,rorpar,143
eucdov_XC540956.ogg.npy,eucdov,55
comtai1_XC643393.ogg.npy,comtai1,45
bcnher_XC636236.ogg.npy,bcnher,10
rorpar_XC283186.ogg.npy,rorpar,143
graher1_XC496723.ogg.npy,graher1,62
bkwsti_XC282920.ogg.npy,bkwsti,14
plapri1_XC812275.ogg.npy,plapri1,129
wemhar1_XC649769.ogg.npy,wemhar1,166
hoopoe_XC570623.ogg.npy,hoopoe,80
graher1_XC786428.ogg.npy,graher1,62
comros_XC319174.ogg.npy,comros,43
commoo3_XC641054.ogg.npy,commoo3,40
nutman_XC829156.ogg.npy,nutman,120
bwfshr1_XC700605.ogg.npy,bwfshr1,32
sttwoo1_XC640480.ogg.npy,sttwoo1,159
btbeat1_XC743619.ogg.npy,btbeat1,31
shikra1_XC145284.ogg.npy,shikra1,151
bkwsti_XC338803.ogg.npy,bkwsti,14
rocpig_XC485507.ogg.npy,rocpig,142
ruftre2_XC683048.ogg.npy,ruftre2,146
commoo3_XC727079.ogg.npy,commoo3,40
wemhar1_XC331375.ogg.npy,wemhar1,166
nutman_XC430462.ogg.npy,nutman,120
labcro1_XC312588.ogg.npy,labcro1,100
brakit1_XC456866.ogg.npy,brakit1,22
crseag1_XC457339.ogg.npy,crseag1,50
graher1_XC678621.ogg.npy,graher1,62
gargan_XC535718.ogg.npy,gargan,59
copbar1_XC351356.ogg.npy,copbar1,46
grtdro1_XC126628.ogg.npy,grtdro1,73
bcnher_XC585654.ogg.npy,bcnher,10
commoo3_XC645668.ogg.npy,commoo3,40
blrwar1_XC503974.ogg.npy,blrwar1,20
blnmon1_XC799470.ogg.npy,blnmon1,19
blrwar1_XC376442.ogg.npy,blrwar1,20
tilwar1_XC816488.ogg.npy,tilwar1,162
hoopoe_XC684937.ogg.npy,hoopoe,80
comtai1_XC808691.ogg.npy,comtai1,45
whtkin2_XC540090.ogg.npy,whtkin2,176
graher1_XC838411.ogg.npy,graher1,62
wemhar1_XC189883.ogg.npy,wemhar1,166
eurcoo_XC549609.ogg.npy,eurcoo,57
pursun3_XC684253.ogg.npy,pursun3,133
rorpar_XC164387.ogg.npy,rorpar,143
zitcis1_XC596858.ogg.npy,zitcis1,181
grnsan_XC635674.ogg.npy,grnsan,71
comgre_XC568852.ogg.npy,comgre,37
eaywag1_XC140811.ogg.npy,eaywag1,53
ruftre2_XC425927.ogg.npy,ruftre2,146
gargan_XC219387.ogg.npy,gargan,59
comior1_XC150891.ogg.npy,comior1,38
purher1_XC741513.ogg.npy,purher1,132
litgre1_XC605092.ogg.npy,litgre1,107
chbeat1_XC607189.ogg.npy,chbeat1,34
grewar3_XC318066.ogg.npy,grewar3,70
litgre1_XC553756.ogg.npy,litgre1,107
rorpar_XC309096.ogg.npy,rorpar,143
rorpar_XC464044.ogg.npy,rorpar,143
litegr_XC333873.ogg.npy,litegr,106
commyn_XC110874.ogg.npy,commyn,41
dafbab1_XC211239.ogg.npy,dafbab1,51
btbeat1_XC150622.ogg.npy,btbeat1,31
rerswa1_XC390262.ogg.npy,rerswa1,138
grywag_XC764250.ogg.npy,grywag,76
comros_XC651498.ogg.npy,comros,43
woosan_XC358470.ogg.npy,woosan,177
rorpar_XC116840.ogg.npy,rorpar,143
rewlap1_XC665908.ogg.npy,rewlap1,141
commyn_XC187497.ogg.npy,commyn,41
graher1_XC403593.ogg.npy,graher1,62
comkin1_XC454178.ogg.npy,comkin1,39
categr_XC332570.ogg.npy,categr,33
barswa_XC616076.ogg.npy,barswa,9
gloibi_XC732680.ogg.npy,gloibi,60
barswa_XC493016.ogg.npy,barswa,9
revbul_XC74214.ogg.npy,revbul,139
whtkin2_XC456685.ogg.npy,whtkin2,176
grywag_XC564806.ogg.npy,grywag,76
litgre1_XC548737.ogg.npy,litgre1,107
litswi1_XC344780.ogg.npy,litswi1,109
brwowl1_XC151382.ogg.npy,brwowl1,30
hoopoe_XC306215.ogg.npy,hoopoe,80
greegr_XC317155.ogg.npy,greegr,65
pabflo1_XC424194.ogg.npy,pabflo1,123
kenplo1_XC785263.ogg.npy,kenplo1,98
eaywag1_XC616918.ogg.npy,eaywag1,53
lirplo_XC670775.ogg.npy,lirplo,105
categr_XC143599.ogg.npy,categr,33
gargan_XC708866.ogg.npy,gargan,59
piekin1_XC515833.ogg.npy,piekin1,126
lirplo_XC554987.ogg.npy,lirplo,105
bcnher_XC277051.ogg.npy,bcnher,10
hoopoe_XC367786.ogg.npy,hoopoe,80
blrwar1_XC659137.ogg.npy,blrwar1,20
lblwar1_XC735994.ogg.npy,lblwar1,102
purher1_XC770477.ogg.npy,purher1,132
hoopoe_XC405400.ogg.npy,hoopoe,80
comtai1_XC771377.ogg.npy,comtai1,45
purswa3_XC604209.ogg.npy,purswa3,135
sbeowl1_XC777391.ogg.npy,sbeowl1,149
hoopoe_XC567146.ogg.npy,hoopoe,80
commoo3_XC787451.ogg.npy,commoo3,40
grnwar1_XC387651.ogg.npy,grnwar1,72
whiter2_XC318421.ogg.npy,whiter2,174
lirplo_XC688673.ogg.npy,lirplo,105
litswi1_XC810705.ogg.npy,litswi1,109
graher1_XC744928.ogg.npy,graher1,62
crseag1_XC856755.ogg.npy,crseag1,50
grtdro1_XC336529.ogg.npy,grtdro1,73
grywag_XC806670.ogg.npy,grywag,76
comgre_XC663214.ogg.npy,comgre,37
sohmyn1_XC652569.ogg.npy,sohmyn1,153
zitcis1_XC711288.ogg.npy,zitcis1,181
grehor1_XC304554.ogg.npy,grehor1,67
gargan_XC769829.ogg.npy,gargan,59
brcful1_XC502448.ogg.npy,brcful1,24
gloibi_XC310509.ogg.npy,gloibi,60
woosan_XC549750.ogg.npy,woosan,177
gargan_XC786511.ogg.npy,gargan,59
hoopoe_XC279094.ogg.npy,hoopoe,80
litgre1_XC798674.ogg.npy,litgre1,107
houcro1_XC73378.ogg.npy,houcro1,81
asbfly_XC49755.ogg.npy,asbfly,0
whcbar1_XC394014.ogg.npy,whcbar1,173
categr_XC783036.ogg.npy,categr,33
grywag_XC605978.ogg.npy,grywag,76
eaywag1_XC25775.ogg.npy,eaywag1,53
eurcoo_XC737655.ogg.npy,eurcoo,57
eaywag1_XC745617.ogg.npy,eaywag1,53
ingori1_XC289669.ogg.npy,ingori1,88
commyn_XC606056.ogg.npy,commyn,41
brnshr_XC510750.ogg.npy,brnshr,27
houspa_XC374431.ogg.npy,houspa,82
blnmon1_XC804123.ogg.npy,blnmon1,19
graher1_XC625206.ogg.npy,graher1,62
blakit1_XC180975.ogg.npy,blakit1,17
kenplo1_XC768156.ogg.npy,kenplo1,98
blnmon1_XC494427.ogg.npy,blnmon1,19
gargan_XC739272.ogg.npy,gargan,59
grewar3_XC483338.ogg.npy,grewar3,70
grywag_XC763315.ogg.npy,grywag,76
blakit1_XC467577.ogg.npy,blakit1,17
grywag_XC377028.ogg.npy,grywag,76
lirplo_XC541989.ogg.npy,lirplo,105
eaywag1_XC530535.ogg.npy,eaywag1,53
gargan_XC650915.ogg.npy,gargan,59
brodro1_XC284391.ogg.npy,brodro1,28
barswa_XC501814.ogg.npy,barswa,9
gybpri1_XC419415.ogg.npy,gybpri1,77
putbab1_XC210535.ogg.npy,putbab1,136
zitcis1_XC413325.ogg.npy,zitcis1,181
comgre_XC820709.ogg.npy,comgre,37
houcro1_XC596425.ogg.npy,houcro1,81
litegr_XC576974.ogg.npy,litegr,106
commyn_XC110873.ogg.npy,commyn,41
brnhao1_XC336095.ogg.npy,brnhao1,26
houspa_XC327006.ogg.npy,houspa,82
rorpar_XC489798.ogg.npy,rorpar,143
copbar1_XC710195.ogg.npy,copbar1,46
marsan_XC182915.ogg.npy,marsan,115
gyhcaf1_XC293597.ogg.npy,gyhcaf1,78
grewar3_XC630521.ogg.npy,grewar3,70
commoo3_XC608182.ogg.npy,commoo3,40
ashdro1_XC722650.ogg.npy,ashdro1,1
grnsan_XC622365.ogg.npy,grnsan,71
plapri1_XC789829.ogg.npy,plapri1,129
insowl1_XC174579.ogg.npy,insowl1,91
comsan_XC210583.ogg.npy,comsan,44
compea_XC677381.ogg.npy,compea,42
hoopoe_XC799485.ogg.npy,hoopoe,80
eurcoo_XC720901.ogg.npy,eurcoo,57
rocpig_XC840432.ogg.npy,rocpig,142
brwowl1_XC355111.ogg.npy,brwowl1,30
hoopoe_XC804256.ogg.npy,hoopoe,80
asikoe2_XC665212.ogg.npy,asikoe2,4
barswa_XC267418.ogg.npy,barswa,9
barswa_XC458633.ogg.npy,barswa,9
moipig1_XC204225.ogg.npy,moipig1,117
comsan_XC740418.ogg.npy,comsan,44
comkin1_XC598611.ogg.npy,comkin1,39
bkwsti_XC650922.ogg.npy,bkwsti,14
litgre1_XC625072.ogg.npy,litgre1,107
rutfly6_XC307615.ogg.npy,rutfly6,148
houcro1_XC826276.ogg.npy,houcro1,81
litegr_XC750464.ogg.npy,litegr,106
grywag_XC771871.ogg.npy,grywag,76
bkwsti_XC302858.ogg.npy,bkwsti,14
comros_XC350472.ogg.npy,comros,43
comkin1_XC757948.ogg.npy,comkin1,39
houspa_XC559874.ogg.npy,houspa,82
comsan_XC668435.ogg.npy,comsan,44
grnsan_XC740330.ogg.npy,grnsan,71
blnmon1_XC330166.ogg.npy,blnmon1,19
grywag_XC636678.ogg.npy,grywag,76
brcful1_XC216534.ogg.npy,brcful1,24
shikra1_XC771155.ogg.npy,shikra1,151
eaywag1_XC471560.ogg.npy,eaywag1,53
crseag1_XC622022.ogg.npy,crseag1,50
lirplo_XC804198.ogg.npy,lirplo,105
bcnher_XC786389.ogg.npy,bcnher,10
barswa_XC553706.ogg.npy,barswa,9
lirplo_XC263696.ogg.npy,lirplo,105
eaywag1_XC490919.ogg.npy,eaywag1,53
brnhao1_XC766806.ogg.npy,brnhao1,26
labcro1_XC823514.ogg.npy,labcro1,100
blakit1_XC511558.ogg.npy,blakit1,17
rocpig_XC645563.ogg.npy,rocpig,142
purswa3_XC715602.ogg.npy,purswa3,135
indrol2_XC659806.ogg.npy,indrol2,86
laudov1_XC398671.ogg.npy,laudov1,101
litgre1_XC638601.ogg.npy,litgre1,107
comior1_XC333576.ogg.npy,comior1,38
comgre_XC740393.ogg.npy,comgre,37
bladro1_XC643684.ogg.npy,bladro1,15
rufwoo2_XC780277.ogg.npy,rufwoo2,147
bkwsti_XC558422.ogg.npy,bkwsti,14
compea_XC779022.ogg.npy,compea,42
blrwar1_XC249229.ogg.npy,blrwar1,20
grnwar1_XC569036.ogg.npy,grnwar1,72
comkin1_XC763689.ogg.npy,comkin1,39
grefla1_XC665712.ogg.npy,grefla1,66
rerswa1_XC423913.ogg.npy,rerswa1,138
whbwat1_XC447294.ogg.npy,whbwat1,171
whbwag1_XC497102.ogg.npy,whbwag1,170
bkwsti_XC798711.ogg.npy,bkwsti,14
zitcis1_XC365728.ogg.npy,zitcis1,181
grecou1_XC599852.ogg.npy,grecou1,64
labcro1_XC126786.ogg.npy,labcro1,100
grtdro1_XC303535.ogg.npy,grtdro1,73
blrwar1_XC803898.ogg.npy,blrwar1,20
bcnher_XC829373.ogg.npy,bcnher,10
houcro1_XC684879.ogg.npy,houcro1,81
gloibi_XC263315.ogg.npy,gloibi,60
bladro1_XC710125.ogg.npy,bladro1,15
rorpar_XC856357.ogg.npy,rorpar,143
rocpig_XC323560.ogg.npy,rocpig,142
commoo3_XC436203.ogg.npy,commoo3,40
greegr_XC389241.ogg.npy,greegr,65
rossta2_XC184802.ogg.npy,rossta2,144
houspa_XC326675.ogg.npy,houspa,82
grnsan_XC843767.ogg.npy,grnsan,71
greegr_XC598967.ogg.npy,greegr,65
labcro1_XC446405.ogg.npy,labcro1,100
jerbus2_XC484951.ogg.npy,jerbus2,94
eucdov_XC563976.ogg.npy,eucdov,55
rorpar_XC681281.ogg.npy,rorpar,143
oripip1_XC756627.ogg.npy,oripip1,122
greegr_XC17012.ogg.npy,greegr,65
indtit1_XC497092.ogg.npy,indtit1,87
ashdro1_XC788753.ogg.npy,ashdro1,1
blrwar1_XC466292.ogg.npy,blrwar1,20
gryfra_XC209510.ogg.npy,gryfra,74
litgre1_XC741696.ogg.npy,litgre1,107
litswi1_XC439711.ogg.npy,litswi1,109
litegr_XC842808.ogg.npy,litegr,106
ruftre2_XC116856.ogg.npy,ruftre2,146
graher1_XC467836.ogg.npy,graher1,62
hoopoe_XC844515.ogg.npy,hoopoe,80
thbwar1_XC155668.ogg.npy,thbwar1,160
eurcoo_XC495532.ogg.npy,eurcoo,57
blnmon1_XC797708.ogg.npy,blnmon1,19
cregos1_XC756535.ogg.npy,cregos1,48
comsan_XC578772.ogg.npy,comsan,44
laudov1_XC558169.ogg.npy,laudov1,101
bkrfla1_XC209024.ogg.npy,bkrfla1,12
blrwar1_XC192131.ogg.npy,blrwar1,20
grnwar1_XC135003.ogg.npy,grnwar1,72
ruftre2_XC603703.ogg.npy,ruftre2,146
purher1_XC733409.ogg.npy,purher1,132
comgre_XC636834.ogg.npy,comgre,37
graher1_XC814112.ogg.npy,graher1,62
wemhar1_XC782714.ogg.npy,wemhar1,166
lirplo_XC419862.ogg.npy,lirplo,105
graher1_XC843037.ogg.npy,graher1,62
grecou1_XC664187.ogg.npy,grecou1,64
zitcis1_XC746456.ogg.npy,zitcis1,181
asbfly_XC396238.ogg.npy,asbfly,0
commoo3_XC545680.ogg.npy,commoo3,40
litgre1_XC664024.ogg.npy,litgre1,107
litgre1_XC292133.ogg.npy,litgre1,107
houspa_XC443100.ogg.npy,houspa,82
whtkin2_XC135397.ogg.npy,whtkin2,176
gloibi_XC702387.ogg.npy,gloibi,60
grtdro1_XC450264.ogg.npy,grtdro1,73
putbab1_XC239783.ogg.npy,putbab1,136
commoo3_XC780170.ogg.npy,commoo3,40
litgre1_XC737392.ogg.npy,litgre1,107
brodro1_XC794353.ogg.npy,brodro1,28
grywag_XC679366.ogg.npy,grywag,76
bkwsti_XC623019.ogg.npy,bkwsti,14
blnmon1_XC754338.ogg.npy,blnmon1,19
wemhar1_XC184349.ogg.npy,wemhar1,166
labcro1_XC307471.ogg.npy,labcro1,100
ruftre2_XC779582.ogg.npy,ruftre2,146
woosan_XC197615.ogg.npy,woosan,177
rocpig_XC348079.ogg.npy,rocpig,142
houspa_XC696721.ogg.npy,houspa,82
nutman_XC441713.ogg.npy,nutman,120
comkin1_XC785261.ogg.npy,comkin1,39
spodov_XC779583.ogg.npy,spodov,155
comior1_XC481330.ogg.npy,comior1,38
junbab2_XC282587.ogg.npy,junbab2,95
comgre_XC692931.ogg.npy,comgre,37
litegr_XC500271.ogg.npy,litegr,106
kenplo1_XC785265.ogg.npy,kenplo1,98
eurcoo_XC747843.ogg.npy,eurcoo,57
comsan_XC636686.ogg.npy,comsan,44
houspa_XC570222.ogg.npy,houspa,82
comsan_XC645352.ogg.npy,comsan,44
laudov1_XC432846.ogg.npy,laudov1,101
eucdov_XC37443.ogg.npy,eucdov,55
compea_XC452044.ogg.npy,compea,42
bcnher_XC538087.ogg.npy,bcnher,10
bkwsti_XC815231.ogg.npy,bkwsti,14
eaywag1_XC765891.ogg.npy,eaywag1,53
graher1_XC382551.ogg.npy,graher1,62
zitcis1_XC180969.ogg.npy,zitcis1,181
comior1_XC570894.ogg.npy,comior1,38
grewar3_XC355994.ogg.npy,grewar3,70
commoo3_XC725348.ogg.npy,commoo3,40
eaywag1_XC507676.ogg.npy,eaywag1,53
piebus1_XC787776.ogg.npy,piebus1,125
brcful1_XC666044.ogg.npy,brcful1,24
comtai1_XC788042.ogg.npy,comtai1,45
grnwar1_XC193501.ogg.npy,grnwar1,72
eaywag1_XC744751.ogg.npy,eaywag1,53
eurcoo_XC537758.ogg.npy,eurcoo,57
blakit1_XC745869.ogg.npy,blakit1,17
commyn_XC528946.ogg.npy,commyn,41
litgre1_XC807842.ogg.npy,litgre1,107
purher1_XC679461.ogg.npy,purher1,132
rerswa1_XC826359.ogg.npy,rerswa1,138
brwowl1_XC355112.ogg.npy,brwowl1,30
comior1_XC350564.ogg.npy,comior1,38
litgre1_XC589694.ogg.npy,litgre1,107
comkin1_XC265783.ogg.npy,comkin1,39
bcnher_XC298152.ogg.npy,bcnher,10
comgre_XC842857.ogg.npy,comgre,37
rossta2_XC652558.ogg.npy,rossta2,144
grewar3_XC243498.ogg.npy,grewar3,70
barswa_XC798895.ogg.npy,barswa,9
categr_XC666212.ogg.npy,categr,33
whbtre1_XC783990.ogg.npy,whbtre1,169
commoo3_XC543185.ogg.npy,commoo3,40
grnwar1_XC727580.ogg.npy,grnwar1,72
putbab1_XC665575.ogg.npy,putbab1,136
comros_XC264060.ogg.npy,comros,43
darter2_XC684290.ogg.npy,darter2,52
spodov_XC364383.ogg.npy,spodov,155
spodov_XC441821.ogg.npy,spodov,155
purher1_XC827704.ogg.npy,purher1,132
zitcis1_XC434461.ogg.npy,zitcis1,181
pabflo1_XC652770.ogg.npy,pabflo1,123
stbkin1_XC496178.ogg.npy,stbkin1,158
nutman_XC150004.ogg.npy,nutman,120
whbwat1_XC637258.ogg.npy,whbwat1,171
comkin1_XC511674.ogg.npy,comkin1,39
grecou1_XC444275.ogg.npy,grecou1,64
nutman_XC359368.ogg.npy,nutman,120
rocpig_XC463506.ogg.npy,rocpig,142
grefla1_XC351883.ogg.npy,grefla1,66
whbwoo2_XC304557.ogg.npy,whbwoo2,172
piekin1_XC615863.ogg.npy,piekin1,126
grtdro1_XC197117.ogg.npy,grtdro1,73
grywag_XC664945.ogg.npy,grywag,76
litgre1_XC792113.ogg.npy,litgre1,107
grywag_XC636016.ogg.npy,grywag,76
stbkin1_XC545585.ogg.npy,stbkin1,158
labcro1_XC841865.ogg.npy,labcro1,100
houspa_XC233934.ogg.npy,houspa,82
grewar3_XC566575.ogg.npy,grewar3,70
eaywag1_XC334152.ogg.npy,eaywag1,53
piebus1_XC756603.ogg.npy,piebus1,125
comkin1_XC361636.ogg.npy,comkin1,39
piekin1_XC154207.ogg.npy,piekin1,126
eurcoo_XC702526.ogg.npy,eurcoo,57
zitcis1_XC809532.ogg.npy,zitcis1,181
barswa_XC819819.ogg.npy,barswa,9
shikra1_XC736327.ogg.npy,shikra1,151
bkrfla1_XC552421.ogg.npy,bkrfla1,12
comior1_XC150690.ogg.npy,comior1,38
whbwoo2_XC240391.ogg.npy,whbwoo2,172
comgre_XC666315.ogg.npy,comgre,37
blrwar1_XC560255.ogg.npy,blrwar1,20
zitcis1_XC480393.ogg.npy,zitcis1,181
rossta2_XC685680.ogg.npy,rossta2,144
whtkin2_XC381376.ogg.npy,whtkin2,176
eurcoo_XC595687.ogg.npy,eurcoo,57
revbul_XC573351.ogg.npy,revbul,139
brodro1_XC504516.ogg.npy,brodro1,28
zitcis1_XC768498.ogg.npy,zitcis1,181
comtai1_XC454040.ogg.npy,comtai1,45
bkskit1_XC360515.ogg.npy,bkskit1,13
rocpig_XC689835.ogg.npy,rocpig,142
chbeat1_XC782497.ogg.npy,chbeat1,34
litegr_XC665471.ogg.npy,litegr,106
lirplo_XC801546.ogg.npy,lirplo,105
wemhar1_XC442405.ogg.npy,wemhar1,166
ashpri1_XC568902.ogg.npy,ashpri1,2
hoopoe_XC462754.ogg.npy,hoopoe,80
compea_XC747634.ogg.npy,compea,42
grnsan_XC269809.ogg.npy,grnsan,71
thbwar1_XC755639.ogg.npy,thbwar1,160
scamin3_XC135331.ogg.npy,scamin3,150
grywag_XC485886.ogg.npy,grywag,76
comior1_XC775654.ogg.npy,comior1,38
greegr_XC401201.ogg.npy,greegr,65
brodro1_XC627933.ogg.npy,brodro1,28
dafbab1_XC197745.ogg.npy,dafbab1,51
bkwsti_XC555009.ogg.npy,bkwsti,14
wemhar1_XC627646.ogg.npy,wemhar1,166
eucdov_XC317633.ogg.npy,eucdov,55
eaywag1_XC819478.ogg.npy,eaywag1,53
blrwar1_XC377804.ogg.npy,blrwar1,20
grefla1_XC619761.ogg.npy,grefla1,66
comsan_XC719617.ogg.npy,comsan,44
bkcbul1_XC659323.ogg.npy,bkcbul1,11
grecou1_XC711688.ogg.npy,grecou1,64
grnsan_XC671657.ogg.npy,grnsan,71
litegr_XC305439.ogg.npy,litegr,106
gyhcaf1_XC431740.ogg.npy,gyhcaf1,78
ruftre2_XC168316.ogg.npy,ruftre2,146
graher1_XC667492.ogg.npy,graher1,62
hoopoe_XC560369.ogg.npy,hoopoe,80
comgre_XC833870.ogg.npy,comgre,37
woosan_XC64711.ogg.npy,woosan,177
categr_XC274824.ogg.npy,categr,33
bladro1_XC336964.ogg.npy,bladro1,15
vefnut1_XC741606.ogg.npy,vefnut1,163
comsan_XC831024.ogg.npy,comsan,44
brodro1_XC304219.ogg.npy,brodro1,28
copbar1_XC293722.ogg.npy,copbar1,46
eaywag1_XC675940.ogg.npy,eaywag1,53
woosan_XC635332.ogg.npy,woosan,177
brnhao1_XC610758.ogg.npy,brnhao1,26
rewbul_XC715605.ogg.npy,rewbul,140
hoopoe_XC686113.ogg.npy,hoopoe,80
comkin1_XC714178.ogg.npy,comkin1,39
hoopoe_XC410992.ogg.npy,hoopoe,80
grnwar1_XC482685.ogg.npy,grnwar1,72
blnmon1_XC406614.ogg.npy,blnmon1,19
cohcuc1_XC572403.ogg.npy,cohcuc1,35
bcnher_XC466179.ogg.npy,bcnher,10
eucdov_XC655243.ogg.npy,eucdov,55
grecou1_XC209197.ogg.npy,grecou1,64
eurcoo_XC710452.ogg.npy,eurcoo,57
comsan_XC548720.ogg.npy,comsan,44
zitcis1_XC568231.ogg.npy,zitcis1,181
redspu1_XC668357.ogg.npy,redspu1,137
zitcis1_XC500830.ogg.npy,zitcis1,181
comkin1_XC767390.ogg.npy,comkin1,39
pursun4_XC453728.ogg.npy,pursun4,134
kenplo1_XC645958.ogg.npy,kenplo1,98
asbfly_XC842686.ogg.npy,asbfly,0
houspa_XC282810.ogg.npy,houspa,82
piekin1_XC515830.ogg.npy,piekin1,126
bkcbul1_XC783986.ogg.npy,bkcbul1,11
grbeat1_XC208575.ogg.npy,grbeat1,63
comgre_XC758226.ogg.npy,comgre,37
bcnher_XC725825.ogg.npy,bcnher,10
barswa_XC649964.ogg.npy,barswa,9
junowl1_XC403057.ogg.npy,junowl1,97
grywag_XC439045.ogg.npy,grywag,76
litgre1_XC301645.ogg.npy,litgre1,107
houspa_XC372954.ogg.npy,houspa,82
asikoe2_XC454504.ogg.npy,asikoe2,4
revbul_XC74216.ogg.npy,revbul,139
litgre1_XC716708.ogg.npy,litgre1,107
litgre1_XC639274.ogg.npy,litgre1,107
lirplo_XC736830.ogg.npy,lirplo,105
forwag1_XC684517.ogg.npy,forwag1,58
houspa_XC506733.ogg.npy,houspa,82
blnmon1_XC629849.ogg.npy,blnmon1,19
woosan_XC687198.ogg.npy,woosan,177
comros_XC318083.ogg.npy,comros,43
rorpar_XC267021.ogg.npy,rorpar,143
comior1_XC616809.ogg.npy,comior1,38
asbfly_XC396237.ogg.npy,asbfly,0
commoo3_XC536436.ogg.npy,commoo3,40
bcnher_XC707808.ogg.npy,bcnher,10
bkcbul1_XC196567.ogg.npy,bkcbul1,11
pursun4_XC651994.ogg.npy,pursun4,134
bcnher_XC595625.ogg.npy,bcnher,10
whbwag1_XC404483.ogg.npy,whbwag1,170
asikoe2_XC412822.ogg.npy,asikoe2,4
zitcis1_XC711693.ogg.npy,zitcis1,181
btbeat1_XC743618.ogg.npy,btbeat1,31
grnwar1_XC561185.ogg.npy,grnwar1,72
litgre1_XC802400.ogg.npy,litgre1,107
barswa_XC457827.ogg.npy,barswa,9
whtkin2_XC19919.ogg.npy,whtkin2,176
putbab1_XC473457.ogg.npy,putbab1,136
whiter2_XC568356.ogg.npy,whiter2,174
eaywag1_XC839399.ogg.npy,eaywag1,53
eurcoo_XC631755.ogg.npy,eurcoo,57
comior1_XC580710.ogg.npy,comior1,38
whiter2_XC520075.ogg.npy,whiter2,174
brcful1_XC666158.ogg.npy,brcful1,24
lirplo_XC583888.ogg.npy,lirplo,105
bkwsti_XC269383.ogg.npy,bkwsti,14
woosan_XC381824.ogg.npy,woosan,177
comkin1_XC543518.ogg.npy,comkin1,39
blrwar1_XC309524.ogg.npy,blrwar1,20
bkwsti_XC401709.ogg.npy,bkwsti,14
spodov_XC346126.ogg.npy,spodov,155
pabflo1_XC652777.ogg.npy,pabflo1,123
comsan_XC581607.ogg.npy,comsan,44
comros_XC807051.ogg.npy,comros,43
purher1_XC748507.ogg.npy,purher1,132
commoo3_XC637465.ogg.npy,commoo3,40
woosan_XC401916.ogg.npy,woosan,177
eaywag1_XC464877.ogg.npy,eaywag1,53
zitcis1_XC568236.ogg.npy,zitcis1,181
crseag1_XC572369.ogg.npy,crseag1,50
labcro1_XC615438.ogg.npy,labcro1,100
bcnher_XC722928.ogg.npy,bcnher,10
ruftre2_XC210277.ogg.npy,ruftre2,146
asbfly_XC647397.ogg.npy,asbfly,0
tibfly3_XC578343.ogg.npy,tibfly3,161
bcnher_XC742880.ogg.npy,bcnher,10
stbkin1_XC194141.ogg.npy,stbkin1,158
grewar3_XC808525.ogg.npy,grewar3,70
grbeat1_XC118201.ogg.npy,grbeat1,63
barswa_XC584275.ogg.npy,barswa,9
spepic1_XC787691.ogg.npy,spepic1,154
putbab1_XC816606.ogg.npy,putbab1,136
litegr_XC411011.ogg.npy,litegr,106
marsan_XC184466.ogg.npy,marsan,115
blrwar1_XC562320.ogg.npy,blrwar1,20
shikra1_XC689780.ogg.npy,shikra1,151
whtkin2_XC845718.ogg.npy,whtkin2,176
bladro1_XC596816.ogg.npy,bladro1,15
litegr_XC610492.ogg.npy,litegr,106
btbeat1_XC394049.ogg.npy,btbeat1,31
grnsan_XC791686.ogg.npy,grnsan,71
grywag_XC320629.ogg.npy,grywag,76
eucdov_XC364870.ogg.npy,eucdov,55
grtdro1_XC528892.ogg.npy,grtdro1,73
commoo3_XC560135.ogg.npy,commoo3,40
lirplo_XC807765.ogg.npy,lirplo,105
comkin1_XC748948.ogg.npy,comkin1,39
lirplo_XC646309.ogg.npy,lirplo,105
scamin3_XC207770.ogg.npy,scamin3,150
eurcoo_XC787718.ogg.npy,eurcoo,57
litgre1_XC551466.ogg.npy,litgre1,107
vefnut1_XC197738.ogg.npy,vefnut1,163
barswa_XC746615.ogg.npy,barswa,9
pursun4_XC856057.ogg.npy,pursun4,134
commyn_XC437110.ogg.npy,commyn,41
graher1_XC581421.ogg.npy,graher1,62
darter2_XC756478.ogg.npy,darter2,52
grewar3_XC488928.ogg.npy,grewar3,70
bkwsti_XC330305.ogg.npy,bkwsti,14
marsan_XC649221.ogg.npy,marsan,115
asikoe2_XC632413.ogg.npy,asikoe2,4
purher1_XC794530.ogg.npy,purher1,132
whiter2_XC840779.ogg.npy,whiter2,174
blrwar1_XC376441.ogg.npy,blrwar1,20
gloibi_XC139957.ogg.npy,gloibi,60
grnsan_XC419869.ogg.npy,grnsan,71
comsan_XC190288.ogg.npy,comsan,44
rewlap1_XC690229.ogg.npy,rewlap1,141
blakit1_XC115289.ogg.npy,blakit1,17
eaywag1_XC417164.ogg.npy,eaywag1,53
grewar3_XC482587.ogg.npy,grewar3,70
lirplo_XC384966.ogg.npy,lirplo,105
zitcis1_XC148898.ogg.npy,zitcis1,181
rerswa1_XC463162.ogg.npy,rerswa1,138
grejun2_XC410759.ogg.npy,grejun2,68
commoo3_XC714169.ogg.npy,commoo3,40
whbwat1_XC764940.ogg.npy,whbwat1,171
graher1_XC439391.ogg.npy,graher1,62
eucdov_XC789780.ogg.npy,eucdov,55
asiope1_XC194954.ogg.npy,asiope1,5
maghor2_XC122998.ogg.npy,maghor2,111
bkwsti_XC657559.ogg.npy,bkwsti,14
goflea1_XC684236.ogg.npy,goflea1,61
litegr_XC333978.ogg.npy,litegr,106
eurcoo_XC658199.ogg.npy,eurcoo,57
compea_XC487795.ogg.npy,compea,42
kerlau2_XC856476.ogg.npy,kerlau2,99
commoo3_XC839605.ogg.npy,commoo3,40
hoopoe_XC597972.ogg.npy,hoopoe,80
eucdov_XC444231.ogg.npy,eucdov,55
hoopoe_XC308068.ogg.npy,hoopoe,80
asikoe2_XC453708.ogg.npy,asikoe2,4
nutman_XC151096.ogg.npy,nutman,120
bkskit1_XC332538.ogg.npy,bkskit1,13
rorpar_XC784681.ogg.npy,rorpar,143
grywag_XC686515.ogg.npy,grywag,76
sbeowl1_XC740388.ogg.npy,sbeowl1,149
gyhcaf1_XC720381.ogg.npy,gyhcaf1,78
comior1_XC607197.ogg.npy,comior1,38
compea_XC723218.ogg.npy,compea,42
graher1_XC841416.ogg.npy,graher1,62
brodro1_XC114814.ogg.npy,brodro1,28
eurcoo_XC639700.ogg.npy,eurcoo,57
grnsan_XC567753.ogg.npy,grnsan,71
ashdro1_XC312667.ogg.npy,ashdro1,1
whcbar1_XC214143.ogg.npy,whcbar1,173
litswi1_XC466810.ogg.npy,litswi1,109
whrmun_XC840195.ogg.npy,whrmun,175
cohcuc1_XC382501.ogg.npy,cohcuc1,35
whiter2_XC415657.ogg.npy,whiter2,174
litspi1_XC413781.ogg.npy,litspi1,108
comkin1_XC757430.ogg.npy,comkin1,39
litgre1_XC422341.ogg.npy,litgre1,107
woosan_XC835012.ogg.npy,woosan,177
comkin1_XC763943.ogg.npy,comkin1,39
pursun4_XC74152.ogg.npy,pursun4,134
rorpar_XC157417.ogg.npy,rorpar,143
comkin1_XC823375.ogg.npy,comkin1,39
gloibi_XC263317.ogg.npy,gloibi,60
bcnher_XC684781.ogg.npy,bcnher,10
compea_XC453354.ogg.npy,compea,42
grnsan_XC831379.ogg.npy,grnsan,71
hoopoe_XC666153.ogg.npy,hoopoe,80
whiter2_XC807034.ogg.npy,whiter2,174
plhpar1_XC74075.ogg.npy,plhpar1,130
woosan_XC182905.ogg.npy,woosan,177
inbrob1_XC768716.ogg.npy,inbrob1,83
houspa_XC791600.ogg.npy,houspa,82
eurcoo_XC385139.ogg.npy,eurcoo,57
pursun4_XC133777.ogg.npy,pursun4,134
piekin1_XC515974.ogg.npy,piekin1,126
blakit1_XC431988.ogg.npy,blakit1,17
spoowl1_XC311911.ogg.npy,spoowl1,156
grecou1_XC266802.ogg.npy,grecou1,64
woosan_XC825322.ogg.npy,woosan,177
comgre_XC668873.ogg.npy,comgre,37
rorpar_XC209713.ogg.npy,rorpar,143
bkwsti_XC269609.ogg.npy,bkwsti,14
stbkin1_XC332704.ogg.npy,stbkin1,158
barswa_XC760840.ogg.npy,barswa,9
whtkin2_XC698984.ogg.npy,whtkin2,176
piekin1_XC513883.ogg.npy,piekin1,126
grewar3_XC671970.ogg.npy,grewar3,70
malpar1_XC499664.ogg.npy,malpar1,112
comgre_XC736693.ogg.npy,comgre,37
woosan_XC530490.ogg.npy,woosan,177
indpit1_XC418037.ogg.npy,indpit1,84
sbeowl1_XC165251.ogg.npy,sbeowl1,149
bkskit1_XC352511.ogg.npy,bkskit1,13
greegr_XC443382.ogg.npy,greegr,65
eucdov_XC669824.ogg.npy,eucdov,55
blrwar1_XC248908.ogg.npy,blrwar1,20
goflea1_XC196745.ogg.npy,goflea1,61
comgre_XC685778.ogg.npy,comgre,37
putbab1_XC773622.ogg.npy,putbab1,136
litspi1_XC705583.ogg.npy,litspi1,108
bcnher_XC800686.ogg.npy,bcnher,10
zitcis1_XC126367.ogg.npy,zitcis1,181
nutman_XC856070.ogg.npy,nutman,120
ruftre2_XC446105.ogg.npy,ruftre2,146
vefnut1_XC113064.ogg.npy,vefnut1,163
oripip1_XC395097.ogg.npy,oripip1,122
litegr_XC643482.ogg.npy,litegr,106
aspswi1_XC578478.ogg.npy,aspswi1,7
rocpig_XC263182.ogg.npy,rocpig,142
houspa_XC771710.ogg.npy,houspa,82
bkwsti_XC313564.ogg.npy,bkwsti,14
crseag1_XC409338.ogg.npy,crseag1,50
grnsan_XC596559.ogg.npy,grnsan,71
eaywag1_XC495677.ogg.npy,eaywag1,53
whrmun_XC774288.ogg.npy,whrmun,175
blrwar1_XC805580.ogg.npy,blrwar1,20
litegr_XC341755.ogg.npy,litegr,106
asikoe2_XC735665.ogg.npy,asikoe2,4
grewar3_XC494691.ogg.npy,grewar3,70
purher1_XC496537.ogg.npy,purher1,132
gryfra_XC395091.ogg.npy,gryfra,74
grewar3_XC249128.ogg.npy,grewar3,70
lewduc1_XC754768.ogg.npy,lewduc1,104
blnmon1_XC786577.ogg.npy,blnmon1,19
goflea1_XC605970.ogg.npy,goflea1,61
zitcis1_XC578320.ogg.npy,zitcis1,181
commoo3_XC817687.ogg.npy,commoo3,40
bkwsti_XC277591.ogg.npy,bkwsti,14
greegr_XC304688.ogg.npy,greegr,65
litgre1_XC471768.ogg.npy,litgre1,107
plhpar1_XC604410.ogg.npy,plhpar1,130
grywag_XC486565.ogg.npy,grywag,76
copbar1_XC572499.ogg.npy,copbar1,46
comtai1_XC324989.ogg.npy,comtai1,45
comgre_XC125032.ogg.npy,comgre,37
comsan_XC580687.ogg.npy,comsan,44
indpit1_XC478480.ogg.npy,indpit1,84
blakit1_XC168353.ogg.npy,blakit1,17
houspa_XC322519.ogg.npy,houspa,82
eucdov_XC794189.ogg.npy,eucdov,55
putbab1_XC786454.ogg.npy,putbab1,136
forwag1_XC709140.ogg.npy,forwag1,58
zitcis1_XC663868.ogg.npy,zitcis1,181
litegr_XC333952.ogg.npy,litegr,106
indrob1_XC741506.ogg.npy,indrob1,85
comkin1_XC462875.ogg.npy,comkin1,39
gyhcaf1_XC242486.ogg.npy,gyhcaf1,78
piebus1_XC389524.ogg.npy,piebus1,125
eucdov_XC143438.ogg.npy,eucdov,55
barswa_XC57672.ogg.npy,barswa,9
whbwoo2_XC756132.ogg.npy,whbwoo2,172
rerswa1_XC810556.ogg.npy,rerswa1,138
brodro1_XC365151.ogg.npy,brodro1,28
grtdro1_XC684399.ogg.npy,grtdro1,73
blrwar1_XC569430.ogg.npy,blrwar1,20
commyn_XC379930.ogg.npy,commyn,41
labcro1_XC193710.ogg.npy,labcro1,100
litegr_XC322161.ogg.npy,litegr,106
sohmyn1_XC564482.ogg.npy,sohmyn1,153
whrmun_XC853725.ogg.npy,whrmun,175
comgre_XC647782.ogg.npy,comgre,37
houspa_XC553005.ogg.npy,houspa,82
gyhcaf1_XC116630.ogg.npy,gyhcaf1,78
lirplo_XC566228.ogg.npy,lirplo,105
grewar3_XC599949.ogg.npy,grewar3,70
eaywag1_XC591899.ogg.npy,eaywag1,53
graher1_XC712491.ogg.npy,graher1,62
grywag_XC834990.ogg.npy,grywag,76
rorpar_XC201704.ogg.npy,rorpar,143
btbeat1_XC453340.ogg.npy,btbeat1,31
commyn_XC684628.ogg.npy,commyn,41
stbkin1_XC681280.ogg.npy,stbkin1,158
comsan_XC662120.ogg.npy,comsan,44
commoo3_XC626225.ogg.npy,commoo3,40
comros_XC324846.ogg.npy,comros,43
grtdro1_XC528904.ogg.npy,grtdro1,73
grtdro1_XC469382.ogg.npy,grtdro1,73
woosan_XC669862.ogg.npy,woosan,177
comgre_XC484266.ogg.npy,comgre,37
whbwoo2_XC209939.ogg.npy,whbwoo2,172
litegr_XC555825.ogg.npy,litegr,106
comgre_XC312857.ogg.npy,comgre,37
gargan_XC182412.ogg.npy,gargan,59
grywag_XC507370.ogg.npy,grywag,76
comros_XC570649.ogg.npy,comros,43
asikoe2_XC735666.ogg.npy,asikoe2,4
commoo3_XC544779.ogg.npy,commoo3,40
wemhar1_XC613639.ogg.npy,wemhar1,166
piekin1_XC665952.ogg.npy,piekin1,126
whrmun_XC778691.ogg.npy,whrmun,175
whbwat1_XC207874.ogg.npy,whbwat1,171
eucdov_XC37442.ogg.npy,eucdov,55
grtdro1_XC215621.ogg.npy,grtdro1,73
comsan_XC824136.ogg.npy,comsan,44
revbul_XC115437.ogg.npy,revbul,139
ashdro1_XC639829.ogg.npy,ashdro1,1
spodov_XC723482.ogg.npy,spodov,155
rocpig_XC465539.ogg.npy,rocpig,142
sohmyn1_XC464129.ogg.npy,sohmyn1,153
litegr_XC581128.ogg.npy,litegr,106
copbar1_XC519462.ogg.npy,copbar1,46
moipig1_XC722658.ogg.npy,moipig1,117
grywag_XC357922.ogg.npy,grywag,76
purswa3_XC537106.ogg.npy,purswa3,135
mawthr1_XC324014.ogg.npy,mawthr1,116
lewduc1_XC446274.ogg.npy,lewduc1,104
whtkin2_XC125392.ogg.npy,whtkin2,176
rufwoo2_XC151090.ogg.npy,rufwoo2,147
blnmon1_XC775951.ogg.npy,blnmon1,19
barswa_XC607346.ogg.npy,barswa,9
whiter2_XC193639.ogg.npy,whiter2,174
eucdov_XC380916.ogg.npy,eucdov,55
thbwar1_XC484890.ogg.npy,thbwar1,160
grewar3_XC418609.ogg.npy,grewar3,70
eaywag1_XC765752.ogg.npy,eaywag1,53
brwjac1_XC698144.ogg.npy,brwjac1,29
comros_XC484119.ogg.npy,comros,43
lirplo_XC570030.ogg.npy,lirplo,105
grtdro1_XC610298.ogg.npy,grtdro1,73
rewbul_XC301706.ogg.npy,rewbul,140
bwfshr1_XC267352.ogg.npy,bwfshr1,32
whiter2_XC446358.ogg.npy,whiter2,174
indrob1_XC681282.ogg.npy,indrob1,85
purher1_XC827227.ogg.npy,purher1,132
grewar3_XC187511.ogg.npy,grewar3,70
rorpar_XC646206.ogg.npy,rorpar,143
oripip1_XC756581.ogg.npy,oripip1,122
comtai1_XC829165.ogg.npy,comtai1,45
gyhcaf1_XC653835.ogg.npy,gyhcaf1,78
marsan_XC811240.ogg.npy,marsan,115
kenplo1_XC144531.ogg.npy,kenplo1,98
barswa_XC372598.ogg.npy,barswa,9
lirplo_XC545409.ogg.npy,lirplo,105
blrwar1_XC565995.ogg.npy,blrwar1,20
woosan_XC821355.ogg.npy,woosan,177
blrwar1_XC313296.ogg.npy,blrwar1,20
houcro1_XC163856.ogg.npy,houcro1,81
hoopoe_XC644371.ogg.npy,hoopoe,80
ashpri1_XC401869.ogg.npy,ashpri1,2
ashpri1_XC657869.ogg.npy,ashpri1,2
rewbul_XC196576.ogg.npy,rewbul,140
blhori1_XC416102.ogg.npy,blhori1,18
litegr_XC333941.ogg.npy,litegr,106
litgre1_XC716547.ogg.npy,litgre1,107
wemhar1_XC538564.ogg.npy,wemhar1,166
rerswa1_XC330426.ogg.npy,rerswa1,138
hoopoe_XC170885.ogg.npy,hoopoe,80
grehor1_XC240631.ogg.npy,grehor1,67
gyhcaf1_XC459664.ogg.npy,gyhcaf1,78
grewar3_XC462673.ogg.npy,grewar3,70
eucdov_XC734500.ogg.npy,eucdov,55
comkin1_XC824564.ogg.npy,comkin1,39
revbul_XC129368.ogg.npy,revbul,139
plapri1_XC804179.ogg.npy,plapri1,129
litspi1_XC632290.ogg.npy,litspi1,108
indpit1_XC491004.ogg.npy,indpit1,84
purher1_XC432223.ogg.npy,purher1,132
orihob2_XC747314.ogg.npy,orihob2,121
wemhar1_XC608640.ogg.npy,wemhar1,166
comkin1_XC466765.ogg.npy,comkin1,39
gloibi_XC312183.ogg.npy,gloibi,60
asbfly_XC267681.ogg.npy,asbfly,0
piebus1_XC165050.ogg.npy,piebus1,125
purher1_XC635337.ogg.npy,purher1,132
whiter2_XC305350.ogg.npy,whiter2,174
asikoe2_XC504850.ogg.npy,asikoe2,4
comros_XC751003.ogg.npy,comros,43
indrob1_XC207644.ogg.npy,indrob1,85
laudov1_XC793660.ogg.npy,laudov1,101
comsan_XC477776.ogg.npy,comsan,44
goflea1_XC453724.ogg.npy,goflea1,61
eucdov_XC284421.ogg.npy,eucdov,55
houcro1_XC690877.ogg.npy,houcro1,81
labcro1_XC305251.ogg.npy,labcro1,100
bkwsti_XC698431.ogg.npy,bkwsti,14
asbfly_XC530877.ogg.npy,asbfly,0
rorpar_XC746905.ogg.npy,rorpar,143
asikoe2_XC459285.ogg.npy,asikoe2,4
houcro1_XC479822.ogg.npy,houcro1,81
laudov1_XC588096.ogg.npy,laudov1,101
categr_XC838629.ogg.npy,categr,33
rewbul_XC406125.ogg.npy,rewbul,140
zitcis1_XC383362.ogg.npy,zitcis1,181
nutman_XC448801.ogg.npy,nutman,120
comsan_XC795774.ogg.npy,comsan,44
rocpig_XC453908.ogg.npy,rocpig,142
blakit1_XC466286.ogg.npy,blakit1,17
lewduc1_XC786918.ogg.npy,lewduc1,104
gloibi_XC744142.ogg.npy,gloibi,60
brnhao1_XC684827.ogg.npy,brnhao1,26
gyhcaf1_XC162997.ogg.npy,gyhcaf1,78
redspu1_XC623939.ogg.npy,redspu1,137
lirplo_XC543491.ogg.npy,lirplo,105
blrwar1_XC565725.ogg.npy,blrwar1,20
grnsan_XC791829.ogg.npy,grnsan,71
eucdov_XC322661.ogg.npy,eucdov,55
greegr_XC605061.ogg.npy,greegr,65
categr_XC624047.ogg.npy,categr,33
lblwar1_XC191729.ogg.npy,lblwar1,102
comgre_XC569706.ogg.npy,comgre,37
comkin1_XC596894.ogg.npy,comkin1,39
whbwat1_XC843764.ogg.npy,whbwat1,171
kenplo1_XC339480.ogg.npy,kenplo1,98
asikoe2_XC359129.ogg.npy,asikoe2,4
btbeat1_XC681276.ogg.npy,btbeat1,31
eucdov_XC507345.ogg.npy,eucdov,55
grewar3_XC484202.ogg.npy,grewar3,70
eaywag1_XC384295.ogg.npy,eaywag1,53
ruftre2_XC445542.ogg.npy,ruftre2,146
rossta2_XC417269.ogg.npy,rossta2,144
bkwsti_XC646429.ogg.npy,bkwsti,14
grywag_XC639354.ogg.npy,grywag,76
woosan_XC647846.ogg.npy,woosan,177
zitcis1_XC126356.ogg.npy,zitcis1,181
bkwsti_XC324310.ogg.npy,bkwsti,14
whbwoo2_XC548110.ogg.npy,whbwoo2,172
blrwar1_XC418545.ogg.npy,blrwar1,20
grywag_XC745654.ogg.npy,grywag,76
barswa_XC293856.ogg.npy,barswa,9
litgre1_XC690151.ogg.npy,litgre1,107
blakit1_XC739794.ogg.npy,blakit1,17
eurcoo_XC783057.ogg.npy,eurcoo,57
eurcoo_XC543434.ogg.npy,eurcoo,57
litgre1_XC649876.ogg.npy,litgre1,107
bkskit1_XC353808.ogg.npy,bkskit1,13
asbfly_XC741067.ogg.npy,asbfly,0
vefnut1_XC777370.ogg.npy,vefnut1,163
gybpri1_XC684740.ogg.npy,gybpri1,77
grnsan_XC432942.ogg.npy,grnsan,71
blrwar1_XC423669.ogg.npy,blrwar1,20
barswa_XC820043.ogg.npy,barswa,9
litspi1_XC150862.ogg.npy,litspi1,108
whrmun_XC714346.ogg.npy,whrmun,175
blakit1_XC269711.ogg.npy,blakit1,17
grtdro1_XC150640.ogg.npy,grtdro1,73
bkwsti_XC269610.ogg.npy,bkwsti,14
zitcis1_XC195733.ogg.npy,zitcis1,181
grewar3_XC189949.ogg.npy,grewar3,70
gyhcaf1_XC399095.ogg.npy,gyhcaf1,78
indpit1_XC152816.ogg.npy,indpit1,84
rorpar_XC518999.ogg.npy,rorpar,143
rorpar_XC508360.ogg.npy,rorpar,143
yebbab1_XC545194.ogg.npy,yebbab1,179
eurcoo_XC367463.ogg.npy,eurcoo,57
grehor1_XC399884.ogg.npy,grehor1,67
rorpar_XC740700.ogg.npy,rorpar,143
labcro1_XC607201.ogg.npy,labcro1,100
smamin1_XC842525.ogg.npy,smamin1,152
whiter2_XC801928.ogg.npy,whiter2,174
cregos1_XC284411.ogg.npy,cregos1,48
putbab1_XC667042.ogg.npy,putbab1,136
comsan_XC455726.ogg.npy,comsan,44
eurcoo_XC546322.ogg.npy,eurcoo,57
zitcis1_XC378260.ogg.npy,zitcis1,181
emedov2_XC654498.ogg.npy,emedov2,54
eucdov_XC664607.ogg.npy,eucdov,55
litgre1_XC807971.ogg.npy,litgre1,107
barswa_XC142794.ogg.npy,barswa,9
grywag_XC293272.ogg.npy,grywag,76
grnwar1_XC741931.ogg.npy,grnwar1,72
ashpri1_XC267073.ogg.npy,ashpri1,2
zitcis1_XC554857.ogg.npy,zitcis1,181
categr_XC143602.ogg.npy,categr,33
comgre_XC530483.ogg.npy,comgre,37
blrwar1_XC378772.ogg.npy,blrwar1,20
grnwar1_XC724567.ogg.npy,grnwar1,72
graher1_XC267062.ogg.npy,graher1,62
brodro1_XC577845.ogg.npy,brodro1,28
putbab1_XC116282.ogg.npy,putbab1,136
purher1_XC597675.ogg.npy,purher1,132
comgre_XC191095.ogg.npy,comgre,37
brcful1_XC19613.ogg.npy,brcful1,24
crseag1_XC761424.ogg.npy,crseag1,50
whiter2_XC688426.ogg.npy,whiter2,174
litswi1_XC659392.ogg.npy,litswi1,109
cohcuc1_XC19645.ogg.npy,cohcuc1,35
grewar3_XC461985.ogg.npy,grewar3,70
shikra1_XC723550.ogg.npy,shikra1,151
bwfshr1_XC73029.ogg.npy,bwfshr1,32
bkwsti_XC721161.ogg.npy,bkwsti,14
brodro1_XC577840.ogg.npy,brodro1,28
hoopoe_XC367977.ogg.npy,hoopoe,80
bkwsti_XC180285.ogg.npy,bkwsti,14
hoopoe_XC633570.ogg.npy,hoopoe,80
comgre_XC435480.ogg.npy,comgre,37
ingori1_XC467416.ogg.npy,ingori1,88
grnsan_XC474326.ogg.npy,grnsan,71
zitcis1_XC410120.ogg.npy,zitcis1,181
comgre_XC663687.ogg.npy,comgre,37
wemhar1_XC518351.ogg.npy,wemhar1,166
eaywag1_XC660118.ogg.npy,eaywag1,53
brcful1_XC293639.ogg.npy,brcful1,24
blrwar1_XC658588.ogg.npy,blrwar1,20
asbfly_XC453302.ogg.npy,asbfly,0
laudov1_XC390807.ogg.npy,laudov1,101
thbwar1_XC703757.ogg.npy,thbwar1,160
blrwar1_XC519731.ogg.npy,blrwar1,20
comgre_XC432273.ogg.npy,comgre,37
wemhar1_XC467424.ogg.npy,wemhar1,166
blnmon1_XC398796.ogg.npy,blnmon1,19
litgre1_XC720562.ogg.npy,litgre1,107
comsan_XC573393.ogg.npy,comsan,44
eucdov_XC328462.ogg.npy,eucdov,55
blrwar1_XC560250.ogg.npy,blrwar1,20
barswa_XC578054.ogg.npy,barswa,9
asikoe2_XC240257.ogg.npy,asikoe2,4
commoo3_XC557330.ogg.npy,commoo3,40
zitcis1_XC773831.ogg.npy,zitcis1,181
whiter2_XC761892.ogg.npy,whiter2,174
jerbus2_XC190819.ogg.npy,jerbus2,94
comkin1_XC591061.ogg.npy,comkin1,39
lirplo_XC813186.ogg.npy,lirplo,105
hoopoe_XC472356.ogg.npy,hoopoe,80
grewar3_XC570252.ogg.npy,grewar3,70
asikoe2_XC553185.ogg.npy,asikoe2,4
grnsan_XC587069.ogg.npy,grnsan,71
tibfly3_XC428966.ogg.npy,tibfly3,161
piebus1_XC116719.ogg.npy,piebus1,125
labcro1_XC408567.ogg.npy,labcro1,100
grewar3_XC190195.ogg.npy,grewar3,70
gybpri1_XC302002.ogg.npy,gybpri1,77
grejun2_XC192898.ogg.npy,grejun2,68
commyn_XC506210.ogg.npy,commyn,41
moipig1_XC139710.ogg.npy,moipig1,117
commyn_XC410023.ogg.npy,commyn,41
barswa_XC458233.ogg.npy,barswa,9
lblwar1_XC768620.ogg.npy,lblwar1,102
brodro1_XC348307.ogg.npy,brodro1,28
bladro1_XC209202.ogg.npy,bladro1,15
eucdov_XC644554.ogg.npy,eucdov,55
purher1_XC553993.ogg.npy,purher1,132
pursun4_XC402388.ogg.npy,pursun4,134
hoopoe_XC655815.ogg.npy,hoopoe,80
blakit1_XC330331.ogg.npy,blakit1,17
gyhcaf1_XC683219.ogg.npy,gyhcaf1,78
ashpri1_XC424246.ogg.npy,ashpri1,2
zitcis1_XC471718.ogg.npy,zitcis1,181
rorpar_XC591671.ogg.npy,rorpar,143
labcro1_XC116710.ogg.npy,labcro1,100
comros_XC191618.ogg.npy,comros,43
rewlap1_XC462257.ogg.npy,rewlap1,141
lirplo_XC654973.ogg.npy,lirplo,105
rerswa1_XC857586.ogg.npy,rerswa1,138
lirplo_XC564761.ogg.npy,lirplo,105
comsan_XC619377.ogg.npy,comsan,44
litgre1_XC538575.ogg.npy,litgre1,107
copbar1_XC447555.ogg.npy,copbar1,46
comtai1_XC143962.ogg.npy,comtai1,45
nutman_XC307473.ogg.npy,nutman,120
graher1_XC624449.ogg.npy,graher1,62
whtkin2_XC288093.ogg.npy,whtkin2,176
thbwar1_XC805623.ogg.npy,thbwar1,160
woosan_XC749070.ogg.npy,woosan,177
houcro1_XC208579.ogg.npy,houcro1,81
comkin1_XC270478.ogg.npy,comkin1,39
thbwar1_XC720152.ogg.npy,thbwar1,160
grywag_XC750233.ogg.npy,grywag,76
grnsan_XC672594.ogg.npy,grnsan,71
shikra1_XC591136.ogg.npy,shikra1,151
rocpig_XC129886.ogg.npy,rocpig,142
graher1_XC726244.ogg.npy,graher1,62
gloibi_XC740152.ogg.npy,gloibi,60
litegr_XC383745.ogg.npy,litegr,106
crseag1_XC570921.ogg.npy,crseag1,50
crseag1_XC505514.ogg.npy,crseag1,50
lirplo_XC422712.ogg.npy,lirplo,105
eucdov_XC778060.ogg.npy,eucdov,55
hoopoe_XC792465.ogg.npy,hoopoe,80
comior1_XC329562.ogg.npy,comior1,38
zitcis1_XC704584.ogg.npy,zitcis1,181
grywag_XC466792.ogg.npy,grywag,76
ingori1_XC692989.ogg.npy,ingori1,88
comgre_XC389753.ogg.npy,comgre,37
whbwat1_XC788578.ogg.npy,whbwat1,171
bkwsti_XC260278.ogg.npy,bkwsti,14
kenplo1_XC552761.ogg.npy,kenplo1,98
categr_XC45477.ogg.npy,categr,33
asikoe2_XC575568.ogg.npy,asikoe2,4
rocpig_XC263180.ogg.npy,rocpig,142
bladro1_XC685555.ogg.npy,bladro1,15
bcnher_XC549164.ogg.npy,bcnher,10
houspa_XC451333.ogg.npy,houspa,82
grywag_XC724012.ogg.npy,grywag,76
graher1_XC618688.ogg.npy,graher1,62
commoo3_XC569721.ogg.npy,commoo3,40
blakit1_XC320849.ogg.npy,blakit1,17
whcbar1_XC178148.ogg.npy,whcbar1,173
plhpar1_XC576593.ogg.npy,plhpar1,130
bkwsti_XC761296.ogg.npy,bkwsti,14
gargan_XC190015.ogg.npy,gargan,59
grywag_XC617969.ogg.npy,grywag,76
eucdov_XC381881.ogg.npy,eucdov,55
zitcis1_XC621551.ogg.npy,zitcis1,181
pabflo1_XC756570.ogg.npy,pabflo1,123
lirplo_XC553766.ogg.npy,lirplo,105
houspa_XC383292.ogg.npy,houspa,82
houspa_XC700367.ogg.npy,houspa,82
barswa_XC263623.ogg.npy,barswa,9
rewbul_XC496061.ogg.npy,rewbul,140
eucdov_XC702361.ogg.npy,eucdov,55
comsan_XC663708.ogg.npy,comsan,44
asbfly_XC313835.ogg.npy,asbfly,0
houspa_XC840316.ogg.npy,houspa,82
whbwat1_XC208298.ogg.npy,whbwat1,171
eurcoo_XC548458.ogg.npy,eurcoo,57
graher1_XC545996.ogg.npy,graher1,62
barswa_XC656535.ogg.npy,barswa,9
blrwar1_XC508604.ogg.npy,blrwar1,20
indrol2_XC116751.ogg.npy,indrol2,86
grnsan_XC511702.ogg.npy,grnsan,71
greegr_XC257310.ogg.npy,greegr,65
indpit1_XC605965.ogg.npy,indpit1,84
commoo3_XC435567.ogg.npy,commoo3,40
bcnher_XC543137.ogg.npy,bcnher,10
houspa_XC351547.ogg.npy,houspa,82
brodro1_XC840163.ogg.npy,brodro1,28
eaywag1_XC667857.ogg.npy,eaywag1,53
comros_XC667025.ogg.npy,comros,43
bladro1_XC380606.ogg.npy,bladro1,15
comkin1_XC596958.ogg.npy,comkin1,39
comior1_XC348103.ogg.npy,comior1,38
eaywag1_XC444028.ogg.npy,eaywag1,53
rewbul_XC823525.ogg.npy,rewbul,140
crseag1_XC482238.ogg.npy,crseag1,50
labcro1_XC267643.ogg.npy,labcro1,100
hoopoe_XC325173.ogg.npy,hoopoe,80
indpit1_XC322349.ogg.npy,indpit1,84
comkin1_XC761560.ogg.npy,comkin1,39
emedov2_XC826189.ogg.npy,emedov2,54
rewbul_XC208578.ogg.npy,rewbul,140
ruftre2_XC572370.ogg.npy,ruftre2,146
bkwsti_XC788178.ogg.npy,bkwsti,14
comros_XC677729.ogg.npy,comros,43
junowl1_XC346525.ogg.npy,junowl1,97
bkwsti_XC605116.ogg.npy,bkwsti,14
grnsan_XC581820.ogg.npy,grnsan,71
whtkin2_XC615560.ogg.npy,whtkin2,176
greegr_XC203486.ogg.npy,greegr,65
litspi1_XC653116.ogg.npy,litspi1,108
hoopoe_XC671195.ogg.npy,hoopoe,80
indrob1_XC779037.ogg.npy,indrob1,85
zitcis1_XC741292.ogg.npy,zitcis1,181
wemhar1_XC696873.ogg.npy,wemhar1,166
comsan_XC215035.ogg.npy,comsan,44
eaywag1_XC675984.ogg.npy,eaywag1,53
lblwar1_XC267142.ogg.npy,lblwar1,102
ashpri1_XC756583.ogg.npy,ashpri1,2
piebus1_XC265266.ogg.npy,piebus1,125
litspi1_XC775132.ogg.npy,litspi1,108
comtai1_XC19647.ogg.npy,comtai1,45
commoo3_XC372911.ogg.npy,commoo3,40
rorpar_XC167770.ogg.npy,rorpar,143
ingori1_XC786584.ogg.npy,ingori1,88
moipig1_XC205432.ogg.npy,moipig1,117
cregos1_XC171627.ogg.npy,cregos1,48
grejun2_XC555778.ogg.npy,grejun2,68
lirplo_XC584635.ogg.npy,lirplo,105
grnsan_XC542637.ogg.npy,grnsan,71
indrol2_XC600798.ogg.npy,indrol2,86
barswa_XC476498.ogg.npy,barswa,9
woosan_XC530489.ogg.npy,woosan,177
whtkin2_XC574612.ogg.npy,whtkin2,176
bkskit1_XC762424.ogg.npy,bkskit1,13
comros_XC488280.ogg.npy,comros,43
grewar3_XC560566.ogg.npy,grewar3,70
lirplo_XC553077.ogg.npy,lirplo,105
hoopoe_XC415625.ogg.npy,hoopoe,80
litgre1_XC586701.ogg.npy,litgre1,107
ashdro1_XC163463.ogg.npy,ashdro1,1
kenplo1_XC841270.ogg.npy,kenplo1,98
comtai1_XC348089.ogg.npy,comtai1,45
nutman_XC789685.ogg.npy,nutman,120
spodov_XC40042.ogg.npy,spodov,155
litgre1_XC626979.ogg.npy,litgre1,107
piekin1_XC621233.ogg.npy,piekin1,126
hoopoe_XC365028.ogg.npy,hoopoe,80
woosan_XC725188.ogg.npy,woosan,177
grtdro1_XC424217.ogg.npy,grtdro1,73
asbfly_XC745831.ogg.npy,asbfly,0
greegr_XC758130.ogg.npy,greegr,65
lirplo_XC326658.ogg.npy,lirplo,105
barswa_XC194688.ogg.npy,barswa,9
whbwat1_XC436128.ogg.npy,whbwat1,171
barswa_XC679411.ogg.npy,barswa,9
inpher1_XC31539.ogg.npy,inpher1,89
zitcis1_XC567945.ogg.npy,zitcis1,181
grnsan_XC828863.ogg.npy,grnsan,71
wemhar1_XC331377.ogg.npy,wemhar1,166
kenplo1_XC836196.ogg.npy,kenplo1,98
litswi1_XC253697.ogg.npy,litswi1,109
brnshr_XC456201.ogg.npy,brnshr,27
barswa_XC52062.ogg.npy,barswa,9
commoo3_XC719838.ogg.npy,commoo3,40
blakit1_XC139768.ogg.npy,blakit1,17
copbar1_XC295020.ogg.npy,copbar1,46
bcnher_XC553015.ogg.npy,bcnher,10
comkin1_XC804341.ogg.npy,comkin1,39
graher1_XC521617.ogg.npy,graher1,62
comsan_XC637268.ogg.npy,comsan,44
cohcuc1_XC407431.ogg.npy,cohcuc1,35
blrwar1_XC185002.ogg.npy,blrwar1,20
graher1_XC631774.ogg.npy,graher1,62
litegr_XC333945.ogg.npy,litegr,106
shikra1_XC575197.ogg.npy,shikra1,151
blakit1_XC290067.ogg.npy,blakit1,17
grnsan_XC547341.ogg.npy,grnsan,71
shikra1_XC479741.ogg.npy,shikra1,151
bcnher_XC833091.ogg.npy,bcnher,10
ingori1_XC385501.ogg.npy,ingori1,88
blakit1_XC765079.ogg.npy,blakit1,17
labcro1_XC721439.ogg.npy,labcro1,100
lirplo_XC643236.ogg.npy,lirplo,105
sttwoo1_XC124420.ogg.npy,sttwoo1,159
crbsun2_XC604030.ogg.npy,crbsun2,47
houspa_XC395227.ogg.npy,houspa,82
brakit1_XC197756.ogg.npy,brakit1,22
kenplo1_XC339477.ogg.npy,kenplo1,98
houspa_XC741688.ogg.npy,houspa,82
pabflo1_XC541567.ogg.npy,pabflo1,123
houcro1_XC727677.ogg.npy,houcro1,81
comros_XC199318.ogg.npy,comros,43
gyhcaf1_XC307401.ogg.npy,gyhcaf1,78
crseag1_XC762002.ogg.npy,crseag1,50
cregos1_XC719755.ogg.npy,cregos1,48
gybpri1_XC722783.ogg.npy,gybpri1,77
labcro1_XC266777.ogg.npy,labcro1,100
rewlap1_XC509587.ogg.npy,rewlap1,141
commoo3_XC722227.ogg.npy,commoo3,40
gyhcaf1_XC296649.ogg.npy,gyhcaf1,78
eaywag1_XC672740.ogg.npy,eaywag1,53
grefla1_XC240331.ogg.npy,grefla1,66
whbwat1_XC659585.ogg.npy,whbwat1,171
eucdov_XC700410.ogg.npy,eucdov,55
asikoe2_XC209025.ogg.npy,asikoe2,4
rorpar_XC626055.ogg.npy,rorpar,143
whbwat1_XC709255.ogg.npy,whbwat1,171
brnhao1_XC496387.ogg.npy,brnhao1,26
sohmyn1_XC614947.ogg.npy,sohmyn1,153
revbul_XC630863.ogg.npy,revbul,139
commoo3_XC702595.ogg.npy,commoo3,40
labcro1_XC724412.ogg.npy,labcro1,100
grnsan_XC209015.ogg.npy,grnsan,71
ashdro1_XC329167.ogg.npy,ashdro1,1
wemhar1_XC474017.ogg.npy,wemhar1,166
blrwar1_XC825876.ogg.npy,blrwar1,20
grbeat1_XC381377.ogg.npy,grbeat1,63
whtkin2_XC365385.ogg.npy,whtkin2,176
marsan_XC720078.ogg.npy,marsan,115
hoopoe_XC756122.ogg.npy,hoopoe,80
eurcoo_XC312096.ogg.npy,eurcoo,57
comsan_XC431111.ogg.npy,comsan,44
bkwsti_XC668741.ogg.npy,bkwsti,14
grewar3_XC611643.ogg.npy,grewar3,70
eaywag1_XC588581.ogg.npy,eaywag1,53
grewar3_XC576341.ogg.npy,grewar3,70
bkcbul1_XC209941.ogg.npy,bkcbul1,11
comros_XC282304.ogg.npy,comros,43
litegr_XC333913.ogg.npy,litegr,106
brnhao1_XC730732.ogg.npy,brnhao1,26
eucdov_XC380920.ogg.npy,eucdov,55
eaywag1_XC773612.ogg.npy,eaywag1,53
whbwat1_XC365725.ogg.npy,whbwat1,171
whcbar1_XC574718.ogg.npy,whcbar1,173
grehor1_XC747013.ogg.npy,grehor1,67
putbab1_XC214183.ogg.npy,putbab1,136
litgre1_XC544638.ogg.npy,litgre1,107
purher1_XC846061.ogg.npy,purher1,132
grywag_XC499085.ogg.npy,grywag,76
spodov_XC729544.ogg.npy,spodov,155
grtdro1_XC404419.ogg.npy,grtdro1,73
aspfly1_XC687959.ogg.npy,aspfly1,6
wemhar1_XC614610.ogg.npy,wemhar1,166
zitcis1_XC643601.ogg.npy,zitcis1,181
grnsan_XC471898.ogg.npy,grnsan,71
woosan_XC824995.ogg.npy,woosan,177
comsan_XC673258.ogg.npy,comsan,44
litgre1_XC192370.ogg.npy,litgre1,107
graher1_XC527851.ogg.npy,graher1,62
comsan_XC858210.ogg.npy,comsan,44
eucdov_XC344259.ogg.npy,eucdov,55
litgre1_XC464699.ogg.npy,litgre1,107
blnmon1_XC572861.ogg.npy,blnmon1,19
oripip1_XC441382.ogg.npy,oripip1,122
whrmun_XC655950.ogg.npy,whrmun,175
rorpar_XC546321.ogg.npy,rorpar,143
grnsan_XC587162.ogg.npy,grnsan,71
whiter2_XC733522.ogg.npy,whiter2,174
comkin1_XC785694.ogg.npy,comkin1,39
grywag_XC646859.ogg.npy,grywag,76
categr_XC267153.ogg.npy,categr,33
gybpri1_XC487517.ogg.npy,gybpri1,77
nutman_XC450765.ogg.npy,nutman,120
litegr_XC667840.ogg.npy,litegr,106
eaywag1_XC566528.ogg.npy,eaywag1,53
comsan_XC373910.ogg.npy,comsan,44
grecou1_XC133770.ogg.npy,grecou1,64
litgre1_XC488472.ogg.npy,litgre1,107
whbsho3_XC856421.ogg.npy,whbsho3,168
wemhar1_XC721846.ogg.npy,wemhar1,166
litspi1_XC162999.ogg.npy,litspi1,108
copbar1_XC585194.ogg.npy,copbar1,46
eurcoo_XC723826.ogg.npy,eurcoo,57
woosan_XC754765.ogg.npy,woosan,177
comros_XC787824.ogg.npy,comros,43
marsan_XC153904.ogg.npy,marsan,115
graher1_XC602402.ogg.npy,graher1,62
litgre1_XC634459.ogg.npy,litgre1,107
bcnher_XC544772.ogg.npy,bcnher,10
eucdov_XC475186.ogg.npy,eucdov,55
barswa_XC678724.ogg.npy,barswa,9
zitcis1_XC268230.ogg.npy,zitcis1,181
putbab1_XC718039.ogg.npy,putbab1,136
grnsan_XC677366.ogg.npy,grnsan,71
rewlap1_XC405316.ogg.npy,rewlap1,141
grywag_XC793706.ogg.npy,grywag,76
houspa_XC492128.ogg.npy,houspa,82
grnsan_XC620295.ogg.npy,grnsan,71
brcful1_XC404467.ogg.npy,brcful1,24
grnsan_XC209221.ogg.npy,grnsan,71
wemhar1_XC553272.ogg.npy,wemhar1,166
eucdov_XC509335.ogg.npy,eucdov,55
barswa_XC690501.ogg.npy,barswa,9
graher1_XC261372.ogg.npy,graher1,62
rerswa1_XC423904.ogg.npy,rerswa1,138
crseag1_XC124352.ogg.npy,crseag1,50
eaywag1_XC795294.ogg.npy,eaywag1,53
kenplo1_XC376954.ogg.npy,kenplo1,98
labcro1_XC548963.ogg.npy,labcro1,100
compea_XC665624.ogg.npy,compea,42
commoo3_XC547368.ogg.npy,commoo3,40
rewlap1_XC713231.ogg.npy,rewlap1,141
houspa_XC571251.ogg.npy,houspa,82
spodov_XC684741.ogg.npy,spodov,155
bwfshr1_XC424235.ogg.npy,bwfshr1,32
grtdro1_XC151065.ogg.npy,grtdro1,73
bcnher_XC800670.ogg.npy,bcnher,10
pabflo1_XC442391.ogg.npy,pabflo1,123
grnsan_XC585766.ogg.npy,grnsan,71
labcro1_XC146013.ogg.npy,labcro1,100
lirplo_XC138863.ogg.npy,lirplo,105
graher1_XC829599.ogg.npy,graher1,62
rerswa1_XC721768.ogg.npy,rerswa1,138
grewar3_XC197148.ogg.npy,grewar3,70
grnsan_XC644601.ogg.npy,grnsan,71
lirplo_XC821497.ogg.npy,lirplo,105
woosan_XC144428.ogg.npy,woosan,177
eurcoo_XC263999.ogg.npy,eurcoo,57
eaywag1_XC746879.ogg.npy,eaywag1,53
grewar3_XC808912.ogg.npy,grewar3,70
bkskit1_XC350247.ogg.npy,bkskit1,13
categr_XC576962.ogg.npy,categr,33
gryfra_XC197827.ogg.npy,gryfra,74
oripip1_XC644730.ogg.npy,oripip1,122
kenplo1_XC339478.ogg.npy,kenplo1,98
comior1_XC796963.ogg.npy,comior1,38
commoo3_XC562656.ogg.npy,commoo3,40
eucdov_XC764517.ogg.npy,eucdov,55
comsan_XC500457.ogg.npy,comsan,44
comkin1_XC712565.ogg.npy,comkin1,39
comgre_XC587070.ogg.npy,comgre,37
rewlap1_XC590070.ogg.npy,rewlap1,141
categr_XC783037.ogg.npy,categr,33
grnsan_XC587624.ogg.npy,grnsan,71
whbwoo2_XC37763.ogg.npy,whbwoo2,172
comkin1_XC829207.ogg.npy,comkin1,39
oripip1_XC772641.ogg.npy,oripip1,122
bladro1_XC446165.ogg.npy,bladro1,15
revbul_XC205815.ogg.npy,revbul,139
whbwat1_XC854698.ogg.npy,whbwat1,171
grejun2_XC644237.ogg.npy,grejun2,68
gloibi_XC799985.ogg.npy,gloibi,60
litegr_XC574139.ogg.npy,litegr,106
eurcoo_XC429345.ogg.npy,eurcoo,57
brakit1_XC188232.ogg.npy,brakit1,22
copbar1_XC442031.ogg.npy,copbar1,46
whtkin2_XC431502.ogg.npy,whtkin2,176
eurcoo_XC710820.ogg.npy,eurcoo,57
grtdro1_XC197119.ogg.npy,grtdro1,73
maghor2_XC125716.ogg.npy,maghor2,111
wemhar1_XC778117.ogg.npy,wemhar1,166
whcbar1_XC342688.ogg.npy,whcbar1,173
rewlap1_XC665480.ogg.npy,rewlap1,141
purher1_XC318091.ogg.npy,purher1,132
bkwsti_XC845841.ogg.npy,bkwsti,14
rerswa1_XC310321.ogg.npy,rerswa1,138
labcro1_XC37773.ogg.npy,labcro1,100
grnsan_XC494495.ogg.npy,grnsan,71
hoopoe_XC808749.ogg.npy,hoopoe,80
whtkin2_XC514821.ogg.npy,whtkin2,176
blakit1_XC192707.ogg.npy,blakit1,17
litgre1_XC738321.ogg.npy,litgre1,107
graher1_XC528653.ogg.npy,graher1,62
tibfly3_XC663928.ogg.npy,tibfly3,161
sqtbul1_XC756562.ogg.npy,sqtbul1,157
litgre1_XC788295.ogg.npy,litgre1,107
labcro1_XC312582.ogg.npy,labcro1,100
kenplo1_XC727615.ogg.npy,kenplo1,98
commoo3_XC554559.ogg.npy,commoo3,40
blnmon1_XC215857.ogg.npy,blnmon1,19
gybpri1_XC768921.ogg.npy,gybpri1,77
eurcoo_XC623843.ogg.npy,eurcoo,57
comros_XC814372.ogg.npy,comros,43
sqtbul1_XC630941.ogg.npy,sqtbul1,157
asbfly_XC716727.ogg.npy,asbfly,0
lewduc1_XC276849.ogg.npy,lewduc1,104
blakit1_XC381735.ogg.npy,blakit1,17
eaywag1_XC494675.ogg.npy,eaywag1,53
rocpig_XC615956.ogg.npy,rocpig,142
grewar3_XC266868.ogg.npy,grewar3,70
grtdro1_XC150637.ogg.npy,grtdro1,73
brnhao1_XC356429.ogg.npy,brnhao1,26
litgre1_XC667684.ogg.npy,litgre1,107
asikoe2_XC575567.ogg.npy,asikoe2,4
asikoe2_XC195758.ogg.npy,asikoe2,4
grnsan_XC734046.ogg.npy,grnsan,71
comros_XC371257.ogg.npy,comros,43
whbwoo2_XC531721.ogg.npy,whbwoo2,172
forwag1_XC729959.ogg.npy,forwag1,58
comros_XC503404.ogg.npy,comros,43
zitcis1_XC562093.ogg.npy,zitcis1,181
bladro1_XC814823.ogg.npy,bladro1,15
comior1_XC152928.ogg.npy,comior1,38
comior1_XC153788.ogg.npy,comior1,38
grewar3_XC776095.ogg.npy,grewar3,70
eurcoo_XC639495.ogg.npy,eurcoo,57
rorpar_XC541889.ogg.npy,rorpar,143
stbkin1_XC92641.ogg.npy,stbkin1,158
wemhar1_XC715925.ogg.npy,wemhar1,166
comsan_XC668468.ogg.npy,comsan,44
woosan_XC431212.ogg.npy,woosan,177
comkin1_XC714218.ogg.npy,comkin1,39
blrwar1_XC565996.ogg.npy,blrwar1,20
eurcoo_XC605065.ogg.npy,eurcoo,57
whtkin2_XC117091.ogg.npy,whtkin2,176
eurcoo_XC25892.ogg.npy,eurcoo,57
grywag_XC294680.ogg.npy,grywag,76
rewbul_XC204236.ogg.npy,rewbul,140
litgre1_XC727875.ogg.npy,litgre1,107
labcro1_XC841491.ogg.npy,labcro1,100
asikoe2_XC604453.ogg.npy,asikoe2,4
sohmyn1_XC756623.ogg.npy,sohmyn1,153
btbeat1_XC152202.ogg.npy,btbeat1,31
whbwat1_XC756505.ogg.npy,whbwat1,171
whbwat1_XC797495.ogg.npy,whbwat1,171
comgre_XC822664.ogg.npy,comgre,37
thbwar1_XC681117.ogg.npy,thbwar1,160
woosan_XC544663.ogg.npy,woosan,177
litgre1_XC788483.ogg.npy,litgre1,107
zitcis1_XC522179.ogg.npy,zitcis1,181
copbar1_XC73161.ogg.npy,copbar1,46
eurcoo_XC266613.ogg.npy,eurcoo,57
houcro1_XC73377.ogg.npy,houcro1,81
houspa_XC568488.ogg.npy,houspa,82
grtdro1_XC578906.ogg.npy,grtdro1,73
pursun4_XC322203.ogg.npy,pursun4,134
spepic1_XC706692.ogg.npy,spepic1,154
eurcoo_XC746497.ogg.npy,eurcoo,57
grtdro1_XC699943.ogg.npy,grtdro1,73
grnsan_XC489035.ogg.npy,grnsan,71
litgre1_XC567962.ogg.npy,litgre1,107
comros_XC743312.ogg.npy,comros,43
rorpar_XC471332.ogg.npy,rorpar,143
categr_XC517417.ogg.npy,categr,33
barswa_XC197400.ogg.npy,barswa,9
ashpri1_XC73016.ogg.npy,ashpri1,2
grtdro1_XC336693.ogg.npy,grtdro1,73
eaywag1_XC471743.ogg.npy,eaywag1,53
comgre_XC746360.ogg.npy,comgre,37
hoopoe_XC140212.ogg.npy,hoopoe,80
rocpig_XC286655.ogg.npy,rocpig,142
grtdro1_XC303710.ogg.npy,grtdro1,73
plapri1_XC752678.ogg.npy,plapri1,129
gloibi_XC314387.ogg.npy,gloibi,60
bkwsti_XC361994.ogg.npy,bkwsti,14
comgre_XC621745.ogg.npy,comgre,37
gyhcaf1_XC814954.ogg.npy,gyhcaf1,78
blrwar1_XC658587.ogg.npy,blrwar1,20
whtkin2_XC614896.ogg.npy,whtkin2,176
rocpig_XC829897.ogg.npy,rocpig,142
wemhar1_XC773346.ogg.npy,wemhar1,166
grenig1_XC126403.ogg.npy,grenig1,69
compea_XC316935.ogg.npy,compea,42
comsan_XC799076.ogg.npy,comsan,44
hoopoe_XC376683.ogg.npy,hoopoe,80
comkin1_XC714215.ogg.npy,comkin1,39
litspi1_XC402333.ogg.npy,litspi1,108
hoopoe_XC316704.ogg.npy,hoopoe,80
rewlap1_XC563965.ogg.npy,rewlap1,141
bkwsti_XC480210.ogg.npy,bkwsti,14
comgre_XC815667.ogg.npy,comgre,37
labcro1_XC790935.ogg.npy,labcro1,100
grnwar1_XC208286.ogg.npy,grnwar1,72
grtdro1_XC684257.ogg.npy,grtdro1,73
lirplo_XC381756.ogg.npy,lirplo,105
comgre_XC175341.ogg.npy,comgre,37
pursun4_XC787316.ogg.npy,pursun4,134
inbrob1_XC356098.ogg.npy,inbrob1,83
eaywag1_XC507670.ogg.npy,eaywag1,53
ashpri1_XC530824.ogg.npy,ashpri1,2
barswa_XC83449.ogg.npy,barswa,9
woosan_XC133449.ogg.npy,woosan,177
yebbul3_XC490884.ogg.npy,yebbul3,180
copbar1_XC396819.ogg.npy,copbar1,46
houspa_XC140822.ogg.npy,houspa,82
litegr_XC333910.ogg.npy,litegr,106
whiter2_XC755136.ogg.npy,whiter2,174
rorpar_XC196663.ogg.npy,rorpar,143
lblwar1_XC152812.ogg.npy,lblwar1,102
inbrob1_XC402421.ogg.npy,inbrob1,83
laudov1_XC198588.ogg.npy,laudov1,101
wemhar1_XC614711.ogg.npy,wemhar1,166
zitcis1_XC298850.ogg.npy,zitcis1,181
lirplo_XC809522.ogg.npy,lirplo,105
eurcoo_XC428624.ogg.npy,eurcoo,57
wemhar1_XC645274.ogg.npy,wemhar1,166
comsan_XC838659.ogg.npy,comsan,44
labcro1_XC803820.ogg.npy,labcro1,100
comgre_XC733165.ogg.npy,comgre,37
woosan_XC184455.ogg.npy,woosan,177
litgre1_XC347225.ogg.npy,litgre1,107
woosan_XC433124.ogg.npy,woosan,177
lirplo_XC845321.ogg.npy,lirplo,105
pursun4_XC652006.ogg.npy,pursun4,134
comros_XC129529.ogg.npy,comros,43
rorpar_XC688958.ogg.npy,rorpar,143
purher1_XC503425.ogg.npy,purher1,132
gargan_XC789709.ogg.npy,gargan,59
woosan_XC146617.ogg.npy,woosan,177
blakit1_XC493736.ogg.npy,blakit1,17
houcro1_XC209192.ogg.npy,houcro1,81
brnhao1_XC466296.ogg.npy,brnhao1,26
grnsan_XC464101.ogg.npy,grnsan,71
lblwar1_XC814096.ogg.npy,lblwar1,102
brodro1_XC138667.ogg.npy,brodro1,28
eurcoo_XC834096.ogg.npy,eurcoo,57
lirplo_XC358065.ogg.npy,lirplo,105
bkwsti_XC193723.ogg.npy,bkwsti,14
grnsan_XC667394.ogg.npy,grnsan,71
compea_XC567971.ogg.npy,compea,42
btbeat1_XC839979.ogg.npy,btbeat1,31
barswa_XC628314.ogg.npy,barswa,9
grywag_XC792788.ogg.npy,grywag,76
lewduc1_XC295161.ogg.npy,lewduc1,104
eurcoo_XC552156.ogg.npy,eurcoo,57
gargan_XC234611.ogg.npy,gargan,59
litgre1_XC459329.ogg.npy,litgre1,107
nutman_XC613898.ogg.npy,nutman,120
brakit1_XC684723.ogg.npy,brakit1,22
bcnher_XC472433.ogg.npy,bcnher,10
gargan_XC670102.ogg.npy,gargan,59
houspa_XC645287.ogg.npy,houspa,82
blrwar1_XC654565.ogg.npy,blrwar1,20
rewlap1_XC358150.ogg.npy,rewlap1,141
blhori1_XC187019.ogg.npy,blhori1,18
smamin1_XC514098.ogg.npy,smamin1,152
asikoe2_XC339652.ogg.npy,asikoe2,4
bladro1_XC754309.ogg.npy,bladro1,15
litswi1_XC439710.ogg.npy,litswi1,109
gyhcaf1_XC73275.ogg.npy,gyhcaf1,78
brodro1_XC504187.ogg.npy,brodro1,28
grewar3_XC432346.ogg.npy,grewar3,70
eaywag1_XC585563.ogg.npy,eaywag1,53
insbab1_XC454330.ogg.npy,insbab1,90
nutman_XC839460.ogg.npy,nutman,120
zitcis1_XC310878.ogg.npy,zitcis1,181
cohcuc1_XC241400.ogg.npy,cohcuc1,35
litegr_XC788614.ogg.npy,litegr,106
litswi1_XC157049.ogg.npy,litswi1,109
litspi1_XC443912.ogg.npy,litspi1,108
bkwsti_XC464866.ogg.npy,bkwsti,14
junowl1_XC582539.ogg.npy,junowl1,97
rufbab3_XC665708.ogg.npy,rufbab3,145
comior1_XC401454.ogg.npy,comior1,38
commoo3_XC691597.ogg.npy,commoo3,40
rorpar_XC340402.ogg.npy,rorpar,143
woosan_XC747319.ogg.npy,woosan,177
lirplo_XC374231.ogg.npy,lirplo,105
zitcis1_XC646462.ogg.npy,zitcis1,181
blrwar1_XC731602.ogg.npy,blrwar1,20
eurcoo_XC724105.ogg.npy,eurcoo,57
litswi1_XC574610.ogg.npy,litswi1,109
comros_XC264047.ogg.npy,comros,43
eurcoo_XC639873.ogg.npy,eurcoo,57
litgre1_XC782189.ogg.npy,litgre1,107
grnsan_XC568858.ogg.npy,grnsan,71
bkwsti_XC374913.ogg.npy,bkwsti,14
categr_XC838624.ogg.npy,categr,33
comkin1_XC511665.ogg.npy,comkin1,39
comgre_XC500613.ogg.npy,comgre,37
stbkin1_XC857063.ogg.npy,stbkin1,158
crseag1_XC572658.ogg.npy,crseag1,50
lirplo_XC555094.ogg.npy,lirplo,105
yebbab1_XC392180.ogg.npy,yebbab1,179
rocpig_XC144228.ogg.npy,rocpig,142
comkin1_XC118166.ogg.npy,comkin1,39
whbwat1_XC548744.ogg.npy,whbwat1,171
mawthr1_XC129027.ogg.npy,mawthr1,116
grywag_XC480653.ogg.npy,grywag,76
eucdov_XC559917.ogg.npy,eucdov,55
barswa_XC672081.ogg.npy,barswa,9
kenplo1_XC338267.ogg.npy,kenplo1,98
eucdov_XC588874.ogg.npy,eucdov,55
brwowl1_XC436746.ogg.npy,brwowl1,30
rerswa1_XC800475.ogg.npy,rerswa1,138
comsan_XC662508.ogg.npy,comsan,44
brodro1_XC37745.ogg.npy,brodro1,28
comgre_XC397306.ogg.npy,comgre,37
zitcis1_XC845817.ogg.npy,zitcis1,181
whbwag1_XC575105.ogg.npy,whbwag1,170
woosan_XC831886.ogg.npy,woosan,177
stbkin1_XC359185.ogg.npy,stbkin1,158
heswoo1_XC744698.ogg.npy,heswoo1,79
houspa_XC583072.ogg.npy,houspa,82
grtdro1_XC329484.ogg.npy,grtdro1,73
comtai1_XC380529.ogg.npy,comtai1,45
comgre_XC791618.ogg.npy,comgre,37
grefla1_XC192029.ogg.npy,grefla1,66
comtai1_XC845141.ogg.npy,comtai1,45
comsan_XC546199.ogg.npy,comsan,44
maghor2_XC197740.ogg.npy,maghor2,111
bkskit1_XC352551.ogg.npy,bkskit1,13
piekin1_XC615765.ogg.npy,piekin1,126
litegr_XC333950.ogg.npy,litegr,106
lirplo_XC508663.ogg.npy,lirplo,105
eurcoo_XC709590.ogg.npy,eurcoo,57
whcbar1_XC574172.ogg.npy,whcbar1,173
grywag_XC806230.ogg.npy,grywag,76
eaywag1_XC334154.ogg.npy,eaywag1,53
asbfly_XC805713.ogg.npy,asbfly,0
commoo3_XC576873.ogg.npy,commoo3,40
kenplo1_XC718520.ogg.npy,kenplo1,98
grewar3_XC806590.ogg.npy,grewar3,70
bcnher_XC663531.ogg.npy,bcnher,10
comtai1_XC723910.ogg.npy,comtai1,45
eucdov_XC701044.ogg.npy,eucdov,55
commyn_XC596982.ogg.npy,commyn,41
grewar3_XC653521.ogg.npy,grewar3,70
thbwar1_XC485177.ogg.npy,thbwar1,160
eucdov_XC434630.ogg.npy,eucdov,55
graher1_XC384486.ogg.npy,graher1,62
bcnher_XC805561.ogg.npy,bcnher,10
litgre1_XC471216.ogg.npy,litgre1,107
comsan_XC319860.ogg.npy,comsan,44
hoopoe_XC368031.ogg.npy,hoopoe,80
graher1_XC824433.ogg.npy,graher1,62
gryfra_XC639517.ogg.npy,gryfra,74
compea_XC644022.ogg.npy,compea,42
woosan_XC765769.ogg.npy,woosan,177
whcbar1_XC209552.ogg.npy,whcbar1,173
comros_XC826521.ogg.npy,comros,43
woosan_XC240474.ogg.npy,woosan,177
grnsan_XC288249.ogg.npy,grnsan,71
greegr_XC598700.ogg.npy,greegr,65
eurcoo_XC697552.ogg.npy,eurcoo,57
comgre_XC547944.ogg.npy,comgre,37
eucdov_XC491007.ogg.npy,eucdov,55
commoo3_XC636051.ogg.npy,commoo3,40
blakit1_XC577174.ogg.npy,blakit1,17
rorpar_XC144862.ogg.npy,rorpar,143
eaywag1_XC145176.ogg.npy,eaywag1,53
comsan_XC673477.ogg.npy,comsan,44
wemhar1_XC781890.ogg.npy,wemhar1,166
rocpig_XC829896.ogg.npy,rocpig,142
rerswa1_XC464439.ogg.npy,rerswa1,138
putbab1_XC638646.ogg.npy,putbab1,136
greegr_XC781185.ogg.npy,greegr,65
blhori1_XC125331.ogg.npy,blhori1,18
rorpar_XC828982.ogg.npy,rorpar,143
commoo3_XC477359.ogg.npy,commoo3,40
comgre_XC736359.ogg.npy,comgre,37
litegr_XC757555.ogg.npy,litegr,106
junbab2_XC404167.ogg.npy,junbab2,95
comgre_XC664642.ogg.npy,comgre,37
blrwar1_XC564413.ogg.npy,blrwar1,20
eucdov_XC522041.ogg.npy,eucdov,55
hoopoe_XC397154.ogg.npy,hoopoe,80
houspa_XC694128.ogg.npy,houspa,82
indpit1_XC423306.ogg.npy,indpit1,84
grenig1_XC422674.ogg.npy,grenig1,69
emedov2_XC652452.ogg.npy,emedov2,54
blhori1_XC820723.ogg.npy,blhori1,18
comior1_XC641527.ogg.npy,comior1,38
whiter2_XC579204.ogg.npy,whiter2,174
grecou1_XC736179.ogg.npy,grecou1,64
inbrob1_XC393128.ogg.npy,inbrob1,83
rocpig_XC412827.ogg.npy,rocpig,142
grnsan_XC670853.ogg.npy,grnsan,71
eaywag1_XC359150.ogg.npy,eaywag1,53
asikoe2_XC646896.ogg.npy,asikoe2,4
bcnher_XC263289.ogg.npy,bcnher,10
categr_XC773427.ogg.npy,categr,33
blrwar1_XC139035.ogg.npy,blrwar1,20
indrol2_XC604406.ogg.npy,indrol2,86
blrwar1_XC568657.ogg.npy,blrwar1,20
brcful1_XC715957.ogg.npy,brcful1,24
hoopoe_XC279737.ogg.npy,hoopoe,80
asikoe2_XC779024.ogg.npy,asikoe2,4
eucdov_XC797623.ogg.npy,eucdov,55
barswa_XC631965.ogg.npy,barswa,9
greegr_XC412524.ogg.npy,greegr,65
commoo3_XC644436.ogg.npy,commoo3,40
comros_XC492511.ogg.npy,comros,43
cohcuc1_XC554297.ogg.npy,cohcuc1,35
barswa_XC377071.ogg.npy,barswa,9
eurcoo_XC554044.ogg.npy,eurcoo,57
bkskit1_XC360671.ogg.npy,bkskit1,13
litswi1_XC424696.ogg.npy,litswi1,109
lirplo_XC716693.ogg.npy,lirplo,105
rorpar_XC465037.ogg.npy,rorpar,143
bladro1_XC380370.ogg.npy,bladro1,15
brfowl1_XC446902.ogg.npy,brfowl1,25
labcro1_XC209191.ogg.npy,labcro1,100
inpher1_XC686123.ogg.npy,inpher1,89
comros_XC485959.ogg.npy,comros,43
spoowl1_XC746045.ogg.npy,spoowl1,156
graher1_XC592151.ogg.npy,graher1,62
asbfly_XC499134.ogg.npy,asbfly,0
comsan_XC555208.ogg.npy,comsan,44
houcro1_XC208278.ogg.npy,houcro1,81
comkin1_XC857229.ogg.npy,comkin1,39
houspa_XC705605.ogg.npy,houspa,82
zitcis1_XC341131.ogg.npy,zitcis1,181
rorpar_XC770741.ogg.npy,rorpar,143
putbab1_XC196954.ogg.npy,putbab1,136
bkwsti_XC338807.ogg.npy,bkwsti,14
blrwar1_XC614679.ogg.npy,blrwar1,20
comior1_XC730796.ogg.npy,comior1,38
grejun2_XC725327.ogg.npy,grejun2,68
bkskit1_XC667096.ogg.npy,bkskit1,13
zitcis1_XC683289.ogg.npy,zitcis1,181
rorpar_XC770930.ogg.npy,rorpar,143
lirplo_XC25556.ogg.npy,lirplo,105
blrwar1_XC808760.ogg.npy,blrwar1,20
comkin1_XC827045.ogg.npy,comkin1,39
woosan_XC266302.ogg.npy,woosan,177
labcro1_XC451223.ogg.npy,labcro1,100
brnshr_XC458252.ogg.npy,brnshr,27
tilwar1_XC191454.ogg.npy,tilwar1,162
zitcis1_XC341133.ogg.npy,zitcis1,181
hoopoe_XC807513.ogg.npy,hoopoe,80
blhori1_XC754315.ogg.npy,blhori1,18
blakit1_XC796458.ogg.npy,blakit1,17
houspa_XC567483.ogg.npy,houspa,82
grewar3_XC138775.ogg.npy,grewar3,70
zitcis1_XC431697.ogg.npy,zitcis1,181
grywag_XC672536.ogg.npy,grywag,76
litegr_XC333992.ogg.npy,litegr,106
plapri1_XC646845.ogg.npy,plapri1,129
plapri1_XC207647.ogg.npy,plapri1,129
eaywag1_XC616927.ogg.npy,eaywag1,53
bkcbul1_XC786581.ogg.npy,bkcbul1,11
zitcis1_XC767962.ogg.npy,zitcis1,181
litgre1_XC709224.ogg.npy,litgre1,107
woosan_XC589047.ogg.npy,woosan,177
oripip1_XC858468.ogg.npy,oripip1,122
zitcis1_XC821860.ogg.npy,zitcis1,181
whtkin2_XC770531.ogg.npy,whtkin2,176
commyn_XC469381.ogg.npy,commyn,41
asikoe2_XC423125.ogg.npy,asikoe2,4
spoowl1_XC291445.ogg.npy,spoowl1,156
eucdov_XC481133.ogg.npy,eucdov,55
eurcoo_XC624812.ogg.npy,eurcoo,57
labcro1_XC115155.ogg.npy,labcro1,100
bcnher_XC668094.ogg.npy,bcnher,10
lirplo_XC555106.ogg.npy,lirplo,105
kenplo1_XC627425.ogg.npy,kenplo1,98
plapri1_XC359369.ogg.npy,plapri1,129
plaflo1_XC178280.ogg.npy,plaflo1,128
graher1_XC357948.ogg.npy,graher1,62
comior1_XC663566.ogg.npy,comior1,38
gloibi_XC800054.ogg.npy,gloibi,60
commyn_XC281920.ogg.npy,commyn,41
comtai1_XC293587.ogg.npy,comtai1,45
bladro1_XC336262.ogg.npy,bladro1,15
purher1_XC588208.ogg.npy,purher1,132
blrwar1_XC654591.ogg.npy,blrwar1,20
whiter2_XC201851.ogg.npy,whiter2,174
houspa_XC457157.ogg.npy,houspa,82
comgre_XC433123.ogg.npy,comgre,37
grywag_XC588734.ogg.npy,grywag,76
bcnher_XC551981.ogg.npy,bcnher,10
asikoe2_XC209209.ogg.npy,asikoe2,4
comsan_XC496602.ogg.npy,comsan,44
litegr_XC376641.ogg.npy,litegr,106
ashwoo2_XC783845.ogg.npy,ashwoo2,3
kenplo1_XC182876.ogg.npy,kenplo1,98
grnsan_XC737281.ogg.npy,grnsan,71
bladro1_XC842308.ogg.npy,bladro1,15
comros_XC834432.ogg.npy,comros,43
houspa_XC444806.ogg.npy,houspa,82
commoo3_XC687010.ogg.npy,commoo3,40
purher1_XC645473.ogg.npy,purher1,132
kenplo1_XC184339.ogg.npy,kenplo1,98
pursun4_XC685137.ogg.npy,pursun4,134
woosan_XC700153.ogg.npy,woosan,177
zitcis1_XC687967.ogg.npy,zitcis1,181
pursun4_XC784019.ogg.npy,pursun4,134
aspswi1_XC741598.ogg.npy,aspswi1,7
graher1_XC593366.ogg.npy,graher1,62
grecou1_XC277459.ogg.npy,grecou1,64
eurcoo_XC406279.ogg.npy,eurcoo,57
woosan_XC717329.ogg.npy,woosan,177
compea_XC426341.ogg.npy,compea,42
grynig2_XC196661.ogg.npy,grynig2,75
categr_XC453176.ogg.npy,categr,33
comgre_XC680206.ogg.npy,comgre,37
houspa_XC167383.ogg.npy,houspa,82
bcnher_XC428433.ogg.npy,bcnher,10
grbeat1_XC303999.ogg.npy,grbeat1,63
indpit1_XC357181.ogg.npy,indpit1,84
grnsan_XC745877.ogg.npy,grnsan,71
grewar3_XC490628.ogg.npy,grewar3,70
gyhcaf1_XC845763.ogg.npy,gyhcaf1,78
plapri1_XC606958.ogg.npy,plapri1,129
comsan_XC578546.ogg.npy,comsan,44
brodro1_XC798024.ogg.npy,brodro1,28
zitcis1_XC459013.ogg.npy,zitcis1,181
marsan_XC138823.ogg.npy,marsan,115
eurcoo_XC190770.ogg.npy,eurcoo,57
woosan_XC729119.ogg.npy,woosan,177
blnmon1_XC642921.ogg.npy,blnmon1,19
graher1_XC649526.ogg.npy,graher1,62
litegr_XC333970.ogg.npy,litegr,106
barswa_XC587773.ogg.npy,barswa,9
litgre1_XC628849.ogg.npy,litgre1,107
litgre1_XC493088.ogg.npy,litgre1,107
rewbul_XC842944.ogg.npy,rewbul,140
bkwsti_XC729696.ogg.npy,bkwsti,14
plhpar1_XC604408.ogg.npy,plhpar1,130
eucdov_XC668306.ogg.npy,eucdov,55
vehpar1_XC178251.ogg.npy,vehpar1,164
bcnher_XC436935.ogg.npy,bcnher,10
brcful1_XC721639.ogg.npy,brcful1,24
grtdro1_XC665377.ogg.npy,grtdro1,73
litegr_XC333885.ogg.npy,litegr,106
blrwar1_XC492504.ogg.npy,blrwar1,20
comsan_XC501618.ogg.npy,comsan,44
comsan_XC571110.ogg.npy,comsan,44
rewlap1_XC447637.ogg.npy,rewlap1,141
graher1_XC807035.ogg.npy,graher1,62
zitcis1_XC567944.ogg.npy,zitcis1,181
litegr_XC333981.ogg.npy,litegr,106
zitcis1_XC337538.ogg.npy,zitcis1,181
bkwsti_XC782685.ogg.npy,bkwsti,14
grtdro1_XC150646.ogg.npy,grtdro1,73
kenplo1_XC639299.ogg.npy,kenplo1,98
putbab1_XC654983.ogg.npy,putbab1,136
woosan_XC240476.ogg.npy,woosan,177
goflea1_XC365186.ogg.npy,goflea1,61
eaywag1_XC681324.ogg.npy,eaywag1,53
chbeat1_XC797013.ogg.npy,chbeat1,34
hoopoe_XC304013.ogg.npy,hoopoe,80
whiter2_XC714121.ogg.npy,whiter2,174
bkwsti_XC260277.ogg.npy,bkwsti,14
ruftre2_XC529853.ogg.npy,ruftre2,146
comsan_XC557397.ogg.npy,comsan,44
kenplo1_XC844781.ogg.npy,kenplo1,98
eurcoo_XC643671.ogg.npy,eurcoo,57
crseag1_XC523490.ogg.npy,crseag1,50
litegr_XC507947.ogg.npy,litegr,106
whcbar1_XC404220.ogg.npy,whcbar1,173
grnsan_XC655469.ogg.npy,grnsan,71
litegr_XC681608.ogg.npy,litegr,106
hoopoe_XC312069.ogg.npy,hoopoe,80
brnhao1_XC608651.ogg.npy,brnhao1,26
blnmon1_XC177164.ogg.npy,blnmon1,19
grewar3_XC765124.ogg.npy,grewar3,70
lirplo_XC844238.ogg.npy,lirplo,105
grywag_XC678269.ogg.npy,grywag,76
hoopoe_XC789271.ogg.npy,hoopoe,80
placuc3_XC722892.ogg.npy,placuc3,127
brnhao1_XC404183.ogg.npy,brnhao1,26
comfla1_XC600775.ogg.npy,comfla1,36
whtkin2_XC210474.ogg.npy,whtkin2,176
junbab2_XC610907.ogg.npy,junbab2,95
barswa_XC625824.ogg.npy,barswa,9
bkwsti_XC718506.ogg.npy,bkwsti,14
woosan_XC696445.ogg.npy,woosan,177
bkskit1_XC186609.ogg.npy,bkskit1,13
lirplo_XC591320.ogg.npy,lirplo,105
bcnher_XC493572.ogg.npy,bcnher,10
piebus1_XC785415.ogg.npy,piebus1,125
comros_XC458530.ogg.npy,comros,43
rocpig_XC116226.ogg.npy,rocpig,142
lobsun2_XC335661.ogg.npy,lobsun2,110
grnsan_XC368995.ogg.npy,grnsan,71
commoo3_XC552008.ogg.npy,commoo3,40
aspswi1_XC680904.ogg.npy,aspswi1,7
comkin1_XC502229.ogg.npy,comkin1,39
malpar1_XC540670.ogg.npy,malpar1,112
zitcis1_XC713495.ogg.npy,zitcis1,181
litgre1_XC787808.ogg.npy,litgre1,107
brwowl1_XC510520.ogg.npy,brwowl1,30
lirplo_XC822671.ogg.npy,lirplo,105
grewar3_XC191260.ogg.npy,grewar3,70
bcnher_XC829187.ogg.npy,bcnher,10
vehpar1_XC857739.ogg.npy,vehpar1,164
comkin1_XC686761.ogg.npy,comkin1,39
asikoe2_XC724426.ogg.npy,asikoe2,4
oripip1_XC701792.ogg.npy,oripip1,122
eaywag1_XC600587.ogg.npy,eaywag1,53
greegr_XC709064.ogg.npy,greegr,65
bkwsti_XC579834.ogg.npy,bkwsti,14
whtkin2_XC209214.ogg.npy,whtkin2,176
asikoe2_XC209026.ogg.npy,asikoe2,4
eucdov_XC362647.ogg.npy,eucdov,55
comros_XC743414.ogg.npy,comros,43
rossta2_XC145125.ogg.npy,rossta2,144
litspi1_XC321615.ogg.npy,litspi1,108
brnhao1_XC507988.ogg.npy,brnhao1,26
lirplo_XC408342.ogg.npy,lirplo,105
comtai1_XC308578.ogg.npy,comtai1,45
whbwat1_XC398880.ogg.npy,whbwat1,171
labcro1_XC612349.ogg.npy,labcro1,100
commyn_XC447270.ogg.npy,commyn,41
categr_XC517403.ogg.npy,categr,33
comtai1_XC834669.ogg.npy,comtai1,45
grtdro1_XC124717.ogg.npy,grtdro1,73
bcnher_XC574400.ogg.npy,bcnher,10
zitcis1_XC572685.ogg.npy,zitcis1,181
eaywag1_XC507667.ogg.npy,eaywag1,53
crseag1_XC478037.ogg.npy,crseag1,50
grywag_XC162614.ogg.npy,grywag,76
zitcis1_XC465528.ogg.npy,zitcis1,181
zitcis1_XC359154.ogg.npy,zitcis1,181
commoo3_XC534419.ogg.npy,commoo3,40
copbar1_XC293720.ogg.npy,copbar1,46
piekin1_XC138410.ogg.npy,piekin1,126
grtdro1_XC158464.ogg.npy,grtdro1,73
litgre1_XC710317.ogg.npy,litgre1,107
categr_XC136312.ogg.npy,categr,33
barswa_XC669095.ogg.npy,barswa,9
grecou1_XC442845.ogg.npy,grecou1,64
barfly1_XC856380.ogg.npy,barfly1,8
eucdov_XC781839.ogg.npy,eucdov,55
junbab2_XC282586.ogg.npy,junbab2,95
spodov_XC610173.ogg.npy,spodov,155
marsan_XC304118.ogg.npy,marsan,115
comsan_XC800183.ogg.npy,comsan,44
houspa_XC150410.ogg.npy,houspa,82
barswa_XC644922.ogg.npy,barswa,9
greegr_XC240330.ogg.npy,greegr,65
eucdov_XC668319.ogg.npy,eucdov,55
oripip1_XC558254.ogg.npy,oripip1,122
brfowl1_XC593653.ogg.npy,brfowl1,25
forwag1_XC785880.ogg.npy,forwag1,58
zitcis1_XC699996.ogg.npy,zitcis1,181
comros_XC328077.ogg.npy,comros,43
spodov_XC742601.ogg.npy,spodov,155
grnsan_XC423434.ogg.npy,grnsan,71
brfowl1_XC824089.ogg.npy,brfowl1,25
houspa_XC165733.ogg.npy,houspa,82
comtai1_XC133740.ogg.npy,comtai1,45
barswa_XC698511.ogg.npy,barswa,9
lirplo_XC558288.ogg.npy,lirplo,105
commyn_XC500615.ogg.npy,commyn,41
bcnher_XC724463.ogg.npy,bcnher,10
inbrob1_XC608137.ogg.npy,inbrob1,83
hoopoe_XC414847.ogg.npy,hoopoe,80
pursun4_XC513477.ogg.npy,pursun4,134
grewar3_XC808911.ogg.npy,grewar3,70
hoopoe_XC252584.ogg.npy,hoopoe,80
wbbfly1_XC461213.ogg.npy,wbbfly1,165
eaywag1_XC800173.ogg.npy,eaywag1,53
compea_XC585011.ogg.npy,compea,42
grewar3_XC840545.ogg.npy,grewar3,70
woosan_XC664543.ogg.npy,woosan,177
grywag_XC126385.ogg.npy,grywag,76
blrwar1_XC379071.ogg.npy,blrwar1,20
brodro1_XC142455.ogg.npy,brodro1,28
grynig2_XC131945.ogg.npy,grynig2,75
blrwar1_XC809515.ogg.npy,blrwar1,20
houspa_XC436305.ogg.npy,houspa,82
eaywag1_XC743715.ogg.npy,eaywag1,53
hoopoe_XC298305.ogg.npy,hoopoe,80
woosan_XC586827.ogg.npy,woosan,177
eurcoo_XC436998.ogg.npy,eurcoo,57
houspa_XC378162.ogg.npy,houspa,82
graher1_XC467373.ogg.npy,graher1,62
graher1_XC571480.ogg.npy,graher1,62
rorpar_XC561984.ogg.npy,rorpar,143
lirplo_XC682025.ogg.npy,lirplo,105
hoopoe_XC303733.ogg.npy,hoopoe,80
oripip1_XC303835.ogg.npy,oripip1,122
grywag_XC571655.ogg.npy,grywag,76
cregos1_XC284410.ogg.npy,cregos1,48
blakit1_XC341218.ogg.npy,blakit1,17
rewbul_XC315609.ogg.npy,rewbul,140
hoopoe_XC476606.ogg.npy,hoopoe,80
litgre1_XC370798.ogg.npy,litgre1,107
grecou1_XC163844.ogg.npy,grecou1,64
comsan_XC581732.ogg.npy,comsan,44
graher1_XC128824.ogg.npy,graher1,62
zitcis1_XC195732.ogg.npy,zitcis1,181
comgre_XC146877.ogg.npy,comgre,37
zitcis1_XC749223.ogg.npy,zitcis1,181
rorpar_XC202573.ogg.npy,rorpar,143
blakit1_XC466853.ogg.npy,blakit1,17
whbwat1_XC394872.ogg.npy,whbwat1,171
lesyel1_XC620859.ogg.npy,lesyel1,103
whbbul2_XC453725.ogg.npy,whbbul2,167
bcnher_XC552929.ogg.npy,bcnher,10
hoopoe_XC789272.ogg.npy,hoopoe,80
grnsan_XC585075.ogg.npy,grnsan,71
indrob1_XC575118.ogg.npy,indrob1,85
categr_XC257319.ogg.npy,categr,33
houcro1_XC793460.ogg.npy,houcro1,81
blakit1_XC206107.ogg.npy,blakit1,17
bkcbul1_XC216650.ogg.npy,bkcbul1,11
nutman_XC607229.ogg.npy,nutman,120
rewlap1_XC277453.ogg.npy,rewlap1,141
eurcoo_XC739146.ogg.npy,eurcoo,57
kenplo1_XC718553.ogg.npy,kenplo1,98
zitcis1_XC748245.ogg.npy,zitcis1,181
rorpar_XC36477.ogg.npy,rorpar,143
hoopoe_XC349675.ogg.npy,hoopoe,80
blhori1_XC215267.ogg.npy,blhori1,18
bkwsti_XC526030.ogg.npy,bkwsti,14
lirplo_XC144426.ogg.npy,lirplo,105
rorpar_XC267026.ogg.npy,rorpar,143
graher1_XC750564.ogg.npy,graher1,62
bkcbul1_XC19671.ogg.npy,bkcbul1,11
categr_XC26215.ogg.npy,categr,33
rorpar_XC626940.ogg.npy,rorpar,143
houspa_XC112647.ogg.npy,houspa,82
indpit1_XC251871.ogg.npy,indpit1,84
bkwsti_XC444850.ogg.npy,bkwsti,14
comkin1_XC615938.ogg.npy,comkin1,39
bkwsti_XC411148.ogg.npy,bkwsti,14
blrwar1_XC731008.ogg.npy,blrwar1,20
rerswa1_XC371021.ogg.npy,rerswa1,138
lirplo_XC184341.ogg.npy,lirplo,105
bcnher_XC476387.ogg.npy,bcnher,10
hoopoe_XC707604.ogg.npy,hoopoe,80
mawthr1_XC490498.ogg.npy,mawthr1,116
eucdov_XC310547.ogg.npy,eucdov,55
litegr_XC669363.ogg.npy,litegr,106
gyhcaf1_XC742685.ogg.npy,gyhcaf1,78
whbwat1_XC855538.ogg.npy,whbwat1,171
blrwar1_XC659092.ogg.npy,blrwar1,20
comsan_XC814947.ogg.npy,comsan,44
comgre_XC803283.ogg.npy,comgre,37
purher1_XC577101.ogg.npy,purher1,132
thbwar1_XC667277.ogg.npy,thbwar1,160
hoopoe_XC424024.ogg.npy,hoopoe,80
vefnut1_XC157979.ogg.npy,vefnut1,163
grywag_XC401459.ogg.npy,grywag,76
putbab1_XC174931.ogg.npy,putbab1,136
rerswa1_XC334159.ogg.npy,rerswa1,138
grewar3_XC378539.ogg.npy,grewar3,70
kenplo1_XC138233.ogg.npy,kenplo1,98
houcro1_XC163860.ogg.npy,houcro1,81
blnmon1_XC163897.ogg.npy,blnmon1,19
greegr_XC598767.ogg.npy,greegr,65
whtkin2_XC858394.ogg.npy,whtkin2,176
zitcis1_XC713317.ogg.npy,zitcis1,181
zitcis1_XC776863.ogg.npy,zitcis1,181
bkskit1_XC350365.ogg.npy,bkskit1,13
gyhcaf1_XC536448.ogg.npy,gyhcaf1,78
blrwar1_XC569062.ogg.npy,blrwar1,20
barswa_XC817803.ogg.npy,barswa,9
blhori1_XC301666.ogg.npy,blhori1,18
barswa_XC486142.ogg.npy,barswa,9
comsan_XC686341.ogg.npy,comsan,44
houspa_XC414505.ogg.npy,houspa,82
comros_XC190164.ogg.npy,comros,43
purher1_XC546670.ogg.npy,purher1,132
bwfshr1_XC820722.ogg.npy,bwfshr1,32
categr_XC298914.ogg.npy,categr,33
comgre_XC542996.ogg.npy,comgre,37
placuc3_XC568732.ogg.npy,placuc3,127
greegr_XC452998.ogg.npy,greegr,65
comgre_XC633597.ogg.npy,comgre,37
comkin1_XC189777.ogg.npy,comkin1,39
eaywag1_XC828562.ogg.npy,eaywag1,53
comros_XC319527.ogg.npy,comros,43
zitcis1_XC398540.ogg.npy,zitcis1,181
greegr_XC116545.ogg.npy,greegr,65
lirplo_XC490993.ogg.npy,lirplo,105
shikra1_XC523463.ogg.npy,shikra1,151
litgre1_XC471590.ogg.npy,litgre1,107
kenplo1_XC808296.ogg.npy,kenplo1,98
mawthr1_XC178305.ogg.npy,mawthr1,116
kenplo1_XC765774.ogg.npy,kenplo1,98
bkwsti_XC487848.ogg.npy,bkwsti,14
rewbul_XC360449.ogg.npy,rewbul,140
purher1_XC664675.ogg.npy,purher1,132
grewar3_XC293694.ogg.npy,grewar3,70
crseag1_XC414726.ogg.npy,crseag1,50
houspa_XC467940.ogg.npy,houspa,82
commyn_XC577887.ogg.npy,commyn,41
stbkin1_XC295783.ogg.npy,stbkin1,158
commoo3_XC690317.ogg.npy,commoo3,40
indrol2_XC761717.ogg.npy,indrol2,86
comgre_XC425049.ogg.npy,comgre,37
kenplo1_XC720162.ogg.npy,kenplo1,98
commoo3_XC592969.ogg.npy,commoo3,40
kenplo1_XC494534.ogg.npy,kenplo1,98
comtai1_XC133736.ogg.npy,comtai1,45
barswa_XC458228.ogg.npy,barswa,9
comtai1_XC754470.ogg.npy,comtai1,45
labcro1_XC626471.ogg.npy,labcro1,100
rocpig_XC611438.ogg.npy,rocpig,142
brakit1_XC825161.ogg.npy,brakit1,22
rossta2_XC116615.ogg.npy,rossta2,144
labcro1_XC265731.ogg.npy,labcro1,100
comros_XC247044.ogg.npy,comros,43
commoo3_XC629688.ogg.npy,commoo3,40
stbkin1_XC613524.ogg.npy,stbkin1,158
asikoe2_XC633429.ogg.npy,asikoe2,4
commyn_XC180831.ogg.npy,commyn,41
graher1_XC543470.ogg.npy,graher1,62
comsan_XC422060.ogg.npy,comsan,44
whbsho3_XC120590.ogg.npy,whbsho3,168
comsan_XC151332.ogg.npy,comsan,44
blhori1_XC406137.ogg.npy,blhori1,18
brwowl1_XC845574.ogg.npy,brwowl1,30
litspi1_XC283502.ogg.npy,litspi1,108
woosan_XC146456.ogg.npy,woosan,177
piekin1_XC615627.ogg.npy,piekin1,126
piekin1_XC397808.ogg.npy,piekin1,126
bkskit1_XC350267.ogg.npy,bkskit1,13
commoo3_XC802258.ogg.npy,commoo3,40
grtdro1_XC603528.ogg.npy,grtdro1,73
commyn_XC175519.ogg.npy,commyn,41
grewar3_XC264289.ogg.npy,grewar3,70
zitcis1_XC633694.ogg.npy,zitcis1,181
blnmon1_XC623264.ogg.npy,blnmon1,19
grewar3_XC185062.ogg.npy,grewar3,70
tilwar1_XC266033.ogg.npy,tilwar1,162
bcnher_XC545468.ogg.npy,bcnher,10
eaywag1_XC826313.ogg.npy,eaywag1,53
categr_XC452088.ogg.npy,categr,33
grnsan_XC575899.ogg.npy,grnsan,71
grtdro1_XC603874.ogg.npy,grtdro1,73
comfla1_XC637959.ogg.npy,comfla1,36
kenplo1_XC812535.ogg.npy,kenplo1,98
commyn_XC528935.ogg.npy,commyn,41
litswi1_XC806822.ogg.npy,litswi1,109
purswa3_XC857308.ogg.npy,purswa3,135
hoopoe_XC411684.ogg.npy,hoopoe,80
purher1_XC583969.ogg.npy,purher1,132
graher1_XC495300.ogg.npy,graher1,62
zitcis1_XC720708.ogg.npy,zitcis1,181
grywag_XC345890.ogg.npy,grywag,76
zitcis1_XC156869.ogg.npy,zitcis1,181
commyn_XC596983.ogg.npy,commyn,41
lirplo_XC265007.ogg.npy,lirplo,105
purher1_XC665218.ogg.npy,purher1,132
barswa_XC485373.ogg.npy,barswa,9
greegr_XC497808.ogg.npy,greegr,65
bncwoo3_XC620471.ogg.npy,bncwoo3,21
gargan_XC501880.ogg.npy,gargan,59
bladro1_XC440526.ogg.npy,bladro1,15
pursun4_XC303864.ogg.npy,pursun4,134
eaywag1_XC480691.ogg.npy,eaywag1,53
blrwar1_XC809449.ogg.npy,blrwar1,20
bkwsti_XC191405.ogg.npy,bkwsti,14
rorpar_XC209718.ogg.npy,rorpar,143
rewlap1_XC510665.ogg.npy,rewlap1,141
wemhar1_XC544680.ogg.npy,wemhar1,166
comfla1_XC365435.ogg.npy,comfla1,36
houspa_XC326670.ogg.npy,houspa,82
insbab1_XC597725.ogg.npy,insbab1,90
grtdro1_XC575145.ogg.npy,grtdro1,73
rorpar_XC812113.ogg.npy,rorpar,143
copbar1_XC164345.ogg.npy,copbar1,46
pursun4_XC240355.ogg.npy,pursun4,134
eurcoo_XC658160.ogg.npy,eurcoo,57
rewbul_XC306398.ogg.npy,rewbul,140
comgre_XC785528.ogg.npy,comgre,37
inbrob1_XC207766.ogg.npy,inbrob1,83
zitcis1_XC746994.ogg.npy,zitcis1,181
blrwar1_XC655340.ogg.npy,blrwar1,20
comtai1_XC293547.ogg.npy,comtai1,45
blrwar1_XC565811.ogg.npy,blrwar1,20
litegr_XC636768.ogg.npy,litegr,106
barswa_XC327364.ogg.npy,barswa,9
putbab1_XC551185.ogg.npy,putbab1,136
rorpar_XC716806.ogg.npy,rorpar,143
commoo3_XC548535.ogg.npy,commoo3,40
woosan_XC641451.ogg.npy,woosan,177
grtdro1_XC150635.ogg.npy,grtdro1,73
eurcoo_XC629624.ogg.npy,eurcoo,57
graher1_XC494207.ogg.npy,graher1,62
comtai1_XC133734.ogg.npy,comtai1,45
cohcuc1_XC316409.ogg.npy,cohcuc1,35
comros_XC449203.ogg.npy,comros,43
whbwat1_XC442850.ogg.npy,whbwat1,171
asikoe2_XC392992.ogg.npy,asikoe2,4
comros_XC185705.ogg.npy,comros,43
grnsan_XC392805.ogg.npy,grnsan,71
eurcoo_XC696601.ogg.npy,eurcoo,57
graher1_XC418491.ogg.npy,graher1,62
blakit1_XC422658.ogg.npy,blakit1,17
litswi1_XC394496.ogg.npy,litswi1,109
rerswa1_XC171582.ogg.npy,rerswa1,138
eucdov_XC185434.ogg.npy,eucdov,55
plapri1_XC746991.ogg.npy,plapri1,129
lirplo_XC495877.ogg.npy,lirplo,105
houspa_XC499651.ogg.npy,houspa,82
commyn_XC823812.ogg.npy,commyn,41
brnshr_XC458240.ogg.npy,brnshr,27
eurcoo_XC712124.ogg.npy,eurcoo,57
litegr_XC643851.ogg.npy,litegr,106
zitcis1_XC842049.ogg.npy,zitcis1,181
crseag1_XC19652.ogg.npy,crseag1,50
comgre_XC554092.ogg.npy,comgre,37
rorpar_XC209194.ogg.npy,rorpar,143
barswa_XC488933.ogg.npy,barswa,9
pomgrp2_XC214020.ogg.npy,pomgrp2,131
grywag_XC777774.ogg.npy,grywag,76
blrwar1_XC250297.ogg.npy,blrwar1,20
grenig1_XC612187.ogg.npy,grenig1,69
brwjac1_XC697573.ogg.npy,brwjac1,29
blrwar1_XC490118.ogg.npy,blrwar1,20
comros_XC319190.ogg.npy,comros,43
graher1_XC497249.ogg.npy,graher1,62
junbab2_XC188865.ogg.npy,junbab2,95
barswa_XC361807.ogg.npy,barswa,9
blrwar1_XC566126.ogg.npy,blrwar1,20
lirplo_XC551470.ogg.npy,lirplo,105
bkwsti_XC796005.ogg.npy,bkwsti,14
eucdov_XC380917.ogg.npy,eucdov,55
grewar3_XC684256.ogg.npy,grewar3,70
commyn_XC528930.ogg.npy,commyn,41
lirplo_XC371383.ogg.npy,lirplo,105
eucdov_XC709217.ogg.npy,eucdov,55
lirplo_XC287734.ogg.npy,lirplo,105
litegr_XC845755.ogg.npy,litegr,106
blrwar1_XC662286.ogg.npy,blrwar1,20
kenplo1_XC817407.ogg.npy,kenplo1,98
tibfly3_XC537740.ogg.npy,tibfly3,161
blakit1_XC120438.ogg.npy,blakit1,17
piekin1_XC515913.ogg.npy,piekin1,126
eurcoo_XC380513.ogg.npy,eurcoo,57
eaywag1_XC765231.ogg.npy,eaywag1,53
grnsan_XC586065.ogg.npy,grnsan,71
spodov_XC618871.ogg.npy,spodov,155
commyn_XC659210.ogg.npy,commyn,41
asikoe2_XC807671.ogg.npy,asikoe2,4
rorpar_XC534230.ogg.npy,rorpar,143
eucdov_XC368596.ogg.npy,eucdov,55
litgre1_XC549469.ogg.npy,litgre1,107
hoopoe_XC617644.ogg.npy,hoopoe,80
wemhar1_XC624200.ogg.npy,wemhar1,166
comtai1_XC551973.ogg.npy,comtai1,45
bcnher_XC143604.ogg.npy,bcnher,10
spepic1_XC629222.ogg.npy,spepic1,154
plapri1_XC834653.ogg.npy,plapri1,129
rossta2_XC565100.ogg.npy,rossta2,144
rerswa1_XC411312.ogg.npy,rerswa1,138
gybpri1_XC276855.ogg.npy,gybpri1,77
comsan_XC552846.ogg.npy,comsan,44
commyn_XC721477.ogg.npy,commyn,41
gloibi_XC744144.ogg.npy,gloibi,60
gargan_XC649120.ogg.npy,gargan,59
graher1_XC758701.ogg.npy,graher1,62
grewar3_XC809437.ogg.npy,grewar3,70
emedov2_XC732721.ogg.npy,emedov2,54
houspa_XC167599.ogg.npy,houspa,82
blakit1_XC765080.ogg.npy,blakit1,17
laudov1_XC540733.ogg.npy,laudov1,101
grywag_XC457124.ogg.npy,grywag,76
laudov1_XC374007.ogg.npy,laudov1,101
wemhar1_XC269746.ogg.npy,wemhar1,166
gyhcaf1_XC782953.ogg.npy,gyhcaf1,78
wemhar1_XC267362.ogg.npy,wemhar1,166
comsan_XC501617.ogg.npy,comsan,44
comtai1_XC571423.ogg.npy,comtai1,45
litspi1_XC216927.ogg.npy,litspi1,108
tibfly3_XC796015.ogg.npy,tibfly3,161
eucdov_XC747497.ogg.npy,eucdov,55
blhori1_XC163489.ogg.npy,blhori1,18
grnsan_XC713511.ogg.npy,grnsan,71
commyn_XC544012.ogg.npy,commyn,41
rossta2_XC482943.ogg.npy,rossta2,144
gybpri1_XC775453.ogg.npy,gybpri1,77
houspa_XC642792.ogg.npy,houspa,82
greegr_XC277289.ogg.npy,greegr,65
eucdov_XC831933.ogg.npy,eucdov,55
grbeat1_XC577285.ogg.npy,grbeat1,63
ashwoo2_XC803329.ogg.npy,ashwoo2,3
gybpri1_XC42624.ogg.npy,gybpri1,77
eaywag1_XC378218.ogg.npy,eaywag1,53
litspi1_XC856062.ogg.npy,litspi1,108
gyhcaf1_XC606942.ogg.npy,gyhcaf1,78
litgre1_XC728652.ogg.npy,litgre1,107
litegr_XC576312.ogg.npy,litegr,106
eucdov_XC387279.ogg.npy,eucdov,55
rorpar_XC780903.ogg.npy,rorpar,143
ingori1_XC116741.ogg.npy,ingori1,88
barswa_XC421348.ogg.npy,barswa,9
bwfshr1_XC171251.ogg.npy,bwfshr1,32
brnhao1_XC778965.ogg.npy,brnhao1,26
piekin1_XC282964.ogg.npy,piekin1,126
purher1_XC381813.ogg.npy,purher1,132
litgre1_XC726358.ogg.npy,litgre1,107
asbfly_XC175797.ogg.npy,asbfly,0
grnsan_XC521925.ogg.npy,grnsan,71
rorpar_XC167771.ogg.npy,rorpar,143
woosan_XC372968.ogg.npy,woosan,177
grnwar1_XC741930.ogg.npy,grnwar1,72
litgre1_XC687413.ogg.npy,litgre1,107
blrwar1_XC252526.ogg.npy,blrwar1,20
crseag1_XC797747.ogg.npy,crseag1,50
kenplo1_XC371003.ogg.npy,kenplo1,98
bkwsti_XC289301.ogg.npy,bkwsti,14
litegr_XC778654.ogg.npy,litegr,106
brodro1_XC477888.ogg.npy,brodro1,28
kenplo1_XC474370.ogg.npy,kenplo1,98
ruftre2_XC399356.ogg.npy,ruftre2,146
grywag_XC485891.ogg.npy,grywag,76
rocpig_XC208882.ogg.npy,rocpig,142
marsan_XC841281.ogg.npy,marsan,115
forwag1_XC523458.ogg.npy,forwag1,58
comkin1_XC689882.ogg.npy,comkin1,39
litspi1_XC116771.ogg.npy,litspi1,108
eaywag1_XC668674.ogg.npy,eaywag1,53
purher1_XC581126.ogg.npy,purher1,132
eurcoo_XC632331.ogg.npy,eurcoo,57
grywag_XC726568.ogg.npy,grywag,76
comkin1_XC596868.ogg.npy,comkin1,39
indrob1_XC406129.ogg.npy,indrob1,85
whbwoo2_XC123015.ogg.npy,whbwoo2,172
wemhar1_XC187397.ogg.npy,wemhar1,166
junbab2_XC368331.ogg.npy,junbab2,95
commoo3_XC636837.ogg.npy,commoo3,40
categr_XC339758.ogg.npy,categr,33
purher1_XC459832.ogg.npy,purher1,132
comgre_XC385095.ogg.npy,comgre,37
houspa_XC306629.ogg.npy,houspa,82
whiter2_XC184856.ogg.npy,whiter2,174
woosan_XC740798.ogg.npy,woosan,177
spoowl1_XC316835.ogg.npy,spoowl1,156
rorpar_XC535796.ogg.npy,rorpar,143
comkin1_XC845634.ogg.npy,comkin1,39
piebus1_XC777962.ogg.npy,piebus1,125
hoopoe_XC520009.ogg.npy,hoopoe,80
copbar1_XC442206.ogg.npy,copbar1,46
blrwar1_XC420800.ogg.npy,blrwar1,20
zitcis1_XC689204.ogg.npy,zitcis1,181
ingori1_XC185496.ogg.npy,ingori1,88
marsan_XC385926.ogg.npy,marsan,115
barswa_XC501004.ogg.npy,barswa,9
gybpri1_XC741504.ogg.npy,gybpri1,77
whiter2_XC729863.ogg.npy,whiter2,174
whiter2_XC725392.ogg.npy,whiter2,174
zitcis1_XC542018.ogg.npy,zitcis1,181
eucdov_XC739250.ogg.npy,eucdov,55
tilwar1_XC399013.ogg.npy,tilwar1,162
barswa_XC765781.ogg.npy,barswa,9
litgre1_XC658707.ogg.npy,litgre1,107
comkin1_XC596985.ogg.npy,comkin1,39
whcbar1_XC788186.ogg.npy,whcbar1,173
litswi1_XC443717.ogg.npy,litswi1,109
graher1_XC747233.ogg.npy,graher1,62
comkin1_XC670660.ogg.npy,comkin1,39
bcnher_XC543468.ogg.npy,bcnher,10
litgre1_XC643235.ogg.npy,litgre1,107
junbab2_XC670313.ogg.npy,junbab2,95
lirplo_XC765643.ogg.npy,lirplo,105
houspa_XC345810.ogg.npy,houspa,82
purher1_XC816658.ogg.npy,purher1,132
junbab2_XC529857.ogg.npy,junbab2,95
litegr_XC294610.ogg.npy,litegr,106
comtai1_XC163905.ogg.npy,comtai1,45
grywag_XC732101.ogg.npy,grywag,76
grnsan_XC544818.ogg.npy,grnsan,71
woosan_XC641316.ogg.npy,woosan,177
litgre1_XC449746.ogg.npy,litgre1,107
grnsan_XC541861.ogg.npy,grnsan,71
comros_XC475541.ogg.npy,comros,43
commoo3_XC810280.ogg.npy,commoo3,40
brakit1_XC208281.ogg.npy,brakit1,22
eaywag1_XC283863.ogg.npy,eaywag1,53
commyn_XC521180.ogg.npy,commyn,41
woosan_XC738798.ogg.npy,woosan,177
purher1_XC711956.ogg.npy,purher1,132
eaywag1_XC588750.ogg.npy,eaywag1,53
comkin1_XC679372.ogg.npy,comkin1,39
whtkin2_XC149784.ogg.npy,whtkin2,176
grywag_XC348224.ogg.npy,grywag,76
nutman_XC792175.ogg.npy,nutman,120
eucdov_XC556887.ogg.npy,eucdov,55
cregos1_XC528908.ogg.npy,cregos1,48
oripip1_XC683282.ogg.npy,oripip1,122
hoopoe_XC171538.ogg.npy,hoopoe,80
plapri1_XC804374.ogg.npy,plapri1,129
eucdov_XC297454.ogg.npy,eucdov,55
whbwoo2_XC320203.ogg.npy,whbwoo2,172
junbab2_XC796046.ogg.npy,junbab2,95
marsan_XC134894.ogg.npy,marsan,115
zitcis1_XC337542.ogg.npy,zitcis1,181
grefla1_XC580881.ogg.npy,grefla1,66
rewlap1_XC362839.ogg.npy,rewlap1,141
pabflo1_XC604022.ogg.npy,pabflo1,123
eurcoo_XC629650.ogg.npy,eurcoo,57
commoo3_XC716685.ogg.npy,commoo3,40
copbar1_XC461515.ogg.npy,copbar1,46
rerswa1_XC672468.ogg.npy,rerswa1,138
brwowl1_XC784709.ogg.npy,brwowl1,30
piekin1_XC608681.ogg.npy,piekin1,126
purher1_XC665728.ogg.npy,purher1,132
bkskit1_XC350367.ogg.npy,bkskit1,13
barswa_XC624636.ogg.npy,barswa,9
cregos1_XC804346.ogg.npy,cregos1,48
lirplo_XC809600.ogg.npy,lirplo,105
comgre_XC825684.ogg.npy,comgre,37
tibfly3_XC420898.ogg.npy,tibfly3,161
whiter2_XC748837.ogg.npy,whiter2,174
marsan_XC795256.ogg.npy,marsan,115
wemhar1_XC670222.ogg.npy,wemhar1,166
kenplo1_XC718534.ogg.npy,kenplo1,98
scamin3_XC215868.ogg.npy,scamin3,150
rorpar_XC354836.ogg.npy,rorpar,143
houcro1_XC756303.ogg.npy,houcro1,81
asikoe2_XC260248.ogg.npy,asikoe2,4
purher1_XC590008.ogg.npy,purher1,132
zitcis1_XC777917.ogg.npy,zitcis1,181
putbab1_XC358403.ogg.npy,putbab1,136
bkskit1_XC351406.ogg.npy,bkskit1,13
eurcoo_XC793464.ogg.npy,eurcoo,57
woosan_XC746580.ogg.npy,woosan,177
grnwar1_XC740623.ogg.npy,grnwar1,72
comgre_XC645478.ogg.npy,comgre,37
ashdro1_XC239393.ogg.npy,ashdro1,1
graher1_XC445119.ogg.npy,graher1,62
barswa_XC361221.ogg.npy,barswa,9
grtdro1_XC595618.ogg.npy,grtdro1,73
bkwsti_XC652883.ogg.npy,bkwsti,14
labcro1_XC316353.ogg.npy,labcro1,100
hoopoe_XC800831.ogg.npy,hoopoe,80
gryfra_XC575657.ogg.npy,gryfra,74
rorpar_XC845915.ogg.npy,rorpar,143
litgre1_XC636134.ogg.npy,litgre1,107
rewlap1_XC404494.ogg.npy,rewlap1,141
hoopoe_XC410050.ogg.npy,hoopoe,80
comsan_XC377716.ogg.npy,comsan,44
grtdro1_XC365424.ogg.npy,grtdro1,73
grywag_XC856211.ogg.npy,grywag,76
grewar3_XC743681.ogg.npy,grewar3,70
litegr_XC365090.ogg.npy,litegr,106
rorpar_XC234984.ogg.npy,rorpar,143
commyn_XC703337.ogg.npy,commyn,41
gyhcaf1_XC503742.ogg.npy,gyhcaf1,78
yebbab1_XC670334.ogg.npy,yebbab1,179
grecou1_XC303849.ogg.npy,grecou1,64
grnwar1_XC207728.ogg.npy,grnwar1,72
rerswa1_XC279611.ogg.npy,rerswa1,138
blnmon1_XC343314.ogg.npy,blnmon1,19
comior1_XC151304.ogg.npy,comior1,38
commyn_XC379536.ogg.npy,commyn,41
comsan_XC586340.ogg.npy,comsan,44
gryfra_XC308183.ogg.npy,gryfra,74
commoo3_XC773430.ogg.npy,commoo3,40
marsan_XC495881.ogg.npy,marsan,115
plapri1_XC855536.ogg.npy,plapri1,129
lobsun2_XC207772.ogg.npy,lobsun2,110
brnshr_XC386461.ogg.npy,brnshr,27
lirplo_XC360571.ogg.npy,lirplo,105
rerswa1_XC423975.ogg.npy,rerswa1,138
whbwat1_XC764942.ogg.npy,whbwat1,171
whiter2_XC446885.ogg.npy,whiter2,174
rossta2_XC755713.ogg.npy,rossta2,144
comros_XC373545.ogg.npy,comros,43
commyn_XC203342.ogg.npy,commyn,41
lirplo_XC327543.ogg.npy,lirplo,105
kenplo1_XC464633.ogg.npy,kenplo1,98
tibfly3_XC684425.ogg.npy,tibfly3,161
eurcoo_XC557901.ogg.npy,eurcoo,57
blrwar1_XC842252.ogg.npy,blrwar1,20
rorpar_XC506680.ogg.npy,rorpar,143
bcnher_XC757753.ogg.npy,bcnher,10
litgre1_XC202529.ogg.npy,litgre1,107
graher1_XC564753.ogg.npy,graher1,62
litgre1_XC276754.ogg.npy,litgre1,107
blaeag1_XC596813.ogg.npy,blaeag1,16
hoopoe_XC134047.ogg.npy,hoopoe,80
brakit1_XC196654.ogg.npy,brakit1,22
bcnher_XC836515.ogg.npy,bcnher,10
bwfshr1_XC113026.ogg.npy,bwfshr1,32
forwag1_XC807373.ogg.npy,forwag1,58
labcro1_XC558816.ogg.npy,labcro1,100
comkin1_XC188963.ogg.npy,comkin1,39
lirplo_XC371856.ogg.npy,lirplo,105
eurcoo_XC546006.ogg.npy,eurcoo,57
litgre1_XC636237.ogg.npy,litgre1,107
grewar3_XC416852.ogg.npy,grewar3,70
grnsan_XC579133.ogg.npy,grnsan,71
houspa_XC152772.ogg.npy,houspa,82
grewar3_XC375797.ogg.npy,grewar3,70
spodov_XC400389.ogg.npy,spodov,155
litgre1_XC821288.ogg.npy,litgre1,107
shikra1_XC365078.ogg.npy,shikra1,151
brnshr_XC458249.ogg.npy,brnshr,27
purher1_XC374911.ogg.npy,purher1,132
grnsan_XC424250.ogg.npy,grnsan,71
commoo3_XC545755.ogg.npy,commoo3,40
barswa_XC486210.ogg.npy,barswa,9
grnsan_XC642069.ogg.npy,grnsan,71
eaywag1_XC507665.ogg.npy,eaywag1,53
copbar1_XC304987.ogg.npy,copbar1,46
bkcbul1_XC306398.ogg.npy,bkcbul1,11
blrwar1_XC807822.ogg.npy,blrwar1,20
ashwoo2_XC546354.ogg.npy,ashwoo2,3
comkin1_XC501144.ogg.npy,comkin1,39
rewbul_XC778656.ogg.npy,rewbul,140
rorpar_XC495558.ogg.npy,rorpar,143
purswa3_XC858113.ogg.npy,purswa3,135
brnshr_XC823995.ogg.npy,brnshr,27
zitcis1_XC476911.ogg.npy,zitcis1,181
zitcis1_XC581217.ogg.npy,zitcis1,181
laudov1_XC712841.ogg.npy,laudov1,101
litegr_XC333971.ogg.npy,litegr,106
plapri1_XC637256.ogg.npy,plapri1,129
blrwar1_XC420746.ogg.npy,blrwar1,20
commoo3_XC378482.ogg.npy,commoo3,40
inbrob1_XC402422.ogg.npy,inbrob1,83
brnshr_XC484133.ogg.npy,brnshr,27
putbab1_XC239781.ogg.npy,putbab1,136
woosan_XC146454.ogg.npy,woosan,177
purher1_XC789588.ogg.npy,purher1,132
grnsan_XC443763.ogg.npy,grnsan,71
pabflo1_XC756571.ogg.npy,pabflo1,123
commoo3_XC540116.ogg.npy,commoo3,40
piekin1_XC608521.ogg.npy,piekin1,126
commyn_XC736304.ogg.npy,commyn,41
comros_XC67247.ogg.npy,comros,43
gargan_XC633634.ogg.npy,gargan,59
copbar1_XC443314.ogg.npy,copbar1,46
bkwsti_XC698405.ogg.npy,bkwsti,14
litgre1_XC636770.ogg.npy,litgre1,107
gybpri1_XC189334.ogg.npy,gybpri1,77
rorpar_XC453150.ogg.npy,rorpar,143
spodov_XC710634.ogg.npy,spodov,155
rocpig_XC387812.ogg.npy,rocpig,142
grbeat1_XC621030.ogg.npy,grbeat1,63
redspu1_XC325427.ogg.npy,redspu1,137
hoopoe_XC247299.ogg.npy,hoopoe,80
woosan_XC447001.ogg.npy,woosan,177
commyn_XC661253.ogg.npy,commyn,41
whiter2_XC201852.ogg.npy,whiter2,174
labcro1_XC340946.ogg.npy,labcro1,100
insbab1_XC548051.ogg.npy,insbab1,90
rossta2_XC417467.ogg.npy,rossta2,144
bkwsti_XC562869.ogg.npy,bkwsti,14
spodov_XC31444.ogg.npy,spodov,155
commyn_XC579693.ogg.npy,commyn,41
eurcoo_XC291127.ogg.npy,eurcoo,57
blnmon1_XC379910.ogg.npy,blnmon1,19
comsan_XC663898.ogg.npy,comsan,44
whbwat1_XC788134.ogg.npy,whbwat1,171
grbeat1_XC461981.ogg.npy,grbeat1,63
purher1_XC668916.ogg.npy,purher1,132
zitcis1_XC125875.ogg.npy,zitcis1,181
grtdro1_XC606821.ogg.npy,grtdro1,73
ashwoo2_XC503384.ogg.npy,ashwoo2,3
barswa_XC329023.ogg.npy,barswa,9
bcnher_XC464577.ogg.npy,bcnher,10
hoopoe_XC184630.ogg.npy,hoopoe,80
barswa_XC147393.ogg.npy,barswa,9
maltro1_XC192193.ogg.npy,maltro1,113
litgre1_XC553461.ogg.npy,litgre1,107
spepic1_XC613292.ogg.npy,spepic1,154
rewbul_XC713116.ogg.npy,rewbul,140
eurcoo_XC572645.ogg.npy,eurcoo,57
bcnher_XC661218.ogg.npy,bcnher,10
commoo3_XC776232.ogg.npy,commoo3,40
zitcis1_XC626814.ogg.npy,zitcis1,181
houspa_XC315539.ogg.npy,houspa,82
rerswa1_XC178396.ogg.npy,rerswa1,138
gargan_XC710595.ogg.npy,gargan,59
purher1_XC471545.ogg.npy,purher1,132
greegr_XC582622.ogg.npy,greegr,65
eucdov_XC297326.ogg.npy,eucdov,55
grtdro1_XC566148.ogg.npy,grtdro1,73
whiter2_XC770347.ogg.npy,whiter2,174
whiter2_XC182607.ogg.npy,whiter2,174
redspu1_XC775566.ogg.npy,redspu1,137
crseag1_XC855633.ogg.npy,crseag1,50
comros_XC457667.ogg.npy,comros,43
litspi1_XC151211.ogg.npy,litspi1,108
grewar3_XC191632.ogg.npy,grewar3,70
commoo3_XC787679.ogg.npy,commoo3,40
wemhar1_XC130668.ogg.npy,wemhar1,166
bkskit1_XC353811.ogg.npy,bkskit1,13
grewar3_XC162677.ogg.npy,grewar3,70
whbwat1_XC577914.ogg.npy,whbwat1,171
comtai1_XC499019.ogg.npy,comtai1,45
litspi1_XC721637.ogg.npy,litspi1,108
comsan_XC134627.ogg.npy,comsan,44
bkwsti_XC543266.ogg.npy,bkwsti,14
insowl1_XC296427.ogg.npy,insowl1,91
gryfra_XC404357.ogg.npy,gryfra,74
rorpar_XC398972.ogg.npy,rorpar,143
hoopoe_XC803800.ogg.npy,hoopoe,80
grnsan_XC838914.ogg.npy,grnsan,71
asikoe2_XC721360.ogg.npy,asikoe2,4
piekin1_XC810655.ogg.npy,piekin1,126
bcnher_XC541691.ogg.npy,bcnher,10
blnmon1_XC214011.ogg.npy,blnmon1,19
grywag_XC759032.ogg.npy,grywag,76
houspa_XC661494.ogg.npy,houspa,82
asikoe2_XC324988.ogg.npy,asikoe2,4
grewar3_XC802971.ogg.npy,grewar3,70
piebus1_XC311738.ogg.npy,piebus1,125
comgre_XC110306.ogg.npy,comgre,37
eucdov_XC541777.ogg.npy,eucdov,55
grnwar1_XC505336.ogg.npy,grnwar1,72
grnsan_XC642159.ogg.npy,grnsan,71
blrwar1_XC148833.ogg.npy,blrwar1,20
blnmon1_XC163899.ogg.npy,blnmon1,19
spepic1_XC653914.ogg.npy,spepic1,154
woosan_XC685750.ogg.npy,woosan,177
blhori1_XC571465.ogg.npy,blhori1,18
ruftre2_XC788233.ogg.npy,ruftre2,146
bcnher_XC584799.ogg.npy,bcnher,10
comsan_XC683470.ogg.npy,comsan,44
piebus1_XC416853.ogg.npy,piebus1,125
spodov_XC723872.ogg.npy,spodov,155
grtdro1_XC610728.ogg.npy,grtdro1,73
rewlap1_XC392131.ogg.npy,rewlap1,141
litgre1_XC567951.ogg.npy,litgre1,107
grnsan_XC639075.ogg.npy,grnsan,71
whtkin2_XC477303.ogg.npy,whtkin2,176
litgre1_XC314998.ogg.npy,litgre1,107
grewar3_XC483674.ogg.npy,grewar3,70
comgre_XC385157.ogg.npy,comgre,37
bcnher_XC610143.ogg.npy,bcnher,10
rufwoo2_XC416945.ogg.npy,rufwoo2,147
rorpar_XC208665.ogg.npy,rorpar,143
kenplo1_XC494536.ogg.npy,kenplo1,98
woosan_XC190517.ogg.npy,woosan,177
comsan_XC199227.ogg.npy,comsan,44
lirplo_XC546386.ogg.npy,lirplo,105
rorpar_XC354582.ogg.npy,rorpar,143
graher1_XC377397.ogg.npy,graher1,62
brnshr_XC574738.ogg.npy,brnshr,27
woosan_XC834767.ogg.npy,woosan,177
bcnher_XC800071.ogg.npy,bcnher,10
ashpri1_XC73015.ogg.npy,ashpri1,2
grnwar1_XC600356.ogg.npy,grnwar1,72
insbab1_XC366261.ogg.npy,insbab1,90
eaywag1_XC184873.ogg.npy,eaywag1,53
wemhar1_XC556115.ogg.npy,wemhar1,166
shikra1_XC401593.ogg.npy,shikra1,151
eurcoo_XC640800.ogg.npy,eurcoo,57
eaywag1_XC588270.ogg.npy,eaywag1,53
blakit1_XC270447.ogg.npy,blakit1,17
bkskit1_XC655668.ogg.npy,bkskit1,13
spodov_XC190962.ogg.npy,spodov,155
blrwar1_XC419888.ogg.npy,blrwar1,20
piekin1_XC855533.ogg.npy,piekin1,126
brodro1_XC796296.ogg.npy,brodro1,28
putbab1_XC338219.ogg.npy,putbab1,136
whbwoo2_XC378297.ogg.npy,whbwoo2,172
greegr_XC58491.ogg.npy,greegr,65
junbab2_XC407475.ogg.npy,junbab2,95
purher1_XC343737.ogg.npy,purher1,132
commoo3_XC650111.ogg.npy,commoo3,40
grnsan_XC494004.ogg.npy,grnsan,71
hoopoe_XC789269.ogg.npy,hoopoe,80
eucdov_XC242071.ogg.npy,eucdov,55
rossta2_XC728313.ogg.npy,rossta2,144
malpar1_XC215862.ogg.npy,malpar1,112
eurcoo_XC571457.ogg.npy,eurcoo,57
greegr_XC428239.ogg.npy,greegr,65
piekin1_XC515901.ogg.npy,piekin1,126
plaflo1_XC777209.ogg.npy,plaflo1,128
maghor2_XC113461.ogg.npy,maghor2,111
commyn_XC116526.ogg.npy,commyn,41
grewar3_XC416402.ogg.npy,grewar3,70
moipig1_XC215864.ogg.npy,moipig1,117
eaywag1_XC765504.ogg.npy,eaywag1,53
grnsan_XC643312.ogg.npy,grnsan,71
brfowl1_XC124221.ogg.npy,brfowl1,25
houspa_XC640223.ogg.npy,houspa,82
houspa_XC243556.ogg.npy,houspa,82
grewar3_XC189792.ogg.npy,grewar3,70
rewbul_XC722975.ogg.npy,rewbul,140
wemhar1_XC552448.ogg.npy,wemhar1,166
houcro1_XC116647.ogg.npy,houcro1,81
whtkin2_XC365386.ogg.npy,whtkin2,176
lirplo_XC155666.ogg.npy,lirplo,105
eaywag1_XC481363.ogg.npy,eaywag1,53
asbfly_XC309402.ogg.npy,asbfly,0
eaywag1_XC747502.ogg.npy,eaywag1,53
revbul_XC207652.ogg.npy,revbul,139
bcnher_XC814042.ogg.npy,bcnher,10
zitcis1_XC625322.ogg.npy,zitcis1,181
shikra1_XC723549.ogg.npy,shikra1,151
rerswa1_XC423982.ogg.npy,rerswa1,138
brfowl1_XC824093.ogg.npy,brfowl1,25
rerswa1_XC587199.ogg.npy,rerswa1,138
grenig1_XC153284.ogg.npy,grenig1,69
brnshr_XC526805.ogg.npy,brnshr,27
whtkin2_XC797017.ogg.npy,whtkin2,176
comtai1_XC541295.ogg.npy,comtai1,45
plapri1_XC652617.ogg.npy,plapri1,129
bcnher_XC553368.ogg.npy,bcnher,10
whtkin2_XC559648.ogg.npy,whtkin2,176
grnsan_XC109489.ogg.npy,grnsan,71
tilwar1_XC658721.ogg.npy,tilwar1,162
houspa_XC752631.ogg.npy,houspa,82
blakit1_XC330330.ogg.npy,blakit1,17
putbab1_XC779383.ogg.npy,putbab1,136
woosan_XC808144.ogg.npy,woosan,177
eurcoo_XC804809.ogg.npy,eurcoo,57
gybpri1_XC736745.ogg.npy,gybpri1,77
eucdov_XC710809.ogg.npy,eucdov,55
whbwoo2_XC214023.ogg.npy,whbwoo2,172
brodro1_XC290015.ogg.npy,brodro1,28
grnsan_XC488380.ogg.npy,grnsan,71
comros_XC185248.ogg.npy,comros,43
inbrob1_XC19733.ogg.npy,inbrob1,83
laudov1_XC157542.ogg.npy,laudov1,101
comkin1_XC155264.ogg.npy,comkin1,39
comkin1_XC477453.ogg.npy,comkin1,39
blrwar1_XC731007.ogg.npy,blrwar1,20
eurcoo_XC712227.ogg.npy,eurcoo,57
litegr_XC288883.ogg.npy,litegr,106
lblwar1_XC395723.ogg.npy,lblwar1,102
gargan_XC645663.ogg.npy,gargan,59
zitcis1_XC451178.ogg.npy,zitcis1,181
hoopoe_XC153911.ogg.npy,hoopoe,80
rewbul_XC400904.ogg.npy,rewbul,140
grecou1_XC386937.ogg.npy,grecou1,64
junowl1_XC197752.ogg.npy,junowl1,97
stbkin1_XC332705.ogg.npy,stbkin1,158
ingori1_XC421642.ogg.npy,ingori1,88
lblwar1_XC806798.ogg.npy,lblwar1,102
copbar1_XC404204.ogg.npy,copbar1,46
brnhao1_XC756988.ogg.npy,brnhao1,26
oripip1_XC143496.ogg.npy,oripip1,122
blakit1_XC765078.ogg.npy,blakit1,17
whtkin2_XC306846.ogg.npy,whtkin2,176
comior1_XC641529.ogg.npy,comior1,38
eurcoo_XC576283.ogg.npy,eurcoo,57
gryfra_XC459287.ogg.npy,gryfra,74
comsan_XC526483.ogg.npy,comsan,44
whbwat1_XC137916.ogg.npy,whbwat1,171
comgre_XC770580.ogg.npy,comgre,37
purher1_XC487814.ogg.npy,purher1,132
categr_XC776968.ogg.npy,categr,33
grewar3_XC375799.ogg.npy,grewar3,70
lirplo_XC797742.ogg.npy,lirplo,105
bkwsti_XC761924.ogg.npy,bkwsti,14
kenplo1_XC494529.ogg.npy,kenplo1,98
purher1_XC673154.ogg.npy,purher1,132
commoo3_XC570331.ogg.npy,commoo3,40
comgre_XC646386.ogg.npy,comgre,37
goflea1_XC755736.ogg.npy,goflea1,61
bladro1_XC483889.ogg.npy,bladro1,15
whbwat1_XC190858.ogg.npy,whbwat1,171
lirplo_XC713093.ogg.npy,lirplo,105
grywag_XC746983.ogg.npy,grywag,76
grewar3_XC420894.ogg.npy,grewar3,70
bkskit1_XC353834.ogg.npy,bkskit1,13
zitcis1_XC724801.ogg.npy,zitcis1,181
lirplo_XC701914.ogg.npy,lirplo,105
btbeat1_XC19601.ogg.npy,btbeat1,31
hoopoe_XC374775.ogg.npy,hoopoe,80
kenplo1_XC814069.ogg.npy,kenplo1,98
rewlap1_XC606961.ogg.npy,rewlap1,141
commyn_XC336261.ogg.npy,commyn,41
indpit1_XC453369.ogg.npy,indpit1,84
crseag1_XC150734.ogg.npy,crseag1,50
graher1_XC200117.ogg.npy,graher1,62
graher1_XC587829.ogg.npy,graher1,62
bkskit1_XC196089.ogg.npy,bkskit1,13
copbar1_XC421927.ogg.npy,copbar1,46
grbeat1_XC125592.ogg.npy,grbeat1,63
ashpri1_XC551770.ogg.npy,ashpri1,2
grywag_XC806691.ogg.npy,grywag,76
rewlap1_XC686926.ogg.npy,rewlap1,141
eurcoo_XC844244.ogg.npy,eurcoo,57
hoopoe_XC179800.ogg.npy,hoopoe,80
plapri1_XC545599.ogg.npy,plapri1,129
grtdro1_XC283303.ogg.npy,grtdro1,73
ashdro1_XC329163.ogg.npy,ashdro1,1
houspa_XC699901.ogg.npy,houspa,82
putbab1_XC784055.ogg.npy,putbab1,136
bkwsti_XC835991.ogg.npy,bkwsti,14
comkin1_XC599506.ogg.npy,comkin1,39
hoopoe_XC570576.ogg.npy,hoopoe,80
comros_XC139004.ogg.npy,comros,43
whbbul2_XC209005.ogg.npy,whbbul2,167
purher1_XC747303.ogg.npy,purher1,132
eucdov_XC722748.ogg.npy,eucdov,55
rerswa1_XC837450.ogg.npy,rerswa1,138
wemhar1_XC780002.ogg.npy,wemhar1,166
comsan_XC424757.ogg.npy,comsan,44
laudov1_XC410269.ogg.npy,laudov1,101
rerswa1_XC732234.ogg.npy,rerswa1,138
grtdro1_XC595616.ogg.npy,grtdro1,73
grewar3_XC569297.ogg.npy,grewar3,70
comkin1_XC156445.ogg.npy,comkin1,39
brnshr_XC386460.ogg.npy,brnshr,27
eucdov_XC669825.ogg.npy,eucdov,55
vehpar1_XC214032.ogg.npy,vehpar1,164
eucdov_XC624862.ogg.npy,eucdov,55
putbab1_XC565733.ogg.npy,putbab1,136
hoopoe_XC291958.ogg.npy,hoopoe,80
grnwar1_XC817799.ogg.npy,grnwar1,72
zitcis1_XC633503.ogg.npy,zitcis1,181
bkwsti_XC658944.ogg.npy,bkwsti,14
kenplo1_XC358557.ogg.npy,kenplo1,98
comior1_XC397592.ogg.npy,comior1,38
grewar3_XC415954.ogg.npy,grewar3,70
litegr_XC591649.ogg.npy,litegr,106
barswa_XC193495.ogg.npy,barswa,9
grywag_XC401071.ogg.npy,grywag,76
eaywag1_XC679942.ogg.npy,eaywag1,53
thbwar1_XC755640.ogg.npy,thbwar1,160
comior1_XC343936.ogg.npy,comior1,38
zitcis1_XC572915.ogg.npy,zitcis1,181
putbab1_XC465691.ogg.npy,putbab1,136
rewbul_XC74347.ogg.npy,rewbul,140
woosan_XC844041.ogg.npy,woosan,177
kenplo1_XC316252.ogg.npy,kenplo1,98
wemhar1_XC467177.ogg.npy,wemhar1,166
bkwsti_XC263298.ogg.npy,bkwsti,14
grewar3_XC652487.ogg.npy,grewar3,70
wemhar1_XC410924.ogg.npy,wemhar1,166
barswa_XC511681.ogg.npy,barswa,9
hoopoe_XC246029.ogg.npy,hoopoe,80
woosan_XC376849.ogg.npy,woosan,177
ashpri1_XC310857.ogg.npy,ashpri1,2
rewlap1_XC288092.ogg.npy,rewlap1,141
graher1_XC768404.ogg.npy,graher1,62
comior1_XC769798.ogg.npy,comior1,38
woosan_XC652043.ogg.npy,woosan,177
blhori1_XC754313.ogg.npy,blhori1,18
putbab1_XC239780.ogg.npy,putbab1,136
whiter2_XC138597.ogg.npy,whiter2,174
eucdov_XC492752.ogg.npy,eucdov,55
insowl1_XC659329.ogg.npy,insowl1,91
inpher1_XC428562.ogg.npy,inpher1,89
whbsho3_XC856465.ogg.npy,whbsho3,168
comkin1_XC638653.ogg.npy,comkin1,39
grewar3_XC293626.ogg.npy,grewar3,70
rocpig_XC500496.ogg.npy,rocpig,142
litgre1_XC630976.ogg.npy,litgre1,107
bcnher_XC637010.ogg.npy,bcnher,10
sohmyn1_XC464128.ogg.npy,sohmyn1,153
rewbul_XC649548.ogg.npy,rewbul,140
houcro1_XC744704.ogg.npy,houcro1,81
comfla1_XC740232.ogg.npy,comfla1,36
commyn_XC643677.ogg.npy,commyn,41
pursun4_XC402389.ogg.npy,pursun4,134
gyhcaf1_XC720382.ogg.npy,gyhcaf1,78
purher1_XC485245.ogg.npy,purher1,132
grywag_XC740474.ogg.npy,grywag,76
greegr_XC678001.ogg.npy,greegr,65
inbrob1_XC191724.ogg.npy,inbrob1,83
barswa_XC526924.ogg.npy,barswa,9
revbul_XC684870.ogg.npy,revbul,139
comkin1_XC436260.ogg.npy,comkin1,39
blrwar1_XC138157.ogg.npy,blrwar1,20
grewar3_XC420087.ogg.npy,grewar3,70
grnwar1_XC778610.ogg.npy,grnwar1,72
crbsun2_XC619723.ogg.npy,crbsun2,47
commoo3_XC641214.ogg.npy,commoo3,40
bladro1_XC596817.ogg.npy,bladro1,15
pabflo1_XC681129.ogg.npy,pabflo1,123
stbkin1_XC294385.ogg.npy,stbkin1,158
hoopoe_XC397387.ogg.npy,hoopoe,80
comsan_XC636691.ogg.npy,comsan,44
grywag_XC456025.ogg.npy,grywag,76
goflea1_XC206408.ogg.npy,goflea1,61
vefnut1_XC289785.ogg.npy,vefnut1,163
spoowl1_XC19863.ogg.npy,spoowl1,156
labcro1_XC115153.ogg.npy,labcro1,100
graher1_XC782094.ogg.npy,graher1,62
brnhao1_XC647840.ogg.npy,brnhao1,26
ashpri1_XC306464.ogg.npy,ashpri1,2
comros_XC458145.ogg.npy,comros,43
comros_XC573404.ogg.npy,comros,43
categr_XC838627.ogg.npy,categr,33
categr_XC838628.ogg.npy,categr,33
blrwar1_XC184748.ogg.npy,blrwar1,20
bkrfla1_XC240264.ogg.npy,bkrfla1,12
comkin1_XC201642.ogg.npy,comkin1,39
stbkin1_XC659328.ogg.npy,stbkin1,158
nutman_XC441707.ogg.npy,nutman,120
commoo3_XC559153.ogg.npy,commoo3,40
grywag_XC486125.ogg.npy,grywag,76
cohcuc1_XC214006.ogg.npy,cohcuc1,35
grnsan_XC609387.ogg.npy,grnsan,71
asbfly_XC775904.ogg.npy,asbfly,0
crbsun2_XC792296.ogg.npy,crbsun2,47
litspi1_XC179567.ogg.npy,litspi1,108
junbab2_XC442113.ogg.npy,junbab2,95
eucdov_XC668872.ogg.npy,eucdov,55
putbab1_XC816604.ogg.npy,putbab1,136
grewar3_XC306994.ogg.npy,grewar3,70
moipig1_XC151565.ogg.npy,moipig1,117
plapri1_XC381170.ogg.npy,plapri1,129
barswa_XC602947.ogg.npy,barswa,9
bkwsti_XC514731.ogg.npy,bkwsti,14
woosan_XC492304.ogg.npy,woosan,177
eaywag1_XC765889.ogg.npy,eaywag1,53
copbar1_XC665270.ogg.npy,copbar1,46
indrob1_XC442451.ogg.npy,indrob1,85
aspswi1_XC783753.ogg.npy,aspswi1,7
lirplo_XC743839.ogg.npy,lirplo,105
asikoe2_XC352055.ogg.npy,asikoe2,4
whcbar1_XC788185.ogg.npy,whcbar1,173
rocpig_XC600881.ogg.npy,rocpig,142
blrwar1_XC29646.ogg.npy,blrwar1,20
btbeat1_XC741386.ogg.npy,btbeat1,31
wbbfly1_XC574741.ogg.npy,wbbfly1,165
zitcis1_XC287449.ogg.npy,zitcis1,181
whrmun_XC753813.ogg.npy,whrmun,175
litegr_XC188332.ogg.npy,litegr,106
bladro1_XC514822.ogg.npy,bladro1,15
crseag1_XC579014.ogg.npy,crseag1,50
grnwar1_XC208785.ogg.npy,grnwar1,72
comkin1_XC474277.ogg.npy,comkin1,39
houspa_XC499109.ogg.npy,houspa,82
asikoe2_XC578005.ogg.npy,asikoe2,4
commoo3_XC663970.ogg.npy,commoo3,40
brwowl1_XC436744.ogg.npy,brwowl1,30
eaywag1_XC370990.ogg.npy,eaywag1,53
whiter2_XC840778.ogg.npy,whiter2,174
comkin1_XC282197.ogg.npy,comkin1,39
greegr_XC665078.ogg.npy,greegr,65
dafbab1_XC188307.ogg.npy,dafbab1,51
gyhcaf1_XC293599.ogg.npy,gyhcaf1,78
lirplo_XC394405.ogg.npy,lirplo,105
grnsan_XC834733.ogg.npy,grnsan,71
whiter2_XC555344.ogg.npy,whiter2,174
eaywag1_XC535936.ogg.npy,eaywag1,53
barswa_XC645358.ogg.npy,barswa,9
grnsan_XC629196.ogg.npy,grnsan,71
lblwar1_XC584054.ogg.npy,lblwar1,102
lirplo_XC27055.ogg.npy,lirplo,105
rewbul_XC595855.ogg.npy,rewbul,140
comkin1_XC465806.ogg.npy,comkin1,39
eaywag1_XC675595.ogg.npy,eaywag1,53
rorpar_XC640062.ogg.npy,rorpar,143
comros_XC573417.ogg.npy,comros,43
eaywag1_XC437968.ogg.npy,eaywag1,53
woosan_XC331279.ogg.npy,woosan,177
houspa_XC86749.ogg.npy,houspa,82
ruftre2_XC510562.ogg.npy,ruftre2,146
whbwat1_XC583144.ogg.npy,whbwat1,171
comtai1_XC393237.ogg.npy,comtai1,45
bkskit1_XC352580.ogg.npy,bkskit1,13
comtai1_XC743832.ogg.npy,comtai1,45
gyhcaf1_XC318156.ogg.npy,gyhcaf1,78
woosan_XC642799.ogg.npy,woosan,177
litgre1_XC506218.ogg.npy,litgre1,107
rocpig_XC302293.ogg.npy,rocpig,142
litspi1_XC354578.ogg.npy,litspi1,108
eurcoo_XC548686.ogg.npy,eurcoo,57
ashdro1_XC404677.ogg.npy,ashdro1,1
hoopoe_XC504434.ogg.npy,hoopoe,80
bkwsti_XC786975.ogg.npy,bkwsti,14
btbeat1_XC460790.ogg.npy,btbeat1,31
litgre1_XC381781.ogg.npy,litgre1,107
woosan_XC25136.ogg.npy,woosan,177
eurcoo_XC596853.ogg.npy,eurcoo,57
comros_XC134544.ogg.npy,comros,43
pabflo1_XC652772.ogg.npy,pabflo1,123
ruftre2_XC253498.ogg.npy,ruftre2,146
isbduc1_XC580931.ogg.npy,isbduc1,93
copbar1_XC358708.ogg.npy,copbar1,46
lirplo_XC361570.ogg.npy,lirplo,105
bcnher_XC713290.ogg.npy,bcnher,10
gargan_XC648547.ogg.npy,gargan,59
ashpri1_XC277294.ogg.npy,ashpri1,2
whiter2_XC803024.ogg.npy,whiter2,174
ruftre2_XC116853.ogg.npy,ruftre2,146
litegr_XC795964.ogg.npy,litegr,106
comsan_XC817342.ogg.npy,comsan,44
crseag1_XC406115.ogg.npy,crseag1,50
bladro1_XC699917.ogg.npy,bladro1,15
grywag_XC457872.ogg.npy,grywag,76
pursun3_XC664672.ogg.npy,pursun3,133
lirplo_XC665423.ogg.npy,lirplo,105
rorpar_XC208666.ogg.npy,rorpar,143
grnsan_XC825765.ogg.npy,grnsan,71
grewar3_XC775623.ogg.npy,grewar3,70
paisto1_XC351853.ogg.npy,paisto1,124
blakit1_XC657421.ogg.npy,blakit1,17
litegr_XC333988.ogg.npy,litegr,106
stbkin1_XC292541.ogg.npy,stbkin1,158
whiter2_XC284557.ogg.npy,whiter2,174
categr_XC826170.ogg.npy,categr,33
yebbul3_XC49801.ogg.npy,yebbul3,180
brnshr_XC458250.ogg.npy,brnshr,27
rorpar_XC633421.ogg.npy,rorpar,143
brodro1_XC279181.ogg.npy,brodro1,28
barswa_XC324471.ogg.npy,barswa,9
hoopoe_XC560362.ogg.npy,hoopoe,80
eucdov_XC343136.ogg.npy,eucdov,55
blhori1_XC365148.ogg.npy,blhori1,18
barswa_XC423007.ogg.npy,barswa,9
litgre1_XC839570.ogg.npy,litgre1,107
comgre_XC837543.ogg.npy,comgre,37
grewar3_XC342543.ogg.npy,grewar3,70
rossta2_XC135035.ogg.npy,rossta2,144
comtai1_XC763953.ogg.npy,comtai1,45
commoo3_XC534750.ogg.npy,commoo3,40
bkwsti_XC550720.ogg.npy,bkwsti,14
crseag1_XC559099.ogg.npy,crseag1,50
comgre_XC580754.ogg.npy,comgre,37
plapri1_XC840885.ogg.npy,plapri1,129
blrwar1_XC565461.ogg.npy,blrwar1,20
lblwar1_XC487542.ogg.npy,lblwar1,102
grewar3_XC284851.ogg.npy,grewar3,70
bladro1_XC114643.ogg.npy,bladro1,15
bkskit1_XC353824.ogg.npy,bkskit1,13
comros_XC560114.ogg.npy,comros,43
maghor2_XC197609.ogg.npy,maghor2,111
spodov_XC727577.ogg.npy,spodov,155
litegr_XC682395.ogg.npy,litegr,106
grecou1_XC195753.ogg.npy,grecou1,64
bcnher_XC839161.ogg.npy,bcnher,10
blakit1_XC467575.ogg.npy,blakit1,17
commoo3_XC548460.ogg.npy,commoo3,40
smamin1_XC37783.ogg.npy,smamin1,152
grbeat1_XC240449.ogg.npy,grbeat1,63
ashdro1_XC362142.ogg.npy,ashdro1,1
plapri1_XC635572.ogg.npy,plapri1,129
grehor1_XC736314.ogg.npy,grehor1,67
eurcoo_XC664026.ogg.npy,eurcoo,57
gloibi_XC632947.ogg.npy,gloibi,60
comgre_XC725528.ogg.npy,comgre,37
eucdov_XC829905.ogg.npy,eucdov,55
comior1_XC284766.ogg.npy,comior1,38
woosan_XC447002.ogg.npy,woosan,177
rorpar_XC817303.ogg.npy,rorpar,143
whbwat1_XC637241.ogg.npy,whbwat1,171
whbwoo2_XC383184.ogg.npy,whbwoo2,172
comgre_XC829600.ogg.npy,comgre,37
greegr_XC605977.ogg.npy,greegr,65
laudov1_XC444431.ogg.npy,laudov1,101
wemhar1_XC671939.ogg.npy,wemhar1,166
grecou1_XC371655.ogg.npy,grecou1,64
eucdov_XC377927.ogg.npy,eucdov,55
rewbul_XC203376.ogg.npy,rewbul,140
comior1_XC207243.ogg.npy,comior1,38
barswa_XC772399.ogg.npy,barswa,9
comsan_XC142393.ogg.npy,comsan,44
litegr_XC333880.ogg.npy,litegr,106
barswa_XC820740.ogg.npy,barswa,9
grnwar1_XC472261.ogg.npy,grnwar1,72
asikoe2_XC163888.ogg.npy,asikoe2,4
comkin1_XC528534.ogg.npy,comkin1,39
gyhcaf1_XC683286.ogg.npy,gyhcaf1,78
comgre_XC383978.ogg.npy,comgre,37
ashwoo2_XC624612.ogg.npy,ashwoo2,3
brodro1_XC114813.ogg.npy,brodro1,28
gargan_XC713459.ogg.npy,gargan,59
plapri1_XC686234.ogg.npy,plapri1,129
zitcis1_XC633009.ogg.npy,zitcis1,181
lirplo_XC715393.ogg.npy,lirplo,105
kenplo1_XC785264.ogg.npy,kenplo1,98
comsan_XC725160.ogg.npy,comsan,44
houcro1_XC207638.ogg.npy,houcro1,81
plapri1_XC829621.ogg.npy,plapri1,129
zitcis1_XC190430.ogg.npy,zitcis1,181
blrwar1_XC807928.ogg.npy,blrwar1,20
blrwar1_XC659079.ogg.npy,blrwar1,20
whbwoo2_XC282486.ogg.npy,whbwoo2,172
eurcoo_XC551713.ogg.npy,eurcoo,57
comkin1_XC511667.ogg.npy,comkin1,39
spoowl1_XC418030.ogg.npy,spoowl1,156
grtdro1_XC416384.ogg.npy,grtdro1,73
brwjac1_XC845759.ogg.npy,brwjac1,29
grewar3_XC507249.ogg.npy,grewar3,70
hoopoe_XC279735.ogg.npy,hoopoe,80
insowl1_XC409518.ogg.npy,insowl1,91
blhori1_XC816812.ogg.npy,blhori1,18
greegr_XC337793.ogg.npy,greegr,65
rorpar_XC521695.ogg.npy,rorpar,143
zitcis1_XC768497.ogg.npy,zitcis1,181
heswoo1_XC207293.ogg.npy,heswoo1,79
brodro1_XC769793.ogg.npy,brodro1,28
asikoe2_XC196961.ogg.npy,asikoe2,4
hoopoe_XC655332.ogg.npy,hoopoe,80
shikra1_XC396740.ogg.npy,shikra1,151
gyhcaf1_XC583755.ogg.npy,gyhcaf1,78
blrwar1_XC477185.ogg.npy,blrwar1,20
brwowl1_XC614376.ogg.npy,brwowl1,30
hoopoe_XC480810.ogg.npy,hoopoe,80
bcnher_XC293553.ogg.npy,bcnher,10
grbeat1_XC602308.ogg.npy,grbeat1,63
grbeat1_XC240335.ogg.npy,grbeat1,63
rerswa1_XC485355.ogg.npy,rerswa1,138
rorpar_XC688324.ogg.npy,rorpar,143
eucdov_XC668880.ogg.npy,eucdov,55
ashdro1_XC396854.ogg.npy,ashdro1,1
grynig2_XC190742.ogg.npy,grynig2,75
gyhcaf1_XC269586.ogg.npy,gyhcaf1,78
litgre1_XC806226.ogg.npy,litgre1,107
lirplo_XC545464.ogg.npy,lirplo,105
bkwsti_XC748623.ogg.npy,bkwsti,14
whbbul2_XC163927.ogg.npy,whbbul2,167
grewar3_XC746723.ogg.npy,grewar3,70
commyn_XC508591.ogg.npy,commyn,41
eurcoo_XC786402.ogg.npy,eurcoo,57
gyhcaf1_XC491052.ogg.npy,gyhcaf1,78
graher1_XC544124.ogg.npy,graher1,62
spoowl1_XC276818.ogg.npy,spoowl1,156
insowl1_XC209495.ogg.npy,insowl1,91
eurcoo_XC779546.ogg.npy,eurcoo,57
eurcoo_XC722398.ogg.npy,eurcoo,57
comgre_XC577632.ogg.npy,comgre,37
comkin1_XC288654.ogg.npy,comkin1,39
grewar3_XC587360.ogg.npy,grewar3,70
blrwar1_XC152461.ogg.npy,blrwar1,20
brnhao1_XC350927.ogg.npy,brnhao1,26
houspa_XC571244.ogg.npy,houspa,82
eurcoo_XC553627.ogg.npy,eurcoo,57
comsan_XC385916.ogg.npy,comsan,44
piekin1_XC834484.ogg.npy,piekin1,126
wemhar1_XC189879.ogg.npy,wemhar1,166
woosan_XC145338.ogg.npy,woosan,177
comros_XC318082.ogg.npy,comros,43
asbfly_XC716737.ogg.npy,asbfly,0
cregos1_XC804342.ogg.npy,cregos1,48
plapri1_XC401368.ogg.npy,plapri1,129
litegr_XC333991.ogg.npy,litegr,106
litgre1_XC473517.ogg.npy,litgre1,107
grywag_XC457885.ogg.npy,grywag,76
rewbul_XC321616.ogg.npy,rewbul,140
comkin1_XC581598.ogg.npy,comkin1,39
brasta1_XC424374.ogg.npy,brasta1,23
grywag_XC589857.ogg.npy,grywag,76
grenig1_XC612085.ogg.npy,grenig1,69
blhori1_XC598916.ogg.npy,blhori1,18
comsan_XC838343.ogg.npy,comsan,44
grtdro1_XC305707.ogg.npy,grtdro1,73
rewlap1_XC296422.ogg.npy,rewlap1,141
putbab1_XC387546.ogg.npy,putbab1,136
whbwat1_XC843300.ogg.npy,whbwat1,171
comros_XC149808.ogg.npy,comros,43
grywag_XC470993.ogg.npy,grywag,76
bcnher_XC605735.ogg.npy,bcnher,10
plapri1_XC834656.ogg.npy,plapri1,129
thbwar1_XC373546.ogg.npy,thbwar1,160
bcnher_XC829992.ogg.npy,bcnher,10
whiter2_XC414720.ogg.npy,whiter2,174
crseag1_XC639441.ogg.npy,crseag1,50
oripip1_XC771612.ogg.npy,oripip1,122
placuc3_XC181302.ogg.npy,placuc3,127
greegr_XC597642.ogg.npy,greegr,65
grnsan_XC806163.ogg.npy,grnsan,71
revbul_XC790394.ogg.npy,revbul,139
grejun2_XC37514.ogg.npy,grejun2,68
blakit1_XC796457.ogg.npy,blakit1,17
barswa_XC578053.ogg.npy,barswa,9
zitcis1_XC485405.ogg.npy,zitcis1,181
houspa_XC536082.ogg.npy,houspa,82
grehor1_XC819733.ogg.npy,grehor1,67
wemhar1_XC590355.ogg.npy,wemhar1,166
blrwar1_XC666076.ogg.npy,blrwar1,20
rorpar_XC581082.ogg.npy,rorpar,143
whtkin2_XC767509.ogg.npy,whtkin2,176
comros_XC139347.ogg.npy,comros,43
placuc3_XC181937.ogg.npy,placuc3,127
woosan_XC577273.ogg.npy,woosan,177
grefla1_XC252133.ogg.npy,grefla1,66
litegr_XC540592.ogg.npy,litegr,106
lirplo_XC263304.ogg.npy,lirplo,105
plapri1_XC406624.ogg.npy,plapri1,129
grewar3_XC347400.ogg.npy,grewar3,70
comsan_XC187104.ogg.npy,comsan,44
rewlap1_XC399744.ogg.npy,rewlap1,141
grnsan_XC742206.ogg.npy,grnsan,71
blrwar1_XC731268.ogg.npy,blrwar1,20
grynig2_XC130406.ogg.npy,grynig2,75
eaywag1_XC464876.ogg.npy,eaywag1,53
rorpar_XC841185.ogg.npy,rorpar,143
purher1_XC740516.ogg.npy,purher1,132
houspa_XC391822.ogg.npy,houspa,82
greegr_XC161275.ogg.npy,greegr,65
litegr_XC795142.ogg.npy,litegr,106
piekin1_XC665951.ogg.npy,piekin1,126
categr_XC679852.ogg.npy,categr,33
purher1_XC794529.ogg.npy,purher1,132
sqtbul1_XC296417.ogg.npy,sqtbul1,157
grywag_XC767548.ogg.npy,grywag,76
wemhar1_XC454603.ogg.npy,wemhar1,166
lewduc1_XC276848.ogg.npy,lewduc1,104
wemhar1_XC620292.ogg.npy,wemhar1,166
comtai1_XC464800.ogg.npy,comtai1,45
eurcoo_XC235506.ogg.npy,eurcoo,57
comkin1_XC310867.ogg.npy,comkin1,39
grnsan_XC440121.ogg.npy,grnsan,71
revbul_XC209546.ogg.npy,revbul,139
grewar3_XC342322.ogg.npy,grewar3,70
ingori1_XC185492.ogg.npy,ingori1,88
rorpar_XC309918.ogg.npy,rorpar,143
